platform,target_audience,campaign_duration_days,ad_spend_inr,historical_ctr_percent,conversion_rate_percent,market_trend_index,impressions,predicted_roi_percent
Instagram,Professionals,57,868889.27,5.57,6.76,0.99,792972,101.79
LinkedIn,Professionals,67,854781.16,6.93,3.36,1.15,539114,85.3
Google Ads,Youth,22,323695.46,6.76,7.42,1.06,540773,118.97
Facebook,Youth,54,306057.91,1.3,5.23,0.91,610840,53.55
LinkedIn,Mixed,79,659216.52,6.9,2.97,1.18,226606,78.26
Google Ads,Mixed,31,964867.8,6.8,1.09,1.05,363326,50.62
Google Ads,Mixed,50,102782.22,0.84,3.81,1.11,234122,47.91
Twitter,Seniors,65,879429.6,2.99,7.17,0.85,450231,84.35
Instagram,Mixed,32,768119.04,2.87,5.28,1.05,57545,86.79
Instagram,Mixed,47,971218.41,1.24,3.3,1.06,50143,46.64
YouTube,Professionals,44,679394.05,7.34,1.18,0.8,327534,49.66
YouTube,Seniors,20,952974.4,5.31,4.02,1.0,733619,79.77
Google Ads,Mixed,48,774491.89,9.09,3.29,0.96,396247,85.66
YouTube,Youth,39,288381.5,7.51,2.95,1.07,817479,68.96
LinkedIn,Professionals,44,848245.55,3.08,3.4,0.98,946678,65.95
Google Ads,Mixed,62,426018.51,4.37,3.95,1.06,574816,65.75
Instagram,Adults,78,311482.32,6.45,7.21,0.95,142289,93.5
LinkedIn,Adults,78,867119.17,9.21,2.03,0.93,291526,60.36
Google Ads,Youth,14,580286.53,6.62,2.16,0.86,558990,58.22
LinkedIn,Mixed,9,172885.59,2.32,7.42,0.95,852027,91.07
Google Ads,Mixed,67,878688.92,2.27,3.34,0.88,357662,45.96
YouTube,Adults,49,469373.11,6.98,7.06,1.2,795761,137.79
Instagram,Seniors,66,873094.73,1.84,6.89,1.17,125066,94.8
LinkedIn,Professionals,25,574145.09,6.29,7.71,1.19,253445,142.55
Instagram,Adults,74,140040.51,2.47,6.34,0.95,386890,66.97
LinkedIn,Mixed,43,558641.48,8.95,3.52,0.97,323312,81.5
Instagram,Seniors,9,17633.2,5.84,1.37,1.04,169990,41.74
LinkedIn,Youth,78,441801.67,1.9,6.65,1.11,172213,76.31
YouTube,Mixed,63,955836.3,6.41,1.88,1.05,795448,65.35
LinkedIn,Youth,48,468337.42,2.47,3.63,0.95,638462,44.04
Google Ads,Youth,29,628048.32,6.51,6.12,0.93,741196,96.53
Google Ads,Adults,88,192433.96,2.78,1.52,0.91,708680,12.94
Twitter,Mixed,38,709362.14,3.42,7.76,1.04,85528,104.88
Facebook,Seniors,21,631292.93,7.39,0.8,1.1,38804,61.04
Instagram,Seniors,80,260677.11,7.59,0.87,0.95,624301,34.57
Twitter,Adults,37,110316.55,5.44,6.74,0.83,437556,67.33
YouTube,Youth,14,19856.26,1.1,4.87,0.91,202721,50.7
LinkedIn,Youth,48,518337.66,8.54,3.07,0.97,205307,64.58
Google Ads,Professionals,12,327294.47,5.61,2.82,0.92,681965,57.77
YouTube,Adults,85,824777.14,4.72,6.76,1.06,365449,97.44
LinkedIn,Youth,72,392922.54,1.61,7.71,1.15,387950,94.82
LinkedIn,Mixed,29,232905.52,1.97,7.83,0.86,659551,72.83
Facebook,Seniors,23,238683.65,9.35,3.49,0.96,74368,77.72
YouTube,Adults,18,879850.83,8.58,5.23,0.96,285012,104.45
Instagram,Mixed,62,270499.15,8.8,2.16,1.07,732487,68.64
LinkedIn,Seniors,14,74305.14,3.23,7.5,0.87,466393,82.85
Google Ads,Mixed,79,611621.78,7.18,2.52,0.82,900002,52.68
Facebook,Mixed,88,633669.75,3.95,1.19,0.82,382226,19.95
LinkedIn,Professionals,50,148658.16,9.08,3.39,1.19,231171,93.51
Instagram,Mixed,81,735613.89,6.76,5.43,1.04,820297,99.45
Instagram,Seniors,82,841770.3,9.71,3.29,1.07,588509,93.11
Facebook,Mixed,88,359118.7,5.26,4.35,1.13,349003,69.59
Facebook,Professionals,78,622529.55,0.98,6.62,1.01,932933,71.51
Facebook,Adults,69,959482.66,9.89,2.16,0.94,660163,81.2
LinkedIn,Adults,36,669653.82,3.85,5.3,0.96,859815,77.29
Facebook,Seniors,21,148780.75,3.01,6.73,1.02,166217,91.06
Instagram,Seniors,15,708917.25,2.27,1.9,1.03,351095,50.39
LinkedIn,Professionals,56,360655.13,9.77,2.02,1.2,243195,76.72
Twitter,Adults,24,80751.06,8.79,7.55,0.98,550095,111.7
YouTube,Professionals,78,605271.29,7.86,5.06,0.88,999512,84.92
Facebook,Seniors,45,335175.61,3.92,5.87,1.11,391638,84.01
Instagram,Youth,47,398168.14,3.32,7.35,0.93,238466,87.34
Google Ads,Mixed,84,715062.82,6.48,5.55,1.0,462088,82.95
YouTube,Youth,29,386925.69,2.63,6.02,1.01,504410,79.33
Twitter,Youth,67,468907.22,7.05,6.74,1.0,743525,99.11
Twitter,Youth,54,379508.13,1.34,5.94,1.1,467823,69.23
Facebook,Seniors,52,949021.85,7.82,4.19,0.85,509017,79.86
YouTube,Seniors,89,27055.11,4.47,0.9,0.81,840454,10.27
Instagram,Seniors,84,819902.74,6.22,5.06,0.89,969816,76.21
Google Ads,Professionals,7,273344.1,8.65,5.71,1.07,293483,112.18
LinkedIn,Seniors,66,794996.27,7.88,6.95,0.93,755285,115.54
YouTube,Professionals,34,757036.68,4.25,3.07,0.83,460251,54.13
YouTube,Professionals,23,821638.18,4.44,1.3,0.91,698309,49.64
LinkedIn,Adults,70,451356.29,5.39,1.49,0.85,820354,35.34
Instagram,Adults,75,588769.1,1.27,2.22,1.0,520084,25.32
Google Ads,Seniors,11,715406.99,0.51,2.57,1.1,488760,41.84
YouTube,Professionals,73,727219.13,3.22,2.38,1.04,733613,41.74
Facebook,Mixed,87,386461.95,1.03,2.03,0.9,228296,8.03
LinkedIn,Seniors,25,695487.16,8.13,3.67,1.13,438119,98.16
YouTube,Mixed,12,848123.08,9.31,0.69,1.12,11365,74.7
Google Ads,Professionals,18,100824.41,9.09,1.87,1.03,86033,69.77
Instagram,Adults,10,212123.7,1.64,6.14,1.05,100643,73.49
Twitter,Mixed,77,981919.73,6.1,1.56,1.04,601802,49.59
Twitter,Adults,9,857473.37,8.67,2.16,1.06,229415,77.93
Instagram,Adults,45,511762.7,7.71,5.16,1.04,528983,96.63
YouTube,Mixed,76,83891.72,9.01,7.24,0.96,694745,104.26
Google Ads,Professionals,27,839944.87,5.43,5.68,1.07,816592,104.23
Twitter,Seniors,88,90626.74,6.17,3.92,0.9,912467,47.22
Facebook,Professionals,72,304104.2,8.65,4.69,0.94,327350,79.31
Google Ads,Mixed,33,782827.92,1.5,6.32,1.13,232758,90.92
Twitter,Adults,23,731799.27,4.52,5.95,1.11,504161,98.83
YouTube,Adults,40,145133.55,3.3,7.05,0.93,202985,82.19
LinkedIn,Professionals,87,768324.52,2.98,5.22,0.92,236111,62.81
Twitter,Adults,26,851007.61,4.08,3.1,0.95,354646,61.54
LinkedIn,Youth,18,738995.78,7.67,5.17,1.08,658595,111.29
Facebook,Professionals,36,122401.34,9.5,3.24,0.99,69065,78.04
Google Ads,Adults,34,473210.81,8.6,5.9,1.13,422447,124.92
Google Ads,Adults,31,366071.46,2.04,3.79,0.85,242379,39.59
LinkedIn,Professionals,74,305288.1,6.9,6.59,0.82,898406,77.5
Facebook,Youth,51,13580.67,0.99,0.91,1.02,267965,8.41
Facebook,Mixed,23,872553.34,8.34,5.04,0.87,849888,102.32
Instagram,Professionals,20,884231.42,6.96,5.47,0.82,615127,98.21
Google Ads,Professionals,43,352788.63,1.51,6.04,1.2,282515,74.68
Facebook,Mixed,40,460408.06,3.6,7.96,1.0,876178,105.64
Twitter,Adults,10,183747.75,4.84,4.27,1.19,213088,91.92
YouTube,Mixed,79,451579.35,9.04,1.66,0.9,290389,46.58
Facebook,Professionals,32,494876.19,8.12,7.4,1.11,944656,132.42
Facebook,Professionals,10,252726.48,8.52,7.75,0.84,712790,101.29
Instagram,Seniors,17,703342.61,3.98,5.92,0.95,996265,94.04
Twitter,Adults,56,386972.02,5.58,3.69,0.86,719754,45.97
Facebook,Seniors,79,443824.99,5.92,6.42,1.13,331111,102.23
Google Ads,Professionals,63,185525.03,2.58,7.69,1.1,495523,99.88
Instagram,Adults,18,88433.23,2.45,5.54,0.95,409743,73.07
Instagram,Mixed,48,978866.0,4.63,4.94,1.07,827924,96.34
Google Ads,Professionals,69,703511.06,4.98,5.99,0.95,284978,81.36
Twitter,Mixed,30,692134.11,5.57,5.58,1.03,297228,96.11
Instagram,Mixed,69,662585.83,3.71,1.17,1.0,783658,26.25
Google Ads,Youth,69,531303.87,5.38,7.55,1.03,691208,107.66
YouTube,Youth,39,819396.94,1.93,7.01,0.91,564676,88.6
Instagram,Adults,12,998304.69,9.31,2.79,0.85,736844,88.38
YouTube,Adults,30,783623.0,4.51,1.18,1.05,243608,53.22
Twitter,Mixed,9,616402.19,6.59,0.5,1.11,459094,55.83
Google Ads,Youth,27,48740.57,2.03,6.23,1.19,570289,79.63
YouTube,Adults,83,676190.08,7.54,4.55,1.16,848008,96.78
Facebook,Seniors,52,41827.78,0.85,0.86,0.84,816330,-4.55
Twitter,Professionals,37,830091.99,8.61,4.58,0.95,266026,95.31
Instagram,Professionals,40,274319.92,2.96,7.02,1.0,707361,87.69
YouTube,Professionals,72,407524.46,3.86,7.87,0.99,510295,93.78
LinkedIn,Seniors,27,744007.23,4.96,6.97,1.17,49478,114.52
Facebook,Seniors,19,502300.0,3.79,6.46,0.97,216934,77.12
YouTube,Mixed,46,99614.52,9.81,0.76,0.96,417745,40.53
Instagram,Seniors,73,368770.36,5.18,6.07,0.93,485388,69.98
YouTube,Adults,30,665440.04,9.63,4.69,0.93,177375,91.97
LinkedIn,Mixed,76,931743.61,2.35,1.04,0.81,225860,24.71
LinkedIn,Seniors,84,569154.67,1.69,2.53,0.8,258972,27.03
YouTube,Adults,66,410313.46,6.6,6.53,1.09,411812,103.91
Facebook,Seniors,57,920296.48,6.41,1.84,0.97,383895,61.71
LinkedIn,Mixed,33,792769.74,5.82,0.63,1.12,317930,52.63
LinkedIn,Youth,48,132095.57,3.74,1.57,1.15,783048,32.65
Google Ads,Adults,17,627956.12,0.59,7.28,1.03,586606,88.55
Google Ads,Seniors,86,84233.24,9.4,3.51,0.85,313471,59.78
Instagram,Mixed,88,367725.66,6.79,6.48,0.87,817163,73.27
Google Ads,Professionals,39,844627.05,5.28,2.0,1.05,317463,62.91
Google Ads,Mixed,31,51097.89,9.54,4.91,1.17,918402,114.68
YouTube,Professionals,70,303840.05,2.33,6.34,1.06,115660,71.66
YouTube,Seniors,27,90931.2,9.79,1.99,0.82,158675,58.79
LinkedIn,Mixed,54,345793.2,4.34,3.06,1.15,250384,48.04
LinkedIn,Professionals,41,748860.41,3.57,4.15,1.03,331739,64.35
Instagram,Seniors,73,17583.02,7.96,7.68,1.16,845213,127.45
YouTube,Adults,62,75153.46,3.33,5.52,1.03,577060,66.08
Google Ads,Seniors,16,467436.47,3.74,1.17,1.03,319373,42.51
Instagram,Professionals,16,250190.35,8.59,0.55,1.04,167870,58.0
YouTube,Professionals,19,656957.65,9.24,1.2,1.04,835098,67.89
LinkedIn,Adults,29,224786.4,9.76,3.33,1.19,18272,97.06
YouTube,Adults,46,581168.0,0.76,7.3,0.85,274894,56.66
Facebook,Youth,58,588743.38,6.32,2.19,1.18,62369,54.13
YouTube,Adults,82,661149.31,3.15,2.78,1.02,565315,40.95
Instagram,Adults,25,315894.59,4.06,6.01,1.07,120011,83.51
Instagram,Seniors,59,581286.18,4.82,4.38,0.83,995558,66.69
LinkedIn,Mixed,83,543153.49,2.76,2.76,1.15,993126,42.17
Google Ads,Youth,13,866300.82,3.75,5.62,1.02,476304,95.78
Twitter,Mixed,27,649322.68,2.32,7.7,1.19,191345,114.26
Facebook,Mixed,64,687475.44,6.31,4.34,1.15,955599,92.2
Google Ads,Adults,31,675113.03,6.94,2.96,1.1,330372,77.02
Facebook,Seniors,79,221994.36,3.88,7.73,0.92,25268,80.84
Instagram,Mixed,73,343468.23,1.32,3.06,1.05,781080,31.91
LinkedIn,Seniors,72,85918.89,9.28,0.57,0.96,582342,39.87
Facebook,Adults,30,772230.34,5.59,5.71,0.84,219259,92.84
LinkedIn,Seniors,75,297792.94,8.44,4.19,0.81,680668,57.14
Google Ads,Professionals,35,98653.73,3.3,7.53,0.86,369482,77.85
Twitter,Professionals,56,755898.93,9.9,3.98,0.99,60483,94.3
LinkedIn,Professionals,39,30807.38,7.92,1.82,0.92,288398,57.63
Instagram,Professionals,13,651714.37,2.81,1.26,0.9,16081,34.79
Facebook,Adults,45,793800.02,0.94,7.22,0.97,842212,95.32
YouTube,Adults,44,596479.25,9.87,2.65,1.07,665863,90.43
Instagram,Mixed,59,160992.1,3.98,6.52,1.1,625304,79.44
LinkedIn,Seniors,53,338193.44,7.45,7.54,0.85,439658,94.28
YouTube,Seniors,25,333571.74,2.27,2.06,0.92,217872,31.91
Facebook,Youth,66,510878.08,4.87,3.98,0.85,451812,54.37
Google Ads,Youth,64,457013.74,1.12,2.05,1.03,312483,33.81
LinkedIn,Mixed,67,978394.32,9.5,6.54,1.05,84337,127.47
Facebook,Youth,54,457992.81,8.79,6.81,0.96,417852,104.74
Facebook,Adults,40,637883.59,9.13,1.87,1.1,179385,75.36
YouTube,Mixed,18,500635.56,4.49,1.46,1.13,202604,53.44
YouTube,Adults,75,892028.57,7.28,7.84,1.17,846358,152.67
Twitter,Youth,57,790512.38,6.12,3.88,1.12,706832,86.92
Google Ads,Adults,31,233129.56,4.45,6.89,1.04,69827,96.27
Instagram,Professionals,67,288709.64,4.98,0.73,1.19,675497,33.73
Twitter,Mixed,75,396159.2,1.95,7.32,1.09,348379,85.03
YouTube,Seniors,51,23794.93,5.5,1.45,1.06,12489,32.77
LinkedIn,Adults,77,513934.94,3.03,2.97,1.11,50756,40.44
Facebook,Professionals,79,32070.75,0.97,7.11,1.12,168117,67.94
LinkedIn,Mixed,87,551169.1,9.65,6.28,0.85,783401,96.62
YouTube,Seniors,20,722535.37,10.0,1.78,0.84,259197,62.97
Twitter,Adults,47,272431.19,4.1,5.58,0.98,722683,66.88
LinkedIn,Adults,21,598054.33,1.67,7.68,1.19,140095,106.93
Twitter,Youth,67,130165.58,3.62,4.05,1.01,490842,49.97
Google Ads,Professionals,47,751006.34,5.0,5.18,1.18,398908,98.99
LinkedIn,Adults,43,820539.81,8.86,4.42,1.1,128250,106.39
Facebook,Seniors,28,869272.14,3.49,2.69,0.87,585374,52.52
Twitter,Adults,73,699595.76,3.97,0.54,0.96,302157,26.06
Instagram,Seniors,9,224547.59,7.13,5.92,0.95,732520,100.6
Google Ads,Professionals,64,828478.02,7.4,2.72,1.13,883251,81.79
YouTube,Youth,66,415432.34,2.17,6.45,0.98,332787,64.63
Facebook,Youth,15,544795.24,6.48,4.34,0.81,730565,80.51
YouTube,Seniors,45,907276.24,9.38,6.06,1.14,968189,139.74
Instagram,Youth,75,667141.9,7.73,6.36,0.96,615719,98.97
YouTube,Seniors,72,832704.17,4.3,1.29,0.99,787563,40.83
Instagram,Seniors,76,508501.18,6.01,6.74,0.91,559559,91.8
LinkedIn,Mixed,65,117456.39,7.31,0.67,0.89,689349,32.09
Twitter,Youth,38,397223.64,9.37,5.58,1.17,490272,115.33
Instagram,Professionals,50,907240.12,4.95,4.58,1.05,731332,90.3
Twitter,Mixed,52,180621.23,3.2,6.34,0.97,303238,68.01
Google Ads,Mixed,28,903079.73,6.64,6.17,0.84,735008,94.92
YouTube,Professionals,56,875732.08,2.27,6.09,1.02,160458,81.55
LinkedIn,Mixed,20,720944.62,7.01,6.24,0.99,781989,107.72
Google Ads,Seniors,16,612952.2,7.19,6.81,0.92,751785,107.1
Google Ads,Professionals,7,512205.24,3.82,1.12,0.83,992041,43.71
Instagram,Adults,44,572095.44,7.72,3.5,1.08,35198,83.17
LinkedIn,Professionals,15,896997.56,0.53,3.12,1.17,994935,69.87
LinkedIn,Adults,76,938501.65,4.44,2.05,0.87,10628,43.02
Google Ads,Mixed,10,316575.04,0.53,2.23,0.83,34616,26.49
LinkedIn,Mixed,23,681201.16,2.32,2.66,1.14,433722,51.06
Twitter,Mixed,25,547765.94,4.53,2.27,0.92,790107,62.64
Google Ads,Professionals,69,636225.18,7.37,3.65,1.09,209500,80.07
LinkedIn,Professionals,55,960103.63,5.71,6.99,0.9,520586,108.89
Instagram,Adults,53,283747.65,9.0,3.49,1.08,932470,82.13
LinkedIn,Youth,58,943291.47,7.55,2.5,1.13,237278,83.12
YouTube,Professionals,60,246647.4,9.6,7.63,1.06,835469,130.52
Facebook,Adults,47,172580.27,3.88,6.01,1.13,918706,88.51
LinkedIn,Youth,88,612642.66,5.23,6.61,0.96,741967,80.28
LinkedIn,Mixed,58,988064.59,2.78,2.88,1.09,611008,60.73
Instagram,Seniors,74,439693.58,6.51,5.35,0.85,42594,73.92
YouTube,Professionals,10,322227.64,5.21,3.67,1.06,989186,71.05
YouTube,Seniors,9,73102.34,9.61,5.92,1.08,995517,117.76
Twitter,Youth,39,888303.16,8.35,2.61,1.05,560400,84.52
Twitter,Adults,28,374917.92,4.65,2.11,1.05,378338,45.47
Google Ads,Adults,89,60447.98,9.83,1.66,1.1,757789,54.93
Instagram,Adults,79,849310.51,5.09,7.99,0.96,821986,110.98
YouTube,Youth,73,350139.23,5.07,1.34,1.19,923828,50.39
Google Ads,Mixed,14,367914.91,9.82,1.13,1.15,484071,78.88
YouTube,Professionals,61,925905.17,9.56,1.17,0.87,783589,58.92
Twitter,Adults,59,685361.28,7.44,5.41,0.87,197148,85.22
Facebook,Professionals,60,902467.98,3.59,1.96,1.0,763501,42.56
YouTube,Youth,10,824631.17,1.59,3.91,1.07,709081,74.28
Twitter,Youth,56,771787.44,5.13,4.78,0.82,792759,68.37
Google Ads,Adults,32,263863.82,5.78,7.25,0.93,32868,89.12
Twitter,Mixed,29,897315.27,8.46,5.54,1.16,858102,123.68
YouTube,Adults,19,545115.93,5.34,1.12,1.19,460081,60.61
LinkedIn,Adults,83,476234.99,6.61,2.53,0.91,553962,49.06
LinkedIn,Mixed,55,643261.78,1.7,5.47,1.19,529262,83.49
Twitter,Professionals,22,172587.78,5.66,6.85,1.16,37543,117.4
Twitter,Professionals,83,252864.8,3.97,6.5,0.96,402251,66.38
Google Ads,Youth,38,760571.83,3.8,1.9,0.97,740927,50.01
Facebook,Seniors,62,536784.39,3.29,6.15,0.91,216089,74.54
Twitter,Mixed,59,966569.05,2.42,2.52,0.94,907119,50.29
Instagram,Professionals,86,646943.13,8.07,7.76,1.12,976409,127.73
YouTube,Seniors,61,443926.57,5.23,5.68,1.02,206622,85.05
Twitter,Seniors,17,672376.89,4.82,7.35,0.99,702457,110.72
Google Ads,Adults,14,267125.46,4.58,4.11,0.84,271131,60.82
LinkedIn,Youth,51,496586.42,2.59,2.26,1.18,959729,46.54
Twitter,Seniors,32,676993.6,6.36,6.02,1.13,887217,115.97
Facebook,Youth,63,365710.83,4.17,2.77,1.08,614181,52.17
YouTube,Seniors,47,735749.01,1.79,0.54,0.86,324432,17.88
LinkedIn,Professionals,66,779274.95,5.32,1.78,0.96,756034,42.19
Instagram,Professionals,27,239377.7,8.62,7.45,0.91,157924,109.39
Twitter,Adults,55,518497.87,3.51,2.53,0.81,586018,40.19
YouTube,Professionals,18,992829.93,0.91,5.32,0.95,997313,68.95
LinkedIn,Professionals,31,543416.46,2.96,0.81,1.03,714954,23.44
Google Ads,Seniors,33,168162.75,9.2,5.66,0.99,150111,103.69
YouTube,Youth,51,507746.94,6.79,2.93,0.84,639444,50.52
Instagram,Youth,67,601167.17,3.04,0.74,0.89,493271,21.49
YouTube,Seniors,8,304517.14,4.98,1.88,0.96,100995,33.49
LinkedIn,Mixed,21,588345.95,4.55,4.19,1.01,389956,84.14
Twitter,Adults,10,567910.36,2.9,3.5,0.84,160408,55.03
Instagram,Youth,63,194842.91,9.07,4.96,1.01,589481,82.8
Instagram,Mixed,11,141615.78,2.36,1.53,0.9,992749,27.09
YouTube,Youth,61,770645.34,5.39,6.79,0.87,817181,85.3
Google Ads,Adults,39,743162.72,1.22,1.24,0.98,527404,38.77
Facebook,Adults,78,242570.68,6.4,6.84,0.83,304134,71.53
YouTube,Seniors,59,620093.92,9.35,5.18,1.07,731618,117.93
Twitter,Youth,47,655612.45,9.52,4.48,1.11,123920,110.35
LinkedIn,Seniors,62,505559.47,4.64,5.65,0.99,267771,77.37
Twitter,Seniors,53,665783.57,6.92,5.21,0.99,439109,99.83
LinkedIn,Professionals,61,471036.57,0.61,7.52,1.16,355683,94.05
LinkedIn,Adults,13,398234.29,2.91,6.33,0.99,494500,79.93
YouTube,Youth,21,623985.26,0.59,3.4,0.96,710595,44.89
Facebook,Youth,88,738007.1,9.37,4.81,0.84,271062,66.8
Instagram,Seniors,75,80306.86,7.2,1.64,1.15,127431,46.12
LinkedIn,Professionals,70,476972.13,2.32,6.19,0.93,763498,79.78
LinkedIn,Adults,17,712700.28,6.68,7.77,1.09,466800,134.51
Google Ads,Mixed,63,711377.08,4.62,1.44,0.93,199606,35.14
LinkedIn,Mixed,60,714052.39,6.53,3.24,1.07,515492,71.86
YouTube,Seniors,79,953723.78,1.12,4.38,1.16,475981,58.11
Facebook,Mixed,79,944026.59,9.79,2.53,1.05,312314,79.43
Twitter,Adults,74,285171.86,2.55,1.83,0.95,113438,11.28
Instagram,Professionals,79,364501.82,1.28,6.9,1.06,180342,79.7
LinkedIn,Seniors,83,762004.19,4.52,6.45,1.03,696849,93.77
Google Ads,Mixed,34,10777.75,9.0,5.89,1.11,334532,105.67
Google Ads,Adults,30,17344.08,4.01,6.29,0.93,598061,74.9
YouTube,Seniors,28,26041.78,3.8,3.78,1.06,944139,64.52
Google Ads,Youth,78,330814.33,1.45,7.55,0.86,320029,66.69
Facebook,Youth,77,894908.42,2.41,3.63,1.07,93421,51.25
Twitter,Adults,8,793065.13,1.6,2.1,1.13,291801,41.32
Instagram,Seniors,51,459241.89,9.07,5.97,0.88,355465,95.46
Google Ads,Youth,31,762577.8,1.15,3.61,1.06,793031,56.35
Facebook,Adults,83,599896.97,7.32,5.55,0.86,241532,74.56
LinkedIn,Youth,51,293020.42,9.37,5.02,1.09,91665,105.35
Instagram,Youth,69,30926.4,3.89,0.95,1.02,235172,17.87
Facebook,Adults,29,931036.46,5.44,3.4,0.83,755977,55.01
Google Ads,Professionals,77,39580.6,8.34,5.71,0.84,198821,61.85
LinkedIn,Youth,55,629885.05,3.81,2.75,1.0,314884,47.04
Google Ads,Adults,21,381449.07,2.84,3.17,1.15,888877,63.55
Google Ads,Professionals,11,410610.15,6.85,0.76,1.06,97046,47.29
LinkedIn,Professionals,46,539762.17,3.98,1.85,1.19,417386,57.62
YouTube,Seniors,54,376033.32,7.43,6.13,1.2,369652,114.75
Google Ads,Mixed,37,489253.29,3.65,1.38,0.85,579353,36.31
Facebook,Adults,85,105763.8,8.79,4.55,0.98,221771,74.65
YouTube,Professionals,56,787913.06,2.58,1.87,0.89,268506,36.3
Instagram,Youth,21,966111.5,4.13,3.58,0.81,708363,64.33
Google Ads,Professionals,32,470999.31,1.99,2.18,1.17,462831,38.37
Google Ads,Adults,61,588424.5,4.73,2.68,0.96,627354,55.92
Instagram,Mixed,38,469556.56,8.85,3.52,1.0,645998,81.95
Twitter,Professionals,36,450517.48,8.64,3.02,0.84,746162,70.18
Twitter,Adults,42,103700.07,5.1,1.87,0.97,256338,35.44
LinkedIn,Mixed,49,959805.85,4.3,5.1,1.01,269855,80.59
YouTube,Youth,62,18975.12,3.82,4.48,1.08,196106,58.98
Twitter,Youth,10,54418.19,4.21,5.43,1.12,787038,97.06
LinkedIn,Professionals,38,50596.76,3.82,1.73,1.11,438413,38.41
Instagram,Seniors,60,679451.7,1.28,3.05,1.19,72802,46.61
YouTube,Professionals,8,354319.38,3.25,2.05,1.04,601586,52.53
LinkedIn,Adults,47,298126.52,1.52,3.26,0.96,194451,34.28
LinkedIn,Professionals,89,35280.5,3.89,3.78,0.81,78066,29.03
Instagram,Professionals,23,698628.23,7.79,3.43,1.02,835357,83.75
LinkedIn,Adults,87,914125.93,7.21,3.28,1.18,565368,81.64
Facebook,Youth,54,205071.23,1.94,5.39,0.87,597715,54.05
Instagram,Mixed,17,399649.16,3.8,5.85,0.88,935740,69.09
Twitter,Adults,70,135375.96,6.18,5.94,0.88,508981,67.14
LinkedIn,Seniors,20,688090.21,2.89,6.8,0.89,561262,92.35
Facebook,Professionals,61,659680.19,1.54,3.05,0.97,444417,30.42
Instagram,Seniors,76,807379.86,1.1,1.2,0.85,220116,11.9
LinkedIn,Mixed,67,777159.91,1.43,4.15,0.83,356478,51.8
Google Ads,Professionals,15,815161.42,3.38,3.57,1.04,69033,65.34
Google Ads,Mixed,18,904493.49,0.7,4.01,1.13,921860,72.98
Twitter,Seniors,68,620474.41,7.32,7.03,1.17,25366,127.14
Twitter,Seniors,26,545183.57,2.18,2.05,0.97,291069,45.18
Instagram,Professionals,56,807801.86,5.28,6.78,0.97,967616,102.67
YouTube,Professionals,84,191675.07,9.24,1.14,0.89,196805,42.48
YouTube,Youth,71,897969.11,3.06,0.85,1.11,686733,35.08
Google Ads,Professionals,7,598739.9,4.54,4.81,1.18,816819,95.92
Google Ads,Seniors,9,544545.35,2.95,6.98,1.02,264566,108.54
YouTube,Adults,10,308219.73,3.42,0.56,1.04,474619,30.87
Twitter,Adults,76,299575.46,6.93,3.82,0.94,289328,54.03
Twitter,Mixed,47,99228.98,0.84,1.9,0.91,150395,11.61
Google Ads,Adults,10,218462.24,3.02,0.72,1.04,373261,27.27
Twitter,Seniors,48,918771.73,9.72,5.9,0.83,167550,89.17
YouTube,Adults,36,456224.13,3.28,2.38,0.86,377936,40.82
Instagram,Mixed,79,714614.47,5.96,5.36,1.03,325630,91.5
LinkedIn,Professionals,47,244246.03,8.95,4.66,0.83,794336,74.61
Google Ads,Youth,55,671375.39,5.97,7.07,0.85,977062,101.34
Facebook,Professionals,43,203921.07,4.4,7.83,0.99,673607,104.96
Facebook,Seniors,67,845457.05,3.28,5.11,1.04,577113,78.61
Twitter,Seniors,76,966890.25,9.41,6.8,1.17,541676,142.96
Twitter,Mixed,54,360213.29,5.14,5.85,0.99,255305,86.0
Facebook,Adults,43,40551.62,7.77,3.0,0.86,246478,44.55
YouTube,Mixed,23,588612.57,5.93,5.36,1.12,52151,96.05
YouTube,Professionals,71,650857.14,5.47,1.37,1.08,226768,36.15
Instagram,Seniors,82,883784.45,5.4,5.62,1.04,603217,86.45
LinkedIn,Mixed,78,276134.75,5.7,2.4,1.18,752925,52.84
Twitter,Youth,79,952966.52,3.83,2.92,1.04,379859,57.5
Facebook,Seniors,84,758005.87,9.25,4.38,0.83,130014,71.48
Instagram,Youth,53,510116.31,8.53,5.72,1.02,436109,96.86
LinkedIn,Youth,68,237749.16,5.6,4.11,0.88,248091,56.14
Facebook,Mixed,66,334241.93,4.29,7.43,1.18,761241,104.14
LinkedIn,Professionals,27,895790.36,7.19,2.46,1.03,340020,66.61
LinkedIn,Adults,83,487758.39,8.18,2.4,0.92,686859,50.28
Instagram,Youth,42,524655.21,9.02,7.45,0.91,520899,121.71
Facebook,Seniors,27,686205.71,5.08,3.02,1.0,658343,64.51
Twitter,Professionals,25,447580.32,5.71,6.62,1.11,31216,100.98
LinkedIn,Seniors,85,757174.21,0.54,5.59,0.88,283287,55.14
Facebook,Adults,22,339549.37,6.1,7.55,0.82,640694,88.44
Twitter,Adults,62,323427.37,5.52,1.83,0.93,356059,37.06
Google Ads,Youth,27,877856.28,6.76,7.09,0.97,405181,122.93
LinkedIn,Adults,39,316943.34,5.38,6.46,0.86,372650,80.28
Facebook,Seniors,19,752005.45,5.0,7.2,1.0,45469,103.77
YouTube,Adults,86,470127.09,3.7,2.8,0.9,644504,41.22
Facebook,Professionals,87,330072.77,3.19,0.51,1.1,62161,15.26
Twitter,Mixed,51,807328.6,0.5,2.71,1.0,589415,32.44
YouTube,Professionals,44,26875.01,2.06,2.25,0.93,418716,21.97
LinkedIn,Youth,55,721777.58,6.97,2.15,0.91,720076,50.47
LinkedIn,Professionals,19,340700.26,1.79,7.26,1.1,160297,90.68
LinkedIn,Professionals,7,314970.69,9.23,5.68,0.95,186408,110.08
Google Ads,Adults,86,533389.25,3.82,2.58,0.87,151257,28.68
LinkedIn,Seniors,33,573095.3,2.14,3.7,1.05,888004,47.44
Instagram,Adults,61,868697.74,3.28,1.92,1.16,922730,52.89
LinkedIn,Professionals,50,112024.31,3.4,6.45,1.17,448868,92.44
Twitter,Youth,12,761269.79,9.14,6.66,1.09,669451,131.68
YouTube,Seniors,55,968102.83,6.44,1.29,0.93,464818,52.83
Facebook,Adults,78,210602.91,6.78,7.6,0.85,429187,85.54
Twitter,Mixed,64,351767.02,9.34,1.91,1.11,825737,72.67
Google Ads,Professionals,37,593546.93,3.8,2.57,0.8,393827,37.75
YouTube,Professionals,47,524025.48,6.78,2.91,1.2,312324,77.07
Google Ads,Youth,12,221808.72,7.73,0.63,0.97,754553,50.94
Instagram,Adults,84,863465.94,1.7,4.44,0.95,518767,50.67
Google Ads,Professionals,39,752887.04,0.86,3.38,0.96,728142,45.52
Facebook,Professionals,83,775803.49,2.79,5.56,0.84,699899,64.05
Twitter,Professionals,52,381407.85,9.72,7.21,0.86,226683,101.85
LinkedIn,Professionals,8,189602.13,2.12,5.82,1.08,744365,80.85
Instagram,Adults,27,940120.56,8.68,3.4,0.99,938683,94.77
YouTube,Professionals,52,839584.3,4.99,4.96,0.99,569682,82.59
Facebook,Seniors,54,658651.9,7.93,7.92,0.81,58234,105.1
LinkedIn,Professionals,53,840961.67,3.33,4.3,0.98,225905,69.37
LinkedIn,Mixed,76,700894.8,7.73,1.33,0.87,932297,52.47
Instagram,Adults,46,796773.16,9.46,0.87,0.93,490380,62.42
Facebook,Youth,71,296395.56,5.64,5.11,1.14,501858,85.7
YouTube,Seniors,15,780461.63,1.25,2.7,0.91,824619,53.98
YouTube,Mixed,18,633601.28,6.65,2.75,0.92,987103,64.75
LinkedIn,Youth,56,461543.32,2.88,4.42,0.9,406793,45.12
Google Ads,Mixed,29,353461.34,2.25,2.07,0.84,560527,29.15
YouTube,Adults,53,588395.69,1.19,5.69,1.03,73188,69.04
LinkedIn,Youth,21,573301.64,2.85,7.61,1.19,217597,115.03
Facebook,Mixed,42,369015.72,7.33,6.41,0.91,24087,87.41
Google Ads,Youth,48,27949.01,9.69,2.92,0.96,421187,59.48
Facebook,Youth,21,530652.39,8.06,4.33,1.11,824442,103.24
Twitter,Mixed,73,700993.4,9.22,4.81,0.98,52760,86.09
Instagram,Mixed,36,910260.84,3.92,1.27,1.06,73081,45.76
Google Ads,Seniors,60,581126.22,8.8,1.78,0.86,819036,61.49
Twitter,Seniors,87,337687.8,1.51,7.82,1.16,425405,84.87
Google Ads,Youth,85,362140.74,8.73,7.31,0.87,482758,100.83
Facebook,Professionals,53,672541.33,0.54,3.15,1.02,602214,38.77
Instagram,Mixed,47,527811.37,7.75,7.89,0.97,698544,116.69
Twitter,Professionals,30,521655.15,2.89,6.1,0.83,75821,65.1
Instagram,Youth,47,221566.67,9.16,5.01,0.9,775157,85.33
Facebook,Youth,56,110175.35,7.22,1.43,0.9,56859,36.25
Facebook,Youth,32,660665.92,9.48,5.38,0.93,922651,102.96
LinkedIn,Seniors,18,704017.49,5.96,0.87,1.17,913986,53.81
Instagram,Adults,59,396038.17,3.13,1.1,1.14,845224,30.35
Facebook,Adults,22,887112.68,7.19,3.85,0.85,267804,78.99
Facebook,Mixed,18,413584.45,3.83,0.7,0.9,427609,30.82
LinkedIn,Adults,51,429339.5,9.02,5.12,0.8,489259,78.5
Instagram,Mixed,58,358499.53,7.11,4.14,1.09,105900,73.75
YouTube,Adults,36,807715.72,2.25,1.15,1.2,292622,36.23
Twitter,Seniors,12,416325.07,7.39,2.81,0.9,372080,69.92
LinkedIn,Adults,8,367493.17,4.91,4.57,0.81,517521,62.22
Twitter,Professionals,20,251605.03,6.05,4.24,1.01,602324,76.76
Twitter,Seniors,8,691123.03,5.62,5.0,1.09,58525,99.0
Twitter,Mixed,31,532841.16,3.04,3.04,0.86,105509,41.77
Instagram,Professionals,48,613107.97,2.05,4.39,1.13,476442,70.03
YouTube,Mixed,57,38578.72,3.29,5.46,1.02,476845,59.52
LinkedIn,Seniors,55,451507.68,1.76,3.09,1.01,12831,47.55
Google Ads,Professionals,54,411285.92,1.98,7.94,1.05,413066,89.38
Facebook,Seniors,69,61841.29,1.68,1.26,1.0,508957,10.34
Twitter,Professionals,30,260331.51,7.54,2.43,0.89,874733,66.42
LinkedIn,Professionals,46,705575.11,9.1,3.48,0.99,726571,88.97
Facebook,Seniors,55,878450.63,3.64,0.54,0.84,951136,29.11
YouTube,Seniors,46,36419.71,5.22,4.85,1.11,689814,76.2
Instagram,Professionals,85,990415.89,3.01,3.1,1.03,451053,56.44
Instagram,Professionals,70,581134.97,5.48,6.38,1.18,594654,109.26
LinkedIn,Professionals,34,360532.0,2.35,0.98,0.96,672101,23.49
Google Ads,Seniors,37,851506.72,2.59,1.06,0.89,454590,32.81
Twitter,Youth,77,166817.91,5.2,3.33,1.12,451898,52.6
Facebook,Adults,57,782318.9,7.81,4.47,1.04,965147,96.83
Google Ads,Seniors,14,720974.68,8.57,2.47,0.88,509610,73.73
YouTube,Youth,27,969519.71,9.26,7.96,0.93,713289,131.53
LinkedIn,Mixed,77,530417.01,4.39,5.82,0.92,689982,76.89
Google Ads,Seniors,50,166988.69,2.99,5.01,0.89,758607,58.47
Instagram,Adults,82,158049.99,8.35,4.26,0.81,786084,56.84
Twitter,Mixed,71,17459.77,2.11,0.93,0.83,847822,0.84
Facebook,Mixed,46,425278.47,5.09,2.52,0.98,785679,50.23
LinkedIn,Adults,15,920544.9,9.42,6.45,1.08,123411,136.0
Facebook,Professionals,71,521610.38,7.52,2.41,0.94,862266,56.97
LinkedIn,Seniors,28,504369.68,8.07,1.53,1.11,468437,71.35
Twitter,Youth,58,92696.02,8.32,2.13,1.11,677315,59.83
Instagram,Mixed,25,767447.7,5.76,1.82,0.81,739121,52.94
YouTube,Professionals,26,708518.53,1.4,0.61,1.2,303578,19.77
Twitter,Youth,28,944606.78,0.88,1.1,0.98,549881,35.73
Facebook,Youth,9,641571.44,4.96,4.2,1.0,936280,89.81
YouTube,Professionals,20,719172.29,6.1,5.68,0.92,80086,86.2
YouTube,Seniors,22,838278.62,2.0,6.14,0.99,716535,84.37
Google Ads,Seniors,78,334574.13,7.89,1.42,1.19,914828,58.25
LinkedIn,Seniors,68,219124.74,9.57,0.66,1.11,622272,51.2
Google Ads,Seniors,50,524990.89,3.29,0.86,0.82,991311,30.69
Facebook,Professionals,80,233619.09,4.53,4.04,0.84,870001,48.9
Facebook,Seniors,17,131200.15,9.8,2.17,1.0,989427,74.51
Twitter,Mixed,53,418756.5,5.72,3.11,1.13,830493,61.2
Facebook,Mixed,20,13660.62,7.86,7.93,1.12,24951,136.65
YouTube,Mixed,54,917562.54,5.73,6.85,1.17,753894,126.36
Instagram,Seniors,79,396475.09,5.99,2.28,0.87,48391,35.02
Instagram,Seniors,14,734050.48,0.57,1.04,1.06,181764,28.56
LinkedIn,Seniors,23,106818.95,1.11,2.33,1.07,234052,24.61
Google Ads,Seniors,14,41461.18,3.07,6.91,1.1,59409,100.11
Instagram,Adults,38,703739.94,1.32,5.82,0.85,220977,66.34
Twitter,Seniors,53,414719.36,3.01,2.91,0.91,834161,31.53
Google Ads,Seniors,66,868512.55,8.58,7.5,1.19,628945,149.61
Google Ads,Youth,88,815895.46,3.88,1.31,0.88,593564,34.13
Twitter,Youth,52,265709.14,6.59,0.58,1.17,329201,40.04
Facebook,Mixed,85,585369.41,2.63,3.3,0.8,165151,31.4
YouTube,Seniors,78,985013.92,9.97,3.99,0.96,392930,93.73
Twitter,Mixed,13,59023.27,4.27,5.59,1.16,320674,89.63
Twitter,Youth,76,284047.55,8.83,6.39,0.91,240223,89.04
LinkedIn,Professionals,43,294575.49,5.87,4.38,0.9,452575,68.85
LinkedIn,Adults,89,543505.1,0.54,4.49,1.12,552612,50.23
Google Ads,Professionals,61,336147.05,8.78,4.46,1.13,991566,100.4
Instagram,Youth,26,493585.07,6.44,3.1,0.95,725971,67.82
Twitter,Youth,16,936339.19,4.3,1.16,0.98,597104,59.61
Twitter,Youth,89,285006.74,8.79,6.06,1.1,676565,99.33
LinkedIn,Mixed,33,999455.88,5.03,3.89,1.09,866359,90.01
Instagram,Mixed,32,613520.64,9.79,0.83,1.12,717599,72.09
Instagram,Adults,89,188394.62,8.13,5.69,1.09,923608,93.65
YouTube,Professionals,71,845706.97,7.87,2.99,0.93,222926,72.16
LinkedIn,Seniors,72,35298.6,6.59,1.42,0.96,306768,33.66
YouTube,Adults,58,393605.71,1.68,2.33,1.04,413562,25.99
Google Ads,Adults,17,270351.39,9.11,4.85,1.12,262368,105.22
LinkedIn,Seniors,43,923743.8,1.1,7.3,0.92,524635,79.02
Twitter,Mixed,14,12205.47,3.6,1.9,1.15,935822,45.0
Instagram,Seniors,51,601391.64,5.59,7.35,0.84,456077,95.0
Facebook,Professionals,67,481229.37,5.85,7.9,1.12,287122,126.62
Twitter,Adults,59,184477.3,2.29,6.91,1.08,759224,82.94
Twitter,Adults,41,383816.63,8.61,7.95,0.89,111733,105.08
Facebook,Professionals,45,435776.56,9.89,4.99,1.03,920834,101.07
YouTube,Youth,30,153762.56,1.85,7.99,1.03,348578,90.92
Facebook,Professionals,78,462211.35,5.62,3.26,1.09,807813,70.3
Twitter,Youth,50,576502.71,0.81,6.92,1.08,393732,76.39
LinkedIn,Youth,18,397871.41,6.76,2.35,0.97,162130,56.0
Instagram,Professionals,23,645654.86,1.34,5.77,0.93,22721,70.77
YouTube,Youth,59,875503.79,4.9,5.69,1.16,254853,92.51
Instagram,Professionals,81,485057.53,6.38,0.69,1.14,387171,38.41
Twitter,Mixed,48,656404.0,8.0,2.7,1.14,543193,91.83
LinkedIn,Adults,89,956822.9,8.48,4.58,1.05,589391,99.37
YouTube,Mixed,83,309590.51,3.54,4.37,0.97,807884,48.23
YouTube,Adults,65,978348.91,7.39,6.82,1.07,712470,120.5
LinkedIn,Professionals,71,754940.63,0.94,5.77,1.03,505523,66.18
Facebook,Professionals,34,236151.12,3.42,1.48,0.91,516725,30.53
Google Ads,Adults,28,283691.34,7.64,1.24,0.97,341632,57.95
YouTube,Adults,9,489712.97,1.28,6.28,0.91,293387,76.01
LinkedIn,Youth,87,152767.57,0.74,5.2,0.9,621008,39.39
Twitter,Professionals,61,428517.51,6.38,5.7,1.09,498537,96.32
Twitter,Youth,79,678446.02,7.86,4.17,0.96,695901,77.81
Instagram,Seniors,19,424300.41,0.8,7.8,0.95,73026,86.4
Google Ads,Adults,17,87460.29,9.58,3.99,1.17,896565,100.57
Facebook,Seniors,77,400827.39,8.71,6.84,0.83,776473,93.18
LinkedIn,Professionals,58,474623.8,5.58,2.69,0.87,477938,42.92
Google Ads,Seniors,35,602128.61,7.77,2.03,0.83,844960,60.03
LinkedIn,Seniors,85,30482.23,8.22,2.84,0.81,838502,49.61
Facebook,Youth,22,999087.42,4.36,7.95,0.88,820459,114.15
LinkedIn,Mixed,86,158625.96,6.88,2.28,0.99,341250,40.24
LinkedIn,Professionals,39,109737.88,1.44,2.86,0.99,334771,18.76
Google Ads,Youth,88,995674.26,5.89,6.42,1.0,36194,88.43
Facebook,Youth,53,728203.62,8.26,5.81,0.87,512241,101.57
LinkedIn,Youth,54,848368.1,8.96,3.57,0.81,864743,76.09
YouTube,Professionals,46,67457.67,8.89,5.59,1.05,999721,95.97
YouTube,Seniors,37,590014.18,6.43,2.89,0.85,573517,57.7
Google Ads,Professionals,25,441527.8,1.05,3.13,0.98,105461,41.83
LinkedIn,Professionals,65,807937.33,0.67,4.75,1.17,334742,63.59
YouTube,Professionals,15,546321.97,5.03,7.08,0.86,241926,92.77
Twitter,Adults,46,454621.51,4.3,1.0,1.1,826192,42.4
Facebook,Youth,42,402196.17,8.96,7.2,1.17,180313,130.68
LinkedIn,Seniors,61,556426.89,6.53,5.98,0.93,804005,87.26
Instagram,Adults,58,829403.6,1.72,2.11,1.0,376876,34.66
Facebook,Mixed,82,248956.03,9.58,7.48,0.93,797361,112.96
YouTube,Mixed,32,357180.43,3.48,4.92,0.89,267554,63.2
Google Ads,Seniors,58,409154.1,6.54,2.31,1.17,805306,61.22
Google Ads,Seniors,50,918027.51,2.06,2.93,1.17,436677,57.82
Instagram,Adults,63,400879.55,5.69,7.93,0.96,199368,103.65
Instagram,Professionals,9,132693.5,0.61,7.7,1.11,98679,87.81
Instagram,Professionals,19,235580.93,3.81,7.9,1.17,348177,120.7
Twitter,Seniors,14,273368.34,3.41,1.49,1.0,112268,29.05
Instagram,Adults,89,629977.5,5.24,3.58,1.16,798682,67.39
Facebook,Adults,41,302932.13,1.7,0.95,0.96,228778,19.12
YouTube,Youth,53,23542.13,1.88,4.53,0.9,47636,36.59
Google Ads,Seniors,35,814657.15,3.07,0.58,0.89,794012,33.17
Twitter,Mixed,41,880474.54,9.07,1.77,1.12,977370,83.5
Facebook,Seniors,73,455606.14,5.84,5.3,0.96,779780,79.31
Twitter,Youth,86,206031.02,1.25,0.57,1.0,279333,-1.8
Google Ads,Professionals,42,10034.53,5.75,6.36,0.93,997933,86.17
Google Ads,Adults,43,512277.42,3.29,7.21,1.04,449556,90.98
YouTube,Mixed,42,738693.62,7.05,7.49,1.09,232410,131.84
Facebook,Adults,43,756579.43,3.42,5.87,1.02,625396,90.21
LinkedIn,Mixed,13,991386.72,0.87,7.29,1.11,406035,111.29
Facebook,Seniors,66,568845.44,7.63,4.63,0.86,808770,81.41
Twitter,Mixed,55,632587.94,9.41,7.29,0.96,450658,118.68
LinkedIn,Professionals,49,873527.09,0.66,6.24,1.01,648480,77.81
YouTube,Adults,78,954946.41,1.15,1.45,0.97,504797,26.83
LinkedIn,Adults,47,826484.55,9.27,7.86,0.9,261347,115.05
Twitter,Seniors,88,397741.17,4.22,2.49,0.93,533204,36.51
Instagram,Professionals,34,129844.82,1.95,3.66,0.9,138845,46.49
Google Ads,Mixed,54,981323.47,4.63,1.89,0.91,611707,47.49
LinkedIn,Seniors,23,544189.35,6.0,7.58,1.02,799103,116.71
Instagram,Adults,38,123681.89,1.49,1.72,1.1,917935,22.28
Twitter,Professionals,75,643412.81,2.37,6.06,0.99,60724,63.53
Instagram,Professionals,25,866276.97,5.34,3.88,1.06,27427,80.49
LinkedIn,Seniors,47,784201.27,6.67,2.04,1.11,551367,74.91
Instagram,Adults,75,642994.43,2.42,1.84,0.94,773819,30.2
Facebook,Mixed,72,489360.17,0.69,7.67,0.96,679201,77.26
LinkedIn,Seniors,27,647503.51,8.15,5.22,0.96,692330,101.85
Twitter,Youth,7,813199.1,8.74,2.13,0.99,561299,87.82
Facebook,Adults,46,46913.65,9.94,5.84,1.11,769747,116.94
YouTube,Mixed,66,261617.26,9.02,4.62,1.08,803791,103.2
Facebook,Seniors,14,626338.17,3.94,2.7,0.88,861317,55.76
Google Ads,Youth,17,29726.65,9.15,3.36,1.05,721431,78.96
Twitter,Seniors,69,405980.65,8.25,1.9,0.88,320555,47.76
LinkedIn,Seniors,60,480633.25,5.93,7.17,0.95,748842,106.27
Facebook,Professionals,74,920005.67,5.08,4.25,1.18,754683,94.28
Google Ads,Mixed,75,893222.5,0.68,2.89,1.04,531242,42.83
Google Ads,Youth,79,723139.13,7.34,7.76,1.1,454079,129.99
Google Ads,Adults,59,649796.55,3.43,1.95,0.99,255931,41.28
Google Ads,Seniors,70,394422.51,5.8,6.53,0.94,656066,88.1
YouTube,Youth,86,875844.13,3.22,1.62,0.81,605805,24.27
Instagram,Mixed,89,296260.18,7.53,1.65,1.06,789595,49.15
LinkedIn,Youth,34,806421.97,4.36,4.57,1.07,385650,82.0
Facebook,Youth,15,79048.43,3.1,1.06,0.83,228718,33.17
Facebook,Youth,39,226752.08,9.56,5.53,0.84,514267,91.37
LinkedIn,Professionals,44,950429.65,5.42,6.3,0.81,368059,80.98
Google Ads,Mixed,7,974011.81,2.08,6.84,1.06,198807,101.86
Google Ads,Seniors,82,47499.91,1.68,2.39,0.85,391288,17.43
Instagram,Adults,14,538557.18,8.44,6.39,0.97,593531,109.02
Twitter,Adults,28,241826.61,5.59,7.99,1.02,787249,115.4
Instagram,Youth,32,562188.62,1.95,7.44,1.05,353848,101.27
LinkedIn,Professionals,45,646083.28,5.92,7.55,0.84,132061,84.29
Instagram,Seniors,69,822518.95,2.84,7.33,0.9,103775,83.43
LinkedIn,Adults,24,648862.41,3.19,1.42,1.19,190190,46.29
LinkedIn,Seniors,85,816393.42,8.53,1.04,1.19,213176,53.53
Google Ads,Professionals,31,780913.79,9.68,1.11,0.91,555966,63.55
LinkedIn,Seniors,63,758386.06,6.49,5.99,1.15,23725,112.68
Instagram,Youth,56,84552.85,4.17,1.61,1.08,409251,34.45
Google Ads,Professionals,58,931929.85,1.29,0.77,0.81,844874,26.6
LinkedIn,Adults,34,253705.5,0.6,5.05,1.19,484404,66.36
Twitter,Adults,65,671508.61,6.34,1.77,1.14,345637,61.63
Twitter,Mixed,75,373667.23,2.69,5.32,0.97,70800,61.4
Google Ads,Adults,69,349347.89,0.89,3.02,0.83,693347,19.88
Facebook,Seniors,46,727382.09,0.93,1.45,0.97,405929,32.34
LinkedIn,Professionals,87,124181.74,9.31,6.4,1.09,182185,109.11
Twitter,Mixed,12,171504.07,7.64,5.44,0.99,765145,102.74
YouTube,Professionals,87,500280.43,3.62,5.01,0.86,189838,61.62
YouTube,Mixed,64,750716.09,1.06,6.71,0.87,815749,66.74
Google Ads,Professionals,70,667201.75,9.45,3.4,1.06,681280,83.92
Twitter,Professionals,70,172210.16,7.66,0.72,1.12,293561,42.41
LinkedIn,Seniors,80,196063.61,1.34,3.34,0.89,372132,19.06
Facebook,Youth,76,255481.45,9.27,2.81,1.09,208995,74.24
LinkedIn,Mixed,81,814237.98,1.83,5.48,1.09,86511,73.9
Instagram,Seniors,81,256477.91,5.44,3.87,1.01,338340,54.46
Google Ads,Adults,25,941808.86,9.09,4.57,1.2,525045,122.3
LinkedIn,Adults,71,221264.98,6.11,3.3,1.08,544409,57.85
YouTube,Adults,24,421935.46,0.69,7.53,0.98,609499,79.53
Google Ads,Seniors,27,975846.67,9.08,4.55,0.9,224320,108.62
Facebook,Mixed,77,150690.13,8.28,7.02,1.17,850292,122.41
Google Ads,Mixed,81,72711.26,5.71,7.15,1.02,933297,89.66
Instagram,Adults,41,976512.49,8.04,4.17,0.96,402136,90.06
Twitter,Mixed,30,807590.18,0.57,2.37,0.83,802320,37.52
Instagram,Youth,25,569009.82,9.81,4.59,0.83,944169,95.35
LinkedIn,Professionals,76,219300.62,9.0,4.66,0.9,870377,72.07
LinkedIn,Adults,28,795758.3,7.54,4.55,1.02,552472,99.04
Google Ads,Youth,63,685068.4,4.63,6.32,0.9,155699,84.17
LinkedIn,Adults,49,197088.96,8.61,3.67,0.87,41660,67.55
Google Ads,Youth,55,60733.55,1.47,6.0,1.01,28060,56.27
Facebook,Youth,24,728736.45,5.22,3.54,0.97,471473,75.75
LinkedIn,Seniors,52,966093.04,3.21,1.33,1.19,397205,58.34
Twitter,Seniors,8,64060.8,4.11,7.54,0.96,271462,95.17
Google Ads,Mixed,11,984012.53,5.82,6.67,0.82,634287,104.3
Twitter,Mixed,12,513039.9,3.16,7.36,1.02,904448,102.19
Google Ads,Adults,71,527676.7,0.92,5.23,1.05,336122,63.89
Instagram,Youth,59,867085.65,6.37,1.93,1.18,602552,70.32
Facebook,Mixed,73,213376.62,3.93,1.41,0.82,11450,21.02
Instagram,Seniors,73,806953.23,7.74,4.68,0.91,406377,81.24
Google Ads,Adults,14,476057.68,4.52,6.83,1.18,566608,114.36
Facebook,Seniors,61,117914.78,6.39,2.36,1.07,881340,58.75
Google Ads,Professionals,69,682335.9,2.03,7.19,0.9,987371,73.44
Instagram,Mixed,78,673478.99,8.26,1.64,1.03,274131,52.69
Instagram,Professionals,25,653254.04,9.27,3.59,0.87,930153,83.98
Twitter,Adults,50,980948.67,3.56,2.44,1.17,653902,61.17
Facebook,Mixed,47,637312.97,7.08,7.39,0.92,526107,101.57
Instagram,Seniors,58,61322.32,3.59,6.55,0.95,800709,63.74
Facebook,Seniors,32,285467.22,0.95,4.02,0.88,973496,45.54
Facebook,Mixed,29,253368.99,1.93,5.26,1.18,239230,71.15
Google Ads,Mixed,81,633703.91,8.16,7.55,1.04,451587,126.37
Twitter,Adults,76,816511.13,3.68,7.84,0.88,200698,85.69
Google Ads,Seniors,15,586142.87,2.65,7.39,0.9,309255,86.9
Twitter,Seniors,62,103439.16,10.0,6.84,1.07,465750,118.0
Instagram,Professionals,22,876049.06,6.86,5.78,1.06,590758,111.18
Instagram,Youth,25,937029.08,7.33,3.98,1.06,877011,99.92
Google Ads,Mixed,45,352249.66,3.59,6.33,1.08,149896,82.95
Instagram,Adults,81,803311.13,6.37,5.55,0.99,436361,86.88
Google Ads,Mixed,8,935324.9,5.66,7.24,1.03,368939,126.9
Instagram,Adults,86,569584.71,0.85,3.5,0.83,940688,35.64
LinkedIn,Youth,43,506210.27,8.35,6.82,0.84,360628,90.34
YouTube,Adults,85,692702.49,2.16,0.67,1.03,812215,26.98
Google Ads,Adults,50,149586.18,5.76,4.54,1.04,717794,72.93
Google Ads,Seniors,49,272698.81,7.91,1.94,1.08,730325,63.82
Instagram,Mixed,71,36041.57,7.24,5.28,1.05,232001,80.8
YouTube,Youth,89,359974.94,3.53,4.0,1.07,421057,56.22
Facebook,Youth,50,163352.86,7.81,1.41,0.87,186043,46.72
LinkedIn,Mixed,31,658512.15,6.92,5.12,1.19,638334,113.76
Instagram,Youth,11,963307.71,8.84,5.86,0.81,281182,98.84
Facebook,Youth,70,49597.72,3.62,4.01,0.91,983537,36.85
Instagram,Mixed,18,968741.15,8.67,1.24,1.09,248709,82.92
Google Ads,Professionals,42,773701.61,8.64,2.42,1.19,647970,85.7
Instagram,Professionals,64,285309.55,8.64,7.42,1.07,121433,122.14
Google Ads,Youth,13,504998.48,6.34,2.93,1.02,496407,70.59
Facebook,Seniors,50,650322.85,5.41,5.08,0.81,341072,61.25
Instagram,Seniors,37,748349.43,5.66,6.53,1.17,498742,110.26
YouTube,Seniors,62,401570.56,9.23,4.88,1.15,174029,92.57
YouTube,Youth,68,932973.63,1.94,3.62,0.94,211029,51.29
Twitter,Seniors,81,331639.8,2.8,0.72,1.2,121177,14.93
Facebook,Mixed,85,562762.79,1.73,4.59,0.83,53636,39.59
YouTube,Mixed,77,861428.6,4.14,7.07,0.84,211533,83.46
Facebook,Adults,21,274685.58,3.56,7.97,1.08,676764,105.74
Instagram,Seniors,29,85096.19,4.94,6.2,1.14,306621,96.5
YouTube,Youth,49,878058.28,7.94,5.01,0.96,580917,97.66
LinkedIn,Youth,83,910549.59,2.75,0.78,1.01,581580,27.24
Twitter,Mixed,72,256865.84,0.6,7.75,1.0,706227,81.11
LinkedIn,Mixed,87,473200.28,5.52,3.59,0.99,172751,60.71
Instagram,Mixed,48,392908.25,3.43,7.5,1.0,870413,96.51
Facebook,Youth,39,645503.78,5.95,3.67,0.83,42111,60.89
Facebook,Professionals,30,970458.43,1.1,2.18,1.02,165834,50.09
YouTube,Seniors,46,889215.66,7.52,6.24,1.11,712966,118.19
Facebook,Adults,10,988293.4,9.94,6.17,0.9,339332,116.91
YouTube,Professionals,54,955426.64,8.71,5.64,1.06,890191,121.16
Facebook,Seniors,80,765159.56,3.09,4.51,0.81,406892,49.62
Instagram,Professionals,89,567083.01,7.9,4.59,0.99,65763,75.91
Twitter,Adults,21,206278.39,7.4,5.22,1.06,631790,99.01
Twitter,Professionals,46,411813.35,3.61,6.29,0.89,983967,76.07
LinkedIn,Professionals,51,627284.4,2.19,3.96,1.03,92748,52.17
Facebook,Professionals,36,97893.68,2.13,7.15,1.1,129678,93.45
Google Ads,Seniors,52,615465.62,5.25,7.41,1.13,300289,123.15
Instagram,Professionals,50,19638.48,9.54,1.23,1.07,248721,65.01
Twitter,Adults,77,748745.45,3.93,7.12,1.05,439501,100.66
LinkedIn,Mixed,23,647289.45,4.41,2.15,1.15,56282,61.84
LinkedIn,Mixed,8,524756.9,6.65,1.37,1.15,677178,67.17
Instagram,Mixed,46,884827.73,7.39,4.86,1.08,356411,112.53
Twitter,Youth,48,565243.66,4.68,5.74,1.19,544847,101.75
Instagram,Professionals,47,977724.02,6.05,4.68,1.02,906193,99.43
Instagram,Professionals,28,109395.63,3.8,3.77,0.85,44216,50.51
Google Ads,Youth,69,568516.37,0.99,3.18,1.02,107399,33.7
Facebook,Professionals,65,320705.58,5.92,3.8,1.12,309520,73.22
Twitter,Mixed,41,845747.09,2.54,7.5,1.16,560227,120.7
Twitter,Seniors,89,740523.17,1.81,5.6,1.17,647353,72.04
LinkedIn,Professionals,68,409245.67,9.3,6.52,1.07,406567,118.01
Facebook,Youth,77,301672.51,5.73,7.56,1.15,175024,113.3
LinkedIn,Mixed,42,578516.38,6.48,7.4,1.19,652276,144.84
YouTube,Mixed,70,153140.08,0.8,5.28,0.89,432537,43.98
Instagram,Mixed,79,740545.86,6.72,2.38,0.95,722490,56.79
YouTube,Professionals,61,334155.8,6.33,5.14,0.85,747325,69.68
Facebook,Mixed,36,630789.91,2.74,6.74,1.12,516010,108.12
LinkedIn,Professionals,88,665466.72,7.12,6.95,0.93,594919,105.01
LinkedIn,Professionals,46,687694.78,5.28,0.75,1.14,487847,50.71
Instagram,Youth,12,378607.38,3.93,2.72,0.82,469323,59.9
Facebook,Adults,30,481405.91,4.86,2.01,1.06,172530,48.96
YouTube,Mixed,31,996394.56,5.89,7.86,1.14,265075,134.8
Google Ads,Mixed,66,505015.51,3.23,2.77,0.81,547074,36.93
YouTube,Mixed,40,486870.88,8.02,0.72,0.92,54980,46.48
Google Ads,Mixed,13,931881.08,4.83,3.63,1.1,377772,81.64
LinkedIn,Adults,28,573875.8,9.13,6.72,1.15,130615,138.8
YouTube,Mixed,42,327686.86,9.84,0.58,0.91,617620,51.91
YouTube,Professionals,32,49424.65,7.5,3.23,1.0,749272,64.97
Google Ads,Mixed,86,598092.41,8.16,1.25,0.96,278244,49.0
LinkedIn,Adults,15,857233.58,8.56,2.5,0.93,680284,78.0
Google Ads,Mixed,59,145656.9,1.43,1.36,0.94,215539,8.27
LinkedIn,Professionals,29,213348.14,8.09,7.64,1.17,887324,139.62
YouTube,Professionals,15,199455.69,2.53,6.79,0.98,904420,83.11
Facebook,Youth,85,221669.32,8.93,6.63,0.96,268388,94.79
LinkedIn,Adults,55,100598.46,2.11,6.32,1.15,953872,89.25
Google Ads,Mixed,36,656129.72,6.64,6.11,1.16,786559,119.02
YouTube,Youth,37,867051.43,4.54,0.86,1.16,940861,55.06
LinkedIn,Seniors,84,663919.22,1.27,2.6,1.02,203847,31.44
LinkedIn,Seniors,89,612180.58,5.99,2.31,0.85,885400,50.33
Twitter,Youth,13,834150.88,4.42,2.06,1.1,457891,62.94
LinkedIn,Mixed,23,310953.78,8.56,5.41,1.17,196571,117.13
Twitter,Adults,56,584858.9,7.14,0.68,0.83,915404,37.97
Twitter,Seniors,21,755371.75,5.83,5.08,1.09,176923,100.34
YouTube,Adults,71,435193.62,5.78,2.86,1.04,791240,52.38
Facebook,Professionals,32,267468.58,3.02,5.19,0.84,784097,61.12
Facebook,Mixed,62,749243.52,5.83,3.74,1.0,327199,71.44
LinkedIn,Professionals,73,925912.48,4.35,2.58,0.92,124923,49.33
Twitter,Seniors,16,270687.45,2.57,7.97,0.97,749878,88.84
Google Ads,Adults,11,451835.23,6.8,7.95,0.96,293069,112.7
Google Ads,Adults,66,265155.36,2.35,4.69,1.02,839052,51.95
YouTube,Seniors,60,935617.82,0.96,5.63,0.87,92235,58.23
YouTube,Seniors,19,38080.23,7.33,0.55,0.84,326828,32.48
Google Ads,Adults,42,838355.64,7.12,6.95,0.84,80085,100.81
Instagram,Mixed,57,461826.22,9.69,3.31,0.97,467028,82.32
Instagram,Seniors,16,384218.92,3.0,3.09,1.09,987636,57.87
LinkedIn,Seniors,76,653835.68,1.62,7.64,1.2,707115,102.16
LinkedIn,Mixed,35,816664.79,9.92,0.52,1.1,669003,62.68
LinkedIn,Adults,88,915736.59,7.87,6.49,1.15,802117,122.47
Twitter,Youth,57,38563.91,7.65,7.34,0.98,622448,98.78
Instagram,Professionals,69,365048.78,1.07,1.45,0.87,253300,14.96
Google Ads,Mixed,27,480757.71,1.67,7.72,0.91,652219,85.21
Facebook,Adults,19,662937.74,4.51,4.15,0.87,909860,66.18
Google Ads,Youth,34,392821.55,5.93,7.96,1.09,924137,124.92
Facebook,Adults,48,208918.95,1.41,2.56,1.13,852265,31.58
Facebook,Seniors,72,387004.26,6.72,6.66,0.92,591795,85.46
LinkedIn,Youth,45,668713.13,9.17,6.3,1.02,447041,120.54
Facebook,Adults,52,163251.69,3.01,4.99,1.04,280720,67.46
YouTube,Seniors,63,113617.04,4.95,3.0,1.08,377912,54.97
Google Ads,Seniors,41,103884.35,5.35,3.7,1.01,397715,60.62
YouTube,Seniors,13,299707.21,6.29,2.39,1.07,198861,67.31
Instagram,Youth,29,744579.83,2.84,7.15,1.12,436636,106.05
Facebook,Seniors,77,323535.51,1.48,7.4,0.98,668505,69.72
Google Ads,Adults,30,113354.22,9.68,1.99,0.82,610594,46.01
YouTube,Youth,72,729020.91,8.82,7.41,0.91,91806,106.04
Instagram,Seniors,72,181654.04,7.99,1.42,0.91,520993,41.61
Google Ads,Mixed,53,560967.1,4.88,3.28,0.96,381707,64.51
Facebook,Youth,21,372084.28,0.65,4.1,1.16,197870,52.61
Twitter,Professionals,45,248562.67,4.66,5.01,0.88,471082,61.39
Twitter,Youth,59,202244.2,6.02,2.8,1.19,744944,68.36
Instagram,Youth,83,12111.88,2.76,3.86,1.09,821078,51.31
Instagram,Youth,84,863740.35,6.59,4.43,0.83,80474,74.48
Google Ads,Youth,11,608219.49,4.83,5.26,0.83,542550,78.1
LinkedIn,Professionals,87,918920.05,2.78,0.55,1.14,942833,34.12
Twitter,Professionals,11,133641.58,8.4,0.86,0.82,413126,51.03
YouTube,Professionals,48,484014.51,1.77,1.36,1.1,195522,26.89
YouTube,Youth,86,712626.13,4.38,3.52,1.16,580753,76.95
Twitter,Seniors,54,259156.43,6.67,2.67,0.97,815932,59.96
Twitter,Youth,23,492610.97,7.19,6.9,0.97,944266,114.24
Instagram,Youth,26,548514.27,4.19,7.63,1.19,710906,121.55
Facebook,Adults,40,724175.07,9.62,4.78,0.97,523012,101.2
Instagram,Mixed,7,100638.53,6.98,4.55,1.03,57430,83.6
Twitter,Mixed,18,880363.31,3.29,2.74,1.06,342212,61.04
Instagram,Adults,35,804164.91,2.99,6.6,1.14,262234,107.45
Facebook,Professionals,71,442504.47,6.37,1.09,0.83,355073,25.23
YouTube,Youth,58,791773.09,4.24,5.19,1.05,811409,84.63
Instagram,Professionals,64,184107.44,9.77,6.94,0.92,100779,91.68
Google Ads,Adults,11,851059.16,4.18,3.5,0.92,171306,76.3
Twitter,Youth,54,626650.44,5.33,0.91,1.12,12318,36.44
Google Ads,Youth,80,697514.99,9.03,7.68,1.15,802993,131.63
Instagram,Mixed,69,472111.76,3.11,7.33,0.96,337546,74.44
Google Ads,Youth,79,236210.22,3.31,5.17,0.87,571298,46.73
Facebook,Professionals,18,815907.63,6.24,6.14,1.0,18324,103.76
Facebook,Seniors,9,589564.02,4.05,6.79,0.91,770004,98.67
Instagram,Youth,20,97906.18,7.13,6.72,0.96,763093,103.82
LinkedIn,Youth,44,25980.94,7.32,4.46,0.96,692184,66.45
YouTube,Seniors,79,385027.08,1.96,2.85,1.0,283760,28.08
Facebook,Professionals,42,777465.34,5.65,1.77,0.81,410654,45.7
YouTube,Professionals,87,692031.43,5.47,6.95,1.04,785912,100.64
Facebook,Professionals,80,987724.47,4.11,4.68,0.81,921424,72.55
LinkedIn,Professionals,88,629890.96,3.89,4.88,1.13,737645,73.25
YouTube,Adults,16,635302.37,3.17,4.66,1.2,415492,84.54
Instagram,Professionals,68,737179.43,4.42,6.25,0.85,476339,71.6
Google Ads,Youth,16,995436.74,2.75,6.0,1.05,825200,96.94
YouTube,Youth,68,657883.62,7.49,7.65,1.09,110453,130.36
Google Ads,Adults,75,859431.01,4.34,4.68,0.84,655396,67.19
Instagram,Mixed,79,18812.5,4.91,2.3,1.07,101575,34.86
LinkedIn,Professionals,55,198643.97,2.19,2.76,0.88,336005,30.48
Twitter,Mixed,61,649342.02,6.03,4.6,0.87,422589,66.41
Instagram,Seniors,46,489162.62,7.57,7.41,0.97,214952,109.08
Google Ads,Mixed,74,350570.25,6.1,4.84,1.14,929726,88.13
Google Ads,Professionals,49,322135.06,8.87,3.25,1.02,976650,67.94
Facebook,Mixed,58,656048.1,1.69,6.25,1.11,192406,70.62
Twitter,Seniors,66,917485.21,4.83,1.25,1.09,719828,53.74
YouTube,Mixed,63,321726.01,9.47,1.88,1.19,111260,84.31
Twitter,Mixed,41,134211.09,4.48,7.91,0.97,313160,96.63
YouTube,Professionals,53,432491.22,6.27,4.35,0.98,565019,76.82
Instagram,Mixed,43,308650.71,1.41,0.66,1.09,708071,17.23
Google Ads,Adults,57,126187.69,1.3,7.06,1.07,743376,81.19
LinkedIn,Professionals,46,346125.54,9.27,2.22,0.86,386060,53.71
YouTube,Youth,52,23058.35,2.04,3.3,1.05,900261,38.01
Instagram,Mixed,34,719277.27,2.5,5.01,1.15,225767,86.17
YouTube,Youth,19,21860.24,8.61,2.57,1.18,572499,81.34
Instagram,Mixed,87,815372.71,6.77,5.92,0.92,264387,90.91
LinkedIn,Professionals,67,266516.15,9.18,3.08,1.04,264616,76.27
Facebook,Professionals,44,879517.49,2.29,6.4,1.15,435548,89.23
Twitter,Professionals,18,455506.95,8.49,2.57,1.13,177834,79.67
LinkedIn,Mixed,8,289355.02,0.96,5.59,1.18,518659,83.29
Facebook,Seniors,10,378722.13,7.79,1.13,1.02,529488,61.24
Instagram,Mixed,10,239603.64,5.35,7.93,1.16,519609,123.02
Facebook,Professionals,9,613974.25,3.31,7.11,1.19,110851,108.67
Twitter,Youth,66,503752.34,4.69,1.12,0.93,528071,24.36
Google Ads,Adults,73,404592.12,2.75,7.2,1.12,688448,92.98
Instagram,Adults,17,111525.21,1.12,7.31,1.14,822217,95.68
Facebook,Professionals,23,441626.74,9.67,0.81,0.88,830762,57.8
Facebook,Professionals,84,452378.15,7.21,1.85,1.14,987743,66.14
Twitter,Mixed,55,331811.73,4.51,5.98,1.03,791965,93.66
Twitter,Seniors,24,882510.3,1.4,3.94,0.88,747679,61.37
Facebook,Seniors,81,888018.9,6.09,7.0,1.12,400399,110.43
YouTube,Youth,11,418928.19,4.35,7.6,0.88,643794,104.06
Google Ads,Adults,19,413157.64,5.32,7.73,0.87,161711,99.88
Facebook,Seniors,86,37288.19,1.03,5.04,0.96,855461,42.52
Google Ads,Seniors,77,325089.15,6.71,1.96,0.98,568743,44.1
Instagram,Youth,7,940549.12,8.04,4.86,1.09,232813,112.29
Instagram,Adults,18,707372.73,7.96,1.5,1.06,806202,75.05
Twitter,Seniors,14,63720.82,2.1,1.91,1.03,613166,28.87
LinkedIn,Professionals,30,467630.75,7.43,2.53,0.97,208118,66.47
Instagram,Adults,48,86034.89,6.64,4.95,0.84,829790,63.7
Google Ads,Seniors,7,994481.66,8.84,5.33,0.85,102059,96.79
LinkedIn,Youth,62,608049.1,3.93,7.61,1.15,892061,111.27
Google Ads,Adults,23,838120.64,9.2,4.8,1.08,503970,121.99
Instagram,Mixed,88,568010.8,2.29,4.12,0.85,599879,42.16
Facebook,Adults,55,900331.37,6.78,2.65,0.96,880101,71.93
Facebook,Adults,26,275138.71,5.72,4.41,0.8,633843,59.28
Google Ads,Seniors,28,514169.55,2.7,1.61,0.83,578168,28.46
YouTube,Mixed,55,776462.09,3.74,1.86,0.9,801921,43.75
Twitter,Adults,19,363931.55,7.25,6.02,1.07,94680,109.55
LinkedIn,Adults,46,675444.36,1.11,5.76,1.0,432251,73.52
Facebook,Youth,74,457182.09,6.86,1.55,0.87,307479,40.72
Facebook,Adults,66,26478.05,8.02,6.35,0.88,715650,79.69
Google Ads,Youth,27,804289.5,7.48,6.09,1.08,480921,128.66
Twitter,Seniors,10,692717.96,7.81,1.41,1.15,78100,83.82
Facebook,Seniors,26,903726.41,2.88,1.53,1.01,674444,50.34
LinkedIn,Mixed,44,392381.46,2.89,2.09,0.99,704519,37.96
Facebook,Youth,75,114367.11,4.46,2.92,1.14,474915,51.71
Facebook,Mixed,89,141768.03,6.6,2.74,0.92,965192,41.14
Twitter,Youth,78,638204.02,2.39,3.59,0.99,466114,52.31
YouTube,Youth,63,490549.23,3.4,1.29,1.11,638010,32.48
Facebook,Professionals,48,458986.4,7.17,5.38,0.99,592423,95.31
YouTube,Professionals,30,496082.28,4.7,2.97,1.05,683305,62.25
Google Ads,Youth,83,792526.2,5.73,4.33,0.87,837532,68.76
LinkedIn,Seniors,75,369716.09,4.61,5.18,1.19,175466,85.76
YouTube,Professionals,26,642495.24,4.69,1.4,0.8,577028,30.35
Twitter,Youth,68,266437.49,0.7,6.13,0.89,631078,49.1
Facebook,Youth,25,349729.89,4.68,5.39,0.87,985348,67.47
Twitter,Professionals,51,122015.81,2.82,3.19,0.95,890010,38.48
Twitter,Youth,83,958719.56,2.09,6.88,0.8,578710,73.52
Facebook,Seniors,42,935892.29,5.55,3.51,0.95,221675,82.06
Instagram,Professionals,7,867479.4,1.65,6.36,0.8,569196,77.3
LinkedIn,Seniors,54,169069.96,0.59,6.59,0.94,654215,51.47
Facebook,Professionals,79,463923.06,5.56,4.29,0.85,189454,54.34
Facebook,Professionals,34,501631.49,5.73,3.97,1.1,468333,80.22
LinkedIn,Youth,52,606633.47,6.3,6.31,1.05,564483,110.66
Instagram,Adults,79,26736.02,9.38,4.81,1.08,186898,84.42
YouTube,Youth,71,116697.48,0.51,5.33,0.8,882207,30.58
Twitter,Mixed,21,465018.36,5.37,1.85,0.95,218784,49.18
Instagram,Professionals,9,177148.14,5.22,4.23,0.85,590181,69.83
Instagram,Youth,62,400079.41,4.81,1.15,1.12,813105,39.44
Google Ads,Youth,24,75528.16,0.82,5.41,0.99,469993,63.57
Twitter,Youth,45,568919.21,0.96,4.72,1.06,278034,61.75
LinkedIn,Professionals,77,165899.56,1.16,1.84,1.02,275372,16.34
LinkedIn,Adults,57,574034.91,1.43,4.41,0.99,41640,55.92
LinkedIn,Adults,42,128542.31,5.32,2.15,0.87,693877,36.06
Google Ads,Youth,16,687830.3,5.51,6.69,1.09,340847,113.29
LinkedIn,Professionals,55,164322.67,8.45,1.24,1.13,70108,56.63
YouTube,Youth,33,85805.97,0.72,3.25,0.89,886334,23.89
Facebook,Professionals,57,968519.52,3.62,4.87,0.87,248134,70.65
Twitter,Youth,62,275061.8,7.53,0.97,1.01,150562,39.44
LinkedIn,Mixed,30,178206.17,9.31,1.64,1.18,716124,79.12
Twitter,Mixed,19,193511.26,7.46,1.14,1.1,706742,50.42
LinkedIn,Mixed,71,221033.56,0.82,7.27,1.08,274983,82.88
YouTube,Youth,22,962748.12,8.35,6.61,0.94,582373,108.39
YouTube,Professionals,37,399681.71,7.83,6.14,1.02,273206,105.57
Twitter,Mixed,41,526870.81,0.6,0.99,0.91,419451,13.98
Twitter,Professionals,43,233160.14,2.83,5.09,0.95,730205,64.44
Instagram,Seniors,50,565862.5,1.01,2.04,1.12,682680,31.35
LinkedIn,Professionals,75,556279.15,6.66,5.41,1.14,533297,95.16
LinkedIn,Mixed,86,213825.23,5.9,2.66,0.9,604124,49.42
Facebook,Seniors,38,164244.78,3.92,3.74,1.01,247006,50.31
Instagram,Youth,71,638104.03,6.56,5.41,1.04,806796,90.7
Google Ads,Youth,71,711844.16,8.06,6.17,1.09,88492,121.05
Instagram,Mixed,18,594887.12,1.39,2.07,0.98,449469,36.24
Facebook,Adults,46,477262.84,7.89,3.53,0.84,358998,65.11
Facebook,Adults,54,153373.86,8.5,4.99,1.08,419699,95.67
YouTube,Professionals,35,723663.78,2.86,4.27,1.02,898530,72.88
YouTube,Youth,14,188851.84,1.63,3.16,1.0,216946,42.65
Google Ads,Seniors,52,268982.5,7.61,7.72,1.12,896924,126.91
Twitter,Seniors,51,151229.52,1.62,5.51,0.82,391550,43.93
LinkedIn,Professionals,84,244251.77,0.64,4.66,0.85,529554,31.99
Twitter,Youth,54,396133.02,3.31,3.02,1.11,776167,51.65
Instagram,Seniors,82,307408.13,6.36,5.83,0.97,593113,75.78
YouTube,Adults,46,233538.7,6.36,3.77,1.04,132939,73.35
YouTube,Youth,12,292875.56,6.29,0.77,0.93,913913,48.06
LinkedIn,Professionals,69,699601.23,7.86,0.71,0.9,574004,47.33
Facebook,Mixed,81,121393.06,7.09,4.68,0.98,267625,58.67
Facebook,Youth,33,661124.1,1.94,4.79,1.09,576472,76.68
Facebook,Seniors,82,404860.64,7.58,6.28,1.13,157452,108.71
Twitter,Mixed,66,863149.88,3.57,3.49,1.01,595336,57.29
Twitter,Seniors,50,905526.61,1.35,6.43,1.19,688304,99.98
YouTube,Adults,48,659868.93,7.61,7.31,0.93,370560,109.39
Google Ads,Adults,85,549735.52,2.88,1.95,1.12,205192,33.3
Google Ads,Adults,58,509309.19,1.56,4.83,1.08,861155,69.18
Twitter,Youth,53,692961.92,3.67,5.44,0.86,535436,60.92
YouTube,Professionals,71,338652.54,9.02,4.6,0.95,378561,88.6
YouTube,Professionals,35,265888.77,5.64,5.93,0.9,372627,80.52
LinkedIn,Youth,35,823029.16,9.43,1.74,1.04,619442,86.15
Facebook,Adults,17,97878.11,6.95,2.97,0.83,363084,47.93
LinkedIn,Mixed,63,378149.5,8.24,2.1,1.03,259311,60.0
YouTube,Seniors,66,633891.09,2.71,4.66,1.11,513147,66.69
LinkedIn,Professionals,64,277977.69,1.07,3.8,1.18,717766,43.36
YouTube,Seniors,75,823733.54,8.73,4.62,1.17,10408,109.33
LinkedIn,Youth,86,377474.24,1.73,1.65,0.95,930703,19.14
Twitter,Professionals,89,795500.29,2.76,5.39,1.05,893708,72.93
Google Ads,Youth,20,293428.66,6.22,7.72,0.86,99030,96.52
LinkedIn,Professionals,49,725465.12,2.47,1.23,0.95,297472,25.38
Twitter,Mixed,56,874924.2,3.28,2.88,1.05,852526,53.22
Google Ads,Seniors,50,318587.26,2.75,3.39,1.16,846578,60.51
Instagram,Seniors,78,405210.35,0.55,7.29,1.09,283421,84.92
Twitter,Mixed,46,798872.51,4.28,2.94,1.12,285242,72.17
Facebook,Adults,70,816580.09,9.12,3.12,1.08,611674,90.52
LinkedIn,Mixed,16,497202.37,7.68,3.49,0.92,852493,75.11
Twitter,Mixed,59,506706.96,8.51,0.53,1.17,774553,60.9
Instagram,Mixed,76,363634.41,7.89,6.26,1.11,511905,113.81
LinkedIn,Seniors,26,172050.62,3.86,6.36,0.9,398462,64.51
LinkedIn,Adults,15,113646.26,4.98,2.47,0.83,117976,50.98
Twitter,Mixed,23,247075.67,4.3,6.74,1.18,990203,118.03
Google Ads,Seniors,12,373863.05,2.54,4.6,0.89,323912,54.67
LinkedIn,Youth,61,505559.65,7.75,2.79,0.87,20200,58.43
Instagram,Youth,13,317714.15,0.66,2.52,0.98,659326,39.96
Google Ads,Adults,55,742738.0,2.96,5.81,0.91,60465,60.06
Google Ads,Mixed,11,778212.78,2.74,4.75,1.15,965908,97.15
LinkedIn,Seniors,34,278988.38,4.22,4.19,0.83,110838,52.25
Google Ads,Mixed,83,276086.17,9.07,1.54,0.9,396353,48.27
Twitter,Mixed,77,195726.67,0.66,5.48,0.84,288258,38.66
LinkedIn,Youth,85,470738.23,1.24,4.54,1.18,682900,57.79
