Project Complexity,Location Type,Environmental Risk Score,Regulatory Flags,Contractor Experience (Years),Budget (in ₹ Crores),Historical Risk Score,Risk Level
Low,Coastal,4.34,3,1,14.94,9.71,Medium Risk
Low,Suburban,5.95,4,23,23.13,9.58,Low Risk
Medium,Coastal,8.51,4,3,9.07,9.21,Medium Risk
Medium,Rural,5.76,2,5,10.44,5.9,Medium Risk
High,Rural,8.73,0,19,11.57,5.09,Low Risk
Medium,Rural,4.53,0,26,21.81,4.75,Low Risk
Medium,Suburban,2.55,2,28,17.16,6.63,Low Risk
Medium,Suburban,3.98,1,26,9.43,5.79,Low Risk
Medium,Urban,7.11,1,6,10.27,2.45,Low Risk
Medium,Suburban,5.86,3,18,21.02,2.09,Low Risk
Medium,Rural,5.76,0,22,16.6,9.61,Low Risk
Medium,Hilly,1.69,1,6,12.9,4.58,Low Risk
Medium,Coastal,6.31,0,23,5.41,7.38,Low Risk
Low,Hilly,9.62,1,25,9.63,8.01,Low Risk
Low,Hilly,5.73,2,16,11.08,5.1,Low Risk
Medium,Suburban,7.65,1,1,14.03,3.29,Low Risk
Medium,Suburban,8.03,0,8,17.3,2.73,Low Risk
Low,Coastal,7.17,1,9,11.01,2.17,Low Risk
Low,Rural,1.49,4,29,5.0,3.68,Low Risk
Medium,Urban,7.11,0,15,5.49,1.53,Low Risk
High,Hilly,2.28,3,16,14.68,7.24,Medium Risk
Medium,Hilly,6.43,1,28,12.37,7.69,Low Risk
Low,Rural,4.19,1,6,12.35,1.19,Low Risk
Medium,Coastal,1.74,1,2,10.26,7.41,Low Risk
Low,Urban,5.78,1,4,12.74,1.44,Low Risk
Medium,Suburban,6.1,1,14,18.47,5.38,Low Risk
Medium,Suburban,1.12,4,20,10.03,7.17,Low Risk
High,Urban,6.72,4,26,11.0,7.85,Medium Risk
High,Hilly,7.68,1,15,15.84,2.61,Low Risk
High,Rural,7.32,3,19,10.76,7.8,Medium Risk
High,Hilly,7.16,3,15,21.88,3.25,Medium Risk
High,Rural,4.31,2,25,12.53,1.79,Low Risk
High,Suburban,9.21,0,13,25.39,9.32,Medium Risk
Medium,Hilly,3.83,1,13,11.97,9.17,Low Risk
Low,Hilly,3.7,3,10,16.09,1.84,Low Risk
Low,Hilly,1.46,1,26,8.6,5.48,Low Risk
Medium,Rural,7.62,1,7,11.59,6.81,Low Risk
High,Coastal,9.94,1,23,14.39,3.62,Low Risk
High,Coastal,4.58,0,5,10.98,5.74,Low Risk
High,Urban,3.69,2,21,10.94,6.96,Low Risk
Low,Coastal,3.77,2,3,17.73,5.88,Low Risk
Low,Hilly,5.16,1,4,13.86,4.76,Low Risk
Low,Suburban,1.85,1,12,23.95,7.81,Low Risk
Low,Urban,6.49,3,29,15.75,6.1,Low Risk
Medium,Rural,5.67,3,16,16.54,1.56,Low Risk
Medium,Urban,8.81,2,11,13.27,1.59,Low Risk
Medium,Rural,5.38,0,8,19.64,8.5,Low Risk
Low,Urban,7.4,1,10,28.85,2.69,Low Risk
Medium,Suburban,1.41,1,4,14.92,2.48,Low Risk
Low,Rural,6.77,3,9,26.69,3.1,Low Risk
Medium,Urban,6.26,0,8,13.98,9.14,Low Risk
Medium,Coastal,1.68,1,1,7.3,8.79,Medium Risk
Medium,Suburban,5.89,3,17,15.91,7.8,Medium Risk
Low,Suburban,2.48,2,29,13.71,1.42,Low Risk
Medium,Suburban,2.21,4,10,18.47,8.52,Medium Risk
Medium,Rural,9.73,3,21,15.51,7.41,Medium Risk
Medium,Coastal,6.4,1,5,8.02,9.05,Medium Risk
Medium,Suburban,8.44,2,16,12.27,9.22,Medium Risk
High,Coastal,1.12,4,14,17.02,3.39,Medium Risk
Medium,Rural,6.56,2,27,21.19,1.1,Low Risk
Medium,Rural,2.86,0,6,12.11,5.55,Low Risk
Medium,Suburban,8.39,3,18,10.06,8.74,Medium Risk
Low,Hilly,6.16,4,16,10.25,5.16,Low Risk
Medium,Hilly,4.97,4,19,11.49,1.69,Low Risk
Low,Hilly,8.8,0,19,23.84,3.16,Low Risk
Medium,Rural,4.06,0,6,12.82,5.74,Low Risk
High,Urban,6.77,3,18,21.1,9.71,Medium Risk
High,Hilly,9.88,2,3,11.96,2.15,Medium Risk
Low,Hilly,7.13,2,14,14.97,2.7,Low Risk
Medium,Coastal,4.74,3,2,15.27,2.58,Medium Risk
Medium,Suburban,1.37,0,5,5.38,9.15,Low Risk
High,Hilly,5.57,1,12,15.11,5.49,Low Risk
Medium,Rural,2.81,0,10,16.56,7.32,Low Risk
High,Coastal,6.95,2,10,14.91,7.91,Medium Risk
Low,Rural,8.09,4,10,15.08,8.64,Medium Risk
Medium,Hilly,9.15,2,19,10.6,4.74,Low Risk
Low,Rural,9.28,2,16,17.38,1.53,Low Risk
High,Urban,9.41,1,14,17.5,9.66,Medium Risk
Low,Suburban,8.19,3,18,21.78,1.29,Low Risk
High,Urban,8.35,1,18,20.73,4.9,Low Risk
Medium,Hilly,4.74,4,16,12.66,1.15,Low Risk
Medium,Suburban,5.93,4,19,16.62,4.13,Medium Risk
Medium,Coastal,8.03,0,9,13.65,9.35,Low Risk
Low,Urban,9.41,2,25,17.5,5.71,Low Risk
Low,Rural,5.76,4,17,18.92,6.91,Low Risk
Low,Suburban,4.16,0,24,11.96,6.7,Low Risk
Medium,Hilly,4.49,2,15,12.71,5.97,Low Risk
Low,Coastal,2.37,3,24,20.51,5.57,Low Risk
High,Coastal,4.99,4,6,23.0,6.78,Medium Risk
Medium,Urban,2.91,4,20,13.53,2.41,Low Risk
High,Hilly,2.39,4,3,18.94,2.45,Medium Risk
High,Rural,7.79,1,18,18.01,6.01,Low Risk
High,Coastal,9.58,1,25,10.31,1.68,Low Risk
Medium,Suburban,5.46,1,28,20.66,6.96,Low Risk
Medium,Hilly,6.26,3,10,22.69,5.85,Medium Risk
Medium,Rural,2.51,2,11,6.44,3.6,Low Risk
Medium,Suburban,7.19,4,23,12.01,2.71,Low Risk
Low,Urban,7.18,3,9,19.8,5.93,Low Risk
Medium,Rural,6.65,2,26,18.33,9.85,Low Risk
Medium,Suburban,7.79,0,6,19.6,8.06,Low Risk
Low,Coastal,9.14,0,5,17.38,4.42,Low Risk
Medium,Hilly,6.09,3,18,7.67,8.64,Medium Risk
Medium,Coastal,5.39,3,26,23.29,9.14,Low Risk
High,Hilly,5.13,3,29,17.83,5.85,Low Risk
Low,Urban,1.25,2,27,11.71,1.2,Low Risk
Medium,Hilly,6.33,3,12,23.25,9.39,Medium Risk
Low,Suburban,6.46,0,20,18.6,7.49,Low Risk
High,Urban,6.24,3,24,13.46,8.6,Medium Risk
Medium,Urban,9.0,1,7,9.02,8.91,Medium Risk
High,Rural,5.83,0,28,24.29,4.79,Low Risk
Low,Hilly,9.33,3,10,18.53,6.09,Medium Risk
Medium,Suburban,5.84,4,19,24.49,1.5,Low Risk
High,Urban,9.88,2,3,12.27,4.18,Medium Risk
Medium,Suburban,3.2,3,20,6.75,3.87,Low Risk
Low,Suburban,2.02,4,21,10.06,5.33,Low Risk
Medium,Coastal,8.0,2,17,10.6,8.92,Medium Risk
Medium,Rural,6.62,4,11,11.99,4.37,Medium Risk
High,Hilly,3.12,4,1,22.72,8.95,High Risk
High,Suburban,1.37,1,25,18.09,6.72,Low Risk
Low,Rural,1.37,3,12,14.02,6.16,Low Risk
Medium,Coastal,3.71,1,21,14.34,2.43,Low Risk
Medium,Coastal,7.51,1,8,8.19,4.08,Low Risk
High,Hilly,5.68,1,17,17.63,6.79,Low Risk
Low,Hilly,5.06,0,12,5.0,7.08,Low Risk
High,Coastal,3.47,0,8,10.27,1.46,Low Risk
Low,Hilly,9.02,0,15,16.71,9.95,Low Risk
Low,Suburban,2.52,0,11,18.9,6.34,Low Risk
High,Urban,1.08,4,4,14.61,8.55,Medium Risk
Medium,Urban,2.73,1,9,17.14,8.75,Low Risk
Low,Coastal,8.17,3,9,12.07,5.28,Low Risk
Medium,Urban,6.91,1,24,14.03,4.4,Low Risk
Low,Urban,6.8,4,16,17.29,3.37,Low Risk
Medium,Suburban,8.18,4,15,5.0,9.6,Medium Risk
Medium,Coastal,4.41,4,29,14.84,7.13,Low Risk
Medium,Rural,9.68,2,29,14.19,1.53,Low Risk
High,Coastal,9.03,3,14,18.86,5.66,Medium Risk
Medium,Coastal,6.62,0,27,15.85,1.07,Low Risk
High,Coastal,5.07,3,17,15.54,5.73,Medium Risk
Medium,Hilly,1.0,1,4,20.02,5.07,Low Risk
High,Suburban,2.92,4,21,15.0,3.68,Medium Risk
Low,Coastal,4.84,0,21,7.57,5.33,Low Risk
Medium,Rural,8.97,1,14,11.94,8.71,Low Risk
Low,Coastal,4.45,2,22,18.19,3.61,Low Risk
Medium,Coastal,7.55,4,27,11.85,9.89,Medium Risk
Low,Hilly,4.54,1,7,15.57,3.35,Low Risk
Medium,Coastal,2.68,1,28,5.0,1.58,Low Risk
Low,Urban,7.05,0,14,19.94,9.66,Low Risk
High,Rural,5.64,4,29,6.73,2.71,Low Risk
Low,Coastal,1.98,4,29,16.64,6.77,Low Risk
Low,Suburban,8.59,0,18,23.74,5.39,Low Risk
Low,Suburban,1.28,4,25,12.58,7.22,Low Risk
Low,Coastal,5.5,1,12,16.92,6.25,Low Risk
Low,Urban,8.57,1,1,17.7,3.66,Low Risk
Medium,Rural,3.1,3,13,5.0,8.28,Medium Risk
High,Hilly,7.74,1,24,7.38,8.26,Low Risk
High,Coastal,4.64,0,19,12.94,1.79,Low Risk
Low,Suburban,9.73,1,18,9.17,1.76,Low Risk
Low,Suburban,1.66,2,13,11.08,9.14,Low Risk
Medium,Rural,8.26,1,21,16.93,8.66,Low Risk
High,Suburban,8.77,1,13,6.22,3.72,Low Risk
High,Urban,3.35,3,12,13.88,5.75,Medium Risk
Low,Suburban,9.01,0,10,23.46,3.15,Low Risk
Medium,Coastal,3.23,3,7,20.94,3.45,Low Risk
Low,Hilly,6.14,0,15,18.03,8.84,Low Risk
Low,Suburban,6.55,2,7,9.17,2.46,Low Risk
Medium,Rural,1.42,3,1,6.5,6.68,Medium Risk
Medium,Suburban,3.49,2,2,10.4,7.6,Medium Risk
High,Hilly,5.53,1,12,5.0,7.26,Medium Risk
Low,Coastal,6.06,2,12,18.58,1.52,Low Risk
Low,Hilly,8.7,4,25,20.18,3.19,Low Risk
High,Rural,4.63,0,13,17.32,8.25,Low Risk
High,Urban,1.32,2,20,9.11,5.5,Low Risk
Medium,Hilly,6.27,2,3,12.72,3.27,Low Risk
Medium,Rural,6.68,4,3,9.07,7.77,Medium Risk
Low,Urban,7.95,3,5,15.6,8.47,Medium Risk
Medium,Hilly,9.3,3,25,17.47,3.66,Low Risk
Low,Suburban,4.4,4,2,13.91,6.5,Medium Risk
High,Suburban,1.51,3,5,22.98,4.72,Medium Risk
Medium,Hilly,4.56,3,14,13.79,7.77,Medium Risk
Medium,Rural,1.04,3,15,14.63,3.35,Low Risk
Medium,Urban,2.53,2,21,21.84,4.32,Low Risk
Medium,Rural,4.02,3,1,20.41,7.36,Medium Risk
High,Coastal,9.73,1,5,15.27,3.7,Medium Risk
High,Hilly,2.28,3,12,14.13,8.59,Medium Risk
Medium,Rural,4.61,3,28,14.13,3.55,Low Risk
Medium,Rural,9.78,2,6,10.08,2.98,Medium Risk
Low,Suburban,1.02,2,12,26.27,7.68,Low Risk
Medium,Coastal,1.59,0,22,18.78,6.21,Low Risk
Medium,Hilly,9.06,4,8,13.47,9.08,Medium Risk
Medium,Urban,8.74,1,7,12.6,1.07,Low Risk
High,Coastal,4.06,3,25,18.06,2.05,Low Risk
Medium,Suburban,8.17,0,16,13.06,1.13,Low Risk
Medium,Suburban,1.78,0,9,10.9,4.79,Low Risk
Medium,Coastal,7.6,4,23,14.28,6.08,Medium Risk
Low,Suburban,4.59,0,17,23.42,5.72,Low Risk
Medium,Urban,8.6,3,28,12.64,3.42,Low Risk
Medium,Coastal,1.03,2,5,9.12,7.85,Medium Risk
Medium,Coastal,2.56,0,28,14.55,1.99,Low Risk
Low,Hilly,8.88,4,24,17.68,4.45,Low Risk
Medium,Suburban,6.5,1,6,9.72,5.77,Low Risk
Medium,Suburban,9.67,2,15,11.85,8.76,Medium Risk
Medium,Suburban,5.92,1,27,18.22,3.37,Low Risk
Medium,Rural,9.25,1,10,20.02,6.81,Low Risk
Medium,Rural,7.94,4,29,19.78,2.91,Low Risk
Medium,Rural,4.19,4,28,16.18,9.36,Medium Risk
High,Suburban,3.94,4,16,15.09,2.88,Medium Risk
Medium,Rural,2.81,3,5,12.8,2.31,Low Risk
Low,Rural,1.92,3,24,24.02,2.35,Low Risk
Low,Rural,1.79,3,8,5.0,4.89,Low Risk
Medium,Hilly,3.79,2,4,21.49,5.97,Medium Risk
Medium,Coastal,5.53,2,27,16.77,3.49,Low Risk
High,Rural,6.33,0,29,7.3,4.92,Low Risk
Low,Urban,8.46,4,9,11.4,8.62,Medium Risk
Low,Hilly,6.24,0,5,12.21,3.27,Low Risk
Medium,Hilly,9.5,2,23,5.0,7.68,Low Risk
Medium,Hilly,2.01,2,15,20.61,4.59,Low Risk
Low,Hilly,2.25,3,3,14.75,5.69,Low Risk
High,Coastal,5.05,2,4,16.33,5.93,Medium Risk
Low,Urban,1.73,3,13,15.29,2.82,Low Risk
Low,Suburban,6.58,1,6,12.03,4.92,Low Risk
Low,Suburban,9.6,0,27,17.71,1.56,Low Risk
Low,Coastal,1.45,4,8,15.79,3.15,Low Risk
High,Urban,7.02,1,2,15.76,3.52,Medium Risk
Medium,Hilly,8.78,1,2,17.02,2.13,Low Risk
Medium,Rural,7.22,4,2,17.58,4.59,Medium Risk
Medium,Urban,2.21,0,10,7.16,9.97,Low Risk
Medium,Rural,5.07,4,8,10.19,3.27,Medium Risk
Low,Rural,7.3,1,17,7.77,4.37,Low Risk
Low,Rural,3.62,0,24,8.44,8.24,Low Risk
Medium,Rural,4.05,4,16,17.29,2.01,Low Risk
Medium,Urban,6.9,0,12,19.01,7.64,Low Risk
Medium,Hilly,7.27,4,20,9.19,4.96,Medium Risk
Medium,Coastal,2.39,0,29,21.83,1.94,Low Risk
Low,Hilly,6.16,4,24,21.21,2.84,Low Risk
Medium,Suburban,7.88,1,8,13.4,7.73,Medium Risk
High,Suburban,4.06,4,27,24.43,9.11,Medium Risk
High,Coastal,9.48,4,8,11.53,2.34,Medium Risk
High,Hilly,6.68,3,27,15.64,8.63,Medium Risk
Low,Coastal,3.78,2,12,15.88,5.75,Low Risk
High,Rural,1.91,1,17,10.64,5.08,Low Risk
High,Hilly,2.81,2,12,23.32,4.83,Low Risk
Low,Suburban,6.7,0,13,18.84,1.09,Low Risk
Medium,Hilly,4.88,4,14,22.75,4.6,Medium Risk
Medium,Urban,3.62,4,19,20.02,8.61,Medium Risk
High,Suburban,1.24,0,10,18.31,4.57,Low Risk
Medium,Coastal,1.64,1,23,24.65,7.89,Low Risk
Medium,Suburban,2.75,1,17,13.18,9.59,Low Risk
Medium,Urban,1.59,4,3,19.54,8.57,Medium Risk
Low,Coastal,1.73,3,16,16.62,5.2,Low Risk
Medium,Coastal,1.83,4,4,11.85,2.36,Medium Risk
Medium,Coastal,8.89,0,4,13.39,5.81,Low Risk
High,Hilly,2.4,2,16,20.45,5.07,Low Risk
Medium,Coastal,3.39,4,11,7.09,8.4,Medium Risk
Low,Urban,2.56,0,13,31.33,5.27,Low Risk
Low,Rural,3.37,4,29,9.78,5.57,Low Risk
Medium,Urban,9.07,3,1,5.0,6.95,Medium Risk
Medium,Coastal,1.79,2,1,15.6,2.98,Low Risk
Medium,Coastal,4.72,2,19,10.91,6.15,Low Risk
Medium,Rural,6.51,0,19,11.59,7.89,Low Risk
Medium,Hilly,2.97,4,8,18.72,5.57,Medium Risk
High,Rural,1.55,2,26,13.25,2.27,Low Risk
High,Hilly,8.35,3,17,15.52,5.55,Medium Risk
High,Rural,6.01,3,15,25.84,9.64,Medium Risk
Medium,Rural,3.04,4,16,12.51,1.6,Low Risk
Medium,Coastal,4.22,3,27,16.99,1.17,Low Risk
Medium,Urban,6.21,1,2,7.87,5.65,Low Risk
Medium,Coastal,5.98,4,26,18.51,4.03,Low Risk
High,Urban,3.68,0,12,17.72,6.4,Low Risk
High,Coastal,6.58,2,7,20.59,5.52,Medium Risk
Medium,Coastal,8.23,0,3,22.29,4.66,Low Risk
High,Suburban,1.43,1,13,10.05,4.72,Low Risk
Low,Urban,6.3,3,17,15.8,1.83,Low Risk
High,Urban,3.03,3,26,21.97,5.12,Low Risk
Medium,Coastal,8.96,1,7,16.35,9.01,Medium Risk
Low,Urban,4.33,4,29,18.71,7.6,Low Risk
Medium,Rural,6.8,4,11,16.7,3.56,Medium Risk
Medium,Rural,6.42,1,26,10.4,3.83,Low Risk
Medium,Suburban,3.74,2,15,13.46,3.65,Low Risk
High,Hilly,8.72,2,11,11.91,6.46,Medium Risk
Medium,Rural,6.2,4,23,20.03,2.31,Low Risk
Low,Rural,4.16,0,12,19.57,5.58,Low Risk
Medium,Hilly,4.8,0,4,17.07,6.45,Low Risk
High,Coastal,7.76,4,22,17.62,9.35,Medium Risk
Low,Urban,4.74,0,13,16.87,3.51,Low Risk
Medium,Suburban,6.8,2,27,15.28,5.88,Low Risk
High,Rural,5.84,1,12,6.22,1.08,Low Risk
Medium,Suburban,1.19,2,25,6.6,6.68,Low Risk
Medium,Rural,7.84,2,16,10.28,2.67,Low Risk
Low,Coastal,2.54,4,21,17.83,8.2,Low Risk
Low,Coastal,3.04,0,23,14.03,4.7,Low Risk
Low,Coastal,1.39,1,28,5.0,2.15,Low Risk
Medium,Rural,8.34,1,18,10.25,1.83,Low Risk
Medium,Suburban,2.87,0,2,15.56,2.22,Low Risk
Medium,Suburban,8.99,2,25,19.54,2.81,Low Risk
Low,Hilly,9.87,3,16,16.89,6.45,Low Risk
Low,Rural,1.84,4,14,12.29,6.65,Low Risk
High,Hilly,5.39,3,17,18.3,1.76,Low Risk
Medium,Rural,8.6,3,19,22.56,6.37,Medium Risk
Low,Rural,8.94,2,5,14.9,7.98,Medium Risk
Medium,Urban,1.88,0,22,10.07,6.37,Low Risk
Low,Urban,5.88,1,13,11.71,7.01,Low Risk
Low,Suburban,3.53,1,27,6.53,7.31,Low Risk
Medium,Hilly,4.68,2,23,20.9,1.28,Low Risk
Low,Coastal,8.95,0,1,5.0,3.24,Low Risk
High,Rural,2.31,3,3,14.18,1.42,Medium Risk
Medium,Suburban,1.11,1,11,10.81,3.2,Low Risk
Medium,Coastal,6.84,3,6,17.86,9.31,Medium Risk
Medium,Hilly,7.57,3,20,16.9,9.96,Medium Risk
Medium,Hilly,4.74,2,23,8.78,2.18,Low Risk
Medium,Coastal,2.73,4,11,13.92,9.59,Medium Risk
Medium,Suburban,5.78,1,16,11.02,8.56,Low Risk
Low,Rural,8.99,3,11,12.42,8.85,Medium Risk
Low,Coastal,1.9,0,20,19.04,2.85,Low Risk
Medium,Coastal,8.15,4,2,17.64,9.47,Medium Risk
Medium,Urban,5.95,1,21,17.37,8.86,Low Risk
High,Rural,7.13,0,17,5.81,3.57,Low Risk
Low,Rural,4.65,3,23,23.16,8.07,Low Risk
High,Hilly,1.32,3,29,18.8,5.99,Low Risk
Medium,Coastal,6.34,3,21,24.76,5.36,Low Risk
High,Suburban,1.8,4,7,17.01,6.19,Medium Risk
High,Rural,3.68,1,26,13.96,3.28,Low Risk
Medium,Suburban,6.19,3,6,21.82,9.56,Medium Risk
High,Urban,2.73,4,4,11.76,7.54,Medium Risk
Low,Hilly,3.23,2,10,7.35,3.29,Low Risk
Low,Rural,6.6,2,28,14.08,6.53,Low Risk
High,Suburban,8.05,3,29,16.23,9.01,Medium Risk
Low,Suburban,9.06,1,23,16.79,7.17,Low Risk
High,Coastal,8.85,4,22,16.17,4.65,Medium Risk
Low,Rural,4.31,3,6,5.34,9.58,Medium Risk
Medium,Urban,5.59,3,17,6.57,7.83,Medium Risk
Medium,Coastal,6.5,3,21,14.74,5.37,Low Risk
Medium,Coastal,5.14,3,25,16.56,9.03,Low Risk
Medium,Coastal,8.52,1,22,23.91,6.72,Low Risk
Low,Coastal,2.23,1,10,20.16,1.5,Low Risk
Low,Rural,2.33,0,11,7.93,9.84,Low Risk
Medium,Hilly,3.45,4,25,19.45,1.01,Low Risk
Medium,Hilly,6.63,2,1,19.65,6.48,Medium Risk
Medium,Suburban,5.26,3,27,12.04,7.18,Low Risk
High,Hilly,2.06,1,4,13.6,6.36,Medium Risk
Medium,Suburban,7.06,3,4,20.15,5.82,Medium Risk
Medium,Hilly,6.17,0,29,14.98,1.58,Low Risk
Medium,Coastal,9.41,0,19,8.25,7.39,Low Risk
Low,Urban,2.1,1,11,11.28,9.51,Low Risk
Medium,Hilly,4.56,3,17,7.5,7.6,Medium Risk
Medium,Urban,4.44,1,26,16.17,3.01,Low Risk
Medium,Suburban,1.42,0,9,5.0,7.98,Low Risk
High,Suburban,8.61,3,13,15.22,8.4,Medium Risk
High,Rural,9.24,3,25,13.92,1.24,Low Risk
Medium,Suburban,8.09,2,3,22.31,4.26,Medium Risk
Medium,Urban,9.05,2,14,18.6,1.56,Low Risk
Low,Hilly,1.36,3,5,16.58,8.4,Medium Risk
Low,Suburban,8.21,1,18,11.42,8.43,Low Risk
Low,Rural,4.17,2,11,12.37,1.44,Low Risk
Medium,Suburban,4.45,3,17,12.63,7.5,Medium Risk
High,Urban,8.15,1,1,20.72,6.3,Medium Risk
Low,Urban,7.87,2,18,13.6,5.16,Low Risk
High,Hilly,8.58,1,7,22.75,7.73,Medium Risk
Medium,Hilly,6.24,0,19,16.28,7.28,Low Risk
Medium,Rural,5.21,3,5,8.85,2.53,Medium Risk
Low,Coastal,1.6,3,2,5.0,8.78,Medium Risk
Medium,Suburban,6.45,4,3,19.54,1.11,Medium Risk
Low,Coastal,5.59,0,20,20.93,3.56,Low Risk
High,Coastal,9.72,1,8,16.8,6.08,Medium Risk
Medium,Urban,7.19,2,20,10.2,1.25,Low Risk
High,Hilly,3.31,3,8,18.77,4.45,Medium Risk
High,Suburban,5.91,3,11,7.05,9.13,Medium Risk
Low,Suburban,1.28,4,12,15.31,5.42,Low Risk
Low,Suburban,2.2,4,18,17.86,7.93,Low Risk
Medium,Hilly,7.5,2,5,20.29,3.59,Medium Risk
Medium,Hilly,9.43,4,24,11.92,5.13,Medium Risk
High,Rural,2.09,4,20,13.45,7.53,Medium Risk
Low,Rural,9.74,4,7,16.78,2.01,Medium Risk
High,Urban,3.51,1,3,16.3,3.78,Low Risk
Low,Suburban,1.64,4,29,20.63,2.63,Low Risk
High,Hilly,7.55,1,10,17.83,8.48,Medium Risk
Medium,Coastal,7.3,2,17,12.22,6.5,Low Risk
Medium,Hilly,3.31,1,6,12.56,3.84,Low Risk
High,Coastal,5.19,4,1,12.83,6.88,Medium Risk
High,Urban,9.08,3,14,10.74,3.41,Medium Risk
Low,Coastal,2.02,3,25,5.0,4.19,Low Risk
Medium,Suburban,8.11,1,16,19.48,2.16,Low Risk
Low,Suburban,2.31,4,4,21.86,7.27,Medium Risk
Low,Suburban,1.67,3,17,6.71,8.21,Low Risk
Low,Urban,8.27,3,17,24.45,6.35,Low Risk
Medium,Coastal,4.73,3,13,17.01,1.59,Low Risk
High,Coastal,5.65,3,27,18.58,9.13,Medium Risk
Medium,Coastal,4.9,2,29,13.77,6.21,Low Risk
Low,Suburban,8.78,4,24,10.02,5.2,Low Risk
Low,Hilly,5.51,0,2,19.31,5.16,Low Risk
Low,Coastal,5.05,2,14,9.24,2.41,Low Risk
Medium,Urban,1.66,2,18,8.15,9.38,Low Risk
Medium,Coastal,9.6,3,15,14.86,4.4,Medium Risk
Medium,Urban,5.23,3,1,18.1,2.71,Medium Risk
Medium,Hilly,1.98,3,20,10.48,3.96,Low Risk
Low,Coastal,3.66,3,10,15.43,5.42,Low Risk
Medium,Rural,5.42,2,16,20.35,9.55,Medium Risk
Medium,Hilly,9.59,2,28,21.06,7.28,Low Risk
High,Urban,8.04,2,25,14.4,1.87,Low Risk
High,Urban,2.32,3,13,13.92,8.0,Medium Risk
Medium,Hilly,2.85,1,2,5.32,8.56,Medium Risk
High,Hilly,5.96,0,21,14.41,2.5,Low Risk
Medium,Rural,4.57,1,4,22.82,7.13,Low Risk
Low,Coastal,8.3,0,16,9.52,1.44,Low Risk
High,Rural,5.71,4,6,16.93,3.39,Medium Risk
Low,Rural,2.16,2,8,12.1,9.35,Low Risk
Medium,Suburban,2.51,4,7,12.52,5.21,Medium Risk
Medium,Coastal,7.73,1,27,10.65,6.3,Low Risk
Medium,Urban,9.38,3,17,13.34,4.73,Medium Risk
Low,Coastal,8.11,2,8,18.33,9.87,Medium Risk
High,Hilly,4.86,0,6,21.61,3.04,Low Risk
Low,Hilly,4.32,1,13,10.43,7.34,Low Risk
Low,Hilly,2.68,4,21,13.39,3.87,Low Risk
Medium,Suburban,5.46,1,29,14.56,9.01,Low Risk
Low,Rural,8.79,2,3,22.0,5.26,Low Risk
Low,Urban,8.41,0,27,17.92,5.74,Low Risk
Low,Hilly,1.7,2,22,25.35,4.0,Low Risk
Medium,Hilly,6.31,1,19,8.28,9.38,Low Risk
Medium,Rural,5.03,0,19,14.45,1.88,Low Risk
High,Suburban,3.93,1,29,19.11,2.43,Low Risk
Low,Urban,8.66,0,14,17.8,7.61,Low Risk
Medium,Rural,4.56,2,17,12.14,5.9,Low Risk
Low,Urban,6.76,3,9,12.47,1.85,Low Risk
Low,Hilly,5.28,0,26,18.19,2.66,Low Risk
High,Rural,4.78,2,9,15.24,6.77,Medium Risk
Medium,Suburban,5.77,3,15,19.08,9.96,Medium Risk
Medium,Coastal,4.78,1,25,20.34,7.46,Low Risk
Medium,Rural,2.52,1,7,18.77,6.13,Low Risk
Low,Rural,7.9,4,13,5.19,7.4,Medium Risk
Low,Urban,6.49,1,12,11.12,2.85,Low Risk
Medium,Coastal,1.19,0,9,8.11,3.48,Low Risk
Medium,Rural,5.42,1,11,17.13,4.25,Low Risk
Low,Rural,4.23,2,28,16.82,5.94,Low Risk
Low,Rural,8.3,2,11,15.54,9.89,Medium Risk
High,Urban,1.15,0,11,6.63,4.64,Low Risk
Medium,Coastal,5.62,2,29,22.93,3.74,Low Risk
High,Urban,6.13,3,1,18.14,7.95,Medium Risk
Low,Rural,3.71,1,24,10.28,2.23,Low Risk
Medium,Urban,4.05,0,1,14.54,1.37,Low Risk
Low,Urban,6.52,4,11,17.58,2.22,Low Risk
Medium,Rural,3.22,1,3,23.78,7.99,Low Risk
Medium,Suburban,3.56,3,21,21.96,8.68,Low Risk
Low,Hilly,9.88,4,2,15.08,7.85,Medium Risk
Medium,Rural,1.09,0,20,13.41,4.19,Low Risk
Medium,Coastal,6.67,2,25,22.12,9.38,Low Risk
Low,Hilly,9.71,3,17,6.48,5.15,Low Risk
Low,Rural,9.4,0,12,19.4,6.61,Low Risk
Medium,Suburban,4.23,2,21,13.72,8.88,Low Risk
Low,Coastal,3.69,4,12,6.69,4.45,Low Risk
Medium,Suburban,9.15,4,4,19.16,3.87,Medium Risk
Medium,Coastal,9.01,1,19,17.97,5.81,Low Risk
High,Rural,4.04,2,25,17.31,9.12,Low Risk
Low,Urban,2.29,3,3,15.07,1.52,Low Risk
Medium,Suburban,7.55,3,5,20.36,8.29,Medium Risk
Medium,Hilly,8.09,3,28,11.75,6.61,Low Risk
Medium,Rural,9.78,0,18,10.85,2.74,Low Risk
Low,Hilly,4.65,0,12,17.25,2.74,Low Risk
Medium,Coastal,7.9,3,7,8.33,4.92,Medium Risk
Low,Coastal,3.84,3,24,11.47,4.75,Low Risk
Medium,Rural,5.68,2,2,11.22,7.6,Medium Risk
Medium,Coastal,6.75,4,14,15.88,3.72,Medium Risk
Medium,Coastal,5.72,1,1,22.19,6.53,Medium Risk
Low,Urban,3.51,1,19,16.96,5.07,Low Risk
Medium,Urban,2.37,1,29,22.43,7.93,Low Risk
Medium,Urban,7.4,1,19,8.23,4.62,Low Risk
Medium,Urban,6.93,3,25,13.2,7.81,Low Risk
Low,Hilly,3.47,4,22,9.92,1.69,Low Risk
Medium,Rural,6.78,1,25,18.78,8.29,Low Risk
High,Coastal,4.96,2,23,16.07,2.9,Low Risk
Medium,Suburban,8.21,0,11,19.2,8.59,Low Risk
Medium,Urban,3.64,2,10,18.09,6.75,Low Risk
High,Urban,1.63,1,13,9.48,3.57,Low Risk
Medium,Urban,7.81,2,7,20.43,6.94,Medium Risk
Medium,Hilly,9.17,0,26,14.18,7.05,Low Risk
High,Rural,1.56,4,2,14.49,8.63,Medium Risk
High,Urban,2.71,2,10,14.08,5.63,Medium Risk
Medium,Rural,3.63,2,21,8.79,7.1,Low Risk
Medium,Suburban,5.55,2,28,17.83,5.9,Low Risk
Medium,Rural,3.7,3,21,13.24,8.64,Low Risk
Medium,Suburban,9.8,2,27,14.51,8.4,Low Risk
Low,Rural,6.61,3,26,14.21,6.33,Low Risk
Medium,Rural,3.88,1,9,8.17,8.31,Low Risk
Medium,Coastal,2.56,4,12,15.35,7.56,Medium Risk
High,Suburban,2.22,0,4,13.51,2.91,Low Risk
High,Suburban,9.13,1,25,19.66,2.0,Low Risk
Medium,Hilly,8.51,3,8,6.76,1.58,Medium Risk
Low,Hilly,9.0,4,21,11.66,9.7,Medium Risk
Low,Suburban,7.28,1,19,15.01,8.38,Low Risk
Medium,Urban,2.8,0,15,9.5,9.06,Low Risk
Medium,Rural,9.58,4,2,17.83,8.68,Medium Risk
High,Rural,1.26,4,9,16.27,2.05,Medium Risk
Medium,Rural,8.46,1,1,10.55,4.38,Medium Risk
Medium,Coastal,2.53,1,1,13.83,3.6,Low Risk
Medium,Suburban,6.95,3,25,18.79,9.86,Medium Risk
Low,Coastal,1.47,0,26,20.32,1.21,Low Risk
Medium,Urban,3.2,1,3,15.61,6.85,Low Risk
Medium,Hilly,4.79,3,6,15.03,1.18,Low Risk
Low,Urban,8.34,0,7,15.54,6.36,Low Risk
Low,Coastal,4.29,0,19,13.21,1.12,Low Risk
High,Urban,3.2,2,18,10.12,4.97,Low Risk
High,Hilly,7.37,0,10,14.28,3.26,Low Risk
Medium,Coastal,1.89,1,23,16.8,5.56,Low Risk
Medium,Coastal,9.51,2,18,12.48,2.03,Low Risk
Medium,Hilly,9.36,2,28,13.38,1.82,Low Risk
Low,Coastal,1.69,4,8,18.56,7.14,Medium Risk
Medium,Coastal,9.47,4,25,21.91,6.71,Medium Risk
Medium,Coastal,9.07,0,16,9.96,3.57,Low Risk
Low,Rural,6.39,2,20,17.48,4.31,Low Risk
Low,Hilly,5.38,0,13,11.99,7.37,Low Risk
High,Rural,8.03,0,6,16.45,1.44,Low Risk
Low,Hilly,1.08,4,4,16.51,1.25,Low Risk
Medium,Hilly,6.88,0,19,11.56,6.68,Low Risk
Medium,Hilly,3.14,2,19,12.9,8.32,Low Risk
Medium,Rural,8.32,0,20,11.79,6.3,Low Risk
Low,Urban,3.69,4,3,7.16,7.72,Medium Risk
Medium,Coastal,2.2,2,20,10.99,9.32,Low Risk
High,Rural,8.52,1,17,12.26,8.54,Medium Risk
High,Suburban,7.45,0,29,17.77,5.7,Low Risk
Medium,Urban,9.95,0,6,12.11,8.2,Low Risk
Medium,Urban,5.04,2,24,14.1,3.39,Low Risk
Medium,Urban,2.11,2,8,19.22,7.0,Low Risk
Medium,Coastal,5.22,4,21,20.65,1.03,Low Risk
Medium,Suburban,5.61,4,4,15.54,9.89,Medium Risk
High,Coastal,4.26,3,26,14.13,3.92,Low Risk
Medium,Urban,7.74,3,3,14.16,7.13,Medium Risk
Medium,Suburban,2.72,1,29,21.56,9.37,Low Risk
Medium,Urban,9.34,3,6,9.82,5.79,Medium Risk
Low,Hilly,5.09,0,7,20.72,4.92,Low Risk
Medium,Coastal,1.56,2,10,11.22,4.29,Low Risk
Low,Suburban,1.44,1,27,24.95,3.4,Low Risk
High,Suburban,4.41,4,18,11.12,4.63,Medium Risk
Low,Rural,6.73,0,7,9.72,6.28,Low Risk
Low,Hilly,8.48,4,26,7.75,5.28,Low Risk
Medium,Rural,6.9,2,15,13.7,1.41,Low Risk
Medium,Rural,9.17,0,23,8.76,2.58,Low Risk
Low,Hilly,5.17,2,2,22.05,8.89,Medium Risk
Medium,Urban,4.93,2,15,8.16,2.42,Low Risk
Low,Suburban,2.15,3,8,17.45,1.38,Low Risk
Low,Rural,6.48,0,5,12.96,4.92,Low Risk
Medium,Coastal,6.32,1,10,16.91,1.29,Low Risk
High,Hilly,1.92,3,6,9.59,5.71,Medium Risk
High,Suburban,8.83,4,6,19.08,6.97,Medium Risk
Medium,Coastal,4.98,4,4,14.99,3.79,Medium Risk
Medium,Suburban,9.93,1,29,15.5,6.05,Low Risk
Low,Coastal,9.13,2,2,17.71,1.43,Low Risk
Low,Hilly,6.76,1,15,10.97,8.5,Low Risk
Low,Suburban,7.21,3,3,7.73,7.61,Medium Risk
Medium,Coastal,6.55,1,14,19.3,9.08,Low Risk
High,Suburban,1.77,0,16,11.58,8.55,Low Risk
Medium,Hilly,7.99,2,1,20.96,1.93,Medium Risk
High,Hilly,5.9,3,20,17.96,4.2,Medium Risk
Low,Suburban,8.11,3,29,9.92,6.7,Low Risk
Medium,Rural,2.77,0,21,10.96,5.71,Low Risk
Medium,Hilly,1.04,4,29,16.2,1.76,Low Risk
Medium,Hilly,9.97,2,19,19.9,4.02,Low Risk
Medium,Urban,7.93,4,21,14.07,9.99,Medium Risk
High,Rural,1.91,0,6,13.29,4.51,Low Risk
High,Rural,2.54,3,29,10.25,9.25,Medium Risk
Medium,Coastal,1.16,4,12,10.29,9.59,Medium Risk
Medium,Coastal,4.18,3,7,13.39,8.28,Medium Risk
Low,Hilly,4.36,3,12,9.9,8.92,Low Risk
Medium,Hilly,6.72,3,14,15.32,6.26,Medium Risk
Low,Coastal,3.06,0,18,18.95,5.78,Low Risk
High,Urban,9.17,1,25,20.95,7.52,Low Risk
Medium,Rural,9.9,3,7,13.15,4.02,Medium Risk
Medium,Rural,9.34,1,18,17.5,9.38,Low Risk
High,Hilly,9.82,4,12,17.41,1.83,Medium Risk
Medium,Hilly,8.02,1,9,9.28,3.87,Low Risk
Medium,Urban,7.49,1,17,19.0,7.1,Low Risk
Medium,Coastal,2.75,0,8,12.99,4.09,Low Risk
Medium,Hilly,6.75,4,22,8.76,8.96,Medium Risk
High,Hilly,1.8,3,11,5.51,4.25,Medium Risk
High,Urban,9.44,3,6,16.98,8.87,Medium Risk
Low,Urban,5.28,1,18,13.24,7.25,Low Risk
Medium,Suburban,1.87,3,12,14.38,3.16,Low Risk
Medium,Hilly,1.04,3,27,12.73,7.63,Low Risk
High,Hilly,7.37,4,28,20.47,3.89,Medium Risk
Medium,Urban,7.42,1,15,19.71,8.35,Low Risk
High,Coastal,1.54,2,27,11.73,2.91,Low Risk
Medium,Suburban,5.78,2,6,11.87,3.63,Low Risk
Medium,Hilly,4.09,1,27,10.02,8.51,Low Risk
Low,Suburban,4.05,0,11,11.68,2.04,Low Risk
Low,Rural,2.78,2,17,13.01,8.33,Low Risk
High,Coastal,5.27,3,3,15.5,9.69,Medium Risk
Medium,Hilly,7.95,3,29,12.92,8.95,Low Risk
Medium,Urban,4.99,1,22,19.03,5.61,Low Risk
Medium,Urban,6.61,2,9,11.41,5.09,Low Risk
High,Hilly,9.85,1,13,12.58,5.96,Medium Risk
Medium,Urban,9.49,1,3,17.37,2.15,Low Risk
Medium,Rural,4.35,1,7,18.71,2.62,Low Risk
Low,Hilly,9.44,1,11,16.17,1.14,Low Risk
Low,Rural,7.74,3,29,14.19,8.36,Low Risk
High,Rural,2.1,3,24,22.22,6.26,Low Risk
Medium,Urban,7.97,2,9,17.98,9.79,Medium Risk
Low,Suburban,4.26,2,9,9.78,4.5,Low Risk
Low,Rural,2.08,4,6,13.75,7.45,Medium Risk
High,Urban,7.35,2,24,8.3,9.11,Medium Risk
Medium,Rural,4.18,0,16,8.13,2.59,Low Risk
Medium,Rural,3.17,4,10,8.26,8.85,Medium Risk
Medium,Rural,1.16,1,4,17.12,2.69,Low Risk
Medium,Suburban,7.15,2,19,14.91,4.15,Low Risk
Medium,Rural,7.33,2,17,12.97,4.51,Low Risk
Low,Urban,4.25,4,10,23.94,8.0,Medium Risk
Medium,Hilly,9.38,2,20,14.31,4.2,Low Risk
Medium,Urban,1.48,4,3,7.34,4.75,Medium Risk
Medium,Suburban,3.63,0,9,15.08,9.2,Low Risk
Medium,Urban,3.78,4,12,7.83,5.16,Medium Risk
Medium,Urban,1.22,2,8,19.11,8.01,Low Risk
Medium,Hilly,5.19,2,17,11.36,3.05,Low Risk
Medium,Rural,9.69,1,29,18.62,8.9,Low Risk
Low,Coastal,1.21,2,8,18.7,9.26,Low Risk
High,Hilly,5.27,0,25,15.54,1.26,Low Risk
Medium,Coastal,2.46,3,5,15.91,8.66,Medium Risk
Medium,Coastal,2.72,1,1,18.62,3.91,Low Risk
Medium,Hilly,5.76,1,20,18.76,4.77,Low Risk
Medium,Rural,1.77,4,29,6.63,1.83,Low Risk
High,Rural,5.6,1,23,25.7,5.73,Low Risk
High,Coastal,1.94,0,11,17.03,8.68,Low Risk
High,Rural,5.29,0,28,7.73,9.84,Low Risk
Low,Suburban,3.07,3,25,8.6,8.03,Low Risk
Medium,Hilly,1.39,0,16,23.88,5.94,Low Risk
Low,Urban,8.59,2,4,16.71,4.17,Low Risk
Medium,Coastal,1.69,3,18,11.68,1.13,Low Risk
Low,Suburban,9.98,3,4,19.25,3.83,Medium Risk
Low,Rural,1.77,4,3,11.74,7.36,Medium Risk
Medium,Rural,2.0,2,14,13.19,4.84,Low Risk
High,Coastal,5.81,2,9,10.74,7.06,Medium Risk
Low,Hilly,6.99,4,16,17.79,6.37,Medium Risk
Medium,Coastal,5.0,0,7,14.88,8.81,Low Risk
High,Coastal,6.38,1,21,8.82,5.76,Low Risk
Medium,Suburban,7.75,2,22,30.35,4.25,Low Risk
Medium,Coastal,2.68,2,24,14.59,3.54,Low Risk
Medium,Hilly,5.36,3,28,5.12,9.22,Low Risk
Low,Suburban,5.75,2,22,14.52,3.53,Low Risk
Medium,Suburban,8.13,2,9,20.8,3.64,Low Risk
Low,Suburban,3.06,2,5,10.6,7.88,Low Risk
Medium,Urban,7.66,1,22,10.82,8.96,Low Risk
Low,Coastal,9.4,0,20,15.64,8.38,Low Risk
Medium,Rural,9.95,4,19,11.11,3.71,Medium Risk
Low,Rural,5.31,1,13,18.67,8.87,Low Risk
Low,Urban,5.72,3,29,16.68,7.89,Low Risk
Medium,Urban,2.02,4,18,13.91,4.35,Low Risk
Low,Hilly,8.94,3,11,13.16,5.56,Low Risk
High,Rural,4.93,4,23,14.82,7.4,Medium Risk
Medium,Suburban,4.73,2,12,14.31,8.68,Medium Risk
Low,Urban,9.95,0,28,15.27,7.26,Low Risk
Low,Hilly,5.82,3,27,15.92,3.61,Low Risk
Medium,Rural,1.13,2,23,18.62,4.61,Low Risk
Low,Coastal,8.03,1,4,15.31,7.84,Low Risk
Medium,Coastal,8.57,4,25,12.48,3.88,Low Risk
Medium,Hilly,8.38,2,22,11.08,9.76,Low Risk
Medium,Urban,7.67,0,18,14.57,5.29,Low Risk
Medium,Hilly,6.37,3,20,22.4,2.76,Low Risk
Medium,Coastal,5.96,2,25,6.52,9.58,Low Risk
Low,Hilly,1.18,1,2,20.03,9.08,Low Risk
Low,Rural,9.22,1,16,12.57,3.17,Low Risk
Medium,Rural,3.33,4,25,22.0,7.18,Low Risk
Medium,Rural,3.69,3,21,17.98,6.43,Low Risk
Low,Hilly,7.49,1,27,17.16,7.11,Low Risk
Low,Coastal,7.57,4,16,12.04,5.17,Low Risk
Low,Suburban,6.69,1,26,22.32,6.39,Low Risk
High,Suburban,4.74,2,23,13.81,3.9,Low Risk
Medium,Urban,8.62,3,4,24.84,3.79,Medium Risk
High,Urban,3.11,0,14,12.59,2.88,Low Risk
High,Rural,2.42,3,18,15.95,1.13,Low Risk
Medium,Hilly,1.58,0,17,15.47,1.88,Low Risk
Medium,Coastal,5.32,2,18,14.43,4.38,Low Risk
Medium,Urban,1.62,4,18,11.41,4.63,Low Risk
Low,Suburban,1.01,0,13,18.94,6.34,Low Risk
Low,Hilly,6.37,3,7,22.28,7.1,Medium Risk
Medium,Hilly,6.31,4,15,8.4,9.66,Medium Risk
Low,Suburban,5.58,2,29,15.31,9.53,Low Risk
High,Hilly,1.73,0,8,13.4,1.85,Low Risk
Low,Rural,4.85,1,13,14.17,1.47,Low Risk
Low,Rural,5.18,4,13,17.81,3.53,Low Risk
Low,Suburban,2.07,4,7,6.64,1.77,Low Risk
Medium,Suburban,4.27,2,7,9.01,3.45,Low Risk
Low,Hilly,7.38,2,5,9.8,2.45,Low Risk
Low,Coastal,6.02,1,6,9.45,9.75,Low Risk
High,Urban,7.33,4,12,14.19,1.46,Medium Risk
High,Coastal,8.88,0,15,15.14,8.46,Low Risk
Medium,Rural,8.69,3,18,12.87,5.17,Medium Risk
Medium,Hilly,2.74,4,26,16.19,2.32,Low Risk
Medium,Hilly,3.47,2,28,17.35,7.52,Low Risk
Low,Suburban,4.86,1,17,8.99,8.85,Low Risk
High,Urban,8.28,3,26,21.8,4.23,Low Risk
Low,Rural,3.62,4,1,24.51,7.7,Medium Risk
Low,Rural,7.01,2,10,15.27,1.74,Low Risk
Medium,Rural,6.0,4,18,16.29,6.04,Medium Risk
High,Rural,8.61,2,15,8.0,4.72,Medium Risk
Medium,Urban,4.25,1,27,14.24,6.1,Low Risk
Medium,Suburban,8.97,4,26,20.42,3.13,Low Risk
Medium,Urban,5.51,2,27,10.22,6.07,Low Risk
Medium,Coastal,8.17,4,1,15.95,5.78,Medium Risk
Medium,Hilly,2.53,1,2,5.27,2.03,Low Risk
Low,Urban,7.53,4,4,17.24,7.3,Medium Risk
Medium,Suburban,8.93,0,28,22.1,1.21,Low Risk
Medium,Coastal,2.67,2,5,19.33,9.16,Medium Risk
Low,Hilly,1.28,4,11,7.75,7.18,Low Risk
Low,Coastal,9.39,1,23,18.52,2.47,Low Risk
Low,Hilly,1.76,0,8,12.67,2.07,Low Risk
Low,Coastal,2.09,2,22,17.69,9.24,Low Risk
Medium,Suburban,6.84,2,18,8.31,2.26,Low Risk
Low,Urban,8.0,2,10,11.26,6.05,Low Risk
Low,Hilly,2.93,4,8,13.06,2.23,Low Risk
High,Urban,1.41,4,7,20.18,5.65,Medium Risk
High,Hilly,6.2,4,18,16.68,5.12,Medium Risk
Low,Rural,7.68,0,10,12.18,2.12,Low Risk
Low,Urban,3.3,0,27,16.15,4.68,Low Risk
Low,Urban,6.99,1,27,19.62,5.23,Low Risk
High,Rural,9.01,1,16,15.92,1.88,Low Risk
Low,Suburban,5.74,1,8,22.88,8.15,Low Risk
High,Suburban,7.69,3,27,18.38,8.83,Medium Risk
Low,Urban,6.92,4,20,14.4,8.13,Medium Risk
Low,Coastal,9.25,1,1,10.63,6.9,Low Risk
Medium,Urban,8.53,2,8,13.75,7.04,Medium Risk
High,Coastal,3.8,4,20,10.0,6.15,Medium Risk
Medium,Coastal,3.29,2,4,8.47,3.94,Low Risk
Low,Suburban,1.67,1,4,14.57,1.06,Low Risk
Medium,Coastal,7.48,3,14,9.32,7.45,Medium Risk
Medium,Coastal,2.46,0,15,22.63,5.55,Low Risk
Medium,Urban,9.67,4,21,22.2,5.51,Medium Risk
Low,Suburban,2.73,0,4,20.75,7.92,Low Risk
Medium,Urban,3.65,0,19,12.44,4.3,Low Risk
Low,Rural,4.69,2,14,14.74,1.81,Low Risk
Medium,Rural,8.26,0,27,16.69,4.59,Low Risk
Medium,Rural,2.42,3,17,26.17,3.91,Low Risk
Low,Rural,5.77,0,14,18.01,1.51,Low Risk
Medium,Suburban,6.21,3,15,15.85,7.35,Medium Risk
Low,Urban,8.66,1,6,14.47,7.45,Low Risk
Medium,Suburban,8.77,1,3,11.05,6.85,Medium Risk
Medium,Coastal,5.2,0,22,15.91,1.26,Low Risk
Medium,Coastal,6.97,2,24,18.34,8.1,Low Risk
Low,Rural,5.06,1,4,17.49,5.77,Low Risk
Low,Suburban,9.81,1,9,9.45,4.61,Low Risk
Medium,Coastal,8.43,1,10,23.25,6.85,Low Risk
High,Suburban,6.45,3,1,17.31,5.37,Medium Risk
High,Urban,9.1,3,4,18.25,3.34,Medium Risk
High,Suburban,4.06,1,4,5.03,8.79,Medium Risk
Low,Suburban,6.26,0,16,12.65,3.69,Low Risk
Medium,Hilly,4.89,0,12,20.13,3.38,Low Risk
High,Coastal,7.47,2,3,17.82,8.85,Medium Risk
High,Hilly,8.11,2,29,22.24,3.58,Low Risk
Medium,Urban,1.22,0,2,12.94,7.7,Low Risk
High,Urban,8.03,2,26,17.3,9.47,Medium Risk
Low,Suburban,4.51,3,7,22.54,8.81,Medium Risk
Low,Coastal,5.66,4,16,17.16,4.55,Low Risk
Medium,Suburban,4.27,1,21,14.35,8.14,Low Risk
High,Suburban,2.5,1,12,10.55,9.3,Medium Risk
Low,Urban,4.99,3,29,12.89,2.19,Low Risk
Medium,Coastal,9.2,4,28,14.06,2.73,Low Risk
Low,Rural,8.27,2,14,11.05,4.03,Low Risk
Medium,Coastal,3.73,0,22,11.03,5.61,Low Risk
Low,Suburban,9.14,0,13,16.71,5.71,Low Risk
Medium,Hilly,4.27,4,6,17.0,1.79,Medium Risk
Medium,Hilly,8.43,3,24,10.48,2.37,Low Risk
Medium,Hilly,7.89,4,13,8.49,8.16,Medium Risk
Medium,Rural,8.63,0,25,19.08,9.96,Low Risk
Medium,Coastal,4.28,3,8,13.38,7.46,Medium Risk
High,Rural,9.74,3,4,20.39,8.95,High Risk
Medium,Urban,2.95,3,12,17.16,6.78,Medium Risk
Low,Rural,8.48,2,29,12.65,5.75,Low Risk
High,Coastal,6.2,0,7,6.8,4.35,Low Risk
High,Urban,3.0,3,11,14.61,4.58,Medium Risk
High,Urban,5.23,0,28,22.03,7.52,Low Risk
Medium,Suburban,6.85,0,13,11.99,7.62,Low Risk
High,Hilly,6.07,0,20,9.24,6.91,Low Risk
Low,Suburban,8.77,0,8,10.01,7.78,Low Risk
Medium,Urban,8.06,4,17,15.82,8.08,Medium Risk
Medium,Coastal,7.86,2,10,9.77,4.76,Low Risk
Medium,Rural,8.63,2,8,9.36,8.68,Medium Risk
Low,Coastal,9.75,4,16,18.76,8.03,Medium Risk
Medium,Hilly,8.98,4,24,9.28,9.33,Medium Risk
Medium,Hilly,6.68,3,11,22.21,8.14,Medium Risk
Low,Urban,4.1,1,14,17.12,3.28,Low Risk
Medium,Hilly,9.05,1,20,22.62,2.82,Low Risk
High,Coastal,3.58,3,11,21.43,5.54,Medium Risk
Medium,Rural,7.42,2,3,11.3,4.06,Medium Risk
High,Rural,9.54,2,26,14.44,6.75,Medium Risk
Medium,Coastal,1.23,3,11,16.1,3.67,Low Risk
Low,Suburban,9.9,1,1,13.65,3.3,Low Risk
Medium,Urban,6.02,4,10,12.47,7.62,Medium Risk
Medium,Coastal,9.77,1,17,21.8,5.81,Low Risk
Medium,Hilly,9.6,3,14,19.26,5.75,Medium Risk
Medium,Rural,8.65,4,2,15.95,2.38,Medium Risk
Low,Urban,6.59,0,9,13.65,1.25,Low Risk
High,Coastal,6.6,3,21,16.17,4.37,Medium Risk
Low,Hilly,8.5,3,20,7.94,2.06,Low Risk
Low,Rural,7.24,1,8,8.68,2.23,Low Risk
Medium,Coastal,2.04,0,8,24.42,2.96,Low Risk
Low,Rural,7.33,2,22,23.41,3.03,Low Risk
High,Rural,9.3,2,29,15.73,8.85,Medium Risk
Medium,Suburban,8.83,3,16,14.84,6.46,Medium Risk
High,Rural,2.95,1,3,12.68,7.81,Medium Risk
High,Hilly,3.17,2,15,10.4,1.72,Low Risk
Medium,Urban,2.37,1,5,11.72,5.41,Low Risk
Low,Coastal,7.61,3,18,22.56,3.84,Low Risk
Low,Suburban,6.29,4,28,12.11,1.8,Low Risk
Low,Hilly,9.04,0,6,11.73,1.48,Low Risk
Medium,Rural,4.32,4,15,10.75,2.49,Low Risk
Low,Coastal,2.82,1,8,12.9,2.12,Low Risk
Medium,Suburban,3.85,0,24,17.05,8.99,Low Risk
Low,Rural,3.53,2,4,6.92,6.74,Low Risk
Medium,Coastal,5.33,1,28,13.7,5.96,Low Risk
Low,Suburban,3.11,1,3,13.36,7.83,Low Risk
Low,Coastal,6.71,3,9,18.01,2.62,Low Risk
Medium,Urban,3.31,4,8,12.02,2.74,Medium Risk
Low,Urban,5.28,2,6,7.43,4.41,Low Risk
Medium,Hilly,1.51,3,18,15.08,6.11,Low Risk
Medium,Rural,5.83,1,24,11.86,7.14,Low Risk
Low,Hilly,8.64,4,2,6.12,6.31,Medium Risk
Low,Suburban,7.19,0,27,6.72,3.28,Low Risk
Medium,Coastal,9.09,4,11,13.13,4.18,Medium Risk
Medium,Coastal,9.38,2,20,16.45,7.89,Low Risk
High,Rural,5.38,0,21,20.19,6.33,Low Risk
Medium,Suburban,6.63,2,16,16.71,3.06,Low Risk
Medium,Rural,6.26,4,10,16.25,2.91,Medium Risk
Low,Hilly,8.71,2,7,13.84,2.0,Low Risk
Medium,Urban,4.62,2,27,21.06,8.37,Low Risk
Medium,Hilly,5.97,4,18,13.29,4.49,Medium Risk
Low,Coastal,4.17,0,17,6.58,7.06,Low Risk
Low,Hilly,3.99,3,11,11.57,4.8,Low Risk
Medium,Urban,3.49,4,6,21.34,7.58,Medium Risk
Low,Coastal,6.97,4,23,17.18,4.76,Low Risk
Low,Suburban,5.91,0,8,13.38,8.69,Low Risk
Medium,Coastal,7.65,0,2,13.83,1.54,Low Risk
Medium,Rural,8.03,2,26,11.7,2.25,Low Risk
Low,Suburban,4.42,3,18,18.78,4.88,Low Risk
Medium,Hilly,8.53,1,22,12.47,7.53,Low Risk
Medium,Rural,7.76,1,6,9.7,6.36,Low Risk
Medium,Hilly,6.78,1,2,14.59,2.44,Low Risk
Medium,Suburban,5.44,3,1,9.32,3.93,Medium Risk
Low,Urban,6.21,3,23,20.04,5.87,Low Risk
Medium,Rural,6.02,1,26,18.17,1.73,Low Risk
Medium,Coastal,4.29,2,12,10.99,5.59,Low Risk
Low,Suburban,6.24,0,9,18.53,5.23,Low Risk
Medium,Coastal,9.69,2,12,5.07,9.34,Medium Risk
High,Rural,5.7,2,10,12.24,5.43,Medium Risk
High,Suburban,9.09,1,10,14.04,3.87,Medium Risk
High,Hilly,7.61,0,29,14.67,2.64,Low Risk
High,Urban,6.89,4,1,11.44,5.05,Medium Risk
High,Rural,6.9,0,19,14.68,9.8,Low Risk
Low,Coastal,3.99,2,5,12.47,7.88,Low Risk
Medium,Rural,1.8,1,22,8.72,5.85,Low Risk
Medium,Urban,6.29,3,4,15.42,2.31,Medium Risk
High,Suburban,6.69,2,1,16.25,6.4,Medium Risk
Medium,Suburban,9.03,3,5,13.92,2.91,Medium Risk
Low,Coastal,9.27,0,6,6.01,5.24,Low Risk
Medium,Urban,9.21,1,26,19.25,9.16,Low Risk
Medium,Suburban,6.92,2,14,7.1,7.25,Low Risk
Medium,Rural,6.16,3,10,21.5,6.56,Medium Risk
Low,Coastal,4.53,0,4,12.87,8.98,Low Risk
Low,Hilly,6.03,3,19,12.31,9.43,Low Risk
Medium,Rural,4.24,4,11,13.18,3.44,Medium Risk
Medium,Rural,7.75,4,23,21.42,5.68,Medium Risk
Medium,Coastal,3.86,2,11,13.87,6.69,Low Risk
Medium,Urban,6.16,3,1,13.21,6.12,Medium Risk
Medium,Hilly,1.18,1,3,7.66,2.81,Low Risk
Low,Coastal,1.4,1,23,16.56,8.56,Low Risk
High,Suburban,4.93,3,19,12.79,6.71,Medium Risk
High,Coastal,5.31,0,8,12.92,2.82,Low Risk
High,Coastal,4.0,2,1,20.19,8.78,Medium Risk
Medium,Hilly,7.56,4,15,14.89,8.01,Medium Risk
High,Suburban,3.43,2,12,13.97,1.78,Low Risk
Medium,Coastal,6.45,1,19,14.14,6.44,Low Risk
High,Hilly,2.53,3,8,18.82,6.49,Medium Risk
Low,Coastal,8.94,1,12,15.06,2.23,Low Risk
High,Suburban,7.18,4,13,23.87,8.57,Medium Risk
Medium,Hilly,2.98,3,22,19.91,1.65,Low Risk
Low,Rural,5.83,1,7,18.64,9.29,Low Risk
Medium,Coastal,5.52,1,21,11.8,1.4,Low Risk
Medium,Rural,2.2,2,11,15.58,4.95,Low Risk
Low,Rural,7.07,0,10,16.16,6.96,Low Risk
Medium,Hilly,7.98,1,9,16.03,6.57,Low Risk
Low,Rural,5.92,4,14,15.37,2.89,Low Risk
Low,Hilly,2.63,2,6,14.11,7.7,Low Risk
High,Suburban,6.01,1,8,14.13,3.08,Low Risk
Low,Urban,7.99,1,12,17.21,3.62,Low Risk
High,Hilly,9.37,3,15,15.48,6.46,Medium Risk
Low,Coastal,3.09,0,20,12.04,7.19,Low Risk
Medium,Urban,7.25,4,20,20.65,4.37,Medium Risk
High,Hilly,6.83,1,3,8.13,9.66,Medium Risk
Low,Coastal,9.34,4,21,23.43,4.44,Low Risk
Low,Hilly,6.05,0,4,18.85,9.12,Low Risk
High,Rural,3.08,1,17,12.96,1.38,Low Risk
Low,Hilly,5.66,4,26,6.48,6.2,Low Risk
High,Urban,5.25,2,22,16.32,9.68,Medium Risk
Medium,Rural,1.62,4,22,13.39,6.27,Low Risk
High,Coastal,6.2,1,5,12.44,9.33,Medium Risk
Medium,Coastal,8.61,2,29,27.15,9.52,Low Risk
Low,Suburban,7.47,4,5,17.47,4.05,Medium Risk
Medium,Urban,5.81,0,25,24.79,2.14,Low Risk
High,Rural,7.16,2,7,16.9,2.6,Medium Risk
Low,Suburban,4.27,2,22,16.77,7.89,Low Risk
Low,Suburban,7.64,1,19,17.62,3.72,Low Risk
High,Coastal,1.34,1,5,18.1,2.69,Low Risk
Medium,Coastal,8.03,3,27,10.14,1.89,Low Risk
Medium,Coastal,3.62,0,18,17.75,2.73,Low Risk
Medium,Rural,7.58,0,2,10.93,3.13,Low Risk
Low,Coastal,7.02,4,12,6.57,2.85,Low Risk
Low,Coastal,6.07,3,26,15.47,9.1,Low Risk
Medium,Coastal,7.37,4,17,20.9,9.06,Medium Risk
Low,Hilly,8.25,1,26,17.65,9.61,Low Risk
Medium,Coastal,10.0,2,22,22.62,9.32,Medium Risk
Medium,Suburban,5.05,2,29,6.6,4.78,Low Risk
Medium,Rural,4.07,2,16,16.43,5.52,Low Risk
Low,Coastal,8.36,0,27,11.87,4.95,Low Risk
Low,Urban,2.5,1,14,9.34,6.21,Low Risk
Medium,Urban,5.01,4,5,19.94,8.44,Medium Risk
Medium,Coastal,2.63,4,5,17.43,2.04,Medium Risk
High,Urban,6.77,1,8,20.86,9.59,Medium Risk
Medium,Suburban,5.98,2,1,28.51,9.52,Medium Risk
Medium,Coastal,7.51,0,8,15.44,1.51,Low Risk
Medium,Urban,8.06,1,15,17.98,4.72,Low Risk
Medium,Hilly,3.09,0,26,24.57,3.67,Low Risk
Medium,Hilly,3.64,0,25,12.54,6.84,Low Risk
Medium,Hilly,7.16,3,14,11.04,8.61,Medium Risk
Medium,Urban,5.08,0,9,17.9,9.91,Low Risk
Low,Coastal,9.04,1,3,13.75,4.98,Low Risk
Low,Urban,4.08,4,18,13.33,8.24,Low Risk
Medium,Urban,3.08,1,23,5.0,4.37,Low Risk
High,Urban,2.93,2,6,16.19,5.78,Medium Risk
Medium,Rural,3.76,2,13,22.53,5.57,Low Risk
Low,Suburban,2.7,3,12,16.62,3.76,Low Risk
Medium,Suburban,1.79,2,23,5.0,5.69,Low Risk
High,Coastal,9.78,3,7,16.73,2.49,Medium Risk
Medium,Rural,6.38,1,22,12.64,8.75,Low Risk
Medium,Suburban,1.36,4,16,13.25,6.29,Medium Risk
Medium,Hilly,5.95,2,13,18.64,1.75,Low Risk
Low,Suburban,8.72,2,19,18.06,3.82,Low Risk
Medium,Suburban,9.73,3,25,20.92,9.63,Medium Risk
Medium,Suburban,8.48,1,18,19.48,7.43,Low Risk
High,Suburban,7.66,3,2,12.14,4.15,Medium Risk
High,Hilly,4.52,4,18,14.44,4.44,Medium Risk
Low,Hilly,4.23,0,5,14.25,6.72,Low Risk
Medium,Coastal,6.01,0,2,17.49,1.56,Low Risk
Medium,Coastal,2.29,1,7,16.5,9.01,Low Risk
Low,Coastal,1.21,2,12,23.13,5.23,Low Risk
Medium,Rural,3.26,4,15,16.29,8.74,Medium Risk
Medium,Rural,8.87,3,18,15.12,7.53,Medium Risk
Low,Rural,5.36,3,28,10.69,2.33,Low Risk
High,Hilly,6.86,0,5,21.85,5.65,Low Risk
Low,Rural,5.77,0,29,18.87,2.21,Low Risk
Medium,Suburban,5.12,4,16,21.28,7.12,Medium Risk
Low,Hilly,9.14,4,4,12.41,4.4,Medium Risk
Low,Coastal,4.24,3,18,5.0,6.28,Low Risk
Low,Suburban,7.54,4,15,18.98,7.78,Medium Risk
Medium,Coastal,5.3,0,19,18.42,1.64,Low Risk
Low,Suburban,9.64,3,29,15.04,7.33,Low Risk
Medium,Hilly,8.08,0,29,24.65,1.58,Low Risk
Medium,Hilly,9.47,3,3,10.59,2.86,Medium Risk
Low,Hilly,9.18,4,19,17.21,4.98,Low Risk
Medium,Hilly,8.1,2,8,17.06,4.8,Medium Risk
Medium,Urban,9.95,4,26,28.08,7.06,Medium Risk
Medium,Suburban,7.07,1,22,11.23,4.48,Low Risk
Medium,Suburban,5.91,4,6,17.76,4.96,Medium Risk
Medium,Coastal,4.51,2,25,15.49,5.35,Low Risk
Medium,Hilly,7.53,4,26,13.88,3.83,Low Risk
Medium,Urban,2.25,4,28,21.97,9.18,Low Risk
Medium,Coastal,8.47,2,16,5.63,4.65,Low Risk
High,Coastal,5.26,4,25,10.62,6.78,Medium Risk
Medium,Coastal,3.58,0,5,19.55,6.49,Low Risk
Low,Rural,2.84,1,9,5.62,3.34,Low Risk
Low,Hilly,7.45,1,20,15.83,3.12,Low Risk
Medium,Rural,9.4,2,8,15.91,2.65,Low Risk
Medium,Suburban,3.21,4,6,5.0,6.44,Medium Risk
Medium,Coastal,4.35,0,11,23.99,4.91,Low Risk
Medium,Hilly,8.01,4,8,10.37,5.54,Medium Risk
Low,Suburban,1.18,0,25,16.21,3.7,Low Risk
High,Urban,5.27,3,15,15.21,9.27,Medium Risk
Medium,Rural,2.03,2,17,11.25,6.68,Low Risk
Low,Rural,2.18,3,14,7.73,5.29,Low Risk
Medium,Suburban,1.73,0,9,13.73,9.13,Low Risk
Medium,Suburban,6.85,0,12,12.69,8.8,Low Risk
Low,Hilly,8.66,2,19,11.65,4.15,Low Risk
Medium,Urban,2.68,1,2,16.6,3.94,Low Risk
Low,Coastal,1.56,1,20,12.08,1.78,Low Risk
Medium,Rural,3.91,2,8,14.86,3.08,Low Risk
Medium,Rural,9.15,4,22,11.47,1.86,Low Risk
Medium,Coastal,8.36,3,24,16.14,4.54,Low Risk
Medium,Suburban,3.51,4,28,13.76,2.42,Low Risk
Medium,Suburban,4.27,4,28,12.94,5.89,Low Risk
Medium,Urban,8.78,2,11,12.48,9.37,Medium Risk
High,Rural,1.02,0,1,13.38,6.69,Low Risk
Medium,Urban,7.62,0,9,16.1,9.29,Low Risk
Low,Rural,9.64,3,4,17.38,9.43,Medium Risk
Low,Coastal,9.6,0,11,15.94,5.38,Low Risk
Medium,Rural,1.88,0,3,14.48,7.73,Low Risk
Medium,Coastal,8.09,4,19,12.7,2.0,Low Risk
Medium,Urban,5.36,0,19,16.77,4.2,Low Risk
Low,Coastal,9.21,1,1,17.85,5.71,Low Risk
Medium,Suburban,3.52,3,2,21.11,7.32,Medium Risk
High,Urban,8.82,0,19,18.05,1.48,Low Risk
Medium,Hilly,3.99,0,2,12.75,5.93,Low Risk
High,Coastal,5.75,4,16,9.87,1.98,Medium Risk
Low,Hilly,4.34,2,1,16.37,9.56,Medium Risk
Medium,Coastal,3.99,1,15,9.02,5.07,Low Risk
Low,Coastal,1.76,0,28,8.53,2.3,Low Risk
Medium,Suburban,2.99,1,27,16.58,6.03,Low Risk
Medium,Rural,8.55,1,15,16.48,3.35,Low Risk
High,Coastal,3.98,1,20,19.29,9.16,Low Risk
