material_price_index,steel_price_index,cement_price_index,labor_cost_per_hour,num_workers,equipment_cost_per_day,equipment_count,project_duration_days,project_scope_index,site_area_sqft,location_index,inflation_factor,contingency_buffer,total_construction_cost
99.57,121.85,109.42,373.74,277,16767.63,13,169,9.27,4392.0,1.0,0.98,0.1,46480937.0
103.66,99.59,82.2,375.95,53,9528.32,6,691,8.31,6226.0,1.2,1.12,0.05,52711614.0
163.04,125.42,116.87,362.87,245,16464.84,5,615,4.5,4970.0,1.0,1.19,0.1,79819622.0
122.38,112.7,94.81,317.51,35,15863.14,18,171,4.49,5137.0,1.0,1.11,0.05,59906258.0
124.24,81.25,94.8,404.79,227,18925.38,18,368,2.79,3812.0,1.5,1.05,0.05,145541552.0
134.57,91.73,113.24,358.56,82,10732.88,9,333,6.9,8464.0,1.2,0.96,0.1,40128137.0
136.13,104.12,77.52,362.13,215,12437.22,15,212,4.88,4829.0,1.2,0.96,0.05,46350031.0
134.05,125.78,102.96,403.43,35,15145.01,9,675,6.51,2752.0,1.2,1.08,0.1,114662488.0
96.46,104.13,97.91,341.75,220,17237.7,3,177,5.56,4634.0,1.5,1.01,0.05,15367615.0
82.81,126.35,87.67,359.75,126,14407.71,7,81,1.92,6070.0,1.0,1.02,0.05,12145536.0
83.35,81.3,105.88,384.72,95,15649.4,5,615,2.92,4368.0,1.2,1.05,0.05,60351374.0
137.61,80.16,97.14,286.95,146,17938.26,5,145,3.36,4398.0,1.0,0.99,0.05,15036243.0
106.22,109.33,110.88,399.48,145,20292.12,17,506,1.93,5720.0,1.0,1.12,0.05,212348180.0
136.62,122.99,95.44,363.01,150,15741.37,4,661,9.39,5013.0,1.0,0.97,0.05,51293703.0
128.16,101.56,105.8,403.8,188,16584.8,10,260,7.45,4113.0,1.5,1.19,0.15,66122586.0
84.49,137.29,104.45,355.78,166,14397.96,18,163,1.24,4477.0,1.2,1.06,0.05,50143757.0
102.27,104.88,102.75,398.02,137,14182.28,13,61,8.58,5394.0,1.2,1.07,0.1,18506891.0
121.6,108.97,99.21,366.31,264,13151.31,18,595,8.23,1799.0,1.2,1.1,0.05,174803475.0
126.93,102.48,105.61,320.04,86,11580.2,17,385,3.81,4309.0,1.0,1.15,0.1,101779009.0
138.07,125.46,95.2,379.0,137,18892.53,5,145,1.72,4993.0,1.0,0.99,0.05,18066287.0
135.8,105.77,85.73,300.64,221,14087.61,5,290,4.68,3421.0,1.2,1.0,0.05,26748581.0
102.28,110.56,104.02,329.34,208,17524.05,10,145,3.14,1983.0,1.0,1.02,0.05,30949581.0
111.57,138.71,121.32,361.75,26,16140.52,16,401,1.64,5942.0,1.2,1.08,0.05,121226733.0
88.73,126.2,95.68,413.52,271,17200.06,18,666,5.24,5476.0,1.5,1.15,0.05,264263130.0
132.11,115.89,110.87,427.19,212,17403.07,6,125,2.36,4837.0,1.2,1.09,0.05,18426726.0
127.08,80.51,101.91,286.42,109,12365.25,17,329,3.01,4731.0,1.0,1.11,0.1,89826473.0
128.32,95.04,106.86,371.82,70,17951.77,6,209,8.37,5063.0,1.0,1.19,0.05,33366463.0
128.82,112.54,107.43,256.65,29,13333.54,12,391,9.95,6149.0,1.0,1.1,0.05,76231979.0
121.09,125.39,102.9,286.48,106,12946.83,14,467,5.82,6812.0,1.0,1.17,0.1,116576295.0
125.92,115.98,108.55,367.83,183,12160.49,7,434,2.31,4161.0,1.2,1.16,0.15,57905760.0
117.28,90.46,107.54,357.85,102,15103.07,5,118,4.39,4680.0,1.0,1.01,0.15,13844035.0
115.16,115.17,97.02,330.28,235,18095.81,17,402,7.7,7742.0,1.0,1.17,0.1,167991214.0
139.88,118.1,110.05,349.93,45,21308.69,15,662,6.84,4048.0,1.2,1.01,0.1,239079957.0
113.86,115.73,89.94,481.71,249,9358.91,10,100,5.67,4090.0,1.0,1.13,0.05,16062945.0
124.06,83.88,100.3,291.93,154,14475.04,7,120,9.86,1743.0,1.0,1.09,0.05,18732126.0
124.04,109.29,102.56,426.63,84,14388.5,3,269,3.2,7501.0,1.0,1.16,0.1,20764437.0
103.67,95.68,103.59,282.68,150,16066.2,3,54,4.21,3760.0,1.0,1.09,0.05,6827167.0
80.0,93.42,110.37,404.93,38,15188.4,10,308,3.61,4740.0,1.0,1.07,0.1,58586874.0
100.61,107.41,111.01,409.7,190,19537.61,3,329,2.02,3482.0,1.5,1.2,0.1,33825299.0
136.15,107.62,104.03,443.89,201,12681.91,8,292,7.79,6690.0,1.0,1.03,0.1,41601086.0
103.93,125.67,93.07,390.4,123,14340.34,13,296,3.32,4996.0,1.0,1.16,0.05,72142793.0
134.07,112.98,103.47,364.6,277,15784.6,7,677,6.0,4548.0,1.0,1.18,0.05,104547886.0
118.22,92.53,104.55,473.38,222,11478.39,17,216,1.98,5335.0,1.0,1.14,0.15,62143943.0
81.77,76.54,102.2,353.0,174,10185.24,14,103,7.12,5603.0,1.2,1.02,0.05,20912307.0
101.1,113.97,96.75,255.64,280,13101.05,15,623,9.43,6125.0,1.2,0.99,0.1,144171304.0
125.76,115.04,104.24,339.14,160,18644.32,9,628,8.89,4955.0,1.2,1.13,0.1,140669506.0
148.62,149.62,93.95,301.15,222,17464.47,9,423,3.93,4518.0,1.5,1.05,0.1,84931687.0
137.88,115.23,95.5,305.7,264,14503.68,18,211,8.45,5203.0,1.0,1.15,0.15,80412968.0
85.68,111.91,105.79,357.16,41,19506.8,14,440,1.62,5720.0,1.2,0.97,0.05,124500926.0
153.15,93.6,115.59,350.03,280,14387.54,2,403,8.78,5685.0,1.2,1.11,0.05,24022627.0
118.59,98.17,97.27,401.13,222,16293.27,9,594,7.22,6025.0,1.0,0.99,0.05,99443975.0
131.54,99.65,108.23,306.1,279,14068.07,18,507,2.44,5594.0,1.0,1.12,0.1,167875867.0
106.45,104.81,93.73,418.04,70,13673.03,19,335,3.48,6108.0,1.2,1.11,0.15,116634892.0
139.66,107.26,89.83,398.49,266,17628.51,6,277,9.74,7410.0,1.0,1.13,0.1,46543756.0
119.84,98.33,98.47,444.99,36,12475.26,4,514,3.66,7118.0,1.0,1.05,0.05,31576867.0
89.84,100.77,81.91,386.19,225,14494.67,4,651,6.21,3819.0,1.0,1.14,0.05,57260714.0
124.1,95.26,106.51,330.15,127,18518.1,19,217,9.12,4938.0,1.0,1.11,0.1,100140248.0
84.1,108.23,87.16,392.04,131,15255.98,16,456,9.08,5888.0,1.0,1.11,0.1,144077390.0
147.29,116.41,98.28,353.67,179,8840.79,18,206,9.05,1560.0,1.5,1.06,0.1,44815607.0
122.9,98.26,83.18,316.78,56,17027.72,10,316,6.03,3034.0,1.2,1.02,0.15,67094331.0
136.13,110.21,100.57,412.67,39,13187.95,15,130,8.52,5527.0,1.2,1.18,0.05,39059707.0
128.43,107.15,93.17,359.27,203,20129.98,9,474,5.67,9109.0,1.5,1.06,0.1,111360575.0
111.74,104.18,104.55,408.22,234,17817.7,19,559,9.17,4912.0,1.0,1.16,0.15,266289869.0
91.89,144.75,108.49,312.88,37,20040.6,18,362,7.32,6218.0,1.0,1.03,0.15,160468999.0
121.26,105.38,123.33,377.19,211,15260.56,3,613,8.06,5300.0,1.0,1.1,0.1,47534455.0
119.18,77.14,97.49,406.17,283,18305.33,14,713,6.51,6492.0,1.0,0.99,0.05,203911253.0
123.27,97.18,110.83,274.0,287,10896.22,15,527,4.83,4168.0,1.0,1.13,0.05,114243274.0
117.15,96.95,102.56,389.56,46,12377.73,8,132,2.31,4641.0,1.5,1.18,0.05,22197216.0
104.55,112.53,111.57,342.05,255,14268.7,8,209,9.46,6657.0,1.2,1.16,0.05,37441989.0
80.82,128.12,78.3,299.85,46,16381.11,6,340,7.39,5840.0,1.0,1.19,0.1,49318112.0
104.84,111.87,86.53,370.11,195,17977.79,8,657,4.9,4265.0,1.0,1.15,0.05,126431803.0
135.52,113.35,88.16,343.91,191,12668.27,7,594,4.06,6212.0,1.5,0.99,0.05,63417655.0
107.85,119.42,109.06,259.94,97,17156.38,8,335,1.83,5680.0,1.0,1.0,0.1,54249558.0
111.32,127.58,87.58,300.44,114,13855.76,17,394,8.45,6195.0,1.5,1.09,0.1,120634998.0
110.86,89.67,116.68,398.98,191,13111.1,7,647,5.48,3796.0,1.5,1.18,0.1,90303746.0
121.5,120.68,103.2,314.74,53,18936.5,3,306,4.66,7025.0,1.0,1.1,0.1,25703581.0
120.94,123.97,94.49,289.02,225,20562.52,19,714,3.8,8332.0,1.2,1.17,0.1,369283206.0
142.01,99.46,112.93,227.93,99,15184.45,7,188,1.06,2910.0,1.2,1.0,0.1,26022972.0
154.48,103.06,105.01,284.03,194,16348.19,16,107,2.51,5294.0,1.2,1.09,0.1,38948677.0
115.38,104.43,106.7,369.74,297,17426.23,11,618,7.68,2593.0,1.0,0.96,0.05,130560818.0
104.24,115.11,98.95,366.75,173,12761.38,4,523,4.22,5168.0,1.2,1.18,0.1,42318454.0
123.55,124.97,122.36,324.35,173,10251.64,2,594,1.21,5539.0,1.0,1.14,0.1,22507134.0
138.05,125.12,115.21,396.34,146,12681.72,18,87,7.13,3380.0,1.5,1.16,0.05,29234300.0
145.76,95.81,120.53,295.74,68,18340.9,9,531,4.31,6146.0,1.5,1.07,0.15,113906150.0
115.9,113.85,111.21,375.11,168,14930.9,2,629,2.34,4978.0,1.5,1.13,0.1,33739644.0
98.74,93.97,81.64,341.34,243,16374.25,10,415,6.29,4477.0,1.0,1.14,0.05,90872102.0
130.1,102.05,100.25,380.57,193,14254.2,16,387,5.2,5540.0,1.0,1.16,0.1,121494289.0
125.32,124.04,105.27,210.05,168,16145.27,12,654,5.53,5687.0,1.2,1.15,0.1,167604079.0
109.58,135.93,102.85,406.03,120,17675.19,5,365,2.66,5403.0,1.0,1.14,0.05,44430585.0
85.29,100.77,104.84,350.61,181,19846.07,19,147,2.93,5355.0,1.0,1.18,0.1,77758410.0
144.38,118.6,112.89,307.36,276,13789.0,6,596,2.39,7417.0,1.2,1.05,0.15,71763821.0
126.4,111.08,112.82,225.23,237,20897.87,13,607,7.08,4814.0,1.2,1.01,0.1,189950894.0
122.52,106.16,93.66,232.89,284,10020.8,3,689,6.23,6922.0,1.0,1.14,0.15,39326337.0
100.77,92.4,97.41,267.81,160,17747.71,14,265,9.42,3536.0,1.2,1.01,0.15,83186793.0
118.81,99.42,117.81,390.82,181,11968.58,3,431,5.29,3621.0,1.0,1.17,0.1,28064490.0
137.44,147.72,111.93,472.31,153,13024.71,19,131,9.98,4990.0,1.0,1.11,0.05,44796769.0
129.86,105.05,102.52,411.17,129,11044.97,7,209,3.13,8019.0,1.5,0.96,0.05,21589680.0
120.44,92.09,106.59,402.06,179,9914.7,12,558,3.34,4590.0,1.5,1.06,0.05,82761136.0
114.2,132.73,80.78,281.34,188,20074.89,5,412,9.18,5176.0,1.5,1.08,0.05,54527904.0
130.18,116.85,113.04,305.0,109,17666.55,9,401,8.04,6205.0,1.2,1.18,0.15,94906930.0
106.77,124.49,79.82,343.44,84,13645.46,6,687,6.01,6298.0,1.2,1.12,0.05,72728076.0
162.69,150.0,108.43,319.44,109,14284.57,19,227,4.74,7441.0,1.5,1.13,0.05,78660106.0
98.19,100.36,91.82,318.76,31,12756.34,15,280,3.06,7562.0,1.0,1.12,0.1,68905307.0
107.62,109.5,111.19,298.32,201,13491.77,19,572,7.19,4855.0,1.2,1.09,0.05,176390116.0
142.71,132.7,96.6,308.93,263,14578.13,13,563,5.45,6722.0,1.5,1.13,0.05,137465254.0
99.35,122.34,100.52,281.51,254,18829.4,19,236,8.85,2891.0,1.0,1.2,0.05,112929275.0
130.98,93.32,99.2,372.78,267,16355.53,2,57,5.91,2831.0,1.0,1.17,0.1,6273874.0
118.97,106.21,94.28,344.76,90,12868.7,3,673,5.27,6000.0,1.0,1.11,0.1,37861531.0
138.5,74.07,79.28,348.05,170,13983.07,13,266,3.59,7363.0,1.0,1.08,0.05,60779568.0
130.88,108.66,97.33,347.74,215,17683.73,18,585,6.42,5410.0,1.0,1.01,0.05,209093552.0
139.62,96.79,90.66,311.9,140,14070.84,9,336,3.74,7449.0,1.5,1.08,0.1,57171156.0
103.83,97.13,109.28,399.01,47,15544.33,8,494,5.67,6001.0,1.0,1.16,0.05,79448049.0
121.13,81.7,88.45,399.41,23,8841.68,17,109,8.67,3813.0,1.2,0.96,0.05,20184236.0
117.33,99.37,103.69,320.46,230,19273.79,13,676,3.63,3518.0,1.2,1.14,0.1,224285994.0
120.66,137.9,103.52,334.31,130,10452.42,5,537,9.87,4542.0,1.0,1.14,0.1,45322188.0
118.17,103.68,107.2,324.15,245,16146.16,19,568,3.02,5868.0,1.0,1.06,0.15,220723519.0
137.66,99.04,101.96,278.44,137,18756.91,6,98,6.44,7690.0,1.2,0.98,0.05,15158417.0
107.86,116.44,85.02,337.71,38,22521.12,17,293,4.29,5127.0,1.5,1.19,0.15,159103424.0
112.93,106.1,88.85,324.4,27,16037.25,11,621,8.45,4682.0,1.0,0.98,0.1,123199742.0
109.92,122.28,100.06,245.96,209,12995.9,12,211,6.36,6104.0,1.5,1.06,0.1,44250432.0
115.11,115.89,111.06,349.5,93,12308.23,7,224,4.85,5274.0,1.0,0.98,0.05,25809640.0
98.85,110.12,107.0,280.92,136,16491.1,17,390,3.53,6100.0,1.5,1.02,0.15,134607745.0
113.57,99.89,86.86,325.33,160,15569.11,3,514,5.48,5360.0,1.2,1.02,0.05,32287818.0
109.56,103.04,101.93,357.74,193,11678.39,14,133,7.05,7364.0,1.0,0.95,0.15,29058691.0
89.7,105.17,114.8,445.19,57,15151.48,16,78,9.92,6158.0,1.0,1.14,0.05,29219079.0
107.92,125.23,103.0,301.12,208,11615.8,16,77,2.26,1796.0,1.0,1.1,0.1,21398001.0
124.62,79.21,110.23,377.23,273,11838.77,17,206,8.08,5120.0,1.0,1.07,0.05,52924193.0
104.31,122.19,113.47,389.98,206,14644.73,6,632,7.97,2802.0,1.0,1.13,0.05,78356989.0
134.3,127.75,101.08,301.21,136,12623.27,2,115,6.86,5966.0,1.0,1.03,0.05,6100664.0
120.12,105.01,107.63,392.03,83,8000.0,17,549,1.83,2429.0,1.5,1.13,0.1,99889706.0
80.0,124.69,101.04,448.43,112,15186.41,16,139,3.65,5350.0,1.0,1.13,0.1,46334312.0
110.55,123.33,84.31,384.38,242,14745.55,3,576,2.05,5896.0,1.2,1.08,0.1,42060564.0
134.14,117.75,92.34,349.75,163,15904.54,11,117,6.76,6015.0,1.0,1.02,0.1,27144757.0
93.31,120.52,99.5,455.18,231,16141.51,7,676,4.69,5297.0,1.0,1.09,0.05,100249963.0
134.68,86.94,111.48,327.26,149,18892.54,17,296,9.51,5847.0,1.2,1.01,0.15,117322948.0
80.0,103.6,102.58,330.09,222,18540.85,16,321,3.54,5563.0,1.0,0.98,0.05,103865789.0
88.12,118.35,102.81,329.01,62,9522.05,14,395,3.84,3603.0,1.5,1.14,0.05,69131748.0
143.04,117.65,117.82,373.17,213,17300.45,10,70,8.5,6735.0,1.0,1.09,0.15,20450816.0
135.2,107.34,89.45,384.85,139,16945.0,3,587,3.87,4824.0,1.2,1.02,0.05,39024484.0
144.91,99.35,114.15,348.87,20,25000.0,17,153,4.14,7884.0,1.0,1.16,0.1,88785827.0
130.66,126.1,92.88,335.87,299,13094.86,13,170,7.63,5286.0,1.0,1.0,0.1,36983267.0
98.74,121.34,109.58,376.44,180,18843.44,13,349,1.34,4812.0,1.5,1.11,0.05,105862569.0
163.15,123.8,108.8,426.47,248,14409.13,5,223,4.61,5762.0,1.0,0.96,0.05,22118929.0
109.83,80.01,112.07,338.95,157,12603.64,12,638,2.41,6484.0,1.0,1.02,0.05,110167165.0
123.55,110.86,117.49,255.72,65,13795.48,9,503,6.97,5757.0,1.2,1.01,0.1,74272022.0
132.89,111.51,105.3,479.56,174,14521.49,17,53,4.98,5906.0,1.2,1.03,0.15,18931191.0
141.59,100.97,80.04,256.97,235,18127.22,14,353,8.49,5044.0,1.5,0.98,0.05,98950677.0
153.99,123.28,93.67,278.39,171,17966.42,17,646,5.04,5806.0,1.2,1.09,0.05,233610871.0
128.36,114.86,95.84,380.39,79,14391.16,15,248,5.11,4357.0,1.0,1.15,0.1,72417299.0
91.11,70.0,103.97,348.1,246,15194.55,12,635,3.46,2546.0,1.0,1.04,0.05,136681058.0
109.29,108.71,87.01,277.5,81,15456.84,19,355,8.59,4076.0,1.2,1.04,0.15,129394787.0
83.9,102.25,97.78,354.98,119,19400.37,12,410,3.53,4653.0,1.2,1.14,0.1,125533494.0
120.5,124.94,107.64,311.9,176,20062.97,16,674,2.18,5466.0,1.0,0.97,0.1,238775210.0
110.44,88.02,120.5,338.35,96,11644.42,6,591,6.98,5590.0,1.5,1.14,0.1,59191323.0
96.84,104.13,108.96,265.3,247,9876.14,10,127,1.44,4477.0,1.2,1.15,0.15,19201812.0
150.5,116.33,107.03,311.01,288,14692.58,11,407,8.7,3533.0,1.2,1.18,0.05,90714028.0
146.93,86.46,92.35,349.77,276,13774.62,14,590,4.15,8957.0,1.0,1.03,0.15,146461840.0
80.0,120.06,90.08,316.53,65,17231.77,6,613,8.23,5566.0,1.5,1.05,0.05,74326379.0
139.2,95.19,95.17,433.04,223,16803.44,16,355,2.45,6094.0,1.0,1.14,0.1,129115376.0
129.61,127.03,119.09,377.75,208,13856.91,8,93,6.88,4413.0,1.0,1.18,0.1,17872395.0
107.17,134.49,96.98,357.53,31,17974.62,5,579,3.02,6265.0,1.0,1.14,0.05,68672126.0
138.51,118.48,107.53,327.32,291,12410.9,11,97,4.21,5076.0,1.0,1.14,0.1,20990665.0
134.2,111.52,92.82,351.64,62,18870.99,7,111,9.23,4784.0,1.2,1.19,0.05,24732963.0
95.68,127.93,93.25,453.07,255,13603.99,5,374,3.38,6224.0,1.5,0.96,0.1,38309985.0
136.33,137.08,90.5,362.72,58,13311.48,3,262,2.19,6605.0,1.2,0.97,0.05,14453677.0
121.48,119.0,94.1,377.51,144,11811.25,19,414,5.91,5140.0,1.0,1.05,0.1,115156391.0
102.94,130.75,95.14,412.64,248,24138.71,15,170,4.54,3940.0,1.0,1.14,0.05,80170294.0
141.87,117.22,101.03,320.84,79,19721.37,7,251,6.68,6759.0,1.0,1.05,0.15,46695904.0
134.71,120.74,111.28,352.96,73,16841.53,8,112,1.17,6457.0,1.0,1.19,0.05,21225289.0
108.89,115.88,101.58,256.29,116,16045.56,7,122,7.23,4162.0,1.5,1.02,0.1,19576891.0
112.2,103.66,93.38,328.37,120,16291.29,3,399,5.71,5347.0,1.5,0.99,0.05,25181061.0
108.37,115.38,114.57,305.23,191,21558.83,3,373,7.91,3825.0,1.2,1.12,0.05,34991201.0
107.33,87.57,108.17,333.43,296,11035.59,4,685,9.51,3443.0,1.5,0.97,0.05,43546339.0
105.93,110.47,79.76,375.46,237,10046.24,15,102,5.89,6944.0,1.0,0.98,0.05,20123458.0
121.4,95.33,105.42,306.72,45,17853.95,2,37,1.08,2759.0,1.2,1.1,0.15,4743233.0
143.66,117.33,96.4,324.89,183,17715.96,14,346,9.06,6664.0,1.5,1.06,0.05,102991650.0
116.82,95.23,121.7,278.34,151,18671.35,7,520,1.52,7345.0,1.2,1.12,0.05,86248628.0
150.02,113.92,97.73,305.59,160,17274.1,4,692,9.8,7126.0,1.2,1.16,0.05,67632501.0
93.96,110.52,75.34,315.09,93,13817.66,14,349,8.16,3918.0,1.5,1.07,0.15,87307385.0
109.85,106.18,117.29,309.53,38,19142.24,8,625,2.55,3803.0,1.2,1.14,0.05,117867515.0
128.26,129.28,97.41,294.62,37,16187.86,12,519,6.07,4252.0,1.0,1.04,0.05,115437883.0
108.09,109.94,107.48,377.43,94,16493.89,15,425,8.65,3563.0,1.2,1.07,0.1,128808797.0
124.41,128.43,98.29,405.88,244,12655.36,11,704,8.79,4141.0,1.0,1.2,0.1,145894532.0
81.38,131.42,117.63,239.28,90,13054.99,4,685,7.36,7742.0,1.2,0.99,0.05,44243563.0
98.56,125.03,105.1,375.51,90,8588.61,13,418,4.92,2288.0,1.0,1.08,0.05,56015535.0
107.2,118.66,119.54,302.19,202,15162.13,13,517,9.03,6916.0,1.5,1.05,0.15,132337606.0
137.66,101.38,114.92,334.84,198,10831.17,13,183,2.97,3666.0,1.0,1.01,0.1,32368030.0
112.74,93.58,92.68,330.64,64,17840.09,15,267,8.76,1786.0,1.5,1.19,0.15,102731234.0
149.25,114.38,102.0,331.93,149,17587.44,3,605,9.36,3063.0,1.5,1.19,0.05,49105671.0
80.0,100.94,97.81,314.39,175,12308.95,9,469,6.72,6211.0,1.2,1.14,0.15,76912274.0
120.39,115.0,81.76,329.13,46,20943.47,4,429,2.64,1983.0,1.0,1.16,0.05,47139979.0
125.22,126.98,97.69,270.4,290,22224.58,2,272,4.16,6568.0,1.0,1.1,0.05,18663838.0
141.16,127.52,106.59,343.53,166,12345.88,9,516,3.85,4992.0,1.0,1.03,0.15,76149321.0
174.1,121.54,91.03,382.16,152,14125.74,9,204,3.56,5382.0,1.0,0.97,0.1,31688891.0
128.55,100.53,112.72,351.81,216,13943.55,18,498,4.91,6620.0,1.5,1.07,0.05,148986680.0
109.51,101.73,94.17,271.03,220,13640.96,9,339,8.97,5555.0,1.0,1.13,0.05,56013143.0
97.38,104.11,99.78,425.96,92,16344.27,14,451,8.22,3974.0,1.2,1.1,0.05,125075905.0
139.98,118.64,96.0,327.61,290,14010.82,18,107,6.76,5389.0,1.0,0.99,0.05,31091463.0
119.98,120.92,102.32,439.67,252,19255.45,14,217,4.88,4456.0,1.0,1.15,0.05,77918376.0
116.97,127.38,93.55,301.5,84,16765.27,15,433,9.83,6941.0,1.5,1.19,0.1,151613799.0
85.6,117.6,96.72,335.13,113,14942.94,7,119,2.15,3999.0,1.2,1.02,0.15,19344687.0
92.08,108.85,103.67,367.0,116,12502.35,9,497,7.15,6423.0,1.0,1.16,0.05,75690195.0
97.3,123.46,98.2,406.15,121,13227.01,2,34,9.04,7067.0,1.5,1.04,0.15,6887646.0
80.0,107.48,95.55,243.92,213,14203.31,3,130,7.3,5803.0,1.2,1.19,0.1,12867898.0
119.71,133.41,91.49,374.96,296,17296.57,3,383,3.71,6267.0,1.0,1.18,0.05,35723599.0
135.15,98.8,86.2,363.86,172,21220.48,5,624,4.18,4099.0,1.2,1.08,0.05,85063647.0
151.05,84.08,99.22,387.92,194,12950.74,15,469,8.63,5324.0,1.2,1.11,0.1,122796575.0
121.96,128.09,114.85,377.76,154,16659.78,3,265,1.37,5431.0,1.0,0.96,0.15,20884455.0
128.82,90.71,97.55,302.58,216,13575.35,19,436,2.26,4611.0,1.0,1.01,0.15,137212261.0
116.74,105.67,104.59,325.15,76,11393.49,2,682,3.75,6734.0,1.0,1.07,0.15,25806296.0
113.75,137.45,96.19,375.83,31,20469.08,7,547,4.54,4763.0,1.0,1.0,0.05,84758717.0
138.89,85.81,108.36,307.18,235,17042.83,3,159,9.7,4590.0,1.5,1.09,0.05,15169715.0
135.57,105.46,77.46,347.02,212,10481.39,11,692,1.77,5948.0,1.5,1.06,0.05,99640522.0
106.15,95.02,104.87,411.8,272,16656.69,12,280,8.84,3723.0,1.0,1.09,0.1,76592349.0
154.17,111.08,93.88,389.54,235,18717.91,18,260,6.0,2926.0,1.2,1.19,0.1,122099436.0
141.68,93.06,97.52,375.2,172,12952.05,8,267,5.26,4385.0,1.0,1.19,0.05,39820413.0
118.82,121.65,105.55,354.27,96,10761.59,17,435,3.56,6304.0,1.0,0.96,0.05,87064871.0
128.16,114.18,95.42,339.85,263,16438.54,4,492,7.62,7016.0,1.0,1.2,0.15,57289852.0
110.77,124.97,111.75,379.08,70,14124.31,2,165,1.06,5036.0,1.0,1.17,0.05,8983512.0
85.95,85.36,92.18,412.93,189,14353.59,7,574,6.11,3800.0,1.2,1.04,0.1,74363614.0
134.86,113.04,98.4,396.76,68,13750.96,12,617,6.62,5943.0,1.2,0.97,0.1,114187154.0
122.78,97.23,102.73,403.11,205,18534.14,14,275,8.15,7322.0,1.5,1.06,0.05,86508794.0
180.0,95.61,81.13,318.35,46,12570.32,17,309,4.45,5086.0,1.5,0.97,0.1,74330167.0
134.51,105.15,105.92,370.82,161,20383.21,2,118,8.47,8210.0,1.2,1.03,0.1,13043709.0
124.88,114.1,98.32,417.55,211,13307.18,13,278,5.14,4128.0,1.2,1.2,0.05,68617307.0
104.25,89.36,115.55,400.55,275,19780.49,14,422,9.37,6108.0,1.5,1.05,0.05,139046124.0
107.82,99.3,104.84,307.01,23,14381.63,9,203,9.85,6039.0,1.0,1.12,0.1,38707334.0
148.15,141.27,85.13,306.36,179,11732.89,16,301,1.03,4083.0,1.0,1.06,0.15,72446673.0
115.32,114.05,83.57,363.61,169,16972.75,19,106,2.63,4923.0,1.0,0.98,0.1,40099145.0
113.53,124.32,107.74,304.33,171,19667.54,3,330,8.15,2981.0,1.2,1.07,0.05,26820919.0
125.33,117.07,92.7,365.34,113,13580.78,9,181,2.38,3369.0,1.0,1.14,0.05,31462960.0
107.34,121.42,99.21,376.42,62,12237.15,9,524,1.27,4337.0,1.2,1.16,0.05,74111304.0
111.48,96.22,98.34,350.17,50,12520.62,14,337,8.05,3698.0,1.0,1.15,0.15,82067063.0
113.66,125.07,98.91,397.3,98,15242.19,14,79,3.3,3682.0,1.0,1.0,0.1,21193154.0
101.54,114.53,108.92,324.97,75,8000.0,13,71,7.22,6601.0,1.0,1.07,0.05,12814983.0
128.64,108.63,112.85,314.33,233,18316.65,8,109,6.8,5449.0,1.2,1.15,0.05,24867627.0
129.31,123.76,114.91,419.29,247,14955.78,10,487,1.72,6069.0,1.0,0.99,0.1,90047785.0
134.98,106.53,121.51,310.02,220,17378.77,5,449,9.29,4432.0,1.5,1.1,0.1,55499009.0
119.88,113.39,88.36,355.96,27,12078.57,3,478,7.58,5493.0,1.0,1.01,0.15,24051721.0
80.0,109.11,99.61,316.21,134,13337.01,16,299,5.42,4768.0,1.0,1.12,0.05,80488425.0
157.17,116.01,98.82,411.99,249,16174.95,14,588,1.06,7346.0,1.2,1.16,0.15,190886573.0
111.42,105.51,101.24,350.16,24,14875.83,4,327,1.41,5512.0,1.5,1.17,0.1,28695531.0
89.9,104.64,110.3,310.94,267,15693.64,18,469,5.64,2007.0,1.5,1.0,0.1,156296523.0
120.15,112.01,80.9,395.45,39,19697.87,8,212,4.72,4691.0,1.2,1.14,0.15,47566082.0
106.39,99.28,93.63,425.7,299,15903.32,3,502,6.53,5895.0,1.0,0.97,0.05,36343133.0
93.43,94.79,89.42,323.56,45,11805.44,9,669,1.63,5775.0,1.0,1.06,0.15,90960114.0
140.56,129.08,104.97,232.61,160,14560.33,3,437,4.69,2264.0,1.0,1.07,0.15,29489910.0
119.75,90.81,116.58,360.29,110,10588.32,3,562,1.67,3112.0,1.0,1.09,0.05,25836074.0
128.14,95.84,105.73,429.32,264,15831.85,16,111,5.94,6210.0,1.0,1.0,0.1,37520380.0
114.24,127.47,87.61,365.33,42,16739.98,2,361,8.03,4729.0,1.2,1.02,0.1,19074792.0
131.89,119.82,109.96,428.78,81,17644.91,14,568,6.85,5050.0,1.2,1.07,0.05,162925271.0
117.1,125.92,106.65,328.95,239,15802.86,15,601,2.04,5491.0,1.0,1.18,0.05,188394490.0
126.72,118.03,105.43,363.1,112,14677.8,9,485,3.36,5376.0,1.0,0.95,0.1,71180604.0
133.04,114.77,102.25,303.49,139,15615.3,16,693,5.71,3784.0,1.2,1.14,0.1,225176280.0
124.55,90.97,90.38,349.25,274,21805.65,5,500,8.67,5315.0,1.0,1.05,0.1,73673955.0
115.86,92.24,101.13,353.1,113,16044.15,3,549,7.35,3655.0,1.0,0.99,0.05,34069671.0
113.53,78.94,96.32,345.93,278,10906.09,15,687,3.81,4259.0,1.5,1.15,0.1,157297758.0
90.4,108.4,85.46,370.02,291,15938.73,2,40,4.18,6620.0,1.2,1.14,0.15,4824042.0
151.71,89.13,122.94,359.18,105,16237.27,10,410,1.7,7128.0,1.0,1.06,0.1,82690442.0
109.12,110.63,91.34,371.62,237,18129.62,19,56,9.64,2706.0,1.0,1.06,0.05,27787254.0
109.6,135.34,104.89,272.34,278,16147.61,3,363,6.24,4950.0,1.0,1.18,0.05,29413564.0
127.12,104.72,110.27,378.03,176,14062.09,6,172,7.75,3481.0,1.5,1.01,0.15,24014604.0
119.43,111.21,114.84,322.26,115,14696.75,9,64,2.49,4519.0,1.5,1.15,0.1,14717374.0
116.02,100.71,111.99,409.98,224,15204.67,2,645,2.35,6485.0,1.0,1.02,0.1,34044106.0
103.64,109.52,103.04,321.92,74,19740.91,12,245,4.02,3687.0,1.5,1.1,0.1,75528704.0
141.96,97.59,88.32,332.2,294,19515.84,6,79,3.17,5246.0,1.0,1.04,0.1,14130553.0
113.91,89.08,92.15,343.66,96,15278.6,13,135,5.6,6358.0,1.0,1.07,0.05,34265431.0
141.97,99.2,109.53,388.36,299,14703.33,15,649,2.45,2866.0,1.5,1.16,0.05,189624198.0
112.88,129.13,117.96,347.45,58,14769.3,9,524,8.77,4433.0,1.0,1.0,0.1,82393449.0
151.11,101.57,108.2,376.32,127,13277.16,19,453,4.75,3795.0,1.0,0.96,0.15,130930115.0
138.07,125.71,105.04,424.09,53,18386.7,10,563,7.38,3736.0,1.0,1.1,0.05,125307371.0
133.8,112.85,102.06,366.87,224,19626.36,16,504,3.25,3561.0,1.2,1.03,0.1,189034068.0
129.11,110.37,94.31,278.74,144,17035.25,5,144,8.56,3872.0,1.0,1.19,0.15,21436145.0
129.11,140.19,104.96,286.48,176,12590.13,5,526,6.15,5285.0,1.0,1.12,0.05,46999961.0
151.86,90.63,95.05,305.9,193,12722.36,15,624,1.32,5236.0,1.2,1.06,0.1,148064279.0
143.28,106.91,92.82,376.66,119,12062.25,19,699,7.2,5067.0,1.2,1.16,0.05,204438809.0
110.43,110.98,113.43,308.61,230,19789.2,5,413,6.79,3759.0,1.5,0.95,0.05,46954534.0
107.89,74.1,84.99,369.89,118,17710.91,4,396,3.26,5814.0,1.0,1.16,0.05,38876128.0
126.77,122.69,83.87,366.91,160,16197.45,10,87,3.84,6917.0,1.2,1.1,0.05,20681429.0
108.47,106.7,85.66,355.37,130,14675.34,8,638,7.41,3793.0,1.2,1.04,0.1,93616939.0
116.32,89.54,108.93,321.07,235,17420.42,17,296,3.93,4654.0,1.2,1.17,0.1,120394843.0
127.74,87.16,99.18,414.28,79,14287.46,17,706,3.45,6143.0,1.0,1.05,0.05,196538118.0
126.86,86.56,103.25,406.13,253,15274.49,18,490,7.37,5360.0,1.2,1.13,0.05,171441259.0
143.31,105.63,90.84,395.09,109,13388.9,4,315,5.39,5166.0,1.2,1.18,0.1,28037383.0
105.73,100.78,82.06,435.38,220,15259.47,6,696,9.12,8444.0,1.0,1.03,0.1,87043091.0
113.19,92.03,106.93,381.91,140,16405.31,7,713,3.42,3977.0,1.0,1.02,0.1,100229759.0
110.2,85.04,103.24,341.95,132,12490.58,11,671,6.03,5512.0,1.5,1.09,0.05,113035489.0
127.13,137.1,118.17,326.52,140,13919.7,10,294,6.69,6826.0,1.2,0.95,0.05,47774113.0
121.95,123.41,96.87,305.42,231,16619.86,7,715,4.42,6917.0,1.0,1.15,0.05,111943929.0
128.86,101.94,93.5,266.89,144,13035.48,10,232,4.0,5551.0,1.2,0.99,0.15,37904510.0
143.29,94.16,87.62,266.27,151,12212.16,3,658,4.47,7690.0,1.5,1.05,0.05,35227405.0
148.7,100.55,126.75,313.79,182,13238.02,19,318,9.77,4467.0,1.5,0.99,0.15,98893292.0
113.09,116.59,115.39,437.67,202,12834.13,7,406,9.85,5775.0,1.0,1.11,0.15,58641597.0
128.99,128.79,100.07,330.33,149,13057.75,18,518,2.68,6988.0,1.5,1.18,0.1,166952686.0
109.99,107.62,86.81,369.78,147,15201.74,16,213,9.9,5981.0,1.0,0.97,0.05,57270820.0
130.23,111.65,83.13,258.31,260,8000.0,4,575,5.82,6283.0,1.5,0.99,0.15,29183926.0
114.3,101.67,85.15,335.35,33,20996.92,18,231,5.31,5513.0,1.2,1.16,0.1,115256850.0
146.84,142.52,97.95,367.67,94,10319.82,18,380,2.38,3067.0,1.5,0.96,0.05,75611596.0
144.57,86.85,89.57,280.3,273,14635.04,15,122,2.23,4011.0,1.0,1.2,0.15,42015145.0
126.27,119.2,96.54,409.21,157,13130.53,12,682,1.65,4268.0,1.0,1.05,0.05,128529852.0
89.76,84.8,97.07,317.14,165,17931.18,13,401,9.48,2610.0,1.0,1.04,0.05,108285344.0
123.69,125.55,87.82,418.95,255,10996.53,3,130,6.75,5986.0,1.0,1.15,0.05,11774398.0
131.0,107.96,117.58,356.66,76,19072.01,17,172,3.24,4969.0,1.2,1.18,0.05,75745246.0
116.7,97.31,100.45,309.91,125,14233.15,4,268,3.26,4665.0,1.5,0.95,0.1,20343238.0
108.1,108.42,113.78,292.21,130,16672.38,15,616,1.55,3685.0,1.0,1.05,0.1,183401817.0
131.65,105.52,109.05,201.03,24,8223.85,9,444,4.13,2063.0,1.5,1.1,0.1,45687281.0
109.65,103.47,90.44,385.44,262,9156.69,4,683,4.83,8756.0,1.0,1.12,0.05,43547433.0
111.45,99.79,104.25,384.79,152,15246.78,2,355,4.99,3175.0,1.0,0.95,0.1,18691170.0
132.64,127.62,106.46,281.33,276,11215.28,18,624,4.35,9443.0,1.5,1.19,0.05,169170471.0
132.37,112.79,101.66,373.43,266,15238.51,19,700,6.73,3845.0,1.5,1.1,0.1,260138319.0
154.7,95.06,107.03,327.03,229,15768.53,9,95,3.27,6480.0,1.5,1.06,0.1,19883643.0
127.16,107.91,90.43,368.38,114,18172.17,7,716,4.78,4953.0,1.5,1.19,0.05,122601789.0
110.95,98.05,80.92,295.01,146,14264.35,7,501,2.13,5574.0,1.0,1.11,0.1,64440488.0
96.45,112.5,109.53,331.18,258,13357.49,5,325,7.53,5985.0,1.0,1.13,0.1,34274386.0
131.9,110.11,87.63,357.79,98,11361.1,18,644,6.35,5381.0,1.2,1.13,0.1,172055844.0
114.38,123.92,94.69,452.4,39,10361.08,7,229,2.04,4594.0,1.0,0.97,0.15,20842350.0
130.57,101.85,84.34,361.27,31,13317.23,3,197,3.75,4061.0,1.0,0.98,0.1,10330127.0
141.84,102.13,94.53,383.04,75,15522.11,5,115,4.92,4529.0,1.0,0.98,0.1,14861546.0
123.93,98.44,110.44,386.36,214,14772.05,13,518,4.76,2582.0,1.0,1.08,0.05,120972208.0
127.27,104.84,107.5,437.42,60,17968.31,4,359,4.02,4688.0,1.2,0.97,0.1,33352900.0
127.3,122.67,86.14,359.33,258,16282.99,6,73,8.06,3283.0,1.5,0.99,0.1,11546985.0
98.34,112.54,111.82,313.07,100,17049.96,3,646,6.83,3755.0,1.2,1.19,0.1,50472394.0
108.8,112.48,114.57,379.1,272,15164.28,11,232,9.09,2848.0,1.2,1.14,0.1,57138182.0
149.91,118.26,119.04,347.37,174,11454.17,6,376,2.92,4810.0,1.2,1.02,0.1,36801918.0
132.35,74.12,97.74,275.75,265,16193.88,3,304,5.77,6961.0,1.0,1.06,0.05,22919358.0
112.25,112.01,94.39,330.21,110,12569.09,10,282,5.47,5592.0,1.2,1.11,0.1,48749490.0
113.67,114.07,105.9,298.29,264,18798.1,5,693,3.22,1000.0,1.0,1.02,0.1,83471631.0
116.25,143.17,106.43,232.77,29,9630.23,13,203,7.58,4302.0,1.5,1.08,0.15,34694613.0
104.03,120.28,98.76,398.95,203,14699.47,11,122,8.03,4986.0,1.0,1.04,0.05,27384428.0
110.98,126.12,104.0,410.07,248,15176.95,5,285,6.33,2810.0,1.2,1.01,0.05,30886186.0
87.81,129.27,90.65,457.66,96,13922.4,16,674,2.4,5879.0,1.2,1.19,0.15,214415462.0
93.08,107.3,97.59,309.41,146,15503.4,3,174,9.38,4456.0,1.0,1.03,0.15,15291394.0
117.54,85.78,102.93,322.32,24,14172.04,18,189,6.17,2455.0,1.2,1.05,0.05,56647626.0
123.68,104.56,108.55,391.71,83,10777.79,17,590,4.8,4693.0,1.2,1.07,0.15,138145236.0
105.83,96.36,101.57,273.44,67,20378.11,19,91,5.14,6288.0,1.2,1.02,0.05,41305610.0
117.34,118.37,101.09,418.65,198,12582.86,14,117,6.14,6308.0,1.0,1.14,0.1,32749785.0
104.48,97.02,86.15,293.41,153,11712.39,8,193,4.9,3529.0,1.2,1.13,0.05,24906141.0
80.0,102.63,106.05,362.55,47,8828.6,17,157,9.11,4697.0,1.0,1.03,0.05,30140775.0
107.07,134.61,102.75,317.14,71,9055.36,9,521,8.04,4039.0,1.2,1.13,0.1,58296358.0
134.0,97.35,98.52,390.61,244,14453.31,5,488,3.54,5435.0,1.0,1.16,0.1,57062662.0
124.59,112.36,97.72,367.42,61,14437.17,6,575,7.77,5402.0,1.5,1.13,0.1,68293398.0
82.27,101.32,85.75,407.66,267,17443.57,4,327,8.07,4739.0,1.0,1.17,0.15,40654854.0
82.81,106.71,94.26,343.75,60,18714.97,7,190,3.23,4730.0,1.2,1.06,0.15,35653739.0
118.28,112.12,119.98,324.93,80,19792.37,16,658,2.28,4025.0,1.2,0.98,0.05,218143066.0
133.75,89.26,88.68,346.23,277,12429.67,5,419,5.0,4666.0,1.0,1.0,0.1,36960960.0
111.22,123.64,105.41,355.61,232,12665.79,13,61,1.28,4932.0,1.0,1.1,0.1,14407439.0
145.65,120.19,76.39,328.28,252,16198.95,9,642,3.22,6036.0,1.0,1.04,0.1,118731139.0
123.27,121.3,91.53,357.8,276,11374.09,9,217,3.41,6864.0,1.0,0.97,0.1,30185357.0
111.85,103.96,107.61,314.18,249,15564.37,19,344,1.28,5763.0,1.5,1.01,0.1,120667182.0
102.07,109.98,118.56,389.72,243,8000.0,7,627,3.83,2972.0,1.0,1.14,0.1,57447547.0
112.15,123.6,102.45,264.64,290,16487.14,3,567,5.4,4632.0,1.0,1.09,0.1,44625695.0
99.09,107.27,111.75,377.51,241,14289.84,9,628,1.65,6847.0,1.2,0.96,0.15,97922001.0
107.54,120.26,91.96,347.84,151,13801.88,4,581,7.35,3066.0,1.2,1.08,0.15,49437715.0
115.87,95.11,99.69,355.91,230,21805.06,19,76,5.26,3929.0,1.2,1.16,0.1,45480185.0
83.13,106.74,94.05,332.31,98,11001.66,6,430,9.75,6241.0,1.5,1.09,0.1,40872134.0
106.6,77.58,109.97,413.83,31,11535.11,8,193,4.07,4124.0,1.0,1.08,0.15,23575058.0
95.84,97.73,95.4,273.67,178,14620.15,2,211,4.09,5174.0,1.0,1.17,0.05,11741588.0
133.8,126.77,93.67,467.35,21,14415.05,13,546,9.58,6769.0,1.0,0.98,0.15,120831640.0
83.89,105.9,95.94,239.98,102,14358.03,14,442,4.5,5763.0,1.0,1.12,0.15,120231086.0
94.45,94.34,106.3,359.91,228,12555.42,8,486,7.99,2409.0,1.5,1.05,0.05,63423145.0
116.16,133.04,96.88,377.14,239,15457.4,19,441,3.67,5464.0,1.0,0.97,0.15,153236633.0
127.31,126.34,86.85,321.53,244,11371.65,14,571,6.45,4421.0,1.2,1.16,0.05,122373043.0
159.18,118.06,70.0,296.65,71,15570.7,12,169,4.1,5409.0,1.0,1.02,0.1,40721524.0
135.65,145.21,101.37,339.74,47,16856.33,18,644,7.22,2801.0,1.0,1.08,0.15,247864574.0
102.96,131.75,102.96,409.68,137,20013.7,9,124,6.95,6588.0,1.0,1.15,0.1,33943989.0
140.48,126.8,94.87,413.82,226,14741.37,8,359,6.06,4680.0,1.0,1.06,0.05,53771776.0
94.27,116.91,109.49,310.79,163,14101.72,10,93,1.77,6754.0,1.5,1.16,0.1,21544043.0
117.22,82.28,115.97,442.89,173,12575.87,11,127,2.04,4791.0,1.0,1.09,0.1,23937638.0
154.93,95.88,112.83,367.88,224,20650.22,5,670,5.13,6456.0,1.0,1.06,0.15,97113414.0
131.88,122.2,88.55,355.81,67,15647.43,9,213,8.66,5989.0,1.0,1.14,0.15,45404303.0
108.23,110.76,104.92,388.2,267,15207.71,4,455,8.22,5436.0,1.0,1.1,0.1,44938749.0
125.56,113.9,93.52,301.1,164,13040.12,17,187,7.85,3584.0,1.0,1.11,0.1,55771307.0
80.0,122.5,105.43,342.29,264,11572.52,8,467,1.43,7081.0,1.5,1.14,0.15,67808962.0
138.15,112.05,99.31,380.38,26,14537.61,17,648,7.87,3478.0,1.5,1.06,0.1,192625153.0
98.09,105.76,107.13,207.08,286,10093.87,18,381,8.28,5187.0,1.0,1.06,0.1,87390220.0
122.68,119.36,108.8,339.66,157,16217.01,3,30,4.85,5271.0,1.0,1.12,0.1,5099988.0
145.59,81.1,97.59,289.95,197,15831.98,11,554,2.57,6874.0,1.2,1.12,0.1,128316786.0
123.93,86.59,84.63,321.44,63,16784.95,5,690,3.98,4361.0,1.2,1.16,0.05,74539989.0
118.43,105.83,97.12,474.93,252,19881.02,2,389,2.36,5149.0,1.0,1.05,0.05,26873564.0
158.1,108.62,95.29,400.42,238,13124.0,5,338,2.64,5778.0,1.0,1.11,0.1,35424612.0
129.49,93.02,103.49,376.5,183,14848.58,11,155,9.39,3847.0,1.0,1.19,0.1,39569651.0
133.31,126.58,98.15,295.19,185,14978.58,17,494,1.45,4062.0,1.2,1.05,0.05,142747048.0
132.04,95.82,86.83,372.84,137,8914.46,12,387,6.76,6240.0,1.5,1.01,0.1,53150972.0
130.86,116.2,97.44,318.41,82,11029.03,15,522,3.42,4815.0,1.2,1.05,0.1,106001455.0
121.61,110.01,104.0,410.01,47,13136.33,16,674,3.92,3873.0,1.0,1.14,0.1,184023940.0
122.28,113.54,99.3,349.03,89,16455.02,11,441,4.61,5638.0,1.0,1.1,0.05,96041115.0
80.0,109.66,107.55,466.52,220,12278.18,14,147,4.33,5893.0,1.2,0.97,0.1,33229180.0
108.56,103.22,101.04,425.84,82,16288.76,5,259,7.87,5758.0,1.2,1.1,0.05,28963553.0
107.78,134.6,88.18,328.12,286,19672.82,19,363,3.08,7032.0,1.2,1.07,0.1,167950610.0
124.53,100.94,97.43,332.49,235,8467.97,13,494,4.9,3787.0,1.0,1.2,0.1,80209717.0
102.98,136.83,100.65,438.76,219,17291.89,9,521,9.92,4155.0,1.2,1.19,0.05,113911822.0
80.0,143.57,115.29,326.87,120,17457.04,7,479,1.64,6213.0,1.5,1.11,0.1,77129576.0
110.04,93.01,102.23,388.68,248,20242.23,17,616,1.56,2672.0,1.2,1.05,0.1,256990589.0
116.14,124.58,96.95,399.2,247,19679.09,12,359,7.87,4851.0,1.2,1.18,0.15,127920716.0
110.49,123.55,97.74,276.07,70,17735.87,13,676,2.31,5775.0,1.5,0.99,0.1,176017030.0
90.52,130.57,103.24,350.83,271,20478.63,15,371,8.28,6308.0,1.0,1.02,0.05,130281061.0
152.81,101.31,99.79,272.28,190,15663.0,6,32,4.15,4258.0,1.0,1.01,0.05,5052382.0
90.38,110.33,107.05,399.51,184,16072.77,2,392,1.03,4308.0,1.0,1.18,0.1,23033270.0
95.64,121.64,105.29,341.18,158,15785.76,16,559,2.57,6040.0,1.0,1.11,0.1,178718186.0
104.07,110.77,100.81,365.9,239,20358.62,4,153,1.36,4449.0,1.2,1.11,0.15,20574985.0
147.1,105.09,114.92,317.41,267,16158.06,14,95,8.28,3092.0,1.0,1.06,0.15,31737395.0
156.22,72.71,112.24,296.4,147,15673.39,9,685,2.94,3930.0,1.0,0.99,0.1,112303988.0
114.7,109.19,98.47,308.36,57,17454.86,18,74,5.85,3658.0,1.0,1.14,0.15,34815562.0
110.33,106.08,86.8,356.15,287,22435.63,18,697,8.42,5352.0,1.5,0.99,0.1,321242879.0
132.19,107.41,107.43,378.25,283,13810.82,14,495,6.73,7392.0,1.2,1.09,0.05,121571569.0
132.09,96.42,90.73,345.88,175,14506.03,15,447,4.95,2636.0,1.0,1.17,0.05,126909419.0
100.64,105.95,112.77,364.61,268,17927.09,7,209,7.18,6984.0,1.5,1.09,0.1,38573654.0
126.29,116.92,87.05,413.57,278,11586.86,17,705,5.83,2446.0,1.0,1.13,0.05,181744387.0
120.67,119.44,85.33,382.23,36,17405.03,18,297,1.96,4027.0,1.0,1.11,0.05,112216273.0
163.4,109.98,96.67,397.9,28,12326.02,6,222,7.18,8194.0,1.0,1.16,0.1,26597630.0
146.34,104.88,99.1,315.44,246,16127.07,14,431,2.72,3222.0,1.0,1.08,0.05,117919852.0
129.09,127.14,109.76,355.59,130,16649.96,16,144,5.54,7830.0,1.0,1.02,0.1,46116102.0
106.4,104.67,97.17,397.27,192,15773.87,18,581,1.52,4504.0,1.2,1.05,0.1,201410714.0
133.54,117.92,93.43,356.56,194,15944.48,5,585,1.92,4232.0,1.5,1.13,0.1,65867825.0
147.57,95.66,94.62,303.67,166,14488.95,8,636,1.43,4020.0,1.5,0.96,0.05,81672349.0
118.0,106.57,105.18,276.86,231,11972.41,18,224,9.78,4606.0,1.0,1.08,0.05,62952246.0
116.43,109.45,101.09,316.95,208,14761.27,16,229,8.19,5012.0,1.0,0.98,0.15,66369771.0
131.1,107.34,111.64,467.06,256,20365.0,2,362,4.28,6059.0,1.5,1.12,0.1,27901116.0
146.63,133.55,98.45,289.78,183,15717.06,12,254,4.94,5947.0,1.2,1.11,0.05,59494865.0
134.52,97.26,101.41,343.52,221,16146.4,9,526,7.69,7828.0,1.0,0.99,0.1,94747432.0
146.2,125.83,115.82,438.01,270,17938.9,7,343,2.82,6669.0,1.5,1.13,0.05,60918040.0
145.2,95.87,108.73,309.5,185,16916.63,3,118,8.94,6037.0,1.0,1.08,0.05,11577987.0
120.89,100.24,107.85,330.75,175,12758.84,3,363,2.7,5735.0,1.0,1.17,0.15,26262096.0
132.86,107.88,101.49,336.64,148,18422.32,3,547,3.6,5612.0,1.0,1.08,0.05,41454237.0
108.23,122.68,126.63,319.84,122,13264.78,16,589,4.44,2803.0,1.0,1.02,0.05,138809750.0
158.26,99.53,98.32,340.95,58,14617.39,8,645,1.23,6103.0,1.5,1.06,0.1,92400357.0
123.58,104.34,98.91,274.77,168,17144.61,5,590,7.94,4517.0,1.5,1.14,0.1,72572426.0
97.57,94.68,91.99,337.5,37,13288.68,5,300,5.83,5444.0,1.5,1.11,0.05,28721105.0
120.84,128.56,110.76,289.22,261,17728.36,6,514,3.34,6383.0,1.2,0.96,0.1,67026376.0
80.0,112.8,99.63,340.94,40,12430.7,12,205,9.93,4672.0,1.5,1.08,0.15,43545912.0
130.71,127.1,99.42,415.06,149,11802.47,12,679,5.97,4027.0,1.2,1.03,0.1,116337786.0
100.94,111.39,107.88,417.48,90,15970.64,12,675,5.62,7798.0,1.2,1.1,0.05,157718347.0
137.59,92.66,99.19,327.28,204,11975.43,8,171,5.86,7753.0,1.0,1.15,0.05,24624918.0
122.78,104.29,87.56,377.9,205,10874.08,15,200,2.24,3516.0,1.2,1.06,0.05,41447546.0
122.73,128.37,95.96,350.22,106,17238.1,5,361,3.01,4893.0,1.0,1.07,0.1,42082466.0
123.77,92.64,109.72,393.69,82,21027.84,15,649,6.52,4991.0,1.2,1.09,0.1,253665826.0
109.18,136.67,84.7,372.14,115,14062.14,8,180,2.46,4232.0,1.0,1.14,0.1,29682937.0
117.21,146.93,121.01,363.96,86,16001.21,15,92,7.67,6847.0,1.0,1.14,0.05,30275801.0
125.68,112.36,93.59,275.43,277,17946.32,2,32,9.06,7130.0,1.5,1.02,0.15,5924106.0
124.48,98.9,100.33,216.69,210,20125.34,19,257,1.56,4734.0,1.5,0.96,0.15,111517073.0
138.45,110.5,95.69,355.21,289,16784.71,12,258,1.55,5457.0,1.5,0.99,0.1,61692180.0
110.24,118.86,101.87,333.97,93,17748.04,6,424,4.59,3615.0,1.5,0.97,0.15,56137997.0
118.7,122.61,103.05,412.58,146,13685.39,12,529,4.38,5561.0,1.5,1.04,0.15,112171407.0
100.65,120.71,97.66,380.92,94,15677.14,6,465,7.61,5245.0,1.0,1.17,0.1,63379822.0
155.15,104.83,92.32,332.87,79,18845.73,15,218,3.3,8285.0,1.5,1.04,0.05,71264777.0
108.67,112.16,105.97,348.61,234,21620.07,2,667,8.9,6672.0,1.0,1.07,0.15,48017584.0
135.76,97.33,104.84,344.25,139,15529.97,17,372,3.45,7157.0,1.0,1.16,0.15,138288631.0
117.74,116.32,94.83,331.84,252,14693.53,8,331,6.75,5798.0,1.5,0.96,0.1,47428978.0
122.2,85.17,90.92,324.51,190,13546.56,6,664,7.73,4057.0,1.2,1.13,0.05,74362185.0
125.23,127.67,77.72,341.15,236,14194.98,9,368,9.3,6680.0,1.0,1.05,0.05,60975612.0
85.06,110.94,109.85,279.65,181,16922.78,13,656,6.96,2960.0,1.5,1.17,0.05,186277507.0
115.98,97.44,118.61,406.84,203,18630.17,18,153,4.91,4437.0,1.2,0.99,0.1,60254794.0
99.61,106.11,97.81,288.4,235,14543.33,12,293,2.87,6034.0,1.0,1.17,0.05,67460544.0
119.62,110.53,101.43,380.94,150,17622.22,4,227,5.35,4833.0,1.2,1.06,0.1,24959935.0
114.8,130.07,114.73,326.58,254,14609.58,6,544,1.62,6424.0,1.0,1.17,0.1,72199107.0
131.29,121.26,104.13,370.99,86,16070.52,4,590,6.96,7470.0,1.2,1.06,0.05,48568289.0
135.63,125.66,106.54,375.47,187,13625.89,19,265,8.84,5499.0,1.0,1.12,0.15,94756565.0
114.84,127.18,110.27,301.7,291,12256.46,15,248,2.67,3880.0,1.0,1.13,0.05,59137616.0
142.53,120.85,92.93,395.92,106,15860.97,18,564,2.27,6605.0,1.0,1.04,0.1,192735116.0
96.28,106.53,94.62,343.79,249,17046.03,9,471,4.51,5665.0,1.0,1.12,0.05,93205642.0
102.95,92.92,81.58,356.06,181,17540.93,9,306,1.3,4123.0,1.2,0.99,0.05,55331586.0
145.87,94.11,86.81,240.03,172,12261.4,4,608,2.58,5200.0,1.0,1.07,0.1,43192724.0
123.81,94.14,101.59,354.56,166,16105.68,9,362,4.53,4536.0,1.0,1.2,0.05,72540148.0
111.56,93.42,101.04,415.31,179,23402.94,17,245,5.73,3525.0,1.5,1.05,0.15,123195987.0
144.13,96.48,105.86,332.57,24,14834.0,6,594,5.15,4268.0,1.0,0.95,0.1,59628124.0
115.78,108.75,102.4,297.34,165,19553.9,18,662,7.03,6604.0,1.0,1.08,0.1,284893880.0
126.78,116.12,76.06,298.82,137,15250.07,9,685,6.92,6846.0,1.0,0.98,0.1,109892614.0
121.31,146.24,91.66,375.12,218,19720.2,7,390,2.92,4917.0,1.5,1.07,0.05,66764789.0
97.32,109.42,109.11,345.45,160,18318.67,17,701,3.49,6134.0,1.2,1.14,0.15,296635764.0
143.1,126.63,104.37,403.08,82,16660.42,10,359,7.53,3436.0,1.2,1.14,0.1,81659854.0
142.23,126.3,90.95,348.66,46,15810.45,6,124,5.46,4055.0,1.2,0.98,0.05,18280469.0
150.7,137.13,111.19,375.14,37,20371.35,6,155,5.67,4678.0,1.0,0.95,0.05,22807526.0
119.73,111.2,94.53,345.2,231,12786.34,3,428,4.25,4024.0,1.0,1.04,0.05,26122593.0
124.44,98.15,104.97,398.03,105,12216.85,5,342,4.31,4748.0,1.0,1.16,0.05,29294509.0
90.06,108.17,98.71,338.9,137,15141.87,15,158,3.88,2536.0,1.2,1.19,0.1,51348924.0
129.37,108.32,99.97,227.57,284,12904.71,11,341,2.25,5393.0,1.5,1.17,0.15,70752615.0
129.98,111.23,84.81,422.67,163,12365.73,19,632,9.91,5947.0,1.0,1.15,0.1,202123901.0
111.86,115.76,110.41,331.44,217,15416.17,4,692,6.82,5673.0,1.0,0.97,0.1,53937439.0
149.78,91.14,102.45,369.55,21,16964.42,13,108,3.86,6439.0,1.0,1.12,0.1,34269051.0
122.53,117.61,108.19,269.86,88,13512.86,15,509,5.57,3701.0,1.5,0.97,0.15,121917840.0
147.49,114.31,85.24,378.8,139,16865.93,11,628,3.21,4438.0,1.2,1.07,0.15,152236337.0
142.74,128.92,103.08,382.0,93,13564.71,5,302,3.17,5537.0,1.0,0.97,0.05,24548425.0
84.43,126.14,108.68,349.8,138,11985.12,8,440,7.9,5115.0,1.0,1.19,0.05,58762865.0
130.98,107.43,94.39,293.24,72,19471.3,2,334,6.9,3609.0,1.0,1.1,0.1,20521858.0
162.77,128.27,95.3,272.87,158,14731.63,7,710,7.33,5263.0,1.2,0.96,0.05,82909675.0
110.05,89.25,94.0,399.51,261,14783.82,2,47,8.64,5882.0,1.0,1.07,0.1,10523306.0
97.67,102.27,100.25,299.74,27,15016.98,8,705,4.54,5050.0,1.2,1.16,0.1,113411381.0
143.7,108.57,94.07,308.25,105,15946.18,5,450,8.43,5258.0,1.0,1.0,0.1,46569477.0
151.43,88.51,76.86,341.66,185,21619.09,18,407,7.49,4531.0,1.2,1.12,0.05,193433459.0
118.3,110.6,95.78,361.42,183,15447.38,14,513,3.08,4721.0,1.0,1.04,0.05,129587596.0
110.37,126.89,96.23,494.12,86,17378.08,15,46,6.24,3704.0,1.0,1.14,0.05,18869715.0
122.93,119.46,110.37,325.03,132,12119.82,19,709,7.53,4040.0,1.0,1.14,0.05,204984810.0
122.69,104.99,97.06,294.27,152,12785.98,14,215,8.46,4818.0,1.0,1.03,0.1,49981766.0
125.75,128.82,108.67,323.89,252,18784.06,11,667,4.38,1856.0,1.5,0.98,0.1,158201148.0
141.04,132.16,101.96,367.94,292,13093.0,16,600,4.63,6398.0,1.2,1.01,0.15,158076026.0
136.03,113.77,99.54,317.66,52,14763.89,13,672,6.4,3851.0,1.5,1.04,0.05,146404717.0
124.42,110.73,91.38,335.16,134,14109.15,11,36,6.95,3638.0,1.5,1.19,0.05,13089417.0
122.48,121.11,98.68,340.13,148,15251.87,8,677,9.62,5188.0,1.5,0.99,0.05,94515878.0
119.66,92.04,82.54,383.91,64,15385.35,11,131,8.56,4548.0,1.0,1.08,0.1,31585006.0
91.94,86.24,89.56,409.55,256,14136.99,2,208,8.84,5144.0,1.0,1.14,0.05,14857756.0
114.28,107.14,108.58,334.08,129,11558.93,2,516,3.1,3386.0,1.0,1.13,0.15,22295340.0
115.04,92.51,84.98,421.69,70,13447.64,11,170,4.62,8116.0,1.0,1.2,0.05,36677102.0
134.1,102.5,110.16,363.15,263,13422.23,12,90,8.03,4662.0,1.0,1.19,0.1,25976327.0
113.2,103.77,130.0,379.52,226,17148.15,15,37,1.29,1804.0,1.0,1.18,0.05,13405738.0
112.85,149.93,90.49,291.09,253,10184.19,12,191,3.98,5117.0,1.0,1.05,0.1,32721075.0
98.32,107.95,113.1,394.01,218,16897.93,18,188,1.31,5357.0,1.0,1.17,0.1,77882085.0
112.49,117.69,92.55,394.77,140,13792.42,16,47,5.04,6054.0,1.0,0.96,0.05,14074643.0
136.64,96.38,105.2,352.66,42,16726.89,14,631,4.67,3814.0,1.0,1.16,0.05,185247109.0
120.71,125.03,97.71,403.13,276,14368.68,10,681,3.29,5402.0,1.0,1.14,0.05,131755579.0
152.01,132.08,106.3,395.3,43,8017.21,2,131,2.65,5039.0,1.2,1.04,0.15,5916906.0
111.98,115.4,97.21,262.35,137,16287.48,16,505,7.3,6934.0,1.0,1.09,0.1,164589086.0
96.3,113.39,98.9,325.75,61,19587.46,9,373,1.97,5040.0,1.0,1.17,0.15,92774600.0
140.57,101.92,106.0,350.03,275,13911.88,9,623,7.79,5986.0,1.0,1.03,0.05,97766987.0
101.04,150.0,101.48,301.17,53,19613.66,10,503,3.55,5406.0,1.5,1.11,0.1,124225711.0
123.33,103.03,102.46,332.73,21,15764.51,13,510,6.46,6028.0,1.0,1.1,0.1,131061924.0
99.6,109.4,114.6,287.84,132,15941.79,16,322,6.15,5935.0,1.0,1.15,0.15,116562035.0
103.39,135.57,89.19,308.51,210,20129.6,7,709,8.3,4146.0,1.0,0.96,0.1,114161362.0
105.53,132.12,92.91,373.02,75,16344.16,15,477,3.6,3472.0,1.2,1.09,0.05,138501377.0
107.84,124.05,95.78,377.34,155,10804.49,19,83,9.16,4210.0,1.5,1.03,0.1,24677648.0
124.24,112.97,110.92,363.17,177,16018.83,10,261,7.34,2099.0,1.0,0.98,0.1,50528110.0
131.65,121.82,113.42,340.76,221,8418.0,4,79,6.2,3257.0,1.5,1.04,0.05,7677018.0
133.14,111.01,100.93,374.27,35,16693.52,6,196,5.95,4722.0,1.2,1.19,0.05,30593825.0
100.96,114.68,90.2,294.89,93,9894.4,6,267,9.87,3948.0,1.0,1.07,0.1,24400770.0
111.41,110.36,108.81,282.47,71,16959.02,4,639,8.13,8056.0,1.0,1.01,0.1,52090517.0
160.64,103.11,106.68,352.45,197,15382.57,4,370,1.69,6960.0,1.2,1.08,0.05,32239143.0
109.94,105.45,103.25,399.15,122,11392.32,11,147,3.59,6306.0,1.0,1.12,0.05,26444006.0
108.14,118.6,100.43,306.27,276,13797.5,16,430,5.95,7056.0,1.5,1.06,0.05,114536677.0
145.25,129.29,100.03,289.41,217,17062.14,12,468,3.42,6055.0,1.2,0.99,0.15,117569507.0
116.56,112.4,82.48,266.95,64,17426.99,16,96,9.15,5488.0,1.2,0.99,0.15,34467629.0
106.91,136.74,119.67,440.39,84,14975.52,3,315,6.05,6924.0,1.0,1.06,0.05,20483118.0
87.63,84.23,110.07,397.14,92,14656.26,3,390,8.35,6593.0,1.0,1.11,0.05,26874535.0
122.04,104.43,101.07,357.32,147,12602.23,12,648,3.43,4958.0,1.2,1.05,0.05,113671308.0
126.18,118.87,113.35,352.39,240,15265.72,6,276,9.82,4922.0,1.0,1.06,0.1,38323839.0
131.93,126.8,109.15,298.01,143,9880.32,4,713,7.03,5228.0,1.5,1.16,0.1,47484203.0
136.51,127.33,110.76,339.19,27,21271.52,2,689,8.31,4978.0,1.5,1.02,0.05,35317704.0
133.52,118.43,105.99,341.87,145,14421.34,8,342,5.66,4997.0,1.0,1.14,0.05,55007579.0
110.63,115.8,99.65,361.58,108,12864.84,8,396,6.59,6331.0,1.5,1.02,0.05,49739923.0
124.23,108.48,92.54,248.98,190,18923.73,15,477,7.12,4368.0,1.5,1.04,0.1,161835730.0
127.71,113.99,95.67,300.88,94,10445.16,6,201,7.29,5804.0,1.2,1.07,0.05,20339346.0
95.44,122.62,83.76,418.21,140,21570.82,3,87,1.47,6430.0,1.5,1.2,0.1,11990412.0
127.63,104.61,100.33,397.61,233,11894.44,4,645,7.39,4590.0,1.2,1.14,0.1,52809798.0
114.31,88.95,112.51,356.73,129,16131.78,7,293,6.66,3027.0,1.0,1.09,0.15,48385096.0
128.57,105.95,92.45,344.56,244,10658.56,19,351,2.6,4679.0,1.2,1.03,0.1,87611868.0
108.24,123.36,105.62,366.95,150,23392.04,12,575,5.4,5884.0,1.5,1.15,0.1,214033772.0
109.65,99.51,94.75,325.82,92,18192.68,17,259,7.19,6343.0,1.5,1.05,0.05,92347581.0
103.18,132.54,109.53,341.63,69,12220.44,7,485,1.11,3202.0,1.0,1.08,0.15,54598851.0
156.88,118.37,89.39,387.81,257,16605.75,11,245,2.13,6558.0,1.5,0.97,0.05,51854425.0
152.33,94.79,80.45,366.37,207,17148.64,12,589,5.11,3397.0,1.0,1.08,0.1,150153142.0
115.74,95.21,111.03,391.47,276,9704.63,17,113,7.56,5849.0,1.0,1.15,0.05,29682111.0
119.06,110.6,104.28,210.26,110,13854.86,11,306,9.79,5078.0,1.0,1.06,0.1,60466327.0
124.81,128.57,91.87,355.53,169,10381.24,17,564,3.78,4395.0,1.0,1.12,0.15,137708573.0
105.03,110.03,99.38,368.29,249,13265.18,4,294,6.41,4447.0,1.2,1.01,0.1,24543785.0
131.63,121.49,96.65,226.14,117,13618.68,15,488,7.32,4792.0,1.0,0.99,0.1,114558574.0
141.82,97.68,111.85,344.91,289,16594.09,3,128,3.48,4903.0,1.0,1.06,0.15,14743476.0
144.47,116.01,107.93,227.23,286,15926.96,8,577,6.88,5541.0,1.5,1.0,0.1,89464889.0
154.51,108.78,98.37,379.61,229,20856.9,12,234,7.76,4089.0,1.0,1.03,0.15,75447230.0
142.74,103.83,101.83,358.91,227,15514.45,15,693,8.86,6626.0,1.0,1.17,0.15,233001095.0
150.58,119.38,79.74,373.52,153,15146.43,7,262,9.98,3068.0,1.0,1.0,0.1,36523701.0
138.52,105.56,98.38,295.14,284,16342.14,9,262,2.29,4248.0,1.5,1.05,0.05,47681761.0
103.71,116.85,91.98,322.95,23,18290.3,14,411,6.94,8277.0,1.0,1.17,0.1,140337036.0
105.27,139.09,98.81,399.99,53,14218.54,16,584,3.7,7191.0,1.2,0.98,0.1,147721901.0
125.24,127.9,106.94,283.41,164,14830.58,12,139,8.57,7263.0,1.0,0.99,0.15,32759531.0
102.71,150.0,99.77,371.44,241,17193.53,8,463,3.2,6275.0,1.0,1.18,0.1,92199181.0
99.62,112.32,96.96,407.51,224,13669.2,10,460,2.26,6058.0,1.0,1.12,0.05,84184600.0
125.62,105.65,108.86,363.15,150,14476.46,6,92,1.84,3255.0,1.0,1.05,0.05,10467612.0
91.67,125.96,100.52,355.07,273,15753.9,10,460,7.66,4492.0,1.0,1.17,0.1,105896461.0
99.88,111.31,94.13,272.88,177,14723.78,16,430,3.17,6314.0,1.5,1.04,0.1,121465544.0
100.64,102.9,103.48,401.41,191,14765.21,10,88,4.2,5757.0,1.2,1.0,0.05,18806575.0
144.09,129.21,103.64,353.73,209,14406.76,13,529,3.8,3052.0,1.5,1.12,0.15,136454675.0
118.91,119.25,104.13,309.6,203,13927.72,14,435,5.31,3837.0,1.0,1.05,0.1,104279724.0
114.97,107.02,82.01,419.89,163,16181.79,12,693,3.39,6574.0,1.2,1.01,0.15,166307629.0
120.0,120.31,105.33,346.49,218,18680.29,11,220,6.77,4825.0,1.5,1.09,0.1,60320024.0
121.94,107.9,97.27,346.82,262,17728.13,7,513,7.66,5246.0,1.0,1.07,0.1,86437342.0
161.23,101.1,85.19,370.54,137,15360.3,3,138,5.89,5886.0,1.2,1.14,0.1,13335933.0
108.99,111.58,105.6,391.67,188,18642.2,10,482,4.5,3007.0,1.5,1.15,0.05,114840450.0
129.03,109.45,108.09,324.62,67,16117.0,7,44,9.74,4915.0,1.0,0.99,0.1,8737306.0
114.36,105.63,102.81,325.02,113,13852.6,5,244,8.7,2531.0,1.2,1.1,0.15,26635297.0
122.47,94.23,104.6,288.82,152,16088.63,12,506,9.95,4438.0,1.5,1.18,0.15,141715382.0
115.43,104.04,98.66,251.48,62,11272.9,11,169,1.24,5456.0,1.2,1.03,0.15,29035079.0
149.93,123.39,84.3,284.96,81,12248.91,9,57,1.31,4164.0,1.2,1.04,0.1,11977993.0
135.37,100.16,102.01,340.2,241,10741.66,19,462,4.58,4820.0,1.2,1.01,0.1,112246575.0
104.85,132.64,97.35,299.69,139,13051.69,19,553,7.55,8361.0,1.0,1.16,0.1,184202972.0
109.85,111.7,96.37,435.53,161,17622.14,14,717,7.29,4447.0,1.0,1.07,0.05,208989574.0
101.27,108.52,90.76,359.16,164,14569.24,9,388,1.6,5347.0,1.0,1.0,0.15,64421421.0
80.0,116.41,102.94,280.58,89,16057.55,14,109,8.78,4884.0,1.0,1.1,0.05,32738680.0
110.97,111.53,95.89,321.43,131,15524.63,5,280,7.25,5088.0,1.0,1.18,0.05,32251960.0
111.16,122.52,96.07,353.3,78,14600.4,9,407,6.0,5748.0,1.5,1.18,0.15,79026452.0
111.79,111.41,109.25,423.87,65,19260.93,7,512,1.29,4309.0,1.0,0.96,0.05,74692887.0
137.01,100.1,90.78,351.15,35,13665.56,13,565,8.21,4743.0,1.2,1.07,0.1,121300033.0
114.57,128.39,114.55,366.98,44,17686.57,10,247,8.4,5546.0,1.2,1.03,0.15,56108319.0
134.22,94.21,103.24,351.29,56,15107.17,17,112,3.27,5665.0,1.2,1.13,0.05,37326237.0
98.31,100.83,105.63,352.78,160,12523.41,16,370,8.75,3359.0,1.2,1.13,0.15,104415428.0
136.35,110.52,103.52,374.13,206,13559.79,11,487,6.48,5050.0,1.0,1.18,0.1,104718603.0
122.14,80.53,118.35,410.81,27,15877.92,16,455,6.59,7122.0,1.2,1.16,0.1,153573338.0
137.09,127.8,118.91,338.3,89,15147.14,19,64,3.57,5280.0,1.0,1.13,0.05,26720699.0
109.94,115.01,97.83,431.22,293,11416.25,12,719,9.34,4680.0,1.5,1.01,0.15,132567919.0
117.75,119.36,94.66,357.5,278,17769.67,16,119,7.54,4880.0,1.0,1.03,0.15,46969893.0
112.68,111.72,100.69,318.47,68,19946.56,16,491,6.16,6356.0,1.0,1.03,0.1,184345744.0
122.08,97.76,98.27,384.98,223,18574.73,14,634,4.06,3748.0,1.2,1.16,0.1,221455104.0
109.56,108.55,95.22,320.41,199,13881.16,14,472,3.76,4317.0,1.2,1.11,0.15,123403401.0
131.65,117.11,97.71,369.22,91,11007.61,15,535,4.22,2421.0,1.0,1.18,0.1,120836441.0
93.62,111.87,96.19,265.41,111,16532.9,15,141,8.77,4558.0,1.0,1.1,0.05,46976435.0
165.01,112.09,122.68,357.81,37,17003.56,3,388,7.83,5920.0,1.0,1.11,0.1,30434022.0
134.84,104.42,100.56,345.96,230,12791.17,14,195,9.63,5266.0,1.2,1.15,0.1,53019420.0
172.57,116.13,76.08,451.74,147,14303.19,7,506,5.59,3224.0,1.2,1.08,0.1,67556307.0
135.59,121.69,98.34,351.91,53,12545.23,2,195,9.26,5104.0,1.2,1.04,0.1,9640750.0
115.18,107.86,83.73,425.27,221,15849.76,2,623,2.18,4905.0,1.0,1.09,0.1,35023245.0
135.76,93.54,113.52,325.26,100,16440.78,11,574,1.25,5746.0,1.0,0.98,0.1,116355296.0
126.72,93.94,101.21,403.75,262,15199.44,15,128,7.69,5626.0,1.0,1.13,0.1,43215075.0
112.34,125.36,108.21,339.17,109,17632.6,10,473,2.25,6170.0,1.2,1.11,0.1,108879927.0
130.83,128.72,104.35,425.5,251,15013.22,12,133,7.03,3423.0,1.5,1.0,0.1,33577704.0
124.14,90.65,87.02,293.68,176,9313.89,14,683,3.09,4449.0,1.0,1.2,0.1,126059608.0
130.4,97.51,110.49,355.39,114,16082.5,7,546,3.47,4548.0,1.5,1.12,0.15,87045015.0
93.17,117.1,114.89,338.12,25,14300.25,7,30,5.91,5874.0,1.5,1.12,0.05,6830403.0
159.17,132.36,89.89,314.89,168,18910.65,16,141,3.96,3432.0,1.2,0.98,0.1,48676500.0
115.16,116.24,84.62,346.92,124,17666.07,15,81,3.83,4595.0,1.0,0.98,0.1,26356818.0
109.19,116.93,104.75,316.07,68,14736.62,19,362,1.15,6623.0,1.0,1.02,0.15,121986223.0
99.81,107.48,109.39,383.75,235,15166.68,6,607,2.09,7078.0,1.5,1.13,0.1,79552260.0
101.05,88.35,109.36,328.5,262,10664.3,7,713,9.03,4221.0,1.2,1.12,0.1,77161892.0
118.06,124.91,108.7,382.4,104,11943.43,12,137,1.01,3266.0,1.2,1.1,0.05,25167479.0
131.76,109.1,103.24,367.28,135,19602.86,4,532,6.56,3210.0,1.5,0.97,0.1,49875708.0
129.44,108.8,116.55,387.54,208,11924.03,5,62,6.35,4289.0,1.2,1.15,0.1,7894333.0
138.14,94.88,109.7,311.06,71,13728.35,15,212,4.13,10116.0,1.0,1.12,0.1,58564056.0
121.85,139.24,91.05,237.52,269,17484.17,11,718,4.84,5700.0,1.2,1.02,0.05,158160785.0
94.72,102.8,106.08,350.68,24,9797.59,6,491,5.89,4461.0,1.0,1.05,0.1,37547893.0
133.67,99.42,92.49,336.61,133,15165.53,12,414,4.1,4296.0,1.2,1.0,0.15,91147734.0
85.79,101.87,93.88,355.11,210,17719.59,15,586,1.05,5132.0,1.2,1.14,0.1,205536881.0
101.4,98.78,110.51,396.76,64,15039.13,6,341,5.06,6632.0,1.5,0.96,0.1,37827318.0
141.4,136.62,103.75,322.74,239,19944.08,17,469,7.68,4557.0,1.0,1.11,0.05,195240384.0
105.63,89.34,111.31,370.78,267,14863.34,16,259,2.76,4508.0,1.2,1.18,0.1,87815447.0
111.88,113.5,104.48,396.08,215,14249.3,7,269,8.17,7657.0,1.0,0.96,0.1,37586921.0
105.42,129.61,104.1,323.54,259,13838.0,8,474,3.48,3336.0,1.0,1.08,0.1,71213667.0
117.49,100.35,91.03,269.7,157,16659.12,17,708,8.73,3492.0,1.0,1.04,0.15,248524245.0
121.38,91.45,97.75,316.07,199,13831.91,4,435,6.88,5771.0,1.5,1.15,0.05,37794200.0
114.15,131.87,105.43,356.96,207,12490.4,9,433,5.61,5370.0,1.2,1.03,0.05,60719785.0
144.58,141.86,101.62,242.34,192,20244.66,18,519,1.68,5841.0,1.0,1.01,0.15,224645033.0
111.7,123.28,101.33,341.17,102,17735.83,8,232,4.81,5864.0,1.0,1.13,0.1,45341175.0
120.64,87.58,114.09,407.03,215,16279.16,17,705,1.37,4447.0,1.0,1.01,0.05,217137250.0
99.13,88.8,104.83,358.98,36,17438.99,8,449,1.19,6382.0,1.5,0.99,0.15,75203023.0
129.73,116.87,103.6,279.93,37,14302.11,17,578,9.13,6453.0,1.5,0.99,0.15,165695796.0
88.62,105.6,90.04,370.11,242,20090.47,6,474,5.9,4492.0,1.0,1.1,0.1,80723113.0
131.51,123.02,93.7,283.36,292,11751.73,17,527,5.21,5539.0,1.0,1.13,0.15,148512889.0
139.06,127.73,98.09,400.68,26,19033.66,3,526,5.49,5826.0,1.0,1.18,0.05,42803873.0
106.25,134.92,118.59,394.71,103,18406.77,2,688,3.53,3312.0,1.0,1.0,0.1,35621908.0
132.82,121.88,88.13,326.39,65,16063.3,3,705,3.02,3888.0,1.5,1.09,0.05,44762946.0
104.36,103.49,88.0,371.21,54,18668.66,7,299,1.77,6638.0,1.0,1.05,0.1,48523137.0
108.64,82.17,109.99,266.55,218,14760.88,7,295,2.99,9749.0,1.0,1.07,0.1,41565058.0
125.62,124.49,111.86,362.58,169,17239.45,18,471,5.31,5032.0,1.0,1.06,0.05,169850793.0
127.63,132.93,89.99,328.65,249,14715.25,8,289,3.46,6481.0,1.0,1.17,0.1,50801093.0
106.45,102.86,92.08,309.99,27,17108.48,6,390,5.37,3011.0,1.0,1.15,0.05,51807470.0
158.92,137.04,81.39,438.92,126,14822.06,13,47,9.94,6615.0,1.0,1.07,0.05,16703928.0
115.85,94.11,122.82,389.01,33,14767.85,4,666,2.12,5859.0,1.2,0.96,0.05,44684627.0
102.05,104.0,108.49,336.3,105,8000.0,9,355,2.56,1000.0,1.0,1.01,0.05,30556457.0
93.72,110.48,90.89,334.54,194,24755.99,2,330,2.73,2642.0,1.0,1.09,0.05,24011208.0
86.98,100.12,94.68,333.01,77,12381.99,4,616,9.89,7213.0,1.5,1.03,0.05,40183127.0
118.45,117.8,117.99,300.8,90,14473.05,7,241,9.51,6367.0,1.5,1.13,0.05,37387760.0
135.78,102.07,90.6,345.9,217,13561.09,15,194,6.66,4830.0,1.0,1.08,0.15,57295601.0
135.03,118.55,93.61,272.84,134,16773.35,17,713,4.17,6125.0,1.0,1.16,0.15,279442063.0
137.75,109.59,110.73,347.43,132,8741.15,6,236,3.16,2841.0,1.0,1.16,0.1,22204906.0
88.33,96.35,84.9,282.47,53,16662.09,11,324,9.37,5922.0,1.0,1.14,0.05,79913124.0
107.37,111.45,108.5,433.32,44,16624.84,8,503,5.64,5860.0,1.2,1.09,0.05,83795192.0
131.88,96.31,122.16,331.09,284,17074.54,8,260,3.58,7262.0,1.0,1.14,0.15,54973940.0
117.56,100.04,113.26,328.45,280,22465.47,17,322,6.51,1967.0,1.5,1.01,0.1,142880037.0
80.44,86.07,105.94,290.29,117,16913.2,9,527,8.28,7042.0,1.2,0.98,0.1,92037755.0
120.94,101.26,106.42,314.11,119,14901.64,14,113,3.88,6842.0,1.2,1.0,0.1,29591137.0
113.0,133.77,99.11,374.3,137,9459.88,17,671,2.85,5032.0,1.2,1.1,0.1,138912347.0
124.34,112.1,104.26,438.81,21,10392.04,8,173,6.69,7069.0,1.2,1.09,0.05,19599000.0
125.45,89.32,111.64,378.92,268,13073.14,14,341,8.56,4738.0,1.0,1.11,0.05,83144601.0
107.2,113.6,119.33,270.95,87,8011.5,16,251,3.72,5338.0,1.0,1.17,0.1,45130741.0
149.69,131.24,91.29,408.25,95,12883.49,10,269,2.17,4974.0,1.0,0.97,0.15,42169192.0
123.21,96.86,94.09,385.76,50,14697.06,12,485,4.37,5988.0,1.0,1.02,0.15,105770328.0
142.13,135.11,91.02,367.97,297,18475.51,3,49,6.25,3362.0,1.5,1.09,0.05,8238948.0
113.8,111.39,113.95,386.5,167,12605.8,13,718,2.43,6767.0,1.0,1.19,0.1,165155436.0
107.2,103.13,92.84,451.95,163,15908.9,8,198,5.98,7260.0,1.0,0.96,0.05,31373090.0
142.79,106.1,86.25,321.97,134,13637.87,16,413,4.33,5419.0,1.2,0.95,0.05,96767816.0
154.44,102.05,99.55,361.87,92,13145.73,5,342,7.79,2226.0,1.0,1.1,0.1,33165315.0
151.3,90.34,86.64,361.18,244,16274.97,3,247,5.67,1463.0,1.0,0.99,0.1,19549628.0
106.63,114.87,91.67,248.97,43,11785.97,17,629,3.59,3920.0,1.0,1.19,0.15,175957176.0
149.1,119.96,86.59,322.89,202,11821.46,13,58,8.43,5391.0,1.0,0.98,0.1,15454145.0
101.45,89.41,92.73,349.34,68,10611.21,13,520,2.13,6988.0,1.0,0.98,0.15,84635901.0
105.95,114.01,97.96,285.38,97,12424.3,12,345,4.67,4327.0,1.0,0.97,0.15,63760700.0
115.74,112.87,94.46,311.22,208,12809.13,11,526,7.8,3705.0,1.0,1.2,0.1,108416400.0
120.15,105.12,100.9,327.85,27,13035.01,10,651,6.67,5193.0,1.0,1.05,0.05,98901163.0
128.03,123.74,87.0,389.01,31,23130.8,5,378,6.21,5140.0,1.5,1.08,0.05,54760538.0
128.97,146.63,101.01,368.21,46,15735.14,13,593,9.98,3594.0,1.0,1.11,0.1,153028388.0
134.02,113.13,92.23,382.28,200,14014.62,10,236,2.36,4280.0,1.2,1.09,0.1,44868464.0
126.9,128.67,125.46,361.93,133,15184.5,5,463,5.92,4596.0,1.2,1.02,0.05,45245045.0
108.41,107.75,111.97,327.78,211,13832.74,6,562,1.25,6523.0,1.0,1.12,0.1,65329187.0
94.63,121.73,117.25,401.69,88,12311.49,6,252,7.28,6602.0,1.0,1.11,0.15,30998465.0
118.31,88.75,107.62,433.37,68,13279.46,5,392,5.92,6803.0,1.2,1.1,0.1,36012703.0
91.57,94.59,90.12,377.17,295,16670.95,17,351,7.54,7170.0,1.0,1.07,0.05,122636282.0
128.75,108.92,99.79,390.51,107,11029.55,15,363,5.15,5260.0,1.5,0.95,0.1,67866598.0
130.26,121.66,102.9,364.1,98,17869.24,15,332,6.1,1000.0,1.0,1.11,0.1,114932081.0
110.89,137.26,98.17,436.52,239,12442.93,3,684,2.36,4207.0,1.0,0.98,0.1,39360583.0
128.05,85.95,93.92,434.94,132,20888.88,14,718,7.51,5193.0,1.0,1.14,0.15,286867619.0
110.75,88.5,88.64,462.17,86,15457.09,6,312,9.62,4129.0,1.0,1.16,0.1,44208472.0
132.55,101.65,109.07,441.61,91,16562.97,3,412,7.2,3630.0,1.0,1.17,0.05,31340840.0
118.94,127.04,104.3,439.43,234,13787.42,6,156,8.02,4100.0,1.0,0.99,0.1,19561247.0
104.53,128.9,104.96,389.56,135,16955.4,5,269,7.2,5544.0,1.2,1.12,0.1,34556254.0
112.1,102.53,109.38,324.41,275,13778.06,15,500,3.68,4949.0,1.0,1.1,0.05,129980005.0
129.17,119.12,95.0,318.41,137,14461.55,15,96,3.12,7448.0,1.5,1.03,0.1,30267386.0
120.37,117.01,98.78,353.23,98,12350.62,5,405,9.86,1463.0,1.2,1.0,0.05,32458777.0
116.74,95.46,92.38,409.37,30,15480.77,8,201,6.83,6828.0,1.0,1.16,0.1,36063955.0
118.44,146.7,103.16,357.03,251,20081.36,18,590,7.68,5066.0,1.2,0.97,0.05,226644542.0
109.81,112.41,84.27,330.51,127,13027.44,15,187,8.05,5240.0,1.0,1.18,0.15,55943076.0
141.68,100.15,86.24,327.81,293,18228.77,11,590,1.81,5729.0,1.2,1.01,0.1,142534374.0
148.29,117.63,95.47,356.91,23,13789.82,15,451,8.41,6961.0,1.5,1.1,0.05,113364721.0
111.56,110.17,103.9,409.88,97,15334.24,4,493,5.5,5330.0,1.0,1.13,0.05,43264620.0
111.38,93.45,95.54,285.86,67,11659.22,2,514,4.25,4085.0,1.2,1.02,0.05,16671351.0
104.94,122.81,104.71,356.6,104,20586.51,19,549,6.01,2453.0,1.2,0.98,0.05,227521747.0
103.91,102.71,120.5,303.54,259,13880.93,15,128,8.52,5177.0,1.0,0.96,0.05,32398711.0
122.98,110.72,97.96,389.6,214,17894.96,16,447,5.84,1333.0,1.5,1.06,0.05,151086807.0
105.44,116.11,92.31,353.03,272,13409.31,14,211,3.9,7129.0,1.0,1.1,0.1,54707532.0
158.1,99.91,116.1,358.98,239,13182.57,17,121,4.85,3014.0,1.0,1.07,0.15,37287847.0
89.37,112.42,89.8,279.48,183,14497.45,13,267,6.01,6810.0,1.5,1.17,0.1,69111356.0
134.99,105.45,98.63,327.93,299,21196.93,16,315,3.08,3792.0,1.0,1.16,0.15,151878317.0
141.48,94.21,89.15,341.68,244,12834.53,11,617,7.57,4952.0,1.5,1.18,0.1,127680525.0
146.66,122.96,117.76,295.52,202,9776.29,9,160,7.68,4453.0,1.0,1.15,0.1,23092930.0
151.76,124.17,86.99,259.82,78,12922.78,12,462,7.11,4378.0,1.0,1.15,0.15,100874558.0
109.87,108.79,109.27,279.41,180,14454.19,3,485,2.58,4093.0,1.0,1.16,0.05,30696662.0
100.77,113.28,84.24,322.73,208,15763.19,9,369,9.27,4939.0,1.0,1.18,0.05,73338746.0
91.67,105.61,106.96,338.93,145,20691.47,4,670,2.84,5785.0,1.5,1.2,0.1,83298898.0
86.24,104.66,94.34,322.76,106,13505.32,4,478,5.85,6594.0,1.2,1.14,0.05,36790144.0
108.2,129.35,106.25,372.06,192,12615.83,10,59,9.22,1334.0,1.5,1.05,0.05,11452167.0
138.4,70.0,107.44,313.55,127,19806.5,13,612,5.87,2972.0,1.5,0.96,0.15,180345541.0
103.71,120.47,84.74,436.42,278,13103.13,19,288,4.3,7549.0,1.2,0.98,0.1,82754116.0
119.07,110.03,112.75,420.25,152,12922.97,16,40,5.59,5157.0,1.2,1.16,0.05,13852249.0
144.57,126.84,103.18,345.27,27,15578.08,8,518,9.41,2894.0,1.5,1.18,0.05,83712446.0
115.48,98.41,105.55,298.4,133,19756.18,11,544,1.14,7114.0,1.5,1.12,0.05,144880692.0
96.58,108.65,113.68,329.85,84,16573.98,3,125,3.2,5022.0,1.5,1.12,0.05,10566180.0
114.4,109.41,92.05,355.24,105,14288.54,12,143,3.4,5188.0,1.2,1.04,0.05,31973425.0
135.81,118.97,105.97,348.11,79,14897.18,17,595,2.63,2650.0,1.5,1.04,0.05,168147197.0
164.33,105.1,105.09,391.68,53,19227.69,8,272,2.32,8968.0,1.2,1.15,0.05,56150936.0
119.34,100.64,101.83,336.97,268,14634.15,4,452,8.75,6114.0,1.5,1.04,0.05,38384851.0
106.69,119.25,89.92,369.99,231,17425.13,2,571,9.16,7174.0,1.0,0.98,0.05,30035169.0
98.88,109.82,96.43,294.45,247,16966.68,12,412,5.8,5737.0,1.5,1.1,0.05,103553298.0
130.56,102.57,95.65,350.4,215,19320.99,11,606,1.11,7087.0,1.0,1.04,0.15,163915812.0
120.72,115.94,75.21,414.82,75,13271.75,17,313,2.73,4328.0,1.2,1.03,0.05,82037266.0
141.13,113.67,96.09,296.49,44,14656.29,17,446,5.99,5497.0,1.2,1.18,0.1,149814074.0
157.24,88.78,93.68,287.23,169,14617.24,18,510,8.72,4454.0,1.0,0.97,0.15,156118862.0
136.44,128.45,104.42,313.79,128,8996.91,2,614,1.3,2053.0,1.0,1.2,0.1,22087150.0
93.21,103.85,107.85,391.52,73,19065.99,9,94,4.02,5367.0,1.0,1.1,0.15,23996551.0
90.86,93.7,98.87,422.54,83,13608.48,13,424,9.24,3568.0,1.5,1.2,0.05,102335048.0
119.01,111.02,105.13,360.74,82,13019.66,10,643,3.73,5638.0,1.0,1.07,0.05,99820508.0
96.55,117.79,119.43,320.18,53,18637.69,15,697,8.99,4395.0,1.0,1.1,0.1,243045692.0
120.76,99.55,105.79,373.43,32,14469.33,10,189,5.2,4135.0,1.5,1.14,0.05,34724280.0
111.48,81.0,96.46,309.42,296,17286.25,18,57,7.14,8920.0,1.0,1.19,0.1,29017428.0
108.95,94.19,100.87,293.75,210,14601.85,8,302,7.74,6362.0,1.5,1.16,0.15,54529576.0
105.36,109.73,75.12,337.6,210,18458.03,9,303,4.46,2649.0,1.0,1.0,0.1,62116697.0
123.69,89.46,99.11,312.19,20,9812.93,2,687,8.38,5051.0,1.5,1.13,0.05,20515796.0
112.99,113.12,114.87,319.65,78,14124.18,4,680,2.55,4938.0,1.2,1.08,0.1,51607173.0
151.76,113.53,93.79,334.31,295,13429.57,18,428,8.68,4739.0,1.5,1.07,0.05,127682651.0
108.42,112.4,84.8,456.08,102,20824.23,7,679,7.65,4620.0,1.0,0.96,0.05,107148495.0
94.62,98.76,93.74,352.93,126,23016.02,18,384,9.07,4347.0,1.5,1.11,0.05,190971249.0
134.2,81.11,98.01,374.09,247,14365.18,19,266,7.96,5422.0,1.0,1.06,0.1,91148307.0
148.76,101.35,107.39,318.79,224,12033.81,14,373,2.63,5699.0,1.0,1.12,0.1,84795398.0
172.6,105.21,96.91,344.17,69,16424.71,19,634,2.05,6370.0,1.0,1.13,0.1,251757641.0
117.16,126.02,109.49,397.17,29,13678.04,13,373,2.83,7738.0,1.0,1.16,0.05,84923970.0
145.34,104.24,95.18,304.09,230,21420.15,18,325,2.41,3788.0,1.0,1.02,0.05,139988054.0
101.42,143.2,102.65,307.63,144,17804.08,13,507,4.63,5559.0,1.5,1.14,0.05,147537599.0
142.15,124.08,99.93,395.05,83,15785.39,3,531,5.22,4528.0,1.2,1.07,0.1,34413279.0
122.32,72.78,106.21,346.61,289,9108.29,9,509,6.44,2420.0,1.2,0.99,0.05,52597683.0
87.87,91.93,98.8,389.08,124,15988.72,5,41,7.25,4524.0,1.2,1.08,0.1,8215867.0
122.41,105.62,101.65,348.15,64,13051.48,4,362,9.28,3782.0,1.0,1.11,0.15,29225938.0
130.1,118.51,103.12,354.26,282,18867.66,18,263,8.59,5837.0,1.0,1.19,0.1,127323356.0
105.64,130.6,118.95,396.33,59,13030.4,17,178,3.52,5691.0,1.2,1.16,0.05,50250546.0
104.87,109.89,96.84,420.89,28,12670.9,9,166,3.03,6152.0,1.0,1.16,0.05,25177826.0
81.54,103.73,103.59,345.27,151,19375.25,12,609,9.88,2535.0,1.0,0.95,0.15,161570117.0
96.76,126.86,115.98,306.15,123,13090.82,13,103,2.23,6515.0,1.2,1.13,0.1,25545862.0
110.07,102.37,94.42,313.92,130,19183.3,9,204,1.12,5597.0,1.0,1.02,0.05,43839704.0
121.57,110.15,89.89,375.72,105,17307.23,13,313,3.71,5490.0,1.0,1.2,0.05,96859881.0
132.43,104.49,88.6,352.99,70,17416.58,11,554,2.31,2587.0,1.0,1.08,0.1,130143408.0
96.04,83.7,99.52,283.19,92,13093.38,15,300,5.64,5114.0,1.2,1.01,0.05,66556490.0
125.14,119.19,106.3,411.73,87,12431.98,10,400,7.58,3940.0,1.0,1.1,0.15,70500001.0
106.49,126.74,99.73,423.68,131,14522.31,18,301,4.27,3817.0,1.5,1.17,0.1,105506439.0
119.38,86.37,92.92,311.36,166,12524.89,5,538,4.39,5821.0,1.5,1.08,0.1,47178841.0
87.23,97.6,102.31,363.05,135,13280.38,12,107,2.95,7141.0,1.0,0.99,0.1,23406752.0
97.78,95.41,108.05,362.59,79,17318.81,6,431,3.78,4964.0,1.0,1.02,0.1,53986261.0
156.84,115.04,86.49,368.06,144,12425.47,12,483,7.63,8902.0,1.0,1.1,0.1,94638161.0
89.3,111.4,97.3,432.06,60,18931.96,7,246,2.99,6052.0,1.0,1.05,0.1,41904407.0
152.5,107.16,104.11,405.89,59,13262.68,7,330,3.6,5048.0,1.2,1.02,0.1,37447800.0
149.04,118.73,101.15,292.1,56,14675.45,6,692,2.81,4718.0,1.2,1.11,0.05,75295834.0
150.43,118.51,103.47,290.69,293,15416.62,9,168,4.05,3565.0,1.5,1.0,0.1,29816539.0
85.5,105.79,100.28,447.93,37,18106.72,5,573,5.17,3844.0,1.0,1.07,0.05,63184921.0
96.13,105.26,86.11,281.12,34,17519.75,3,671,8.35,6243.0,1.0,1.2,0.05,50347928.0
131.7,121.41,102.99,380.54,91,15441.75,10,32,1.32,4652.0,1.2,1.12,0.15,9445460.0
134.45,116.62,83.09,337.18,89,12425.06,6,375,3.64,4895.0,1.2,1.08,0.1,37577591.0
117.33,99.65,101.23,339.52,247,14898.88,10,425,2.03,2297.0,1.0,1.03,0.1,77862525.0
145.22,131.35,98.81,309.89,112,12269.33,9,472,1.92,5234.0,1.5,1.18,0.05,68209822.0
113.09,102.39,105.91,218.55,55,17106.38,5,90,3.08,6895.0,1.5,1.12,0.1,14202996.0
125.76,113.24,116.51,297.66,143,19712.52,5,125,4.65,4955.0,1.0,1.12,0.05,19615188.0
110.55,80.35,107.97,350.36,27,12414.63,6,141,5.74,6418.0,1.0,0.99,0.05,14086748.0
138.84,115.91,105.71,387.5,77,19440.19,12,470,5.04,5350.0,1.2,1.04,0.15,136183538.0
95.82,143.25,116.96,323.84,183,12063.15,6,34,4.51,2406.0,1.2,0.96,0.05,6110257.0
140.63,98.85,98.87,347.21,142,13462.55,5,405,8.76,2500.0,1.0,1.02,0.1,34778268.0
127.5,102.93,78.58,366.89,259,12643.0,16,95,5.61,4295.0,1.0,0.95,0.05,22485752.0
90.63,124.45,95.87,481.23,56,22709.35,19,553,9.4,5607.0,1.0,1.04,0.05,267673193.0
89.61,129.14,93.18,286.53,121,14159.21,9,157,6.0,5002.0,1.0,1.1,0.1,28433477.0
126.0,122.67,99.22,338.24,22,16499.11,16,512,1.63,5086.0,1.5,1.13,0.1,170519028.0
123.11,89.91,94.02,386.25,273,18392.24,3,612,1.6,5900.0,1.0,1.1,0.15,56136370.0
132.2,130.52,100.38,379.52,121,14788.24,6,278,9.6,3316.0,1.5,1.06,0.1,34999444.0
104.62,105.95,104.49,348.0,199,11617.98,12,148,6.56,5037.0,1.0,1.01,0.05,27232850.0
101.36,104.11,95.92,373.95,76,14749.68,15,486,4.43,3579.0,1.2,1.02,0.1,127676905.0
124.79,107.17,81.42,330.49,103,10710.03,9,75,4.4,6185.0,1.0,1.01,0.05,9460337.0
134.09,114.92,92.41,291.76,232,15520.57,18,393,8.17,4385.0,1.2,1.07,0.05,132093997.0
116.02,113.09,111.55,324.97,137,12818.95,12,553,6.15,5612.0,1.5,0.99,0.05,96083484.0
117.31,110.79,94.21,387.22,150,15341.65,18,667,4.64,6393.0,1.5,0.96,0.05,192029516.0
108.51,81.92,112.2,361.0,72,17838.91,16,115,6.67,4171.0,1.0,1.11,0.05,43693469.0
101.64,87.51,94.3,425.62,297,13447.93,7,36,7.4,5670.0,1.0,0.96,0.1,6776116.0
157.45,125.46,118.41,360.91,194,11758.95,16,581,5.78,4934.0,1.2,1.1,0.1,144282308.0
123.23,106.66,108.27,357.86,76,11580.26,19,228,2.18,5275.0,1.0,1.08,0.1,63262544.0
85.98,107.01,118.12,360.3,28,14764.25,12,505,6.97,5343.0,1.0,1.04,0.1,106285153.0
107.67,115.0,116.0,360.44,228,17538.79,3,126,1.87,3423.0,1.0,1.13,0.1,12711425.0
103.47,119.83,97.51,374.91,266,19335.97,15,200,3.47,5011.0,1.0,0.98,0.05,64353625.0
103.69,117.28,104.01,423.29,105,13716.57,8,686,5.54,5532.0,1.0,1.05,0.05,89945992.0
146.16,95.04,114.68,326.01,284,11889.41,10,258,2.14,5621.0,1.0,0.99,0.05,36166684.0
132.04,129.07,101.08,312.18,31,14720.68,3,549,1.83,6492.0,1.0,1.19,0.1,36858899.0
105.49,105.25,94.06,321.36,69,12381.95,3,385,1.65,5841.0,1.5,0.99,0.1,21187153.0
149.7,90.33,96.88,382.48,76,16553.01,12,73,9.43,3452.0,1.2,0.98,0.1,18629276.0
126.66,99.61,107.18,394.93,161,11144.01,14,420,5.16,7592.0,1.2,1.12,0.05,85249803.0
128.27,101.55,98.26,434.16,167,14805.65,19,694,2.41,6445.0,1.0,1.08,0.05,230709928.0
152.0,114.38,110.87,287.18,139,13347.83,19,640,6.42,6029.0,1.2,1.12,0.1,208054110.0
80.19,113.26,97.16,395.95,29,15004.66,15,181,4.29,3117.0,1.0,1.04,0.1,52505986.0
89.27,123.09,93.24,460.83,156,14129.4,18,277,6.47,6727.0,1.0,1.19,0.15,104128908.0
118.11,132.74,112.39,308.67,287,12628.09,10,87,5.96,3922.0,1.2,1.1,0.05,16091247.0
114.17,108.91,93.16,334.46,196,18293.78,12,454,2.78,5638.0,1.0,0.96,0.1,111686824.0
106.56,120.31,107.49,330.27,138,10788.32,6,138,8.42,4257.0,1.2,1.02,0.05,14048068.0
125.02,101.37,96.96,359.59,258,15248.15,6,526,8.63,3799.0,1.5,1.03,0.1,66019209.0
135.11,98.93,84.69,448.14,153,14101.16,9,38,3.61,6798.0,1.2,1.12,0.05,8060823.0
99.94,103.92,118.3,334.28,93,16271.45,10,640,9.52,6406.0,1.2,1.01,0.15,128451753.0
121.45,117.72,110.25,379.95,125,13677.53,18,239,6.44,5879.0,1.5,0.97,0.1,69107508.0
110.57,121.94,94.8,292.99,25,16774.2,5,222,9.55,5243.0,1.2,1.09,0.15,28026256.0
108.26,109.77,104.75,377.0,234,19550.94,2,112,9.3,5628.0,1.2,0.96,0.05,10835749.0
161.62,112.22,119.09,303.75,55,21431.73,4,502,1.48,3873.0,1.5,1.13,0.1,57480286.0
110.53,108.69,90.83,292.35,84,18398.12,13,275,7.96,6094.0,1.2,1.12,0.1,84843021.0
112.39,94.19,109.71,350.56,247,14264.55,16,493,9.48,6800.0,1.0,0.98,0.1,131011331.0
94.53,76.11,111.34,368.7,108,18622.85,2,560,3.79,3501.0,1.2,1.06,0.05,29992980.0
143.21,112.88,99.24,312.14,122,12375.61,2,290,1.75,6290.0,1.5,1.1,0.05,13910505.0
108.03,98.72,95.46,370.95,43,15182.41,13,552,1.71,2654.0,1.2,0.95,0.05,111056285.0
128.16,119.09,113.91,449.82,128,13916.73,17,390,7.94,6898.0,1.2,1.17,0.05,121591817.0
105.92,108.76,105.2,387.88,39,13809.72,18,164,2.52,4929.0,1.0,1.06,0.1,52632322.0
131.82,121.62,107.87,399.58,288,13648.95,13,147,8.42,5320.0,1.0,1.13,0.1,39344122.0
126.84,132.56,104.81,384.49,182,13801.19,17,200,1.0,5525.0,1.0,1.16,0.05,62095268.0
119.5,90.1,76.16,353.43,131,15871.52,13,448,7.6,4525.0,1.0,1.14,0.15,127290335.0
127.0,117.15,89.55,256.24,66,17512.22,5,649,6.96,6741.0,1.0,1.08,0.15,77400820.0
142.2,125.18,104.71,368.45,153,19085.92,3,151,1.02,5758.0,1.2,1.13,0.05,14215416.0
124.21,108.8,94.89,264.38,262,9130.77,16,200,8.62,4025.0,1.0,0.98,0.05,34611366.0
100.2,123.38,88.76,325.54,83,11592.52,2,595,2.39,5377.0,1.0,1.11,0.05,20029626.0
142.19,94.33,108.45,392.62,291,18186.39,10,85,6.85,4165.0,1.0,1.05,0.1,22293156.0
137.64,107.31,107.92,275.88,243,15727.36,2,121,4.33,3610.0,1.2,1.11,0.15,10783552.0
116.08,131.56,110.93,375.53,287,14532.27,9,400,1.51,5383.0,1.2,1.16,0.05,72886538.0
100.9,135.79,98.72,373.39,159,16291.77,2,463,2.29,8095.0,1.0,1.03,0.1,22463868.0
117.31,112.86,98.59,414.11,289,16819.2,13,210,1.53,4873.0,1.5,1.07,0.1,60347362.0
142.33,109.67,98.64,372.62,28,10457.38,15,481,7.48,6381.0,1.2,1.18,0.15,110160567.0
138.1,113.92,106.19,418.11,70,20374.97,8,135,7.99,7053.0,1.0,1.16,0.1,34477059.0
100.28,121.25,118.38,405.86,214,8651.15,19,185,7.5,4303.0,1.0,1.07,0.1,42753505.0
125.13,124.13,79.73,351.66,224,13717.95,16,533,8.68,6172.0,1.2,1.03,0.15,150703797.0
139.81,132.94,120.13,360.42,129,19982.16,18,99,3.08,4441.0,1.0,1.19,0.1,51799087.0
137.1,110.93,86.88,250.65,118,13937.89,16,557,6.5,5402.0,1.0,1.08,0.05,147545995.0
141.66,108.61,90.27,353.27,210,15947.33,13,125,6.94,5703.0,1.2,0.95,0.15,35764580.0
124.55,131.63,105.52,349.13,109,15776.33,2,429,5.62,3656.0,1.2,1.05,0.15,22858787.0
119.0,113.31,108.6,336.96,126,18294.52,5,150,4.2,3711.0,1.0,1.01,0.1,17758387.0
102.66,131.89,85.19,341.66,189,16314.32,14,102,3.06,4323.0,1.5,1.16,0.05,31907187.0
102.36,89.68,97.95,310.18,122,10758.34,6,39,9.63,5433.0,1.0,1.12,0.05,8754215.0
158.59,113.64,104.32,414.34,238,12413.21,7,515,5.04,3687.0,1.0,1.0,0.05,57139319.0
150.6,107.58,96.88,398.6,91,15245.75,6,301,4.83,3971.0,1.2,0.97,0.15,36032667.0
121.17,97.14,108.37,381.82,77,17918.63,18,448,1.83,7047.0,1.0,1.13,0.15,192448364.0
114.44,119.32,74.14,323.16,28,9213.19,5,520,1.55,2596.0,1.0,0.98,0.05,27705407.0
116.43,99.3,87.93,359.31,253,14625.86,12,184,1.14,2734.0,1.0,1.01,0.1,39283567.0
114.67,113.61,104.92,347.19,135,15616.87,4,383,8.06,5182.0,1.5,1.04,0.05,33829921.0
141.82,109.39,100.42,338.93,57,16358.4,2,331,1.61,4252.0,1.2,1.0,0.05,14960773.0
87.34,120.89,107.58,266.89,42,8249.11,10,185,2.15,4884.0,1.0,1.06,0.15,21471570.0
80.0,125.5,83.87,375.45,101,12635.53,9,355,6.14,4581.0,1.0,1.08,0.05,51636821.0
91.01,125.09,108.99,329.4,68,13806.27,3,460,5.47,2793.0,1.5,1.03,0.15,25062636.0
129.04,110.74,94.54,416.73,196,14095.52,13,52,4.99,5029.0,1.5,1.01,0.1,13608572.0
143.0,99.43,95.84,393.52,46,16880.19,2,467,5.26,5730.0,1.2,1.12,0.05,24169579.0
119.98,90.76,112.9,405.87,67,20702.38,12,360,7.55,4877.0,1.2,1.06,0.05,105054919.0
111.2,91.27,108.4,370.32,298,14226.06,9,127,4.14,7459.0,1.0,1.09,0.1,25765095.0
107.45,108.2,83.98,345.91,176,17484.3,2,233,4.92,9139.0,1.2,1.08,0.1,17613569.0
121.08,88.84,97.51,365.98,286,16017.07,7,392,3.3,5906.0,1.0,1.01,0.1,56275608.0
177.89,105.29,79.94,323.37,80,12137.01,16,329,2.46,4008.0,1.0,1.03,0.15,77962953.0
105.28,132.49,102.82,259.55,237,17291.53,17,596,3.5,8490.0,1.2,1.09,0.15,229152087.0
121.99,111.5,107.96,369.09,234,17257.77,12,380,7.1,4231.0,1.2,1.16,0.15,116524542.0
84.49,110.38,94.5,365.61,41,13562.65,3,660,5.47,5038.0,1.0,1.12,0.1,36747489.0
133.22,107.66,104.23,365.03,58,13938.25,7,329,9.35,4413.0,1.5,1.19,0.1,47003414.0
80.0,118.13,115.64,428.74,112,14323.16,2,567,2.14,6311.0,1.0,1.06,0.1,25409393.0
119.14,114.62,97.45,324.56,47,14175.72,8,523,5.03,5812.0,1.0,1.05,0.05,70984249.0
133.6,103.64,86.79,366.39,49,19808.57,6,190,9.94,5609.0,1.2,1.19,0.1,34243759.0
113.66,96.96,97.8,390.36,184,16705.75,10,376,9.23,6886.0,1.2,1.17,0.1,89687683.0
119.27,105.27,110.53,378.71,292,12559.48,7,146,6.85,2514.0,1.0,0.98,0.05,18570075.0
118.41,95.62,92.36,367.52,279,18795.95,4,41,4.61,1041.0,1.5,1.17,0.05,6772288.0
126.57,130.16,108.43,269.76,31,15787.07,11,676,2.71,6475.0,1.0,0.99,0.05,123779116.0
111.43,127.33,78.73,335.79,41,12556.7,19,271,9.84,3898.0,1.0,1.01,0.05,73053216.0
88.29,125.62,113.34,379.73,260,18375.62,18,528,8.85,7094.0,1.2,1.16,0.1,236527782.0
95.61,119.0,95.46,391.1,68,20591.46,2,543,6.5,5609.0,1.0,1.0,0.05,27170626.0
97.3,107.09,83.98,377.55,71,15953.44,6,647,9.76,5357.0,1.2,0.96,0.1,71712261.0
91.06,108.46,110.0,397.02,24,14451.65,17,32,3.46,4878.0,1.0,1.12,0.15,13408190.0
107.29,106.69,92.6,452.0,25,16422.08,13,429,4.64,2721.0,1.2,0.96,0.15,104391576.0
120.63,117.87,105.43,361.97,98,14157.58,12,284,2.49,3366.0,1.5,1.09,0.05,58926110.0
120.58,109.42,80.26,349.03,209,15346.41,8,181,6.97,4102.0,1.0,1.13,0.15,36772810.0
108.66,109.65,106.39,279.73,160,14902.21,18,322,1.63,7129.0,1.0,1.13,0.1,112302730.0
118.65,103.52,94.78,367.28,180,13610.92,13,650,7.54,7033.0,1.2,1.13,0.1,153519765.0
117.54,104.0,93.66,450.07,265,15826.36,15,653,7.38,4850.0,1.0,1.14,0.05,200824666.0
111.81,103.43,102.63,327.17,44,13614.19,12,337,7.37,5756.0,1.0,1.0,0.05,62225851.0
88.07,97.14,118.82,280.41,111,14508.42,14,413,6.82,6131.0,1.0,1.04,0.05,98216987.0
126.18,110.88,88.31,452.23,197,14203.74,11,87,1.39,3582.0,1.5,0.99,0.05,18087094.0
112.36,95.5,102.57,376.76,215,14322.57,7,107,1.6,3817.0,1.2,1.19,0.05,19418846.0
119.02,110.41,92.09,312.22,82,13748.58,15,465,4.06,5109.0,1.5,1.16,0.15,132738145.0
144.53,86.62,106.25,278.83,226,14414.53,7,218,6.99,1923.0,1.0,1.07,0.15,33204387.0
137.87,107.95,96.84,369.98,175,16992.64,15,595,8.39,4383.0,1.2,1.04,0.1,182582113.0
133.32,140.57,109.24,427.23,221,16126.91,16,494,3.06,2980.0,1.5,1.12,0.1,167259119.0
102.24,116.42,116.52,347.03,76,9304.95,6,612,5.33,2574.0,1.0,1.17,0.1,48758275.0
145.0,141.91,105.69,344.81,175,20906.99,17,703,7.36,4012.0,1.0,0.96,0.1,271889060.0
119.1,92.04,101.68,428.53,179,15105.47,7,380,4.75,6731.0,1.0,1.06,0.1,55794062.0
103.93,98.98,103.02,428.02,114,13827.78,19,218,2.17,5234.0,1.2,1.03,0.1,70130909.0
104.71,118.8,106.61,420.62,48,22008.07,14,570,7.34,6820.0,1.0,1.14,0.1,226215088.0
120.11,150.0,90.7,384.04,162,16397.24,4,662,6.59,3577.0,1.0,1.13,0.1,63313586.0
147.81,86.04,107.2,352.99,278,13335.15,18,631,2.54,4926.0,1.2,1.19,0.1,210032487.0
99.5,100.3,114.12,258.76,218,13094.27,6,500,3.92,6354.0,1.2,1.19,0.15,63514582.0
134.56,120.44,77.62,330.81,236,13203.55,8,414,1.28,4697.0,1.5,0.97,0.05,49473960.0
80.0,112.4,98.81,274.55,163,10879.7,15,245,6.87,1019.0,1.0,1.04,0.1,50665778.0
133.11,111.33,107.42,402.18,47,8000.0,9,483,4.06,3778.0,1.5,1.18,0.05,46443073.0
126.21,109.87,97.38,360.14,83,15870.25,10,412,8.2,3560.0,1.0,1.19,0.15,96759379.0
94.39,112.96,109.46,454.41,201,18180.41,9,513,6.01,2327.0,1.2,1.09,0.05,108265966.0
127.2,94.87,100.7,333.48,113,13679.88,17,612,1.33,4840.0,1.2,1.04,0.1,165813920.0
128.22,110.96,101.31,314.69,196,11501.86,18,597,5.04,2657.0,1.0,1.18,0.15,176183347.0
116.66,107.51,91.51,366.62,256,13446.48,4,491,9.59,6144.0,1.0,1.2,0.1,47305151.0
121.23,124.92,111.53,433.54,236,14788.99,11,644,2.4,3580.0,1.0,1.01,0.05,124179075.0
96.38,105.19,77.89,399.44,181,15712.0,12,596,4.97,7476.0,1.0,1.03,0.05,131930593.0
149.91,110.35,82.06,348.49,290,15261.15,3,363,1.7,4978.0,1.0,1.17,0.05,29582074.0
137.97,118.11,84.8,353.28,119,20164.52,15,582,2.64,4537.0,1.2,1.06,0.1,211959643.0
140.7,116.67,99.27,333.53,181,11998.88,5,125,2.17,4016.0,1.0,1.03,0.1,12915407.0
114.69,118.48,110.09,359.54,248,16260.62,4,279,3.76,3764.0,1.0,0.98,0.15,27169373.0
88.0,121.26,82.13,331.27,220,17096.79,13,188,5.56,4841.0,1.0,1.05,0.15,57966614.0
164.69,127.2,107.89,380.12,78,18263.48,18,627,4.8,6310.0,1.0,1.11,0.05,248246763.0
130.26,142.75,97.36,346.74,38,12680.54,10,258,9.99,5479.0,1.5,1.05,0.05,41255395.0
119.54,96.92,106.02,353.26,236,18566.42,4,452,1.72,5156.0,1.0,1.18,0.1,53002936.0
103.33,94.29,113.71,262.64,183,17303.23,14,518,8.35,7071.0,1.2,0.99,0.1,145343704.0
94.06,124.49,99.63,247.45,36,21863.27,3,201,1.84,5204.0,1.0,0.97,0.1,18793767.0
128.62,123.9,101.3,445.38,169,16919.91,16,500,1.71,8076.0,1.2,1.0,0.05,150156610.0
123.16,92.57,107.11,353.34,292,16287.3,17,58,9.76,5169.0,1.2,1.07,0.05,23570854.0
80.0,137.25,95.87,412.45,205,9722.09,8,377,5.51,4578.0,1.2,1.0,0.15,42352807.0
85.68,103.27,109.04,416.72,201,20668.35,10,396,3.72,5404.0,1.5,1.13,0.1,109306248.0
130.89,118.76,115.87,335.59,122,11436.8,4,77,7.77,3082.0,1.0,1.12,0.1,7788637.0
118.95,98.55,93.19,367.75,123,12424.46,6,236,2.99,1000.0,1.0,1.11,0.05,22926905.0
118.41,109.47,100.41,326.09,160,16830.3,7,604,5.89,3496.0,1.0,1.05,0.05,86367842.0
142.68,113.81,101.35,293.79,148,13008.94,17,193,8.2,6167.0,1.0,1.09,0.05,52746799.0
120.1,148.97,85.4,313.51,253,9973.62,3,530,9.18,5648.0,1.0,1.16,0.1,31090010.0
125.99,107.93,99.65,299.36,203,12294.7,12,360,2.74,4004.0,1.2,1.05,0.05,64082986.0
120.11,98.09,110.1,386.63,278,15096.42,15,89,5.93,5756.0,1.5,1.12,0.1,29562575.0
126.93,94.53,97.51,359.06,37,14182.19,13,287,2.19,3138.0,1.2,1.19,0.15,75569382.0
114.51,108.55,110.83,292.36,76,13385.93,19,702,1.42,1340.0,1.5,1.07,0.05,204712083.0
127.63,130.91,101.87,363.2,282,13152.66,17,705,3.75,4626.0,1.5,1.14,0.1,213740181.0
157.1,96.33,106.14,365.79,66,15713.98,7,143,3.83,4107.0,1.0,1.19,0.15,25128871.0
164.07,136.77,107.06,213.9,228,22666.99,11,280,2.62,4730.0,1.2,1.16,0.1,95099879.0
105.5,117.64,82.7,382.84,38,12549.91,18,127,9.55,2586.0,1.0,1.06,0.05,36418724.0
128.49,100.7,110.81,431.53,139,12269.82,14,579,6.44,4964.0,1.0,1.14,0.1,135414377.0
107.95,97.35,99.08,422.72,283,15944.48,10,549,8.4,3839.0,1.5,0.99,0.05,103103042.0
83.81,129.72,90.22,420.83,103,15758.35,6,145,5.67,4640.0,1.0,1.19,0.15,23720759.0
107.38,105.43,105.78,370.12,98,13806.5,7,297,6.25,6768.0,1.0,1.16,0.1,45643701.0
129.72,124.86,75.28,294.19,99,13311.84,10,640,1.59,3965.0,1.2,1.01,0.1,100129814.0
118.99,91.5,84.61,312.02,163,17119.34,16,530,6.0,4397.0,1.5,1.16,0.05,185609254.0
116.19,127.71,106.47,350.28,89,18352.36,10,345,4.56,5132.0,1.0,0.95,0.1,72331110.0
119.85,112.82,90.37,332.77,121,11333.45,3,413,8.08,4292.0,1.0,1.02,0.15,23287148.0
141.32,122.54,98.93,389.19,20,12808.73,15,557,6.95,6262.0,1.0,1.1,0.05,128410056.0
83.07,105.48,88.16,324.5,178,18529.21,11,317,3.85,5910.0,1.0,1.12,0.05,81844875.0
146.03,131.65,87.68,269.49,106,15891.18,15,232,9.52,3738.0,1.0,1.01,0.05,62135165.0
88.33,110.1,83.49,415.17,298,16426.29,16,240,2.92,4494.0,1.5,1.19,0.15,93371080.0
137.17,118.04,103.18,414.84,239,14402.87,18,218,7.69,6147.0,1.0,0.99,0.1,66991684.0
116.37,98.26,110.46,361.1,28,9144.04,18,461,2.3,3953.0,1.0,1.17,0.15,107467687.0
127.01,107.94,93.09,302.32,129,11059.59,12,589,6.89,5396.0,1.2,0.99,0.05,88770367.0
123.99,112.49,100.73,368.77,57,16705.69,19,705,1.65,6305.0,1.5,1.04,0.05,249643649.0
95.83,127.95,107.06,334.91,48,15524.5,10,667,4.39,6387.0,1.5,1.1,0.15,137513685.0
98.42,119.6,114.75,327.12,107,19170.46,13,447,3.3,4906.0,1.2,0.97,0.1,124636218.0
80.0,133.46,88.65,330.41,51,18808.7,7,134,4.28,5372.0,1.5,1.02,0.05,22710203.0
119.91,117.57,105.33,355.38,66,14746.25,6,426,9.0,6105.0,1.0,1.17,0.05,52461423.0
125.13,122.22,85.15,266.41,250,13478.06,16,529,5.52,5812.0,1.5,1.16,0.05,146702466.0
119.22,92.01,102.94,359.28,289,12779.47,14,470,7.55,2019.0,1.5,0.99,0.05,97185519.0
114.32,111.03,91.06,373.07,28,14460.14,8,88,9.42,4930.0,1.2,0.96,0.1,15115982.0
112.52,124.82,92.82,406.45,83,13766.39,3,318,8.99,4377.0,1.2,1.18,0.05,21870281.0
123.03,122.02,103.76,439.03,70,12736.57,16,464,2.59,6552.0,1.0,1.05,0.05,110688563.0
113.65,128.53,106.82,336.32,137,11288.26,7,587,2.59,8643.0,1.0,0.99,0.1,57061635.0
99.36,93.53,96.47,497.22,42,14267.35,18,271,1.27,4787.0,1.5,1.16,0.15,95547901.0
135.04,97.35,106.82,448.38,177,15669.78,5,80,2.94,4821.0,1.0,0.96,0.05,10108592.0
134.8,112.85,92.35,241.43,76,18768.63,6,253,2.13,4817.0,1.2,1.05,0.1,34793402.0
117.95,104.47,79.37,325.06,48,10903.34,13,499,1.15,7198.0,1.0,1.01,0.05,77582140.0
117.94,100.85,102.57,448.85,127,13736.02,5,303,3.17,5753.0,1.0,1.04,0.15,30516462.0
97.7,96.29,94.23,349.1,222,18526.6,19,352,4.3,5062.0,1.0,0.98,0.1,140681350.0
119.87,129.24,106.52,394.38,298,15528.6,13,660,7.83,2628.0,1.5,1.1,0.1,176592064.0
120.11,104.37,107.93,332.44,288,15772.18,2,175,7.45,6721.0,1.5,1.11,0.1,13070026.0
134.31,111.61,113.28,288.13,277,10066.21,9,433,10.0,5236.0,1.0,1.12,0.1,58555146.0
117.71,91.68,93.69,412.81,89,10619.4,15,387,6.36,7902.0,1.2,1.18,0.15,89305169.0
142.75,126.74,86.52,299.21,102,17576.62,7,587,1.48,2970.0,1.0,0.95,0.15,84780412.0
94.12,113.78,109.77,276.52,182,11722.28,5,575,2.32,1679.0,1.0,0.97,0.1,42158230.0
93.77,108.46,115.89,353.01,25,20303.77,4,517,7.92,3420.0,1.2,1.1,0.15,56738917.0
126.13,126.77,113.42,433.41,103,16182.79,2,416,5.23,2804.0,1.0,1.17,0.05,22388669.0
81.34,101.1,119.58,460.14,166,15667.55,17,559,7.82,2667.0,1.5,1.08,0.1,187536494.0
121.49,139.87,90.89,368.6,224,13427.49,12,704,3.77,4334.0,1.0,1.14,0.1,152829430.0
80.0,122.66,105.02,406.15,147,19786.4,8,331,6.27,5087.0,1.0,1.08,0.1,70034826.0
145.04,113.33,101.09,303.02,195,11610.04,11,546,9.93,3325.0,1.5,0.97,0.05,79293326.0
