Customer_ID,Age,Annual_Income,Payment_History_Score,Credit_Utilization_Ratio,Credit_History_Length_Years,Number_of_Credit_Lines,Number_of_Late_Payments,Number_of_Credit_Inquiries,Types_of_Credit,Employment_Status,Outstanding_Debt,Has_Mortgage,Region,Credit_Score
CUST00001,53,1426973,802,1.12,10,1,3,5,Mixed,Student,651174,1,West,370
CUST00002,36,692021,475,0.42,16,3,2,1,Credit Card,Employed,116779,1,South,542
CUST00003,57,1906233,473,0.79,14,5,1,1,Auto Loan,Student,212895,0,Central,474
CUST00004,29,1801586,379,0.91,11,2,0,3,Mixed,Retired,343273,0,West,391
CUST00005,45,361591,774,0.15,9,4,3,2,Credit Card,Self-employed,427971,0,North,571
CUST00006,42,590679,558,0.05,11,9,1,0,Credit Card,Unemployed,624058,1,North,579
CUST00007,64,399104,510,0.29,15,1,4,5,Mixed,Student,104347,0,East,492
CUST00008,46,725941,600,1.16,6,5,3,0,Home Loan,Employed,170861,1,East,373
CUST00009,44,290767,685,0.2,23,4,0,2,Credit Card,Employed,200637,1,North,703
CUST00010,61,1603998,714,1.03,2,3,3,0,Credit Card,Retired,192404,0,South,398
CUST00011,58,1760606,872,0.57,3,9,2,7,Auto Loan,Employed,790825,1,South,420
CUST00012,34,1447590,353,0.94,16,3,4,3,Credit Card,Self-employed,895056,1,Central,300
CUST00013,62,492898,719,0.36,21,5,1,4,Personal Loan,Unemployed,982974,0,South,567
CUST00014,53,755120,796,0.91,3,2,1,0,Mixed,Employed,288594,0,East,475
CUST00015,63,310372,411,1.13,3,7,2,0,Auto Loan,Self-employed,180476,1,West,320
CUST00016,58,1531371,574,0.65,11,8,4,0,Home Loan,Student,380183,1,North,452
CUST00017,28,1581188,814,0.09,15,2,3,2,Credit Card,Unemployed,678350,0,Central,612
CUST00018,28,373903,894,0.78,22,1,3,7,Personal Loan,Self-employed,628512,1,West,517
CUST00019,43,1352031,836,0.3,6,3,3,1,Personal Loan,Employed,945068,0,South,510
CUST00020,48,1062144,567,0.22,2,3,2,0,Mixed,Student,419494,0,Central,492
CUST00021,49,1642571,655,0.09,1,9,1,0,Home Loan,Employed,381929,1,East,553
CUST00022,28,1543015,547,0.3,2,6,3,4,Auto Loan,Employed,477568,1,South,408
CUST00023,23,1611059,866,0.86,15,9,4,0,Home Loan,Student,88924,1,North,551
CUST00024,63,1601070,881,1.16,15,7,4,4,Mixed,Retired,779261,0,North,403
CUST00025,39,586844,375,0.95,23,7,3,5,Credit Card,Employed,854741,0,East,349
CUST00026,24,221753,550,1.1,5,2,1,5,Mixed,Self-employed,666664,1,East,301
CUST00027,57,1065147,576,0.43,7,5,0,1,Auto Loan,Retired,134047,0,East,541
CUST00028,23,1690392,409,1.05,16,5,3,2,Mixed,Unemployed,580192,0,West,350
CUST00029,28,325153,503,0.13,2,9,4,5,Personal Loan,Employed,970215,1,North,355
CUST00030,62,1307756,575,1.04,7,4,0,4,Credit Card,Employed,272308,0,East,393
CUST00031,43,877453,852,0.01,13,9,3,2,Personal Loan,Unemployed,761820,0,North,616
CUST00032,38,1910327,792,0.92,13,8,0,6,Credit Card,Student,483266,0,North,477
CUST00033,52,1892747,863,0.3,1,5,1,3,Home Loan,Retired,564414,1,South,528
CUST00034,35,1721134,309,1.09,14,3,4,3,Auto Loan,Student,986314,1,Central,300
CUST00035,30,1932869,516,0.85,12,2,0,6,Personal Loan,Unemployed,728288,0,Central,383
CUST00036,51,892926,512,1.13,22,9,0,4,Mixed,Retired,711395,1,West,425
CUST00037,40,895754,637,0.69,1,1,4,2,Personal Loan,Student,781668,0,East,339
CUST00038,28,652250,455,0.33,11,1,0,1,Home Loan,Student,360051,1,Central,531
CUST00039,62,1961483,869,0.84,3,9,4,6,Credit Card,Unemployed,411094,1,South,382
CUST00040,26,1945083,797,0.42,3,3,1,0,Credit Card,Student,846984,0,West,511
CUST00041,35,215019,502,1.08,5,6,4,5,Credit Card,Self-employed,884480,1,West,300
CUST00042,51,1232617,871,0.84,6,7,3,0,Credit Card,Unemployed,33086,1,West,516
CUST00043,22,1262478,324,0.22,21,3,4,6,Auto Loan,Student,800528,0,East,422
CUST00044,43,1661811,441,0.87,8,2,1,7,Mixed,Self-employed,354821,1,North,335
CUST00045,37,1121902,850,0.56,11,7,2,0,Mixed,Unemployed,493658,1,West,569
CUST00046,50,574639,649,0.7,9,2,2,0,Auto Loan,Student,69943,0,South,511
CUST00047,32,1020068,835,0.65,9,8,0,7,Home Loan,Employed,918133,1,North,460
CUST00048,44,1611168,352,0.32,8,9,3,5,Credit Card,Employed,382289,1,North,388
CUST00049,28,1591352,873,0.2,13,4,1,5,Mixed,Unemployed,514985,0,East,613
CUST00050,29,278016,696,0.35,9,6,3,1,Personal Loan,Retired,186380,0,East,546
CUST00051,38,1623458,418,0.16,6,4,1,7,Personal Loan,Retired,559089,1,North,418
CUST00052,56,796967,321,0.19,3,3,0,3,Auto Loan,Employed,17836,0,East,471
CUST00053,64,1266268,408,0.15,24,3,0,1,Auto Loan,Employed,449201,0,South,629
CUST00054,31,1403956,781,0.89,16,4,3,1,Auto Loan,Retired,248994,1,West,521
CUST00055,32,1270492,758,1.09,13,3,2,0,Personal Loan,Employed,474789,0,South,469
CUST00056,38,1632074,357,0.4,3,4,0,6,Home Loan,Retired,111454,1,East,405
CUST00057,28,1702264,588,0.6,18,1,4,4,Personal Loan,Unemployed,637782,1,North,447
CUST00058,43,593843,345,0.32,1,6,4,7,Home Loan,Student,439817,1,West,300
CUST00059,50,328441,696,0.63,15,8,4,1,Personal Loan,Employed,877939,0,West,464
CUST00060,35,1374212,534,0.23,14,8,3,6,Home Loan,Self-employed,863596,1,South,444
CUST00061,29,1285903,522,0.26,1,5,1,3,Auto Loan,Self-employed,889043,1,West,411
CUST00062,38,1086482,679,0.59,11,4,4,7,Credit Card,Self-employed,677908,0,North,392
CUST00063,60,1028842,405,0.92,14,3,0,5,Mixed,Retired,665946,1,North,369
CUST00064,28,1711473,665,1.02,19,6,2,1,Mixed,Retired,568291,0,North,476
CUST00065,54,1412381,370,1.11,21,7,4,7,Home Loan,Unemployed,850042,0,North,300
CUST00066,56,1448763,356,0.49,4,2,3,3,Auto Loan,Student,384427,0,East,354
CUST00067,59,266347,467,0.31,18,7,0,1,Personal Loan,Self-employed,551811,1,Central,569
CUST00068,61,296967,893,0.99,12,7,3,1,Home Loan,Unemployed,77218,1,South,523
CUST00069,34,1791359,473,0.2,9,2,4,2,Credit Card,Student,96570,1,South,489
CUST00070,43,1524126,805,0.58,10,8,0,3,Mixed,Self-employed,728150,1,West,529
CUST00071,53,1373172,337,1.13,13,5,3,1,Credit Card,Student,491005,1,West,313
CUST00072,43,1154309,652,0.89,8,6,0,2,Home Loan,Student,749835,1,North,428
CUST00073,39,795603,890,0.96,14,6,0,6,Mixed,Unemployed,753159,0,Central,481
CUST00074,34,289480,801,0.99,1,4,4,0,Mixed,Self-employed,377523,0,South,390
CUST00075,21,690845,404,0.66,19,2,0,0,Auto Loan,Student,650667,1,South,501
CUST00076,51,1375056,857,0.11,9,3,0,7,Personal Loan,Self-employed,324637,1,East,608
CUST00077,48,721605,445,0.05,22,1,1,3,Home Loan,Employed,892726,0,Central,567
CUST00078,56,686002,496,0.56,3,4,0,3,Credit Card,Student,648682,0,South,404
CUST00079,37,1866799,507,0.71,4,5,1,0,Personal Loan,Self-employed,677597,1,East,401
CUST00080,60,853238,763,0.19,17,3,0,5,Home Loan,Retired,120464,1,East,661
CUST00081,25,327238,392,0.93,10,5,0,4,Personal Loan,Self-employed,118337,1,Central,393
CUST00082,25,237936,353,1.15,4,6,2,2,Credit Card,Retired,189274,0,Central,300
CUST00083,23,1120908,565,0.35,22,7,2,0,Auto Loan,Student,514824,1,East,597
CUST00084,37,713128,761,0.51,23,2,2,0,Auto Loan,Student,110420,1,North,667
CUST00085,39,534150,630,1.17,21,9,0,3,Home Loan,Student,376813,0,West,483
CUST00086,47,1090574,359,0.66,6,7,3,0,Auto Loan,Employed,801562,1,West,336
CUST00087,26,1821013,508,0.93,8,2,0,7,Auto Loan,Student,84425,0,Central,384
CUST00088,49,1432475,409,0.66,2,9,0,4,Auto Loan,Unemployed,811660,1,South,331
CUST00089,32,1513656,318,0.69,14,1,3,1,Mixed,Student,775951,0,East,365
CUST00090,24,1472125,682,0.01,24,8,3,7,Mixed,Retired,831943,0,Central,584
CUST00091,27,1146018,504,0.08,6,6,4,7,Auto Loan,Self-employed,82420,1,North,446
CUST00092,23,253860,650,0.32,23,6,2,4,Auto Loan,Employed,811933,1,West,566
CUST00093,59,1350613,735,0.1,6,2,0,0,Credit Card,Retired,661673,1,North,601
CUST00094,26,876288,883,0.32,18,6,3,3,Auto Loan,Employed,916623,1,South,582
CUST00095,41,1717522,769,1.02,24,1,2,3,Mixed,Unemployed,752555,0,West,503
CUST00096,38,1678247,410,0.43,15,3,1,7,Mixed,Employed,246858,1,South,458
CUST00097,22,1411317,487,0.77,20,6,3,5,Personal Loan,Self-employed,224656,1,West,445
CUST00098,54,364019,801,0.27,8,9,3,6,Home Loan,Student,338143,1,Central,517
CUST00099,47,851977,859,1.2,3,3,0,5,Auto Loan,Unemployed,507734,0,North,389
CUST00100,37,345228,513,0.48,22,7,1,0,Mixed,Retired,320878,0,North,594
CUST00101,54,1164474,836,1.05,20,8,3,2,Mixed,Self-employed,672628,1,West,490
CUST00102,48,1849864,882,0.68,22,9,1,6,Mixed,Student,716343,0,East,567
CUST00103,37,1807850,721,0.01,13,9,2,1,Mixed,Student,138203,0,Central,660
CUST00104,40,1200912,323,1.05,15,6,2,0,Personal Loan,Unemployed,657152,0,South,350
CUST00105,32,1707351,663,0.75,11,8,0,7,Mixed,Self-employed,962792,0,North,404
CUST00106,50,1548260,766,0.48,15,4,0,5,Mixed,Retired,826307,0,Central,539
CUST00107,48,1236689,708,1.05,22,3,4,2,Home Loan,Retired,693754,1,North,448
CUST00108,45,1390700,660,0.57,1,1,0,0,Mixed,Student,616618,1,South,469
CUST00109,24,1188201,553,1.17,7,4,0,5,Home Loan,Employed,382706,0,East,345
CUST00110,53,341714,788,0.96,22,3,4,6,Home Loan,Retired,697986,0,South,444
CUST00111,37,881609,701,0.93,16,9,4,5,Personal Loan,Student,760331,0,South,389
CUST00112,60,1483543,307,0.77,20,8,1,0,Credit Card,Self-employed,559818,1,East,452
CUST00113,47,686716,651,0.15,5,1,3,2,Home Loan,Employed,826351,0,South,475
CUST00114,34,1610398,481,1.09,20,8,1,3,Home Loan,Self-employed,858564,0,West,390
CUST00115,47,589553,486,0.08,14,9,0,5,Mixed,Unemployed,816740,1,East,522
CUST00116,57,433123,474,0.39,8,5,4,3,Credit Card,Employed,722548,0,South,386
CUST00117,45,501925,374,0.64,15,1,1,0,Credit Card,Employed,374246,1,Central,475
CUST00118,54,1760824,589,0.68,9,4,2,1,Home Loan,Self-employed,925378,0,North,414
CUST00119,24,1128004,893,0.23,16,7,2,5,Home Loan,Unemployed,756162,1,Central,596
CUST00120,29,842529,594,1.02,6,9,3,3,Home Loan,Unemployed,637607,0,Central,324
CUST00121,46,295137,803,1.19,14,4,1,0,Credit Card,Self-employed,323474,1,South,501
CUST00122,24,936494,722,0.17,5,2,3,0,Home Loan,Self-employed,728290,1,South,522
CUST00123,31,827300,726,0.65,10,4,3,1,Personal Loan,Student,702561,0,South,467
CUST00124,29,1034031,886,0.04,17,3,1,2,Credit Card,Unemployed,386570,1,West,714
CUST00125,32,1191374,448,0.79,23,9,3,1,Personal Loan,Self-employed,415214,0,West,477
CUST00126,41,953874,558,0.11,16,7,0,5,Auto Loan,Self-employed,108669,1,West,611
CUST00127,42,282916,724,0.56,13,5,2,7,Mixed,Student,449674,1,East,477
CUST00128,62,249855,349,0.74,20,6,0,5,Mixed,Unemployed,285408,1,Central,457
CUST00129,44,227432,575,0.95,12,8,2,5,Personal Loan,Retired,579080,0,East,372
CUST00130,55,905723,510,1.01,23,6,1,5,Mixed,Student,357239,1,North,454
CUST00131,54,1858224,367,0.38,18,9,0,4,Auto Loan,Unemployed,470892,0,West,504
CUST00132,44,1384346,452,0.87,12,5,3,4,Home Loan,Retired,787671,1,East,326
CUST00133,63,750389,792,0.06,4,6,3,1,Home Loan,Student,917426,1,North,527
CUST00134,53,1540376,396,0.37,13,4,2,7,Mixed,Employed,797734,0,West,387
CUST00135,26,528427,612,0.9,10,3,4,1,Credit Card,Self-employed,931191,0,West,356
CUST00136,44,701969,849,0.1,11,2,0,7,Credit Card,Student,831764,0,West,578
CUST00137,23,1350177,448,0.03,7,7,0,5,Personal Loan,Self-employed,949024,0,Central,461
CUST00138,41,277924,711,0.74,9,7,1,0,Home Loan,Retired,120045,0,North,535
CUST00139,33,1036197,434,0.93,15,4,3,2,Home Loan,Unemployed,763543,0,West,355
CUST00140,62,1796491,593,0.04,23,9,2,4,Mixed,Unemployed,780227,1,East,600
CUST00141,51,1367291,423,1.15,22,6,1,2,Credit Card,Student,291945,1,South,436
CUST00142,54,746351,407,1.04,3,2,0,5,Home Loan,Employed,20725,0,North,329
CUST00143,22,1787475,447,0.64,6,4,3,1,Personal Loan,Self-employed,182307,0,Central,407
CUST00144,41,1400536,341,0.92,4,9,1,7,Credit Card,Employed,290664,1,West,300
CUST00145,52,1568098,757,0.98,23,2,1,4,Credit Card,Retired,704015,1,West,510
CUST00146,64,1297941,848,0.49,15,9,3,5,Home Loan,Student,832447,1,Central,509
CUST00147,33,799943,401,0.81,23,5,3,0,Auto Loan,Employed,286024,0,South,482
CUST00148,60,1016867,408,0.12,20,7,1,1,Credit Card,Unemployed,581976,0,North,579
CUST00149,23,1195735,477,0.68,24,4,3,0,Mixed,Self-employed,50260,1,East,552
CUST00150,44,1440349,617,0.98,22,2,0,3,Mixed,Student,762804,0,East,486
CUST00151,26,1660574,836,1.07,15,1,3,6,Auto Loan,Self-employed,529457,0,South,422
CUST00152,34,1002984,645,1.06,23,2,2,1,Personal Loan,Student,20211,0,South,538
CUST00153,52,1287940,553,0.75,10,2,0,0,Mixed,Unemployed,833286,1,North,451
CUST00154,47,413673,682,0.07,18,7,0,4,Home Loan,Retired,798638,0,Central,618
CUST00155,62,507920,646,0.02,18,8,1,7,Auto Loan,Self-employed,554442,0,North,589
CUST00156,31,1627918,628,0.57,8,7,2,4,Credit Card,Retired,83165,0,North,477
CUST00157,36,455248,660,0.48,22,7,3,5,Auto Loan,Retired,609657,1,East,524
CUST00158,63,1925529,711,1.07,16,5,4,4,Personal Loan,Employed,62337,0,South,438
CUST00159,38,357018,537,0.76,14,6,2,2,Auto Loan,Student,335282,1,North,459
CUST00160,53,1175481,631,0.15,8,2,4,2,Mixed,Employed,438084,0,North,506
CUST00161,45,1141604,705,1.15,4,1,2,5,Auto Loan,Self-employed,696802,0,East,310
CUST00162,41,1744891,788,0.38,19,1,0,3,Personal Loan,Self-employed,467899,0,North,641
CUST00163,48,267657,560,0.76,22,2,4,6,Auto Loan,Self-employed,553097,0,Central,425
CUST00164,49,257045,686,0.2,3,1,4,5,Credit Card,Retired,904270,1,North,408
CUST00165,52,1389223,329,0.66,22,2,0,5,Personal Loan,Unemployed,449209,1,East,464
CUST00166,64,1774796,723,0.01,6,4,1,0,Auto Loan,Unemployed,719027,0,East,591
CUST00167,55,572056,360,0.42,5,5,0,4,Personal Loan,Student,607542,1,Central,395
CUST00168,51,1778879,397,0.37,11,7,2,4,Mixed,Employed,278120,0,East,449
CUST00169,23,1962289,314,0.6,1,8,2,4,Mixed,Unemployed,272071,1,North,319
CUST00170,30,959161,826,0.15,21,6,1,3,Home Loan,Employed,147563,1,East,715
CUST00171,30,342444,875,0.17,18,2,1,6,Home Loan,Employed,161229,1,West,672
CUST00172,33,1823760,483,0.33,15,8,4,2,Credit Card,Self-employed,542256,1,East,472
CUST00173,42,1609938,640,1.08,19,7,4,5,Personal Loan,Retired,368656,1,West,399
CUST00174,42,215306,801,0.67,13,2,4,7,Home Loan,Student,805430,0,South,416
CUST00175,43,655668,508,0.1,16,8,4,7,Auto Loan,Student,955027,0,East,437
CUST00176,60,1042340,485,0.66,15,4,2,6,Auto Loan,Employed,351808,0,West,425
CUST00177,32,476508,575,0.35,19,1,0,5,Auto Loan,Unemployed,957187,1,East,523
CUST00178,39,1613973,374,0.83,14,8,3,2,Personal Loan,Student,840188,1,South,341
CUST00179,55,582320,337,0.37,6,4,2,5,Mixed,Unemployed,785149,0,Central,345
CUST00180,33,687256,367,0.05,9,4,4,0,Mixed,Unemployed,813646,1,East,445
CUST00181,27,1494371,553,0.9,19,4,3,7,Home Loan,Retired,608430,1,West,381
CUST00182,41,528627,431,1.13,2,5,0,5,Personal Loan,Student,951169,1,South,300
CUST00183,48,396942,507,0.02,24,4,3,1,Home Loan,Retired,54332,0,West,662
CUST00184,57,829333,457,0.08,8,3,4,4,Auto Loan,Employed,113113,1,Central,475
CUST00185,45,1963605,305,1.11,11,1,2,2,Personal Loan,Student,708958,1,North,300
CUST00186,29,868619,390,0.47,8,6,0,7,Credit Card,Unemployed,307451,1,North,409
CUST00187,23,1029783,458,0.18,1,3,1,5,Personal Loan,Self-employed,78659,1,North,454
CUST00188,22,1311999,786,0.52,4,6,3,4,Auto Loan,Self-employed,642413,0,South,438
CUST00189,44,958744,668,0.69,10,8,3,0,Home Loan,Retired,852569,1,North,441
CUST00190,25,1882236,629,0.13,8,4,0,5,Credit Card,Self-employed,169199,0,South,568
CUST00191,49,1101554,851,0.24,24,9,1,7,Auto Loan,Student,369369,1,North,666
CUST00192,50,536519,369,0.61,18,1,0,5,Personal Loan,Unemployed,321997,1,East,468
CUST00193,53,1639763,873,0.78,5,4,4,0,Personal Loan,Retired,277680,1,East,482
CUST00194,27,1357193,365,0.24,10,4,4,5,Personal Loan,Unemployed,745583,1,East,371
CUST00195,59,811721,851,0.02,9,3,0,5,Credit Card,Student,630595,0,South,617
CUST00196,58,1362259,727,0.97,1,2,3,2,Home Loan,Retired,73802,0,West,394
CUST00197,39,277776,723,1.04,16,7,4,2,Mixed,Retired,28633,0,East,470
CUST00198,57,1754483,867,1.19,22,5,2,0,Home Loan,Student,319834,0,East,557
CUST00199,54,1724459,792,1.08,1,6,3,7,Personal Loan,Self-employed,697005,1,Central,300
CUST00200,56,903241,464,0.43,20,6,0,2,Home Loan,Employed,685959,0,East,540
CUST00201,32,805873,825,1.09,7,8,1,5,Mixed,Retired,274051,1,South,428
CUST00202,25,1031771,615,0.98,22,9,4,7,Auto Loan,Student,187458,1,West,424
CUST00203,51,1337037,548,0.69,7,8,0,0,Mixed,Unemployed,696189,0,East,451
CUST00204,45,415436,499,0.58,14,4,2,4,Credit Card,Employed,332986,0,West,458
CUST00205,25,790744,813,0.02,11,7,0,6,Mixed,Self-employed,445440,1,West,625
CUST00206,27,1009826,856,0.86,3,4,4,4,Mixed,Student,308574,0,Central,405
CUST00207,29,1112622,640,0.37,14,8,3,2,Auto Loan,Employed,711213,0,West,506
CUST00208,37,716507,377,0.67,22,1,1,7,Auto Loan,Student,126556,1,South,465
CUST00209,34,1828393,748,0.34,5,8,4,2,Personal Loan,Self-employed,670691,0,South,467
CUST00210,61,236663,711,0.89,9,8,1,5,Personal Loan,Student,278072,1,South,443
CUST00211,64,1007355,833,0.49,2,4,4,5,Home Loan,Student,299599,0,North,445
CUST00212,41,252904,632,0.33,23,3,0,7,Personal Loan,Employed,923408,1,East,552
CUST00213,35,512847,810,1.14,23,1,3,1,Mixed,Self-employed,149534,0,Central,543
CUST00214,46,258597,339,0.62,3,1,1,1,Credit Card,Student,815717,0,West,339
CUST00215,61,1356988,596,0.2,15,2,3,5,Mixed,Retired,683799,0,South,500
CUST00216,57,812429,375,0.15,11,9,1,4,Credit Card,Retired,345318,0,East,492
CUST00217,42,1530991,363,1.0,22,5,4,3,Home Loan,Employed,197111,1,South,391
CUST00218,23,758225,593,0.64,6,4,1,2,Credit Card,Student,533080,1,South,441
CUST00219,62,1281039,374,0.18,3,8,3,4,Credit Card,Retired,445707,1,East,389
CUST00220,23,1671760,465,0.68,2,8,2,7,Auto Loan,Self-employed,347490,1,East,317
CUST00221,60,765282,546,0.3,17,6,4,0,Personal Loan,Student,123547,0,Central,566
CUST00222,60,1839770,384,0.34,16,3,2,4,Personal Loan,Unemployed,470238,0,Central,468
CUST00223,29,219672,529,1.01,12,5,0,7,Auto Loan,Self-employed,337621,0,South,382
CUST00224,53,322237,332,1.16,21,2,3,0,Credit Card,Retired,287019,0,West,389
CUST00225,59,1044479,804,0.76,3,6,3,3,Credit Card,Employed,946525,1,South,381
CUST00226,25,1907498,666,0.46,9,8,3,3,Personal Loan,Employed,400163,0,South,480
CUST00227,51,1045952,885,0.1,20,8,4,7,Mixed,Unemployed,614095,1,West,600
CUST00228,22,1902647,683,0.01,3,4,0,3,Credit Card,Unemployed,15233,1,West,604
CUST00229,26,473987,619,0.74,22,3,4,3,Auto Loan,Unemployed,586606,0,North,474
CUST00230,52,1837525,748,0.28,14,9,0,5,Auto Loan,Unemployed,176408,0,Central,616
CUST00231,64,1453200,301,0.05,8,8,2,5,Credit Card,Self-employed,842194,0,North,397
CUST00232,42,430679,877,0.05,5,6,1,1,Auto Loan,Retired,226025,1,East,652
CUST00233,34,529307,765,1.11,7,2,1,2,Personal Loan,Employed,376756,0,South,430
CUST00234,61,1618617,389,0.9,19,8,4,1,Mixed,Self-employed,502292,0,West,390
CUST00235,54,200739,718,0.39,17,2,0,7,Personal Loan,Employed,99602,1,Central,595
CUST00236,30,1859812,493,0.07,4,4,2,1,Home Loan,Employed,512933,1,Central,492
CUST00237,55,1323322,580,1.13,11,5,3,1,Home Loan,Retired,679890,0,North,353
CUST00238,58,1058758,883,0.9,23,7,4,4,Personal Loan,Self-employed,51641,1,North,564
CUST00239,55,1340711,794,0.11,2,2,2,1,Personal Loan,Student,872655,1,South,526
CUST00240,21,1749745,363,1.11,21,1,3,5,Credit Card,Self-employed,143875,0,North,366
CUST00241,58,576505,698,0.17,22,6,2,0,Home Loan,Student,412903,0,West,674
CUST00242,62,570511,865,0.62,20,7,0,2,Personal Loan,Retired,397406,0,North,646
CUST00243,29,1225051,888,1.09,10,8,2,1,Personal Loan,Student,338213,1,East,486
CUST00244,26,1351349,300,0.71,23,2,2,7,Mixed,Unemployed,335279,0,West,409
CUST00245,24,1121062,857,0.02,14,2,0,4,Auto Loan,Employed,674851,0,West,660
CUST00246,37,1743441,874,1.08,2,6,2,5,Auto Loan,Student,69434,1,North,410
CUST00247,39,480654,518,0.98,3,6,2,6,Mixed,Unemployed,735294,1,North,300
CUST00248,62,1838706,540,0.66,4,2,4,7,Personal Loan,Unemployed,407409,1,South,316
CUST00249,61,1027041,499,0.95,1,1,4,5,Mixed,Student,452145,0,North,300
CUST00250,38,334207,528,0.01,16,7,1,1,Home Loan,Unemployed,615270,0,Central,602
CUST00251,46,383035,397,1.18,4,9,4,5,Credit Card,Self-employed,21928,1,Central,300
CUST00252,24,1297171,471,1.07,14,1,1,4,Home Loan,Student,377658,1,North,380
CUST00253,24,1091287,728,0.89,15,3,2,0,Home Loan,Self-employed,120468,1,Central,538
CUST00254,23,699332,839,0.52,23,5,3,0,Mixed,Retired,233490,1,North,660
CUST00255,53,1061582,671,1.02,19,6,1,7,Mixed,Self-employed,271120,0,South,456
CUST00256,42,1459032,715,0.12,21,4,1,2,Auto Loan,Employed,981295,0,West,628
CUST00257,39,918972,706,0.6,17,1,1,7,Personal Loan,Student,224374,1,North,528
CUST00258,44,1960847,567,0.34,4,5,3,2,Mixed,Self-employed,108035,1,Central,474
CUST00259,29,1054157,317,0.46,13,6,1,4,Personal Loan,Employed,409462,0,West,431
CUST00260,44,939784,678,0.67,3,4,1,3,Auto Loan,Employed,511725,1,North,431
CUST00261,23,1311891,732,0.34,6,3,0,3,Home Loan,Employed,872265,1,South,509
CUST00262,28,1271767,895,0.05,21,7,2,2,Personal Loan,Employed,545908,1,East,711
CUST00263,24,456584,435,0.74,22,1,4,4,Home Loan,Retired,635025,0,Central,408
CUST00264,46,1995120,411,0.43,11,3,2,0,Auto Loan,Unemployed,939244,0,West,429
CUST00265,43,1779632,365,0.91,18,7,1,4,Credit Card,Student,453618,1,Central,398
CUST00266,33,1921252,799,0.51,15,3,2,3,Mixed,Self-employed,920260,1,East,523
CUST00267,33,1101140,390,0.74,5,8,4,3,Credit Card,Self-employed,117285,1,South,334
CUST00268,44,1528897,898,0.19,1,1,3,4,Mixed,Student,495621,0,West,518
CUST00269,47,1226354,818,0.98,4,3,4,6,Mixed,Employed,14211,0,South,384
CUST00270,36,1961239,382,1.11,8,8,0,5,Home Loan,Employed,251302,1,West,324
CUST00271,33,319537,558,0.39,15,6,1,1,Mixed,Unemployed,356853,1,North,561
CUST00272,52,862442,814,0.83,24,7,4,0,Home Loan,Unemployed,885505,1,West,534
CUST00273,50,462310,305,0.39,13,5,2,5,Auto Loan,Student,318090,0,South,419
CUST00274,54,847530,389,0.06,18,9,0,1,Mixed,Unemployed,715491,1,South,576
CUST00275,36,1976714,412,0.18,20,6,3,0,Mixed,Student,517412,1,East,552
CUST00276,59,1955433,707,0.97,23,8,3,2,Mixed,Student,307375,0,South,518
CUST00277,42,1151214,520,0.4,21,4,4,2,Personal Loan,Employed,835866,1,East,487
CUST00278,31,1139677,571,0.27,11,4,3,1,Mixed,Student,271935,1,East,531
CUST00279,28,1373635,586,1.2,13,3,2,4,Home Loan,Unemployed,987989,0,West,315
CUST00280,60,422947,741,0.8,3,5,0,3,Home Loan,Employed,699853,1,South,428
CUST00281,46,1728889,393,0.86,6,4,4,1,Credit Card,Student,126393,1,East,342
CUST00282,61,732260,626,0.39,24,1,0,6,Mixed,Employed,236907,1,West,615
CUST00283,41,1952197,393,0.74,19,6,2,6,Mixed,Self-employed,703470,0,East,382
CUST00284,48,787994,655,0.65,5,6,3,4,Credit Card,Student,373323,1,Central,409
CUST00285,43,1578288,402,0.04,16,5,1,3,Personal Loan,Retired,293850,1,North,567
CUST00286,32,399198,827,0.99,16,5,4,7,Mixed,Retired,230719,0,East,438
CUST00287,45,455614,674,0.21,6,9,3,3,Personal Loan,Employed,207769,0,West,521
CUST00288,50,864280,898,0.66,15,7,1,4,Mixed,Student,741183,0,North,547
CUST00289,47,882961,664,0.94,10,6,1,7,Credit Card,Self-employed,375084,0,Central,398
CUST00290,22,1069212,575,0.85,6,3,4,5,Credit Card,Student,313938,1,East,336
CUST00291,35,1015445,376,0.38,13,5,1,1,Home Loan,Unemployed,875773,0,East,453
CUST00292,24,503160,596,0.92,11,2,4,0,Credit Card,Employed,85864,0,Central,437
CUST00293,25,1233749,630,0.81,21,2,2,3,Personal Loan,Student,955761,1,West,461
CUST00294,53,970266,672,1.05,10,1,1,3,Mixed,Retired,765988,1,Central,391
CUST00295,28,1004770,638,0.39,23,6,4,1,Home Loan,Employed,535286,1,South,572
CUST00296,48,1653370,379,1.03,22,5,2,2,Personal Loan,Self-employed,299650,1,West,426
CUST00297,60,1156804,765,1.03,17,5,4,6,Mixed,Employed,294434,0,South,425
CUST00298,61,228581,742,1.03,19,8,1,4,Auto Loan,Unemployed,318106,1,South,503
CUST00299,27,498024,816,0.74,22,1,3,2,Home Loan,Unemployed,784957,0,Central,541
CUST00300,35,1015660,482,0.62,7,8,2,2,Home Loan,Student,265685,0,South,426
CUST00301,57,490845,634,0.65,11,9,3,3,Auto Loan,Student,398435,0,North,452
CUST00302,38,1881368,393,1.1,21,9,2,1,Auto Loan,Employed,989271,1,Central,363
CUST00303,25,1965187,402,0.18,13,3,1,7,Credit Card,Student,39718,1,West,502
CUST00304,58,1260766,629,0.29,14,2,2,0,Credit Card,Employed,790268,1,West,548
CUST00305,31,1276946,568,0.16,24,7,2,1,Personal Loan,Self-employed,250150,1,North,656
CUST00306,29,1668794,572,0.46,5,6,2,4,Auto Loan,Student,796136,1,South,399
CUST00307,61,1867582,597,0.39,17,7,2,6,Auto Loan,Employed,500270,0,East,503
CUST00308,52,1281277,371,0.56,1,7,2,0,Credit Card,Employed,704553,1,West,348
CUST00309,55,941604,389,0.94,18,6,3,6,Mixed,Unemployed,133918,0,North,372
CUST00310,29,1953844,347,0.28,18,3,2,3,Auto Loan,Self-employed,784378,1,East,466
CUST00311,24,1104119,835,0.01,8,9,0,5,Home Loan,Unemployed,613878,1,South,609
CUST00312,52,1088606,573,0.63,2,2,3,2,Mixed,Employed,566509,1,North,373
CUST00313,43,1069369,826,0.37,6,2,4,6,Personal Loan,Self-employed,113976,0,East,495
CUST00314,29,1878161,460,0.69,12,2,1,5,Credit Card,Employed,10836,1,Central,449
CUST00315,33,1006138,442,0.08,21,5,4,5,Personal Loan,Unemployed,823128,1,West,488
CUST00316,48,790403,796,0.89,3,2,1,1,Auto Loan,Unemployed,939432,1,East,412
CUST00317,44,584876,833,1.19,14,7,4,5,Auto Loan,Self-employed,660798,1,South,377
CUST00318,42,367285,694,1.04,13,2,0,7,Personal Loan,Unemployed,633799,1,East,405
CUST00319,28,1846735,651,0.33,19,5,3,2,Auto Loan,Self-employed,418456,1,South,575
CUST00320,27,1875455,312,0.93,8,4,3,5,Credit Card,Self-employed,62683,1,South,300
CUST00321,46,988786,566,0.87,10,2,0,5,Auto Loan,Employed,848220,0,South,380
CUST00322,22,1701389,561,0.39,16,3,3,4,Personal Loan,Employed,890663,1,South,457
CUST00323,45,1462549,714,0.21,17,3,0,6,Home Loan,Unemployed,952570,1,West,562
CUST00324,64,458396,852,0.21,13,3,0,1,Personal Loan,Unemployed,91129,0,West,701
CUST00325,33,829874,866,0.6,14,8,1,1,Auto Loan,Employed,233261,1,South,616
CUST00326,57,448245,776,1.14,1,6,4,5,Home Loan,Unemployed,515157,0,East,300
CUST00327,42,433270,578,0.43,17,6,1,6,Credit Card,Employed,830193,0,South,480
CUST00328,43,840643,533,0.49,14,9,0,2,Personal Loan,Unemployed,631224,0,East,513
CUST00329,27,1779250,884,0.78,19,9,1,7,Auto Loan,Student,577397,0,Central,532
CUST00330,35,1411109,674,0.87,7,5,3,6,Mixed,Retired,575571,1,Central,352
CUST00331,25,1303211,877,0.53,6,9,3,5,Auto Loan,Employed,581338,0,East,471
CUST00332,60,950164,710,0.7,8,4,1,1,Auto Loan,Employed,271653,1,West,511
CUST00333,51,868746,500,0.42,1,8,4,4,Credit Card,Unemployed,620473,1,West,339
CUST00334,54,1385597,777,0.06,1,6,3,6,Credit Card,Retired,17079,1,Central,526
CUST00335,35,246916,311,0.68,12,8,3,3,Auto Loan,Self-employed,548165,1,South,350
CUST00336,62,762389,479,0.26,2,9,0,2,Personal Loan,Student,973962,1,East,426
CUST00337,35,1420556,607,0.17,10,1,3,6,Mixed,Unemployed,902347,1,South,445
CUST00338,63,512775,702,1.11,19,9,2,0,Home Loan,Self-employed,443082,1,North,493
CUST00339,46,239114,855,0.66,2,3,0,0,Home Loan,Unemployed,217767,0,Central,550
CUST00340,52,488701,677,0.76,2,2,1,0,Auto Loan,Employed,890379,1,Central,409
CUST00341,50,685973,403,0.04,12,4,4,1,Credit Card,Unemployed,307918,0,South,509
CUST00342,56,1083555,555,0.79,16,8,4,0,Auto Loan,Employed,506849,0,Central,446
CUST00343,63,1749682,525,0.74,8,6,1,4,Credit Card,Self-employed,762204,0,South,378
CUST00344,46,1565207,578,0.28,14,8,0,0,Credit Card,Unemployed,500617,1,Central,594
CUST00345,24,1502206,813,0.84,7,1,1,3,Home Loan,Retired,133482,0,East,500
CUST00346,52,1187418,745,0.6,12,9,4,4,Mixed,Retired,313399,0,West,479
CUST00347,59,566600,582,0.43,2,4,2,1,Mixed,Self-employed,962503,0,West,404
CUST00348,22,1640543,885,0.55,14,3,4,2,Credit Card,Retired,143107,1,Central,576
CUST00349,61,1838777,731,0.68,15,3,3,1,Home Loan,Self-employed,723580,0,Central,495
CUST00350,48,1840221,531,0.34,17,3,2,5,Mixed,Unemployed,895854,1,North,470
CUST00351,55,1601468,348,0.95,9,1,3,7,Mixed,Retired,643091,0,West,300
CUST00352,51,814100,866,0.55,22,2,1,5,Auto Loan,Student,954991,1,Central,575
CUST00353,39,315007,383,1.09,11,3,3,6,Auto Loan,Student,243191,0,North,300
CUST00354,37,963876,808,1.18,11,2,4,3,Auto Loan,Unemployed,656565,1,South,372
CUST00355,41,939852,484,0.88,17,1,1,5,Credit Card,Self-employed,229647,1,East,438
CUST00356,58,1771264,690,0.97,15,4,3,6,Auto Loan,Self-employed,717383,0,South,382
CUST00357,37,883240,478,1.02,8,9,3,2,Credit Card,Retired,304812,0,North,343
CUST00358,50,1742490,335,0.12,3,7,3,1,Mixed,Self-employed,882243,0,North,383
CUST00359,31,1390634,558,0.96,7,8,2,0,Personal Loan,Retired,750683,0,Central,370
CUST00360,55,904879,694,0.26,20,2,2,3,Personal Loan,Self-employed,254882,1,North,626
CUST00361,49,700883,322,1.07,5,8,1,4,Personal Loan,Unemployed,235672,1,East,300
CUST00362,43,862101,460,0.2,18,1,1,3,Credit Card,Student,110412,0,South,585
CUST00363,34,250381,778,0.78,4,3,4,3,Personal Loan,Self-employed,130114,1,South,429
CUST00364,52,974832,381,0.51,24,3,2,6,Credit Card,Employed,850143,1,South,439
CUST00365,55,1878009,695,0.1,9,6,3,6,Home Loan,Unemployed,65342,0,South,546
CUST00366,26,1903352,670,0.69,13,5,1,5,Personal Loan,Student,860313,1,Central,443
CUST00367,48,1558307,755,0.5,6,3,4,2,Home Loan,Student,926974,0,West,427
CUST00368,50,559470,784,1.02,12,6,3,3,Home Loan,Unemployed,659151,1,Central,416
CUST00369,29,1077176,512,0.84,21,1,2,7,Personal Loan,Unemployed,891913,1,East,386
CUST00370,32,1338736,482,0.67,17,6,0,0,Home Loan,Unemployed,505121,1,East,520
CUST00371,49,1371133,825,0.67,20,5,1,2,Home Loan,Employed,541562,1,East,597
CUST00372,40,1787561,851,0.32,22,2,4,0,Personal Loan,Self-employed,854910,1,South,621
CUST00373,34,1216187,499,0.67,14,9,0,0,Auto Loan,Student,947390,0,East,467
CUST00374,21,430798,860,0.49,20,7,3,6,Credit Card,Self-employed,133724,0,North,595
CUST00375,21,533523,497,0.26,3,6,3,7,Home Loan,Student,660124,0,South,361
CUST00376,23,1353334,691,0.8,17,6,2,2,Auto Loan,Retired,671805,0,South,488
CUST00377,58,1277786,763,0.23,9,4,0,1,Personal Loan,Unemployed,972285,1,Central,570
CUST00378,24,1964409,587,0.06,15,8,4,6,Home Loan,Retired,584017,0,West,502
CUST00379,47,1280677,312,0.86,17,5,1,0,Home Loan,Self-employed,450716,1,North,427
CUST00380,44,309918,558,0.84,22,2,3,4,Personal Loan,Student,38957,0,Central,493
CUST00381,26,1708294,308,1.16,21,5,4,5,Auto Loan,Student,65382,1,West,331
CUST00382,61,1911047,527,0.32,11,7,0,1,Mixed,Unemployed,579893,1,West,535
CUST00383,55,482842,537,0.14,5,2,1,4,Auto Loan,Self-employed,360400,0,South,497
CUST00384,24,941309,327,1.19,13,3,4,7,Auto Loan,Retired,860107,1,North,300
CUST00385,62,615800,312,0.93,8,9,2,3,Auto Loan,Employed,620329,0,North,300
CUST00386,50,1032163,424,0.9,2,8,2,2,Mixed,Retired,224208,1,North,331
CUST00387,50,1659625,399,0.07,10,6,3,6,Personal Loan,Employed,501017,0,East,437
CUST00388,29,265726,477,0.15,12,7,3,0,Auto Loan,Student,380783,1,North,533
CUST00389,61,866464,698,0.51,11,2,0,1,Auto Loan,Retired,999837,1,North,515
CUST00390,56,292174,846,0.69,19,9,2,0,Mixed,Retired,198951,1,East,626
CUST00391,48,1261352,639,0.11,4,1,3,4,Home Loan,Employed,977928,0,West,438
CUST00392,49,1441079,725,0.79,18,1,2,1,Mixed,Student,230104,1,South,554
CUST00393,57,1116090,377,1.09,22,2,3,7,Auto Loan,Employed,705146,1,West,311
CUST00394,50,1186770,303,0.32,2,7,1,4,Mixed,Student,264802,1,North,388
CUST00395,46,707330,464,0.56,20,3,4,7,Home Loan,Retired,737308,0,Central,392
CUST00396,26,644427,787,0.61,8,1,3,2,Mixed,Self-employed,757525,1,North,462
CUST00397,61,945291,381,0.73,13,2,2,4,Home Loan,Student,817453,0,North,351
CUST00398,60,416495,618,0.3,23,5,3,0,Credit Card,Employed,418581,0,North,619
CUST00399,57,1074829,613,0.12,6,9,1,1,Auto Loan,Retired,202558,1,South,574
CUST00400,37,973048,509,1.16,17,1,2,3,Home Loan,Student,431748,1,North,385
CUST00401,21,1089257,729,1.05,20,5,1,7,Credit Card,Student,513341,0,East,454
CUST00402,32,535383,675,0.95,10,7,0,6,Home Loan,Student,406817,0,East,424
CUST00403,28,1969057,785,0.55,11,9,4,0,Credit Card,Retired,894644,0,South,485
CUST00404,29,1733986,419,0.02,10,5,0,3,Auto Loan,Self-employed,24949,1,West,574
CUST00405,34,1497216,595,0.52,19,7,1,5,Personal Loan,Self-employed,923502,1,South,486
CUST00406,41,838790,758,0.7,2,2,3,0,Auto Loan,Student,900314,1,West,407
CUST00407,33,431357,504,0.28,20,3,4,3,Personal Loan,Employed,937330,0,South,477
CUST00408,53,1787258,309,0.77,13,4,4,0,Credit Card,Employed,186119,1,East,386
CUST00409,56,1967411,741,0.55,1,4,1,3,Auto Loan,Retired,616867,1,South,447
CUST00410,41,893649,871,0.29,14,3,1,7,Home Loan,Retired,109316,1,North,617
CUST00411,39,321968,654,1.0,18,6,1,2,Home Loan,Employed,62995,0,North,519
CUST00412,35,1544109,503,0.16,1,1,1,7,Credit Card,Unemployed,789005,1,South,389
CUST00413,36,574844,762,0.49,16,1,4,7,Auto Loan,Unemployed,912357,1,West,446
CUST00414,41,1533207,732,0.78,8,5,1,6,Home Loan,Student,877053,1,South,399
CUST00415,60,1656195,707,0.85,2,6,2,3,Home Loan,Student,45977,1,West,425
CUST00416,41,1427200,573,0.47,18,2,2,0,Personal Loan,Student,138516,1,West,584
CUST00417,53,1515038,392,1.15,14,7,4,7,Home Loan,Unemployed,403898,0,Central,300
CUST00418,61,1380667,830,0.82,4,6,3,7,Home Loan,Employed,143266,1,West,410
CUST00419,33,936838,351,0.35,13,9,0,5,Mixed,Self-employed,746749,1,South,437
CUST00420,36,1966774,831,0.31,3,8,0,3,Mixed,Employed,733996,0,North,534
CUST00421,37,691069,483,0.74,24,4,0,7,Personal Loan,Self-employed,103060,0,Central,516
CUST00422,58,1326979,573,0.47,20,4,2,4,Personal Loan,Self-employed,991017,0,East,483
CUST00423,49,1357490,782,1.17,18,2,0,4,Mixed,Student,952254,0,West,447
CUST00424,33,1214166,648,0.47,5,4,3,3,Home Loan,Self-employed,813814,1,West,411
CUST00425,21,752019,428,0.61,23,6,2,7,Auto Loan,Retired,90094,0,North,483
CUST00426,36,1578810,386,1.08,9,7,0,6,Personal Loan,Employed,104223,0,South,339
CUST00427,47,1280050,712,0.33,22,6,2,4,Mixed,Retired,608194,1,East,592
CUST00428,64,1268303,873,0.36,21,7,2,2,Credit Card,Unemployed,695031,1,South,640
CUST00429,26,649104,831,0.73,19,9,4,7,Mixed,Self-employed,45667,1,North,519
CUST00430,28,226316,825,0.45,3,4,2,7,Personal Loan,Employed,538695,1,South,448
CUST00431,51,282423,894,0.84,21,6,1,4,Credit Card,Retired,317632,1,Central,592
CUST00432,61,264665,847,0.86,7,9,3,3,Personal Loan,Unemployed,966567,0,Central,401
CUST00433,26,1249167,482,0.18,7,8,1,1,Mixed,Employed,178311,1,West,536
CUST00434,34,629151,678,0.65,19,5,4,3,Personal Loan,Self-employed,616358,1,East,484
CUST00435,53,1426776,765,0.63,3,5,3,5,Credit Card,Unemployed,491574,0,East,409
CUST00436,33,729648,344,0.46,22,9,0,7,Auto Loan,Unemployed,375534,0,Central,488
CUST00437,55,1953064,766,0.43,13,7,3,4,Mixed,Employed,657631,0,Central,508
CUST00438,53,1779287,507,0.34,17,3,0,7,Personal Loan,Student,243862,1,North,531
CUST00439,22,993590,787,0.49,15,5,1,1,Personal Loan,Retired,755615,1,North,575
CUST00440,41,1384872,860,0.28,20,3,2,2,Home Loan,Retired,418740,0,East,666
CUST00441,40,532244,421,0.88,5,5,1,4,Home Loan,Unemployed,733833,0,South,307
CUST00442,26,1369555,710,0.48,21,8,2,3,Auto Loan,Self-employed,339199,0,North,593
CUST00443,60,260745,522,0.56,22,5,0,4,Auto Loan,Unemployed,755820,0,West,521
CUST00444,21,1944415,345,0.21,1,1,3,2,Credit Card,Unemployed,897905,1,West,345
CUST00445,29,626560,572,0.7,9,1,2,7,Auto Loan,Self-employed,798032,1,South,353
CUST00446,32,566425,837,0.89,4,9,3,3,Mixed,Retired,992849,1,West,371
CUST00447,43,1694323,461,0.71,10,7,2,7,Auto Loan,Unemployed,294389,0,Central,370
CUST00448,35,603145,710,1.06,18,9,1,6,Personal Loan,Employed,113865,0,West,478
CUST00449,56,879232,302,0.15,20,4,1,3,Mixed,Employed,701909,0,North,513
CUST00450,62,427995,396,0.55,24,6,0,5,Auto Loan,Unemployed,456258,0,South,515
CUST00451,44,584979,435,1.13,20,6,0,4,Home Loan,Employed,850532,0,North,377
CUST00452,35,1648328,328,0.5,10,9,1,7,Mixed,Self-employed,207240,0,South,392
CUST00453,61,1082505,554,0.73,7,7,4,4,Home Loan,Self-employed,960992,0,North,313
CUST00454,23,1578931,525,0.11,3,1,1,4,Personal Loan,Unemployed,282294,1,East,492
CUST00455,40,373833,883,0.1,15,6,2,4,Personal Loan,Student,524468,0,Central,639
CUST00456,50,709257,562,1.11,17,3,2,3,Credit Card,Retired,170216,0,North,431
CUST00457,37,834490,402,0.19,3,2,2,0,Mixed,Self-employed,576296,0,West,444
CUST00458,35,815793,517,0.25,6,6,0,6,Auto Loan,Retired,957412,0,East,425
CUST00459,61,1428207,463,1.03,18,5,1,4,Mixed,Self-employed,346755,0,East,415
CUST00460,44,293247,657,0.79,17,8,4,6,Auto Loan,Student,492187,0,Central,419
CUST00461,61,725929,631,1.1,5,6,2,6,Personal Loan,Retired,801765,1,West,300
CUST00462,46,428296,737,0.23,6,8,2,2,Auto Loan,Unemployed,233810,0,South,560
CUST00463,32,1959236,783,1.01,8,1,4,0,Auto Loan,Employed,317687,0,West,435
CUST00464,36,790781,887,0.06,3,8,4,6,Auto Loan,Retired,174735,1,East,540
CUST00465,42,1253418,675,0.92,10,4,2,1,Home Loan,Employed,659746,1,East,427
CUST00466,32,1970495,872,0.61,4,3,4,3,Home Loan,Unemployed,168386,1,Central,481
CUST00467,62,583647,498,0.35,3,3,4,0,Home Loan,Student,590117,1,East,409
CUST00468,42,1713725,467,0.53,20,8,2,4,Mixed,Unemployed,395792,0,Central,493
CUST00469,50,869612,654,0.28,17,5,4,4,Home Loan,Employed,420210,0,East,532
CUST00470,26,1542881,615,0.08,10,8,3,5,Mixed,Employed,788021,1,Central,483
CUST00471,22,1876594,330,1.16,19,1,2,6,Auto Loan,Self-employed,496157,0,North,311
CUST00472,34,528212,352,0.85,12,4,2,4,Mixed,Retired,213261,1,South,367
CUST00473,22,1978119,386,0.51,6,2,0,3,Credit Card,Retired,714636,0,East,396
CUST00474,45,1834062,726,0.11,7,4,3,7,Personal Loan,Unemployed,890286,0,West,459
CUST00475,62,924541,357,0.71,16,1,4,3,Mixed,Employed,692532,0,South,356
CUST00476,56,635693,661,0.49,23,3,3,0,Credit Card,Student,29017,0,South,632
CUST00477,44,1233390,685,0.61,4,2,4,3,Credit Card,Retired,101302,1,West,434
CUST00478,44,1259126,888,0.07,13,3,3,2,Auto Loan,Unemployed,224278,1,East,662
CUST00479,60,1729298,638,0.79,13,8,3,4,Personal Loan,Retired,683306,1,South,408
CUST00480,60,1184289,620,0.95,4,4,1,4,Credit Card,Unemployed,896063,0,South,331
CUST00481,35,1172687,792,0.94,20,4,2,7,Credit Card,Student,221591,1,East,498
CUST00482,48,1667120,439,0.2,17,1,3,5,Credit Card,Self-employed,516008,0,East,483
CUST00483,49,1179148,584,0.88,22,9,3,2,Home Loan,Student,905608,0,East,441
CUST00484,51,825313,729,0.78,3,2,3,4,Personal Loan,Self-employed,446268,1,Central,388
CUST00485,27,1520323,647,1.05,15,9,3,1,Auto Loan,Unemployed,857247,0,South,397
CUST00486,28,1642436,895,0.43,2,8,2,0,Credit Card,Self-employed,98358,0,North,577
CUST00487,41,594147,854,1.1,20,8,3,1,Auto Loan,Employed,246636,1,Central,533
CUST00488,27,1352146,406,0.23,2,1,2,5,Home Loan,Unemployed,817660,0,Central,358
CUST00489,64,331361,779,0.79,4,2,3,1,Credit Card,Self-employed,243422,0,South,456
CUST00490,32,887193,322,0.66,23,6,2,3,Mixed,Self-employed,784664,1,Central,428
CUST00491,21,1467627,634,0.28,18,4,3,3,Home Loan,Self-employed,821955,0,West,527
CUST00492,60,1623882,511,0.41,6,3,2,3,Home Loan,Retired,39834,1,South,472
CUST00493,29,848796,639,0.85,11,3,3,2,Mixed,Employed,645489,0,North,409
CUST00494,21,1968286,767,0.08,10,1,3,2,Auto Loan,Self-employed,161147,0,East,611
CUST00495,63,206584,560,0.8,23,9,0,4,Mixed,Employed,850742,1,Central,489
CUST00496,42,418823,735,0.95,5,7,3,1,Credit Card,Unemployed,611458,1,South,392
CUST00497,50,1330366,361,0.88,2,9,1,0,Auto Loan,Unemployed,863494,0,Central,301
CUST00498,39,1990107,830,0.92,18,4,0,5,Credit Card,Student,996653,0,North,488
CUST00499,62,216917,399,0.3,20,7,0,7,Home Loan,Unemployed,660030,0,North,493
CUST00500,40,575061,308,0.3,1,1,3,3,Credit Card,Employed,148302,0,West,373
CUST00501,42,957231,660,0.5,13,4,2,1,Home Loan,Student,713459,1,North,510
CUST00502,52,989467,638,0.77,2,9,4,4,Home Loan,Employed,615089,0,North,326
CUST00503,23,767557,759,0.24,8,8,0,0,Mixed,Unemployed,974347,0,East,571
CUST00504,34,1238281,593,0.37,18,3,3,3,Credit Card,Self-employed,320879,1,Central,542
CUST00505,36,1545449,721,0.84,3,2,1,3,Credit Card,Self-employed,449605,0,South,420
CUST00506,28,497217,776,0.53,13,2,1,7,Home Loan,Employed,790815,1,South,485
CUST00507,64,1067962,659,0.66,23,4,1,1,Credit Card,Retired,136091,0,North,617
CUST00508,30,1712032,538,0.52,11,8,0,0,Personal Loan,Student,929755,1,North,485
CUST00509,31,1240514,500,0.53,13,3,1,0,Auto Loan,Self-employed,661626,0,West,492
CUST00510,34,432769,380,0.03,24,4,4,0,Auto Loan,Self-employed,73518,0,West,617
CUST00511,29,696555,555,0.53,18,6,3,5,Personal Loan,Employed,456331,0,Central,472
CUST00512,28,578668,358,0.29,4,1,4,7,Personal Loan,Self-employed,335417,1,South,333
CUST00513,37,654684,641,0.2,9,5,1,4,Personal Loan,Student,563948,1,South,526
CUST00514,58,895202,375,0.64,17,2,3,0,Home Loan,Self-employed,561420,1,North,439
CUST00515,28,471133,649,0.14,24,9,0,5,Home Loan,Self-employed,231268,1,East,676
CUST00516,52,545534,353,0.01,5,6,4,7,Mixed,Retired,391502,1,Central,382
CUST00517,38,900163,414,0.64,16,5,1,6,Auto Loan,Self-employed,576600,0,West,413
CUST00518,35,1410953,521,0.66,20,6,0,6,Credit Card,Retired,55571,1,Central,528
CUST00519,28,1839645,355,0.73,5,2,0,5,Personal Loan,Employed,380123,1,East,350
CUST00520,27,598510,401,1.12,22,3,1,1,Home Loan,Student,528472,0,South,425
CUST00521,26,1236397,358,0.0,22,8,1,4,Credit Card,Retired,683151,0,West,558
CUST00522,57,1912533,334,0.62,11,9,0,4,Auto Loan,Self-employed,376179,0,North,415
CUST00523,39,242597,550,0.6,14,2,3,6,Auto Loan,Self-employed,573261,0,East,411
CUST00524,40,919775,808,0.54,3,6,4,6,Credit Card,Unemployed,558412,0,East,403
CUST00525,30,372245,314,0.04,11,8,4,6,Auto Loan,Student,203535,0,North,433
CUST00526,39,1062412,339,0.06,7,5,1,2,Credit Card,Self-employed,675690,0,Central,463
CUST00527,47,1653020,871,0.08,9,9,0,6,Auto Loan,Self-employed,995653,0,East,571
CUST00528,46,1664017,457,0.12,8,2,2,0,Personal Loan,Student,16523,1,West,553
CUST00529,39,1582219,423,0.61,13,9,0,2,Home Loan,Unemployed,362324,1,East,478
CUST00530,21,1776944,685,0.63,18,8,2,3,Auto Loan,Retired,476334,0,South,528
CUST00531,22,525701,373,1.0,7,5,1,2,Mixed,Unemployed,754252,0,South,306
CUST00532,57,1965450,509,0.03,19,7,0,2,Mixed,Unemployed,115604,1,South,662
CUST00533,31,1130018,850,0.39,1,6,4,3,Credit Card,Employed,101123,1,South,498
CUST00534,57,1533550,360,0.89,2,6,0,2,Personal Loan,Student,381676,0,Central,336
CUST00535,28,1841016,815,1.11,9,9,3,4,Personal Loan,Student,528947,1,East,390
CUST00536,58,1580348,818,0.88,17,6,3,1,Auto Loan,Student,285631,0,Central,537
CUST00537,55,1602334,335,0.04,8,9,1,0,Home Loan,Employed,632875,1,South,497
CUST00538,59,725078,474,0.99,9,4,3,1,Auto Loan,Student,522536,0,South,346
CUST00539,44,1832293,640,0.93,2,4,0,0,Credit Card,Retired,81405,1,East,455
CUST00540,28,1447681,792,0.01,6,3,2,4,Personal Loan,Self-employed,210301,0,East,594
CUST00541,64,1879601,544,0.29,13,7,3,2,Credit Card,Student,445105,1,West,508
CUST00542,32,1504458,402,0.06,2,2,2,7,Credit Card,Student,396836,1,South,400
CUST00543,37,1991636,486,0.78,19,2,3,4,Personal Loan,Retired,690236,1,East,407
CUST00544,61,1279292,490,0.68,19,5,0,6,Personal Loan,Retired,402892,1,West,479
CUST00545,49,928645,590,0.43,12,6,1,4,Credit Card,Unemployed,199060,1,South,524
CUST00546,31,1015753,735,0.77,16,7,3,6,Auto Loan,Student,308143,1,East,470
CUST00547,62,1270891,868,0.95,11,1,0,7,Home Loan,Student,683921,0,Central,452
CUST00548,40,1029229,511,0.11,23,3,3,5,Auto Loan,Self-employed,555507,1,West,556
CUST00549,39,699645,310,0.93,4,6,4,0,Personal Loan,Unemployed,475084,1,South,300
CUST00550,33,551032,489,1.01,6,4,2,2,Credit Card,Employed,113615,1,North,368
CUST00551,21,627459,316,0.3,2,8,1,4,Personal Loan,Unemployed,515069,0,East,374
CUST00552,42,1189076,557,0.14,19,7,1,3,Credit Card,Self-employed,349545,0,West,610
CUST00553,48,1288610,646,0.9,23,9,3,5,Home Loan,Self-employed,429309,1,Central,471
CUST00554,42,596800,315,0.14,12,3,1,6,Credit Card,Retired,634119,1,North,437
CUST00555,23,1511993,716,0.02,10,6,2,7,Personal Loan,Retired,343364,1,East,555
CUST00556,37,1631432,655,0.35,23,6,1,5,Home Loan,Employed,261166,1,East,615
CUST00557,56,1124506,877,0.74,13,9,0,2,Home Loan,Student,587235,0,East,565
CUST00558,29,753097,703,0.74,17,9,1,6,Auto Loan,Unemployed,199079,0,South,516
CUST00559,33,1229319,737,0.73,16,6,4,7,Mixed,Retired,454899,0,East,437
CUST00560,31,1073799,606,0.93,16,5,4,0,Home Loan,Retired,968662,1,East,397
CUST00561,41,710663,564,0.83,1,3,4,2,Credit Card,Student,419840,1,South,326
CUST00562,27,497440,652,0.18,6,3,3,5,Auto Loan,Self-employed,490781,0,North,474
CUST00563,42,1001322,437,0.89,10,2,1,4,Home Loan,Self-employed,272473,1,East,383
CUST00564,44,1094450,355,0.39,6,9,2,3,Home Loan,Self-employed,727532,1,West,372
CUST00565,49,770069,623,0.11,16,2,4,1,Mixed,Retired,691592,0,East,554
CUST00566,46,680790,794,0.9,23,7,4,3,Personal Loan,Employed,770318,0,West,488
CUST00567,35,1326214,594,0.3,7,1,3,2,Home Loan,Employed,65866,1,East,512
CUST00568,36,1530765,772,0.13,21,5,3,0,Mixed,Retired,852221,1,East,641
CUST00569,53,1634666,575,0.4,8,1,4,7,Home Loan,Retired,575922,0,South,383
CUST00570,36,443079,846,1.08,12,7,1,2,Credit Card,Student,394288,0,East,491
CUST00571,53,864145,587,0.65,12,4,1,2,Personal Loan,Self-employed,595884,1,West,474
CUST00572,38,395643,408,1.13,17,5,3,6,Auto Loan,Student,408929,0,East,315
CUST00573,46,804538,449,0.81,21,5,2,5,Auto Loan,Retired,413218,0,North,435
CUST00574,44,1395373,768,0.98,21,3,3,3,Mixed,Student,36861,1,East,533
CUST00575,49,1613727,327,0.28,20,4,2,6,Credit Card,Retired,755209,0,South,444
CUST00576,60,529997,863,0.07,14,4,3,2,Personal Loan,Student,229389,1,East,661
CUST00577,51,1481083,398,1.04,16,1,3,0,Home Loan,Employed,313070,1,Central,392
CUST00578,39,1752518,397,0.16,23,9,1,4,Mixed,Student,997694,0,West,522
CUST00579,59,483498,567,0.29,23,2,0,3,Mixed,Employed,353123,0,Central,631
CUST00580,59,500404,445,0.72,17,2,0,0,Home Loan,Unemployed,51324,0,West,540
CUST00581,29,268727,328,0.25,6,6,3,7,Credit Card,Self-employed,149903,0,North,378
CUST00582,60,239279,855,0.35,12,6,1,2,Mixed,Student,394175,1,North,618
CUST00583,56,1668788,625,0.28,1,1,0,3,Home Loan,Unemployed,642491,1,North,475
CUST00584,55,1128745,759,0.01,24,8,4,3,Auto Loan,Student,231370,0,Central,682
CUST00585,43,267552,607,0.48,19,3,1,5,Personal Loan,Student,911646,1,South,497
CUST00586,49,240076,571,1.09,8,4,2,7,Home Loan,Employed,13065,1,Central,346
CUST00587,32,837004,719,0.91,5,1,2,7,Mixed,Student,742329,1,East,337
CUST00588,47,1598475,795,1.01,18,9,3,7,Personal Loan,Unemployed,117783,0,East,466
CUST00589,46,1604746,387,0.93,5,4,2,6,Auto Loan,Employed,177146,0,West,300
CUST00590,57,1687428,372,0.42,11,6,3,4,Home Loan,Employed,593314,1,West,390
CUST00591,53,1172950,634,0.57,13,5,2,0,Credit Card,Student,523950,1,Central,518
CUST00592,64,1574453,755,0.48,13,2,4,7,Home Loan,Employed,123127,0,West,493
CUST00593,64,764103,428,0.26,19,4,4,4,Mixed,Student,455340,1,Central,482
CUST00594,23,249457,880,0.92,13,4,4,7,Home Loan,Student,733138,1,Central,402
CUST00595,33,637373,772,0.02,17,3,0,4,Credit Card,Student,763154,0,South,649
CUST00596,42,1908867,587,0.31,10,3,4,0,Mixed,Employed,760836,1,North,474
CUST00597,42,712569,701,0.28,6,9,4,1,Mixed,Employed,56585,1,East,533
CUST00598,28,1593935,701,0.47,13,8,3,1,Credit Card,Retired,216718,1,East,552
CUST00599,40,940836,689,1.08,1,6,4,6,Personal Loan,Retired,471608,0,South,300
CUST00600,39,445657,660,0.02,9,9,4,7,Home Loan,Retired,382222,1,North,495
CUST00601,55,1586640,653,0.09,20,4,2,5,Mixed,Unemployed,217435,0,West,625
CUST00602,49,1351626,526,1.0,20,9,4,0,Mixed,Retired,616236,1,Central,420
CUST00603,49,1476976,424,0.46,15,6,0,3,Personal Loan,Retired,743774,0,East,474
CUST00604,55,395374,871,1.11,16,8,4,5,Home Loan,Student,656837,0,Central,415
CUST00605,23,603933,800,0.76,9,1,0,0,Home Loan,Unemployed,173192,0,South,569
CUST00606,36,1463484,633,0.4,7,4,3,4,Mixed,Retired,355958,1,West,460
CUST00607,51,588847,899,0.09,7,8,3,3,Credit Card,Employed,908249,0,South,552
CUST00608,56,584622,754,0.53,1,9,4,3,Personal Loan,Student,514754,1,East,412
CUST00609,57,1593343,317,1.07,6,9,3,5,Personal Loan,Retired,74920,0,Central,300
CUST00610,56,1794914,394,0.76,3,5,0,3,Credit Card,Self-employed,559217,1,North,348
CUST00611,57,1455019,649,0.45,2,4,1,7,Auto Loan,Self-employed,149030,0,Central,442
CUST00612,59,566168,419,0.11,18,9,2,7,Auto Loan,Employed,439845,0,Central,502
CUST00613,57,914709,853,0.56,6,9,3,1,Personal Loan,Retired,593466,1,South,500
CUST00614,27,1977983,812,0.45,24,2,4,5,Home Loan,Retired,128994,0,North,610
CUST00615,63,1248457,787,0.39,19,1,4,3,Auto Loan,Self-employed,532639,0,South,566
CUST00616,54,854534,311,0.46,21,3,3,2,Home Loan,Unemployed,361558,0,East,475
CUST00617,28,1516086,594,0.55,6,4,4,7,Credit Card,Student,387986,0,East,365
CUST00618,61,1207946,655,1.07,5,4,4,7,Auto Loan,Self-employed,528807,1,East,300
CUST00619,38,1745429,833,0.25,21,4,4,0,Home Loan,Retired,400816,1,East,659
CUST00620,48,808486,360,0.27,16,3,3,4,Auto Loan,Unemployed,745146,0,North,433
CUST00621,37,904691,525,1.11,23,3,3,5,Credit Card,Employed,953069,1,West,356
CUST00622,43,1562118,494,0.45,6,8,0,3,Home Loan,Retired,931961,1,South,418
CUST00623,52,604750,676,1.05,4,3,4,5,Mixed,Employed,720351,1,West,300
CUST00624,40,922259,407,1.02,17,3,3,2,Auto Loan,Employed,737575,0,South,348
CUST00625,25,929934,715,1.15,1,6,4,1,Home Loan,Self-employed,497671,0,West,318
CUST00626,39,582304,839,0.93,14,7,1,5,Credit Card,Retired,417855,1,North,494
CUST00627,61,1063628,652,0.48,2,3,1,5,Personal Loan,Unemployed,874950,1,East,397
CUST00628,55,1795249,624,0.14,14,7,3,3,Mixed,Unemployed,145600,0,East,578
CUST00629,25,1745487,743,0.98,17,1,1,0,Home Loan,Self-employed,335938,1,Central,539
CUST00630,62,1415563,709,0.22,17,9,0,3,Credit Card,Employed,915244,0,Central,594
CUST00631,22,1743628,364,0.5,6,3,0,6,Mixed,Employed,134608,1,Central,409
CUST00632,41,636897,703,0.9,15,4,3,3,Auto Loan,Student,714967,0,Central,430
CUST00633,21,560070,570,0.16,7,2,4,4,Auto Loan,Self-employed,505819,0,South,453
CUST00634,59,1091266,503,1.16,22,3,1,5,Auto Loan,Employed,360536,0,East,419
CUST00635,60,1632038,350,0.05,21,6,2,6,Auto Loan,Retired,208509,1,Central,543
CUST00636,48,420854,517,0.06,24,8,1,2,Mixed,Unemployed,847096,1,West,614
CUST00637,28,535558,436,1.0,3,7,3,4,Home Loan,Self-employed,283397,0,East,300
CUST00638,40,742160,600,0.7,22,1,2,5,Mixed,Retired,69991,0,South,533
CUST00639,31,946633,622,0.41,2,6,2,0,Mixed,Unemployed,511912,1,Central,468
CUST00640,24,1368699,515,0.37,17,3,0,5,Credit Card,Retired,83119,1,West,563
CUST00641,25,1590901,601,1.0,2,2,2,6,Credit Card,Retired,435200,0,South,304
CUST00642,64,486268,871,1.15,2,6,1,6,Mixed,Student,249295,0,North,388
CUST00643,29,1414611,671,1.17,10,3,2,0,Mixed,Retired,390006,1,North,417
CUST00644,44,1068020,823,0.48,1,6,1,0,Auto Loan,Unemployed,386859,1,South,534
CUST00645,48,1623181,327,0.76,23,7,4,0,Auto Loan,Retired,599307,1,West,426
CUST00646,36,1188712,837,0.27,3,8,2,6,Auto Loan,Student,190455,0,West,523
CUST00647,39,813916,483,1.12,5,6,2,5,Personal Loan,Self-employed,660771,1,North,300
CUST00648,48,552810,353,0.32,19,7,4,0,Auto Loan,Self-employed,47408,1,North,528
CUST00649,29,1953456,671,0.11,6,8,4,1,Auto Loan,Unemployed,509874,1,West,515
CUST00650,53,1103568,883,0.46,18,8,2,0,Personal Loan,Unemployed,926496,1,Central,607
CUST00651,63,1984417,852,0.79,22,7,1,3,Personal Loan,Student,500053,0,West,590
CUST00652,48,1926468,630,0.45,6,1,1,1,Credit Card,Self-employed,708764,1,Central,480
CUST00653,58,1388486,358,0.62,23,7,3,0,Personal Loan,Student,419428,0,West,491
CUST00654,58,698878,409,0.98,16,3,2,5,Auto Loan,Unemployed,20929,0,Central,394
CUST00655,49,1738522,846,0.27,1,5,1,3,Home Loan,Employed,778491,1,West,511
CUST00656,21,1467760,813,0.77,8,7,2,5,Home Loan,Retired,180485,1,Central,476
CUST00657,46,1831738,477,1.0,9,2,2,7,Mixed,Employed,780704,0,South,300
CUST00658,32,806027,683,0.22,15,5,4,1,Home Loan,Employed,44795,1,West,601
CUST00659,28,1031713,886,0.24,16,2,4,0,Auto Loan,Employed,125649,1,North,665
CUST00660,56,291300,580,1.13,6,9,0,6,Home Loan,Unemployed,129448,0,West,363
CUST00661,42,1026946,511,0.73,2,9,0,6,Home Loan,Unemployed,956168,0,West,314
CUST00662,46,823745,439,0.86,4,9,0,0,Personal Loan,Unemployed,59908,1,West,425
CUST00663,59,1842075,866,1.1,14,8,0,3,Mixed,Student,888023,0,South,471
CUST00664,38,1366422,568,0.81,20,2,0,0,Credit Card,Unemployed,446216,1,East,546
CUST00665,58,330947,317,0.88,15,6,0,1,Home Loan,Student,618405,0,South,404
CUST00666,35,941212,824,1.0,19,7,4,0,Credit Card,Student,438931,0,East,512
CUST00667,45,1335179,625,0.87,15,7,3,6,Mixed,Self-employed,339218,0,East,413
CUST00668,48,1789412,853,0.59,13,2,0,0,Personal Loan,Self-employed,992448,1,West,570
CUST00669,25,330250,789,0.06,13,5,1,0,Home Loan,Unemployed,943080,0,South,630
CUST00670,60,554632,648,0.73,10,2,4,5,Personal Loan,Student,514399,1,South,388
CUST00671,37,962496,597,0.83,7,8,0,6,Home Loan,Retired,299462,1,North,411
CUST00672,26,279907,476,1.03,23,1,2,6,Mixed,Unemployed,150319,1,Central,431
CUST00673,37,1786080,868,0.41,5,3,4,5,Credit Card,Retired,877239,0,Central,440
CUST00674,57,943086,774,0.13,21,9,4,5,Auto Loan,Student,645359,1,West,589
CUST00675,48,1309922,538,0.16,3,5,0,6,Personal Loan,Self-employed,429402,0,South,470
CUST00676,61,802703,499,0.27,4,9,3,1,Mixed,Retired,149611,0,South,473
CUST00677,55,228547,384,0.33,12,6,0,6,Mixed,Self-employed,175739,0,Central,481
CUST00678,30,1364161,852,0.3,16,4,4,7,Auto Loan,Self-employed,94243,1,Central,574
CUST00679,54,1514611,855,0.25,11,6,3,6,Auto Loan,Retired,829815,0,Central,514
CUST00680,26,1095379,514,0.51,8,2,3,1,Mixed,Student,219163,1,East,458
CUST00681,31,1564012,362,0.03,10,9,0,5,Mixed,Unemployed,69835,1,East,531
CUST00682,47,466814,446,0.22,4,9,4,1,Auto Loan,Student,219101,1,West,444
CUST00683,31,1548841,486,0.9,9,7,2,6,Auto Loan,Retired,625080,1,South,320
CUST00684,39,1043549,741,0.17,8,4,3,0,Credit Card,Self-employed,801664,1,South,541
CUST00685,21,945646,825,0.27,1,6,2,3,Home Loan,Self-employed,185961,0,West,538
CUST00686,57,1938179,392,0.75,17,3,0,0,Personal Loan,Student,821455,0,East,454
CUST00687,38,663179,346,1.08,10,5,1,3,Auto Loan,Self-employed,698636,1,South,300
CUST00688,50,1702647,841,0.83,21,8,3,6,Auto Loan,Employed,837651,1,East,479
CUST00689,41,536584,318,0.55,5,8,0,0,Credit Card,Student,665669,1,South,399
CUST00690,27,1892271,794,0.67,16,6,1,3,Personal Loan,Self-employed,986756,1,South,512
CUST00691,31,620713,725,0.93,14,5,2,0,Home Loan,Self-employed,59130,0,West,528
CUST00692,55,1573858,508,0.87,6,9,2,7,Home Loan,Student,564900,0,North,305
CUST00693,44,285879,505,1.05,18,4,3,6,Home Loan,Employed,811211,0,South,328
CUST00694,39,1051682,435,0.76,16,3,2,3,Credit Card,Retired,819316,1,Central,392
CUST00695,26,1430675,358,0.42,19,7,3,7,Credit Card,Student,204013,0,West,442
CUST00696,61,1929454,559,0.75,19,2,2,4,Auto Loan,Student,172634,0,Central,494
CUST00697,42,709792,312,0.44,6,1,3,3,Personal Loan,Retired,541909,1,West,350
CUST00698,63,1062849,827,0.86,18,8,3,4,Mixed,Self-employed,211300,1,West,524
CUST00699,38,1301259,569,0.53,3,9,0,2,Mixed,Retired,277941,0,West,472
CUST00700,55,405482,738,0.97,14,7,1,7,Auto Loan,Student,844852,1,South,401
CUST00701,22,1514277,402,0.07,2,6,0,6,Auto Loan,Student,449687,1,East,439
CUST00702,44,1231767,402,0.73,5,9,3,2,Auto Loan,Unemployed,308499,0,West,350
CUST00703,25,1419897,384,0.79,12,4,2,0,Credit Card,Self-employed,919268,0,East,369
CUST00704,41,1134106,815,0.89,10,6,1,1,Credit Card,Unemployed,435089,1,North,508
CUST00705,26,574536,577,1.19,10,1,4,5,Auto Loan,Student,11083,0,Central,332
CUST00706,43,539661,465,0.6,10,8,4,2,Mixed,Self-employed,784888,0,Central,367
CUST00707,21,561407,619,0.19,19,7,3,3,Home Loan,Retired,443860,0,Central,577
CUST00708,23,827083,599,1.1,16,6,0,2,Mixed,Student,707320,0,Central,435
CUST00709,23,1261786,532,1.16,14,8,2,2,Credit Card,Retired,326327,0,Central,391
CUST00710,28,583293,801,0.87,18,9,2,0,Mixed,Retired,751780,0,West,529
CUST00711,43,1210111,387,0.51,18,5,1,7,Home Loan,Employed,87883,1,West,472
CUST00712,61,1888225,877,0.95,16,1,4,7,Credit Card,Employed,386835,1,Central,446
CUST00713,28,623074,773,1.15,19,2,2,6,Credit Card,Self-employed,236014,1,Central,460
CUST00714,39,602412,774,0.81,9,6,4,6,Personal Loan,Self-employed,423380,0,North,400
CUST00715,40,728775,754,0.71,17,2,4,7,Credit Card,Retired,417434,0,North,456
CUST00716,63,1736692,534,0.88,24,6,2,7,Personal Loan,Employed,873972,0,West,407
CUST00717,64,1214117,871,0.81,15,6,3,0,Auto Loan,Self-employed,475859,0,North,545
CUST00718,52,1429809,495,0.11,24,4,4,3,Mixed,Unemployed,329320,1,East,582
CUST00719,61,1352328,655,1.13,6,4,3,3,Credit Card,Student,462334,1,North,337
CUST00720,58,1673125,333,1.04,20,5,2,5,Mixed,Student,177825,1,Central,376
CUST00721,46,594454,764,0.37,3,6,0,0,Personal Loan,Student,212030,0,South,581
CUST00722,43,1017745,856,0.11,18,1,1,1,Auto Loan,Unemployed,399441,0,North,710
CUST00723,31,1017423,498,0.0,10,9,1,2,Mixed,Unemployed,125709,1,East,585
CUST00724,26,1424832,765,0.92,11,1,2,1,Mixed,Retired,720291,0,Central,454
CUST00725,29,875564,330,0.65,23,1,4,2,Home Loan,Unemployed,445539,0,Central,437
CUST00726,36,497133,845,0.06,9,9,0,3,Auto Loan,Self-employed,767476,0,North,618
CUST00727,60,347466,781,0.65,6,6,4,3,Credit Card,Retired,747674,1,East,413
CUST00728,39,1783370,408,1.04,5,3,2,4,Auto Loan,Unemployed,441213,0,North,300
CUST00729,59,1077684,588,1.18,18,7,4,1,Home Loan,Self-employed,553047,0,North,388
CUST00730,41,1086873,842,1.04,12,3,3,4,Home Loan,Unemployed,943914,0,South,395
CUST00731,31,897318,645,0.95,20,5,3,6,Personal Loan,Retired,480032,1,West,427
CUST00732,22,1131296,621,0.04,24,1,0,3,Mixed,Employed,712489,0,South,665
CUST00733,36,1585105,882,0.89,7,5,1,3,Personal Loan,Self-employed,561370,1,West,475
CUST00734,57,631523,883,0.67,10,4,4,5,Personal Loan,Unemployed,87533,1,West,501
CUST00735,41,1999100,710,0.09,19,5,4,2,Home Loan,Retired,720834,1,South,590
CUST00736,35,243086,505,0.33,3,7,2,6,Home Loan,Student,587008,0,West,385
CUST00737,64,654377,817,0.96,20,4,4,1,Mixed,Retired,694063,0,East,492
CUST00738,63,1604018,639,0.21,21,1,3,7,Home Loan,Student,675422,1,North,530
CUST00739,21,1528915,694,0.02,17,9,2,3,Auto Loan,Unemployed,805557,1,South,599
CUST00740,39,1740269,355,0.17,11,3,2,5,Home Loan,Retired,782750,1,North,418
CUST00741,46,1100980,611,1.09,1,6,4,2,Home Loan,Student,894657,0,East,300
CUST00742,64,1003392,716,0.48,12,8,2,7,Personal Loan,Unemployed,958863,0,East,438
CUST00743,45,1275323,636,0.96,21,4,1,1,Auto Loan,Self-employed,525722,0,Central,512
CUST00744,25,877130,402,0.24,8,4,3,7,Mixed,Unemployed,987107,0,South,343
CUST00745,32,964410,708,0.71,17,2,1,6,Personal Loan,Student,445105,1,North,502
CUST00746,61,1075938,714,0.93,12,2,4,7,Home Loan,Student,670301,0,West,351
CUST00747,47,1755133,878,0.24,8,7,1,5,Personal Loan,Self-employed,648502,0,West,562
CUST00748,56,473317,583,0.41,15,9,0,2,Credit Card,Self-employed,874242,0,Central,527
CUST00749,49,1556733,737,0.58,11,6,4,7,Mixed,Employed,194008,1,East,451
CUST00750,27,1087536,428,1.15,4,9,0,7,Personal Loan,Self-employed,524977,0,South,300
CUST00751,46,409702,399,0.8,9,3,0,7,Home Loan,Self-employed,251044,0,West,368
CUST00752,64,459463,340,0.11,9,7,0,1,Personal Loan,Unemployed,510761,1,Central,510
CUST00753,51,1133115,481,0.01,24,8,0,4,Credit Card,Retired,284849,0,North,656
CUST00754,64,793763,551,0.11,16,6,3,0,Auto Loan,Employed,534381,0,West,575
CUST00755,31,441764,528,0.45,15,1,4,6,Personal Loan,Retired,559674,1,North,421
CUST00756,61,1724957,885,1.09,14,8,0,1,Credit Card,Retired,434273,0,South,538
CUST00757,35,896714,361,0.27,17,3,1,2,Credit Card,Self-employed,604737,1,East,507
CUST00758,27,1727706,358,0.36,4,2,3,3,Home Loan,Unemployed,802461,0,North,341
CUST00759,35,1903961,695,0.88,21,4,2,3,Home Loan,Retired,256000,1,North,527
CUST00760,43,1390077,752,0.62,21,8,4,5,Mixed,Unemployed,713769,0,West,494
CUST00761,63,990049,779,0.36,14,6,3,4,Mixed,Self-employed,72792,1,West,580
CUST00762,33,418993,722,0.82,22,5,1,6,Credit Card,Unemployed,528794,1,Central,514
CUST00763,22,318149,742,1.15,7,6,0,1,Mixed,Student,650722,0,South,421
CUST00764,53,306071,774,0.61,14,1,0,2,Personal Loan,Student,184660,1,South,599
CUST00765,37,497670,815,0.39,18,7,4,0,Credit Card,Student,572904,1,West,595
CUST00766,62,1492146,892,1.16,12,2,0,0,Home Loan,Student,633551,1,East,508
CUST00767,53,230905,814,0.41,1,5,2,2,Personal Loan,Self-employed,440500,0,South,500
CUST00768,44,704518,359,0.01,13,9,2,3,Credit Card,Self-employed,153015,0,West,535
CUST00769,40,1046497,860,0.83,24,6,2,7,Personal Loan,Retired,246872,0,East,561
CUST00770,60,218772,481,0.59,19,3,1,6,Credit Card,Unemployed,638445,0,West,455
CUST00771,24,1678419,622,1.12,18,9,1,4,Mixed,Unemployed,414080,0,South,439
CUST00772,30,568855,398,0.56,13,6,0,2,Home Loan,Employed,383243,0,Central,477
CUST00773,39,1623281,547,0.21,21,9,3,3,Personal Loan,Employed,758323,1,South,540
CUST00774,35,950286,860,0.12,13,7,0,2,Home Loan,Retired,439823,1,West,678
CUST00775,60,695448,443,1.08,12,3,1,4,Personal Loan,Employed,246438,0,East,368
CUST00776,50,547940,746,0.34,10,9,0,1,Home Loan,Self-employed,468047,1,South,596
CUST00777,50,1396020,383,0.96,7,9,1,6,Personal Loan,Retired,125456,0,West,327
CUST00778,64,1361364,620,1.13,15,2,4,7,Mixed,Self-employed,879438,0,Central,300
CUST00779,27,617156,823,0.25,7,7,1,5,Personal Loan,Employed,287218,0,West,569
CUST00780,40,1879123,339,0.56,1,3,2,6,Credit Card,Self-employed,117979,1,North,325
CUST00781,37,1740440,812,0.25,2,7,4,4,Credit Card,Student,418814,0,West,480
CUST00782,44,635405,330,0.97,12,3,1,3,Auto Loan,Retired,183024,1,Central,371
CUST00783,22,546962,734,1.01,12,9,0,0,Home Loan,Unemployed,667792,0,Central,486
CUST00784,60,884818,316,0.22,13,2,4,5,Mixed,Self-employed,363131,0,West,414
CUST00785,46,1251923,696,0.15,20,2,1,4,Personal Loan,Student,427871,1,West,637
CUST00786,62,1333695,668,1.18,3,4,3,0,Credit Card,Retired,953568,1,North,302
CUST00787,61,1781072,457,0.54,3,1,3,7,Mixed,Unemployed,301605,1,West,332
CUST00788,42,468847,573,1.02,5,9,2,3,Personal Loan,Self-employed,759419,1,East,318
CUST00789,55,926996,694,0.04,2,7,0,3,Personal Loan,Self-employed,723946,1,South,535
CUST00790,39,514861,497,1.09,5,8,2,5,Auto Loan,Employed,367679,1,Central,300
CUST00791,48,1998646,770,0.15,14,7,0,0,Mixed,Student,930798,1,East,634
CUST00792,27,419687,670,0.4,15,3,2,0,Home Loan,Self-employed,968499,0,East,533
CUST00793,56,1970638,425,1.06,21,5,3,7,Personal Loan,Unemployed,410696,1,South,348
CUST00794,29,713808,469,0.92,1,4,1,3,Credit Card,Self-employed,564999,1,North,311
CUST00795,50,1640809,629,0.21,5,5,0,4,Auto Loan,Unemployed,413169,1,West,524
CUST00796,38,1431649,388,0.81,12,5,4,1,Personal Loan,Student,113253,1,West,391
CUST00797,60,1902985,418,1.15,6,6,0,0,Home Loan,Employed,27486,1,Central,386
CUST00798,26,1170414,605,0.57,12,3,0,4,Home Loan,Employed,186317,0,Central,523
CUST00799,44,1765369,687,0.75,22,8,0,5,Auto Loan,Unemployed,711152,0,West,528
CUST00800,45,1969671,660,0.63,8,2,2,6,Auto Loan,Employed,50892,1,South,457
CUST00801,56,1870423,405,0.35,7,3,4,1,Auto Loan,Unemployed,180312,1,Central,434
CUST00802,58,275048,834,0.01,16,4,3,5,Personal Loan,Unemployed,18310,1,Central,663
CUST00803,53,1175511,773,0.87,9,6,2,4,Auto Loan,Retired,390960,1,Central,448
CUST00804,54,413364,790,0.35,23,5,4,5,Home Loan,Employed,557975,1,Central,577
CUST00805,51,227243,376,0.95,17,5,2,4,Personal Loan,Student,88038,0,South,402
CUST00806,27,1277860,403,0.61,5,5,4,0,Mixed,Retired,776688,1,West,335
CUST00807,42,1871893,554,0.89,24,4,1,5,Auto Loan,Retired,364859,1,Central,493
CUST00808,56,1289613,307,0.94,6,7,0,0,Home Loan,Student,595869,1,East,342
CUST00809,46,818066,357,0.13,15,1,4,3,Credit Card,Retired,925545,0,West,428
CUST00810,57,1732711,587,1.0,10,2,4,7,Mixed,Unemployed,810838,1,Central,300
CUST00811,57,1649346,596,0.03,16,6,3,1,Auto Loan,Student,401089,0,West,602
CUST00812,51,1332307,816,0.81,5,3,4,7,Mixed,Self-employed,145982,0,East,398
CUST00813,36,474468,470,0.65,24,9,0,3,Home Loan,Student,265856,0,North,556
CUST00814,29,1060479,898,0.93,8,5,2,3,Credit Card,Self-employed,165438,1,West,496
CUST00815,41,340029,844,0.91,4,1,2,7,Personal Loan,Retired,313563,0,Central,402
CUST00816,43,1058959,469,0.9,9,1,3,5,Mixed,Retired,588784,1,East,312
CUST00817,29,1141539,710,0.92,5,7,3,6,Mixed,Retired,495603,1,Central,347
CUST00818,35,1991214,524,1.01,23,3,2,6,Personal Loan,Student,391272,0,Central,427
CUST00819,50,950321,757,0.1,15,2,2,3,Home Loan,Student,714460,0,Central,598
CUST00820,51,405660,363,0.48,3,5,0,1,Credit Card,Self-employed,856884,0,South,383
CUST00821,34,1209378,710,0.42,4,6,1,0,Mixed,Employed,385973,0,South,532
CUST00822,39,1803888,456,0.25,13,6,4,6,Auto Loan,Student,298644,0,East,443
CUST00823,50,1183418,342,0.28,6,6,0,1,Personal Loan,Self-employed,102976,1,North,496
CUST00824,56,653695,881,0.35,8,7,1,6,Mixed,Employed,710667,1,Central,528
CUST00825,27,1438483,815,0.28,2,3,4,0,Credit Card,Retired,46980,0,West,550
CUST00826,37,532690,416,0.5,2,8,1,3,Home Loan,Unemployed,550419,1,South,376
CUST00827,35,597591,787,1.04,2,9,2,7,Home Loan,Student,961274,0,South,300
CUST00828,21,456013,361,0.48,10,2,4,6,Mixed,Unemployed,694147,1,North,323
CUST00829,46,1152712,634,0.32,8,4,2,7,Credit Card,Employed,812292,1,Central,427
CUST00830,23,1643215,448,1.14,17,3,4,0,Auto Loan,Self-employed,874055,1,West,331
CUST00831,30,1594989,748,0.88,24,6,0,6,Credit Card,Self-employed,659666,1,South,531
CUST00832,25,1565107,726,0.98,16,9,0,4,Mixed,Self-employed,359824,1,South,500
CUST00833,40,685317,409,0.38,12,9,1,6,Personal Loan,Employed,111768,0,Central,468
CUST00834,52,894607,761,0.78,20,4,0,2,Personal Loan,Retired,23927,1,Central,621
CUST00835,33,250459,447,0.51,24,2,0,6,Auto Loan,Student,468581,1,South,525
CUST00836,56,972187,757,0.87,8,6,4,0,Credit Card,Self-employed,22540,0,West,476
CUST00837,58,1678221,794,0.34,8,3,2,2,Credit Card,Student,84657,1,South,584
CUST00838,30,436806,780,0.26,12,6,3,7,Personal Loan,Employed,101897,1,South,549
CUST00839,50,1441687,466,0.19,17,5,2,3,Auto Loan,Employed,216603,1,Central,556
CUST00840,63,1127662,784,1.2,12,6,3,0,Auto Loan,Self-employed,452208,1,Central,435
CUST00841,57,1188775,825,0.13,13,8,0,0,Home Loan,Retired,782042,1,North,659
CUST00842,41,850726,847,0.1,14,2,1,4,Credit Card,Self-employed,599338,1,South,633
CUST00843,62,1211084,716,0.11,19,5,1,7,Auto Loan,Self-employed,265291,0,East,624
CUST00844,26,780677,718,0.79,10,5,2,3,Mixed,Retired,446117,0,West,458
CUST00845,54,669824,765,0.23,23,1,0,7,Auto Loan,Student,587799,0,North,635
CUST00846,49,1190201,307,0.54,17,5,4,3,Auto Loan,Student,147696,0,South,423
CUST00847,38,1373016,585,0.69,3,5,4,7,Home Loan,Employed,575797,0,West,303
CUST00848,41,612243,492,1.08,16,2,3,5,Auto Loan,Unemployed,577854,0,South,336
CUST00849,33,1335439,378,0.81,4,4,0,5,Credit Card,Retired,541855,0,Central,322
CUST00850,62,1987895,337,0.1,4,7,3,0,Home Loan,Student,330778,1,South,452
CUST00851,48,1888525,388,0.33,16,8,3,4,Home Loan,Unemployed,23473,0,South,492
CUST00852,62,724379,313,0.8,11,6,1,0,Credit Card,Unemployed,799269,0,Central,368
CUST00853,22,263505,708,1.02,13,3,1,1,Home Loan,Self-employed,725589,1,North,451
CUST00854,59,256071,660,0.96,1,8,4,6,Credit Card,Employed,105511,0,East,315
CUST00855,55,1447100,579,0.22,1,1,0,2,Mixed,Unemployed,43472,0,West,534
CUST00856,27,1722649,613,0.9,19,4,0,3,Home Loan,Employed,171958,0,Central,528
CUST00857,43,1545439,449,0.32,19,8,0,3,Mixed,Unemployed,561707,1,Central,547
CUST00858,27,1509612,484,1.16,8,7,4,1,Credit Card,Student,381204,1,Central,308
CUST00859,63,452537,451,0.83,17,6,3,0,Mixed,Student,362223,0,North,445
CUST00860,44,828609,357,1.1,15,6,2,4,Auto Loan,Self-employed,770392,1,North,300
CUST00861,22,915443,755,0.58,16,1,3,5,Home Loan,Student,631989,1,Central,491
CUST00862,22,895832,714,0.28,2,6,4,1,Mixed,Student,315218,0,South,488
CUST00863,35,482923,653,0.88,12,1,1,0,Personal Loan,Unemployed,659532,1,West,469
CUST00864,59,691152,544,0.36,7,7,4,2,Auto Loan,Employed,645194,0,South,421
CUST00865,33,710411,838,0.01,3,4,1,2,Mixed,Employed,123885,0,Central,632
CUST00866,34,1079317,775,0.2,13,2,3,0,Home Loan,Unemployed,694177,0,East,589
CUST00867,25,1998339,596,1.11,17,3,0,7,Mixed,Retired,805893,0,West,378
CUST00868,37,1755311,635,0.32,7,8,2,6,Personal Loan,Self-employed,727337,1,West,439
CUST00869,25,1358495,787,0.77,11,1,3,3,Personal Loan,Employed,547075,1,West,463
CUST00870,62,1114384,301,0.05,15,3,3,0,Mixed,Retired,170983,1,East,538
CUST00871,63,1571798,864,0.83,11,5,0,5,Auto Loan,Employed,907179,1,West,473
CUST00872,36,533920,349,0.39,23,9,2,0,Personal Loan,Self-employed,845040,0,South,508
CUST00873,51,563835,505,0.04,12,2,2,3,Personal Loan,Self-employed,876489,1,South,503
CUST00874,37,1060647,415,0.22,4,9,3,1,Credit Card,Unemployed,444052,1,East,433
CUST00875,40,1247304,892,0.59,22,7,4,5,Credit Card,Employed,875746,0,South,531
CUST00876,54,1371393,446,0.48,13,4,2,6,Home Loan,Unemployed,380859,0,North,428
CUST00877,21,495561,824,0.71,12,5,0,7,Credit Card,Unemployed,815331,0,East,476
CUST00878,32,1396534,314,0.16,16,1,3,4,Credit Card,Student,705462,0,West,442
CUST00879,49,1906850,323,1.01,21,2,1,0,Mixed,Self-employed,719246,0,South,409
CUST00880,21,1015884,663,0.12,23,6,2,1,Mixed,Employed,436814,0,Central,667
CUST00881,60,1053865,695,1.01,18,7,4,5,Personal Loan,Employed,778400,1,Central,385
CUST00882,42,622873,645,0.75,2,1,0,7,Personal Loan,Unemployed,860603,1,Central,346
CUST00883,42,1638583,494,0.64,16,7,4,2,Home Loan,Student,92356,1,Central,468
CUST00884,25,1759916,601,0.82,14,2,3,1,Mixed,Self-employed,200285,0,West,472
CUST00885,30,1844147,341,0.75,17,2,4,0,Credit Card,Retired,644058,1,South,387
CUST00886,29,1619303,349,1.12,19,3,3,5,Home Loan,Retired,11810,0,West,358
CUST00887,32,1326034,312,0.93,5,4,4,6,Mixed,Unemployed,741735,1,North,300
CUST00888,23,1415982,623,0.46,22,9,3,7,Personal Loan,Retired,881788,1,South,473
CUST00889,34,262241,429,0.69,13,2,2,6,Mixed,Self-employed,895289,0,North,344
CUST00890,58,1794738,813,0.18,23,6,4,6,Auto Loan,Student,509749,1,West,606
CUST00891,29,1031774,696,0.91,1,3,3,0,Mixed,Unemployed,930215,0,North,344
CUST00892,56,764273,540,1.16,3,1,2,2,Home Loan,Retired,137205,0,North,334
CUST00893,37,375171,377,0.15,11,6,2,7,Home Loan,Self-employed,367116,0,North,442
CUST00894,42,1105821,602,0.44,6,2,4,7,Personal Loan,Unemployed,322406,0,South,392
CUST00895,30,242371,377,0.62,20,3,1,1,Credit Card,Employed,699197,1,East,475
CUST00896,41,370087,858,0.33,23,6,2,2,Auto Loan,Employed,93854,0,East,705
CUST00897,38,1080711,706,0.21,11,2,3,3,Credit Card,Self-employed,120180,0,North,571
CUST00898,30,1525963,782,1.02,16,4,3,6,Auto Loan,Unemployed,460108,1,Central,428
CUST00899,47,958497,431,0.95,11,7,3,3,Home Loan,Employed,432661,1,North,341
CUST00900,30,1821282,662,0.86,20,2,4,3,Personal Loan,Self-employed,216138,0,North,484
CUST00901,25,1659730,512,0.93,2,1,3,4,Auto Loan,Employed,575457,0,Central,300
CUST00902,29,494165,823,0.53,21,9,0,3,Personal Loan,Employed,427004,1,West,643
CUST00903,62,351334,441,1.13,17,4,2,7,Credit Card,Self-employed,573298,0,West,316
CUST00904,47,382204,862,0.5,23,7,3,7,Personal Loan,Student,364015,0,South,584
CUST00905,60,1041175,361,0.26,21,1,3,5,Home Loan,Employed,614944,1,Central,469
CUST00906,63,233772,706,0.88,7,8,0,3,Auto Loan,Self-employed,351688,1,West,461
CUST00907,43,1602769,489,0.5,6,4,0,3,Mixed,Student,353481,0,North,457
CUST00908,24,1057233,429,0.81,4,1,3,5,Home Loan,Student,276292,0,West,308
CUST00909,63,781397,509,0.72,10,1,2,0,Personal Loan,Unemployed,612738,1,Central,429
CUST00910,54,1297959,422,0.07,23,7,4,6,Mixed,Retired,554789,1,North,510
CUST00911,55,1941816,788,0.46,22,8,2,6,Auto Loan,Self-employed,860308,1,East,549
CUST00912,57,316191,585,0.83,6,1,4,6,Credit Card,Student,692758,0,Central,300
CUST00913,60,319256,791,0.36,17,7,3,3,Personal Loan,Employed,703758,0,Central,561
CUST00914,48,1141850,430,0.43,21,6,4,0,Auto Loan,Student,955773,1,Central,467
CUST00915,48,1128286,631,0.04,22,4,4,6,Auto Loan,Self-employed,565284,1,North,567
CUST00916,40,1127479,421,0.22,10,4,3,6,Mixed,Retired,374743,1,East,428
CUST00917,59,1486843,363,0.9,11,8,1,3,Mixed,Student,679960,0,South,343
CUST00918,33,944255,520,0.14,1,1,3,2,Credit Card,Self-employed,472855,0,East,443
CUST00919,37,1774409,666,0.65,4,1,2,0,Home Loan,Retired,526047,1,West,452
CUST00920,58,1453834,590,0.22,4,8,2,5,Mixed,Employed,592000,0,West,445
CUST00921,32,1884277,395,0.49,19,1,3,5,Personal Loan,Employed,424818,0,South,443
CUST00922,22,1720771,502,0.27,11,8,3,0,Auto Loan,Student,33252,1,North,542
CUST00923,41,1435628,532,0.35,17,9,2,5,Personal Loan,Unemployed,401187,1,East,511
CUST00924,64,564820,880,0.48,9,6,3,4,Mixed,Student,365018,0,West,529
CUST00925,46,1400995,760,0.4,13,4,0,7,Personal Loan,Self-employed,79973,0,South,580
CUST00926,24,1080370,482,0.22,3,5,1,7,Credit Card,Student,760066,1,East,389
CUST00927,24,1170385,472,0.74,14,6,2,0,Personal Loan,Student,386289,1,North,461
CUST00928,23,1098691,612,0.64,5,6,4,5,Auto Loan,Self-employed,706667,1,North,342
CUST00929,47,1240083,706,0.79,18,3,4,6,Home Loan,Employed,16957,0,North,480
CUST00930,57,1169456,636,0.2,11,1,1,6,Credit Card,Retired,574003,0,West,516
CUST00931,60,1948461,839,0.41,17,7,1,3,Mixed,Self-employed,374706,1,West,628
CUST00932,23,1697001,686,0.25,1,1,4,6,Auto Loan,Unemployed,138954,1,East,440
CUST00933,55,804173,354,0.44,18,3,1,6,Mixed,Student,235451,1,North,472
CUST00934,31,681895,533,0.53,7,9,1,5,Home Loan,Unemployed,643328,0,Central,409
CUST00935,37,374757,332,0.47,19,9,0,6,Mixed,Retired,266830,0,North,482
CUST00936,34,320721,459,0.45,5,9,1,0,Home Loan,Student,380133,1,West,463
CUST00937,38,474125,532,0.78,2,9,2,7,Personal Loan,Retired,993155,1,East,300
CUST00938,51,682831,478,0.86,3,9,1,3,Home Loan,Unemployed,846936,1,Central,314
CUST00939,31,698340,789,0.87,20,1,2,2,Credit Card,Unemployed,958076,1,Central,500
CUST00940,45,753123,500,1.01,8,2,2,5,Mixed,Student,207601,0,South,345
CUST00941,25,1146599,513,0.41,20,5,1,0,Personal Loan,Student,424580,0,East,584
CUST00942,33,504847,776,0.11,8,5,1,6,Credit Card,Employed,930942,1,North,521
CUST00943,36,1108653,612,0.58,11,1,2,2,Credit Card,Student,492808,0,West,477
CUST00944,27,743464,881,0.49,12,4,4,5,Home Loan,Unemployed,483593,0,Central,511
CUST00945,56,1603452,739,0.56,18,1,4,2,Personal Loan,Self-employed,831487,1,East,502
CUST00946,21,770221,817,1.05,5,8,0,2,Personal Loan,Self-employed,291693,0,East,466
CUST00947,32,1067799,762,0.25,24,4,1,0,Credit Card,Retired,846934,0,North,673
CUST00948,62,1717578,402,1.01,20,8,0,7,Personal Loan,Self-employed,541240,1,Central,383
CUST00949,28,1662923,475,0.1,7,7,2,7,Credit Card,Unemployed,22482,1,East,480
CUST00950,44,469321,457,0.06,3,9,3,4,Personal Loan,Self-employed,847700,1,East,399
CUST00951,62,1573640,599,0.69,10,3,3,3,Home Loan,Retired,990357,1,East,378
CUST00952,21,599827,561,1.04,17,1,0,2,Personal Loan,Student,39359,0,Central,498
CUST00953,37,1659855,695,0.01,6,7,4,4,Mixed,Employed,479522,1,South,510
CUST00954,38,491763,486,0.53,1,3,2,6,Auto Loan,Student,528741,1,North,337
CUST00955,40,1009677,542,0.22,14,6,3,0,Personal Loan,Unemployed,50289,0,North,581
CUST00956,42,1106878,415,0.04,16,8,0,5,Personal Loan,Unemployed,819034,0,West,522
CUST00957,33,841139,334,0.86,4,3,1,5,Home Loan,Retired,425085,0,Central,300
CUST00958,60,509915,319,0.3,17,1,2,4,Mixed,Self-employed,633124,1,South,450
CUST00959,24,945308,594,0.78,17,7,2,2,Mixed,Retired,408235,0,South,486
CUST00960,41,1522802,747,0.67,13,7,2,1,Credit Card,Student,486213,1,Central,525
CUST00961,40,1238532,883,1.05,24,8,2,2,Home Loan,Unemployed,602949,1,South,553
CUST00962,24,1914954,481,1.17,2,4,2,5,Mixed,Retired,182811,1,North,300
CUST00963,48,289364,805,0.74,14,6,3,0,Credit Card,Employed,810824,0,North,503
CUST00964,40,1210751,565,1.01,18,9,1,3,Mixed,Unemployed,574796,1,West,438
CUST00965,52,1911355,549,0.86,15,2,1,2,Auto Loan,Employed,655457,1,East,442
CUST00966,58,902286,301,0.4,1,5,1,2,Mixed,Employed,519374,1,South,367
CUST00967,61,1374596,821,0.78,20,1,0,3,Credit Card,Retired,39103,0,North,626
CUST00968,25,1670400,327,0.14,10,2,2,3,Mixed,Student,179470,0,West,481
CUST00969,39,1427842,499,0.82,16,8,4,5,Personal Loan,Self-employed,472949,1,East,374
CUST00970,28,898071,893,0.3,13,1,4,3,Personal Loan,Employed,487311,0,East,574
CUST00971,62,723871,397,0.39,2,1,1,4,Credit Card,Unemployed,154425,0,South,412
CUST00972,44,1564946,676,0.62,21,1,1,5,Auto Loan,Student,838020,1,East,513
CUST00973,33,1379462,733,0.83,4,9,1,2,Home Loan,Unemployed,626573,0,North,427
CUST00974,25,1156101,586,0.58,16,7,4,7,Mixed,Self-employed,543654,1,South,413
CUST00975,40,1047518,888,1.11,6,7,3,4,Credit Card,Self-employed,16355,1,South,434
CUST00976,50,1363793,602,0.31,8,2,4,3,Personal Loan,Employed,245920,1,East,476
CUST00977,39,1932266,629,0.3,7,6,2,7,Auto Loan,Self-employed,543996,1,East,445
CUST00978,60,261632,301,1.11,17,2,0,2,Mixed,Unemployed,759608,1,West,351
CUST00979,64,1859170,414,0.4,8,8,1,7,Personal Loan,Self-employed,354054,0,Central,407
CUST00980,33,849169,683,0.98,6,2,1,5,Home Loan,Student,610132,1,East,371
CUST00981,56,1874328,317,0.81,13,4,4,4,Mixed,Retired,315509,1,West,328
CUST00982,43,1395573,625,1.13,21,3,3,1,Personal Loan,Student,860523,0,West,418
CUST00983,21,1038248,474,0.21,3,3,1,4,Credit Card,Employed,31557,1,South,482
CUST00984,29,1935285,494,1.05,22,2,3,5,Mixed,Student,222947,0,South,413
CUST00985,48,1214388,544,0.95,19,2,0,2,Home Loan,Student,400715,1,Central,492
CUST00986,29,602829,599,1.07,19,5,1,0,Mixed,Self-employed,486398,0,East,484
CUST00987,61,1953487,839,0.37,14,8,4,2,Personal Loan,Unemployed,41784,1,North,602
CUST00988,21,1006337,338,0.0,17,5,1,1,Home Loan,Self-employed,564177,0,South,561
CUST00989,35,1913643,318,0.35,9,4,2,0,Home Loan,Student,367403,1,Central,452
CUST00990,23,247842,588,0.28,9,7,2,1,Mixed,Employed,221565,1,East,542
CUST00991,48,1157015,661,0.26,15,2,0,2,Credit Card,Unemployed,965785,0,North,567
CUST00992,38,1493843,433,1.08,7,9,0,5,Auto Loan,Self-employed,581117,0,West,309
CUST00993,59,1762967,547,0.83,13,5,1,0,Mixed,Retired,481566,1,South,469
CUST00994,27,1171283,600,0.33,12,2,1,7,Personal Loan,Student,817295,1,North,460
CUST00995,56,635078,659,0.51,9,2,0,0,Personal Loan,Student,875392,0,North,512
CUST00996,40,811493,795,0.23,11,6,4,2,Personal Loan,Employed,309274,0,West,570
CUST00997,60,1626246,776,0.95,11,2,2,7,Mixed,Self-employed,951361,1,West,369
CUST00998,48,1214206,879,0.99,11,7,1,5,Auto Loan,Student,422456,0,Central,475
CUST00999,30,1791629,759,0.13,1,9,1,2,Home Loan,Student,232330,0,Central,567
CUST01000,48,1474327,605,1.14,24,4,0,2,Personal Loan,Student,280868,1,Central,521
