Age,Gender,Plan Type,Monthly Charge (INR),Data Usage (GB/Month),Call Minutes/Month,Complaints (Last 6 Months),Customer Support Calls,Late Payments (Last 6 Months),Tenure (Months),Received Competitor Offer,"Churned (1=Yes, 0=No)"
50,Male,Prepaid,138.95,20.71,165.57,0,1,2,49,0,1
68,Female,Postpaid,300.25,9.97,223.96,1,0,0,52,0,0
33,Male,Postpaid,322.31,10.22,138.22,0,0,0,49,0,0
54,Female,Postpaid,544.56,15.45,251.77,0,2,0,34,1,0
65,Female,Prepaid,488.17,17.52,522.05,0,3,3,8,0,1
26,Male,Postpaid,314.56,5.7,139.92,2,4,0,12,0,0
64,Male,Prepaid,599.29,20.15,245.49,1,2,3,46,0,1
42,Male,Postpaid,475.07,14.68,179.89,0,6,0,53,0,0
39,Male,Prepaid,437.62,15.03,433.29,0,2,2,58,0,1
61,Male,Prepaid,289.44,7.95,199.16,0,2,2,1,0,1
43,Female,Postpaid,756.31,12.09,333.32,1,1,2,13,1,1
41,Male,Prepaid,263.65,21.44,373.51,0,2,1,29,0,0
58,Male,Postpaid,496.78,10.38,336.51,0,3,1,12,0,0
55,Male,Prepaid,172.33,3.41,209.07,0,0,3,53,0,1
31,Female,Prepaid,301.16,12.32,448.74,0,3,3,19,0,1
59,Male,Postpaid,361.38,8.51,200.4,1,1,0,37,0,0
50,Female,Postpaid,319.31,13.64,352.83,0,2,1,17,0,0
60,Female,Postpaid,388.42,13.55,460.78,1,3,0,55,1,0
55,Male,Prepaid,265.95,16.01,273.25,1,1,3,19,0,1
25,Male,Prepaid,339.04,1.46,312.27,0,0,2,58,1,1
25,Female,Prepaid,460.67,19.06,167.72,0,1,3,16,0,1
40,Female,Postpaid,146.86,21.73,188.59,1,1,1,39,0,0
45,Male,Postpaid,372.61,19.73,145.73,2,2,2,23,1,1
46,Female,Postpaid,576.38,21.49,126.51,0,1,3,3,1,1
25,Male,Prepaid,432.14,17.08,255.2,2,2,2,44,1,1
20,Male,Prepaid,257.26,20.93,116.84,2,0,3,2,0,1
60,Female,Postpaid,186.41,17.95,201.75,2,1,0,24,0,0
36,Female,Postpaid,402.23,23.56,405.46,2,0,3,59,0,1
21,Female,Postpaid,315.95,8.54,410.05,0,2,1,23,0,0
54,Female,Prepaid,246.22,7.61,313.18,2,1,3,13,1,1
20,Female,Prepaid,431.08,12.05,353.47,0,3,1,55,0,0
25,Female,Postpaid,254.3,12.2,184.59,1,1,2,26,0,1
59,Male,Postpaid,417.42,14.3,419.1,1,1,2,12,0,1
40,Female,Prepaid,745.36,11.39,221.93,0,2,3,15,0,1
35,Female,Postpaid,380.35,19.42,228.29,1,2,0,15,1,0
49,Male,Postpaid,395.17,9.56,279.41,1,3,1,39,0,0
32,Male,Postpaid,504.85,18.29,174.01,0,3,1,26,0,0
27,Female,Prepaid,365.2,21.25,541.33,2,1,2,23,0,1
48,Male,Prepaid,418.74,19.94,454.86,0,4,3,41,0,1
37,Female,Postpaid,459.65,12.51,292.04,2,2,1,25,0,0
25,Female,Prepaid,627.05,15.82,347.07,0,3,0,22,1,0
66,Male,Postpaid,414.25,18.67,437.6,1,0,1,21,0,0
59,Female,Postpaid,326.25,11.15,367.52,2,0,1,54,0,0
23,Male,Prepaid,690.05,15.66,234.12,1,1,0,11,0,0
32,Female,Prepaid,367.58,20.23,267.26,0,1,1,20,0,0
48,Female,Postpaid,590.8,12.07,198.47,1,1,1,24,0,0
19,Male,Prepaid,527.4,9.11,348.05,2,4,1,21,0,0
40,Female,Prepaid,240.73,6.55,206.62,1,2,2,29,0,1
34,Female,Prepaid,316.71,21.23,50.0,2,3,3,48,0,1
47,Female,Postpaid,261.44,17.92,338.64,1,4,3,25,0,1
29,Male,Prepaid,383.6,16.1,437.87,1,4,3,18,1,1
41,Female,Prepaid,384.68,18.95,404.62,2,1,2,28,1,1
25,Female,Prepaid,413.35,13.66,221.65,1,0,2,50,1,1
26,Male,Postpaid,424.24,12.67,314.64,0,1,2,20,0,1
35,Male,Postpaid,394.23,24.99,211.54,0,1,0,57,0,0
53,Female,Prepaid,371.3,12.12,526.77,3,2,0,8,0,0
61,Male,Prepaid,344.5,25.36,291.42,1,5,2,44,0,1
64,Female,Postpaid,423.9,11.66,354.98,1,2,0,29,0,0
28,Male,Postpaid,348.32,14.2,223.24,3,2,3,24,1,1
29,Male,Prepaid,413.2,8.05,213.59,0,3,2,38,0,0
35,Male,Postpaid,551.09,10.51,288.09,1,3,0,33,0,0
25,Male,Postpaid,284.93,13.88,360.04,0,2,0,32,0,0
40,Female,Prepaid,423.02,17.09,480.13,0,3,1,16,0,0
47,Male,Prepaid,325.84,19.4,266.89,0,1,3,22,0,1
32,Male,Postpaid,540.94,9.55,410.57,1,2,3,28,0,1
26,Female,Prepaid,296.58,16.05,369.12,1,2,1,34,0,0
67,Male,Prepaid,371.85,11.91,291.01,1,0,1,14,1,1
35,Female,Postpaid,417.32,28.52,380.69,4,3,3,41,1,1
57,Female,Postpaid,457.6,10.65,412.69,1,0,2,10,1,1
25,Female,Postpaid,464.12,12.7,343.27,1,2,2,6,0,0
51,Male,Prepaid,399.65,17.84,380.25,1,0,3,9,0,1
53,Male,Prepaid,484.86,13.04,151.06,1,4,0,28,1,0
56,Male,Postpaid,391.94,10.99,457.19,0,2,0,12,0,0
58,Male,Postpaid,351.35,11.94,481.59,2,1,0,4,1,1
31,Male,Postpaid,373.22,15.43,228.48,0,3,3,30,0,1
40,Female,Prepaid,437.04,1.15,248.98,2,1,1,18,0,0
50,Female,Prepaid,246.77,10.31,286.9,0,2,0,23,0,0
40,Female,Prepaid,597.6,14.41,322.37,2,2,1,9,1,0
65,Female,Postpaid,649.12,16.23,247.29,1,1,2,2,0,1
63,Female,Postpaid,384.63,12.17,311.68,2,0,1,51,0,0
36,Female,Postpaid,240.85,6.9,375.96,1,3,1,54,0,0
31,Male,Prepaid,296.39,20.49,279.21,0,2,3,39,0,1
18,Male,Postpaid,656.21,10.63,366.58,0,2,2,10,0,0
48,Male,Prepaid,196.48,17.22,184.52,1,2,2,18,0,1
45,Male,Prepaid,560.18,13.21,342.46,1,4,0,22,0,0
53,Female,Prepaid,635.28,22.82,144.31,0,0,1,54,0,0
34,Female,Postpaid,737.12,19.29,402.8,0,2,3,59,0,1
57,Female,Postpaid,466.86,18.32,243.54,2,3,2,40,1,1
62,Male,Postpaid,217.2,7.55,441.54,0,3,1,1,0,1
22,Female,Postpaid,559.48,13.87,93.58,2,0,1,55,0,0
22,Female,Postpaid,660.13,10.62,365.18,0,1,1,14,0,0
20,Female,Postpaid,457.18,10.29,294.41,1,5,2,9,1,1
66,Female,Postpaid,224.68,14.45,303.5,1,1,3,32,0,1
34,Female,Prepaid,449.66,18.86,198.24,1,3,1,35,0,0
36,Male,Prepaid,476.28,16.54,189.11,0,2,1,22,0,0
63,Female,Postpaid,651.08,13.68,247.43,1,2,3,20,0,1
44,Male,Prepaid,299.37,14.09,267.33,2,1,3,39,1,1
23,Male,Postpaid,127.29,10.58,437.35,0,0,3,8,0,1
46,Female,Postpaid,130.05,15.27,332.7,0,1,1,2,0,1
29,Male,Prepaid,253.76,17.18,258.79,0,2,3,35,0,1
62,Male,Postpaid,558.44,14.37,314.17,0,2,2,30,0,1
21,Female,Postpaid,202.53,18.69,337.39,0,2,1,4,0,1
24,Male,Postpaid,331.33,17.3,427.3,2,3,1,21,0,0
20,Male,Prepaid,400.28,12.2,421.56,0,1,2,52,0,1
56,Male,Prepaid,100.0,10.01,490.51,0,3,2,59,0,1
23,Male,Prepaid,286.96,15.15,210.11,2,1,0,27,0,0
38,Male,Prepaid,460.06,16.34,329.7,1,0,0,54,0,0
35,Female,Prepaid,661.77,15.97,314.16,3,2,2,16,0,1
19,Male,Prepaid,687.88,28.71,289.85,1,1,0,54,1,0
51,Female,Postpaid,461.9,12.39,55.32,1,2,0,39,0,0
69,Male,Prepaid,645.17,15.57,102.06,0,2,0,28,0,0
44,Male,Postpaid,290.32,17.1,208.23,3,1,1,54,0,1
34,Male,Prepaid,441.85,9.69,315.33,0,2,1,4,0,0
51,Female,Prepaid,734.7,17.53,154.02,0,2,3,35,0,1
45,Male,Postpaid,405.32,7.38,170.06,1,4,1,51,0,0
34,Female,Postpaid,313.78,13.97,331.57,2,3,3,13,1,1
37,Male,Prepaid,375.22,10.45,203.38,0,6,0,6,0,0
29,Female,Postpaid,503.24,21.42,341.71,0,5,2,55,0,1
47,Male,Prepaid,341.26,11.03,296.3,2,1,2,1,0,1
45,Female,Postpaid,398.34,24.72,465.63,1,2,1,7,0,0
42,Male,Postpaid,269.9,16.66,313.39,1,1,1,52,0,0
21,Female,Prepaid,367.4,13.82,418.24,2,4,0,56,0,0
62,Female,Postpaid,532.34,10.45,157.86,0,3,1,4,0,1
50,Female,Prepaid,375.0,14.59,329.85,0,2,3,20,0,1
34,Female,Prepaid,399.03,20.21,283.29,2,2,1,35,0,0
57,Female,Prepaid,139.62,11.99,189.05,2,5,3,33,0,1
44,Male,Postpaid,545.81,16.78,398.52,2,0,2,20,0,0
31,Female,Postpaid,360.99,13.43,377.36,0,0,3,58,1,1
44,Female,Postpaid,319.37,21.31,302.9,1,2,0,56,1,0
54,Male,Prepaid,177.31,15.63,486.82,3,0,2,27,0,1
42,Male,Postpaid,158.26,16.46,350.79,0,1,3,43,1,1
51,Female,Postpaid,172.75,10.0,172.09,4,5,3,35,0,1
21,Male,Postpaid,238.49,18.55,353.22,0,0,3,14,1,1
26,Female,Prepaid,558.58,23.63,277.3,1,2,2,22,1,1
43,Female,Postpaid,359.38,14.95,385.61,0,0,3,30,1,1
21,Male,Prepaid,393.02,19.21,177.75,1,3,0,44,0,0
28,Male,Postpaid,376.84,11.17,365.67,1,1,0,16,1,0
67,Female,Prepaid,295.11,15.77,112.07,3,1,2,5,0,1
26,Female,Postpaid,388.68,11.77,273.08,1,1,1,56,0,0
29,Female,Postpaid,379.0,1.0,171.37,0,1,0,32,0,0
38,Male,Prepaid,319.84,8.57,436.03,1,2,1,44,0,0
39,Female,Prepaid,463.61,14.39,333.48,0,6,0,14,1,0
59,Female,Postpaid,523.94,20.94,320.53,1,4,2,10,0,1
41,Female,Prepaid,100.0,14.62,406.43,2,2,0,34,0,0
52,Female,Postpaid,416.55,19.82,308.89,0,2,2,48,0,1
51,Female,Prepaid,588.79,5.59,229.09,1,5,2,45,0,1
41,Male,Postpaid,353.71,20.79,268.29,0,3,2,59,0,0
60,Female,Postpaid,553.96,1.59,362.65,1,4,2,31,0,1
50,Male,Postpaid,324.26,15.59,437.06,1,1,3,52,0,1
23,Male,Postpaid,252.89,13.59,141.88,1,3,1,9,1,0
41,Male,Prepaid,466.31,16.69,65.28,1,0,3,35,1,1
20,Female,Postpaid,693.22,17.67,104.02,1,2,0,34,0,0
38,Male,Prepaid,279.18,17.81,272.86,0,3,2,30,0,1
30,Female,Prepaid,408.32,9.87,185.66,0,1,1,21,0,0
59,Female,Prepaid,477.87,13.37,189.62,1,1,0,27,0,0
63,Male,Prepaid,415.37,15.78,372.66,3,2,1,23,0,0
48,Male,Prepaid,655.4,11.81,271.72,0,3,3,23,0,1
51,Female,Prepaid,427.69,12.32,215.5,0,1,0,57,0,0
19,Female,Postpaid,503.94,6.54,292.23,0,0,0,23,0,0
38,Female,Postpaid,557.21,7.71,226.46,0,1,0,6,0,0
49,Male,Prepaid,422.46,20.95,272.58,0,2,3,15,0,1
61,Male,Postpaid,343.97,14.24,150.35,0,2,2,19,0,0
30,Male,Postpaid,445.07,15.17,344.19,0,3,2,17,0,1
57,Male,Prepaid,243.76,15.56,199.8,4,1,0,48,0,0
20,Female,Postpaid,300.99,13.29,401.13,1,3,1,23,0,0
41,Female,Postpaid,365.63,15.27,342.8,0,2,3,56,1,1
23,Female,Postpaid,775.81,18.18,311.53,0,1,0,59,0,0
31,Male,Postpaid,577.53,18.5,292.26,2,0,3,31,0,1
49,Female,Postpaid,530.56,15.76,466.98,1,5,1,49,0,0
68,Male,Postpaid,555.94,10.85,301.41,2,5,0,47,0,0
44,Male,Postpaid,245.18,11.29,289.78,0,3,3,47,0,1
59,Female,Postpaid,616.99,18.69,395.39,0,2,1,56,0,0
28,Male,Prepaid,360.96,12.63,244.46,1,0,2,27,0,0
33,Female,Postpaid,486.51,18.28,297.16,1,3,1,48,0,0
60,Female,Prepaid,363.21,13.49,347.0,2,1,3,4,1,1
35,Male,Postpaid,383.59,8.89,189.28,3,0,2,56,0,1
50,Male,Postpaid,161.49,21.74,262.31,1,0,1,33,0,0
42,Male,Postpaid,278.82,12.19,326.91,0,2,0,58,0,0
38,Male,Prepaid,344.69,16.25,291.74,0,0,2,17,0,1
65,Male,Prepaid,115.09,18.03,213.3,1,1,1,34,0,0
45,Female,Postpaid,432.67,14.67,165.47,1,1,0,42,0,0
46,Male,Postpaid,279.39,19.17,171.72,0,1,1,48,0,0
49,Female,Postpaid,566.03,23.51,317.27,3,4,0,54,0,0
61,Female,Prepaid,408.39,10.19,245.3,1,5,0,31,0,0
52,Male,Postpaid,677.67,17.32,413.93,1,0,0,14,0,0
48,Male,Prepaid,383.16,18.5,159.85,2,4,0,38,1,0
20,Male,Postpaid,419.82,20.07,365.39,0,5,2,13,0,1
27,Female,Postpaid,336.04,11.76,239.91,0,1,3,30,0,1
27,Female,Postpaid,288.6,14.79,239.96,1,2,2,43,0,0
30,Female,Postpaid,422.18,8.39,492.28,0,2,2,57,0,0
39,Female,Postpaid,214.28,15.45,272.22,0,1,1,51,0,0
39,Female,Postpaid,423.82,16.75,374.81,1,2,1,36,0,0
40,Female,Postpaid,576.6,18.38,431.21,1,1,2,58,0,1
57,Male,Prepaid,454.21,13.51,303.3,1,2,3,1,0,1
69,Female,Postpaid,483.06,15.53,180.66,1,3,2,35,0,1
29,Male,Postpaid,324.17,18.9,307.76,1,1,1,26,0,0
36,Female,Prepaid,157.46,11.37,456.39,1,3,3,9,0,1
52,Female,Postpaid,703.39,10.16,186.55,3,0,0,15,0,0
30,Male,Postpaid,343.39,12.39,313.88,0,0,1,22,0,0
24,Female,Postpaid,529.43,17.2,288.0,2,3,3,30,0,1
38,Female,Prepaid,278.24,2.32,349.87,1,2,1,35,0,0
45,Male,Postpaid,660.12,26.01,296.58,0,1,3,51,0,1
54,Male,Prepaid,401.58,19.7,396.95,1,0,0,35,0,0
42,Female,Postpaid,312.39,13.44,293.87,0,0,0,57,1,0
26,Female,Postpaid,488.44,16.63,72.91,0,2,0,41,0,0
20,Male,Postpaid,235.83,12.52,218.6,2,2,0,20,0,0
19,Male,Prepaid,418.45,19.38,50.0,3,2,2,28,0,1
41,Female,Postpaid,413.09,13.56,260.94,3,3,0,7,0,0
22,Male,Postpaid,480.83,8.25,226.9,1,2,0,6,0,0
46,Male,Postpaid,476.26,7.19,382.03,1,1,2,15,1,1
67,Male,Prepaid,589.61,14.2,433.66,1,5,1,13,0,0
47,Male,Prepaid,100.0,19.92,325.98,1,2,2,59,0,0
50,Female,Prepaid,100.0,14.08,252.17,0,3,2,45,0,0
24,Male,Postpaid,461.89,10.89,336.69,1,0,2,6,0,1
56,Female,Postpaid,240.46,8.43,541.29,1,1,1,35,0,0
55,Female,Prepaid,348.42,10.12,297.3,1,2,0,31,0,0
64,Male,Postpaid,185.02,22.07,183.95,2,1,3,34,0,1
36,Male,Postpaid,357.43,23.18,198.87,0,2,1,1,1,1
54,Female,Prepaid,469.42,15.64,342.92,0,2,1,12,0,0
65,Female,Prepaid,305.43,21.08,272.79,2,1,3,56,1,1
51,Female,Prepaid,399.09,15.7,294.85,0,4,3,54,0,1
53,Female,Postpaid,494.4,15.02,152.04,0,3,0,38,0,0
29,Male,Postpaid,221.05,22.58,99.76,1,6,1,39,0,0
22,Female,Postpaid,445.61,10.93,379.95,2,1,2,15,0,1
48,Male,Prepaid,569.04,21.4,279.61,1,2,0,4,0,0
68,Male,Postpaid,569.26,10.81,283.43,1,0,1,2,0,1
42,Female,Postpaid,601.61,8.39,203.08,2,2,1,36,0,0
22,Female,Prepaid,501.0,9.38,376.46,0,0,3,23,1,1
62,Male,Prepaid,421.29,15.6,318.62,1,0,3,55,0,1
24,Female,Prepaid,531.96,12.49,272.35,2,4,0,9,0,0
26,Female,Postpaid,100.0,12.19,415.76,0,3,1,43,1,1
34,Female,Prepaid,261.24,8.22,362.9,0,2,1,21,0,0
31,Male,Prepaid,411.4,5.41,384.63,0,6,3,27,0,1
58,Female,Postpaid,341.43,17.55,287.0,2,2,2,59,0,1
61,Female,Postpaid,610.6,13.79,413.78,2,3,2,3,0,1
38,Female,Postpaid,672.02,14.17,419.67,1,4,0,50,0,0
32,Female,Postpaid,413.85,17.44,317.98,0,1,0,47,0,0
43,Male,Postpaid,548.31,17.23,126.92,0,3,2,44,0,1
58,Female,Postpaid,410.46,16.97,327.19,0,3,2,23,1,1
54,Female,Postpaid,518.03,3.56,355.71,0,0,2,46,0,1
39,Male,Postpaid,438.55,17.89,258.61,3,5,0,48,0,0
20,Male,Postpaid,346.44,19.24,465.85,3,5,1,45,0,1
59,Male,Prepaid,200.92,19.33,240.82,0,2,0,39,0,0
20,Female,Prepaid,493.36,9.52,268.34,1,2,1,16,0,0
57,Female,Postpaid,560.22,15.46,165.33,1,1,1,57,0,0
57,Female,Prepaid,257.05,19.88,300.11,0,1,1,5,1,1
26,Female,Prepaid,100.0,22.95,468.19,0,2,3,39,0,1
65,Male,Postpaid,571.25,3.54,223.35,0,1,0,38,0,0
68,Female,Postpaid,483.26,16.57,346.26,0,2,3,48,0,1
50,Male,Prepaid,351.88,19.11,218.39,2,2,3,36,1,1
56,Female,Postpaid,482.26,19.79,175.89,3,3,2,47,0,1
22,Male,Postpaid,314.37,21.18,186.1,1,2,1,48,0,0
48,Male,Postpaid,588.28,6.45,378.7,0,5,3,21,0,1
19,Male,Postpaid,603.27,14.27,270.31,1,2,1,43,0,0
23,Male,Prepaid,324.56,21.01,125.75,3,2,3,10,0,1
49,Male,Postpaid,584.59,13.87,314.69,0,3,3,51,0,1
61,Male,Prepaid,275.33,23.58,387.08,0,3,0,51,0,0
63,Female,Prepaid,721.86,15.32,121.33,1,2,1,57,0,0
39,Male,Prepaid,545.18,17.12,461.92,1,2,3,19,0,1
67,Male,Postpaid,372.38,12.91,101.25,0,4,2,10,0,0
31,Male,Prepaid,618.28,9.75,155.3,5,4,0,24,0,0
58,Male,Postpaid,288.17,7.62,308.59,1,2,3,29,0,1
51,Male,Postpaid,217.44,24.77,268.17,0,3,0,51,1,0
27,Female,Postpaid,338.15,9.69,229.31,1,2,2,44,0,1
52,Female,Postpaid,428.3,14.87,489.84,2,4,3,10,0,1
55,Female,Prepaid,707.57,16.99,319.21,1,4,2,21,0,1
52,Male,Postpaid,400.08,7.07,287.97,1,2,3,8,0,1
18,Female,Postpaid,324.35,6.36,296.36,1,5,0,46,1,0
55,Male,Prepaid,329.75,13.75,305.14,0,1,1,1,0,1
59,Female,Prepaid,489.74,17.93,256.2,3,2,2,56,0,1
26,Male,Prepaid,314.95,10.68,167.25,1,1,1,12,0,0
23,Female,Postpaid,622.43,15.17,171.65,0,2,1,16,1,0
21,Female,Prepaid,451.86,18.41,316.63,2,3,3,37,0,1
34,Female,Postpaid,443.72,14.34,256.11,0,1,2,49,0,1
36,Female,Postpaid,476.71,13.82,285.52,1,1,3,4,0,1
66,Male,Postpaid,353.0,14.82,397.9,0,2,0,7,1,0
64,Female,Prepaid,465.77,23.65,356.37,2,1,3,13,0,1
69,Female,Postpaid,168.29,1.97,302.08,0,1,3,39,0,1
67,Female,Postpaid,325.9,16.23,284.78,1,4,1,47,0,0
59,Male,Postpaid,419.01,17.23,50.0,0,1,3,39,1,1
58,Female,Postpaid,404.0,16.3,353.18,2,0,2,52,0,0
35,Male,Postpaid,130.89,21.74,59.76,0,2,3,8,0,1
69,Female,Postpaid,568.47,21.44,363.45,1,2,2,18,0,1
65,Female,Postpaid,429.35,13.98,285.74,0,3,3,41,0,1
43,Male,Postpaid,332.28,12.81,179.51,2,2,0,16,0,0
21,Male,Prepaid,385.84,16.15,431.75,1,4,2,43,1,1
21,Female,Postpaid,670.77,10.77,239.68,1,0,2,29,0,0
20,Male,Prepaid,577.02,18.83,206.91,0,2,0,47,0,0
50,Female,Postpaid,316.47,9.98,406.17,0,4,0,30,0,0
39,Male,Postpaid,377.0,14.7,349.56,1,2,2,20,0,0
36,Female,Postpaid,325.94,12.99,452.71,2,4,0,7,0,0
41,Male,Postpaid,251.55,16.62,403.81,0,3,3,18,1,1
26,Male,Prepaid,450.37,20.15,311.9,5,3,3,35,1,1
41,Male,Prepaid,389.49,12.81,346.33,0,3,0,58,0,0
20,Male,Prepaid,565.85,17.58,245.07,1,2,1,41,0,0
25,Male,Postpaid,310.47,16.97,277.08,1,2,1,12,0,0
21,Female,Postpaid,433.47,19.04,274.91,0,1,0,2,0,0
67,Male,Postpaid,340.59,13.41,302.0,0,3,1,30,0,0
43,Male,Prepaid,565.53,16.01,352.16,0,2,0,17,1,0
40,Male,Postpaid,351.36,12.86,340.89,0,2,2,11,0,0
30,Male,Prepaid,442.07,19.23,296.52,1,3,2,1,0,1
30,Female,Postpaid,542.46,13.62,391.54,2,2,3,50,1,1
41,Female,Postpaid,408.02,19.76,128.24,2,1,0,54,1,0
66,Female,Prepaid,479.53,20.21,238.66,0,3,0,29,0,0
44,Male,Postpaid,412.78,7.17,257.0,0,4,1,2,0,1
33,Female,Postpaid,419.63,28.35,348.38,2,3,0,12,0,0
30,Female,Postpaid,195.91,11.63,204.53,0,1,1,19,0,0
49,Male,Postpaid,228.1,16.77,273.8,0,2,3,53,0,1
47,Male,Prepaid,381.08,15.51,389.1,2,1,2,37,0,1
51,Male,Postpaid,385.79,11.33,50.0,2,0,3,46,0,1
33,Female,Postpaid,361.07,11.61,232.98,1,4,3,50,0,1
56,Male,Postpaid,315.66,13.68,446.78,0,2,0,32,0,0
39,Male,Prepaid,789.19,15.12,373.37,2,1,1,38,0,0
28,Male,Prepaid,414.1,6.56,233.22,0,2,0,18,0,0
25,Female,Prepaid,445.06,14.33,335.14,1,3,2,38,0,1
62,Female,Prepaid,581.44,26.32,300.94,0,0,2,25,1,1
57,Female,Prepaid,376.95,22.1,361.93,2,1,0,49,0,0
68,Female,Prepaid,232.55,6.95,304.49,1,2,0,55,0,0
43,Male,Postpaid,430.4,10.72,390.45,0,0,1,13,0,0
58,Male,Postpaid,293.29,13.62,362.94,2,3,1,58,0,0
38,Male,Prepaid,527.19,8.07,437.68,0,2,1,46,0,0
66,Male,Prepaid,458.77,16.43,365.56,0,4,1,59,0,0
45,Male,Postpaid,283.25,23.27,228.39,2,1,2,1,0,1
40,Female,Prepaid,461.17,19.61,294.05,0,3,2,41,0,1
29,Male,Prepaid,675.49,7.56,159.24,1,1,3,31,0,1
42,Female,Prepaid,334.58,20.22,355.97,0,2,0,5,1,1
47,Male,Postpaid,253.48,20.46,239.18,2,1,3,5,0,1
44,Male,Postpaid,209.64,13.1,381.93,0,2,1,53,0,0
62,Female,Prepaid,595.63,21.0,130.05,4,0,0,37,0,0
19,Male,Prepaid,554.65,19.54,338.92,1,5,3,19,1,1
32,Female,Postpaid,436.93,11.36,300.54,1,2,2,33,0,1
21,Female,Prepaid,227.17,17.72,371.06,2,2,0,19,0,0
22,Male,Postpaid,292.25,16.1,217.76,0,3,3,30,1,1
50,Male,Prepaid,577.65,13.12,475.16,1,2,0,4,0,0
25,Female,Prepaid,424.17,6.25,382.3,2,3,3,29,0,1
45,Female,Prepaid,481.27,16.88,386.25,2,0,1,34,1,1
57,Female,Prepaid,305.46,11.03,266.86,0,0,0,41,0,0
65,Male,Postpaid,354.74,18.06,397.69,1,3,0,13,1,0
69,Male,Prepaid,479.47,18.85,259.34,0,1,3,50,0,1
58,Female,Prepaid,221.68,18.21,314.99,3,2,1,46,1,1
64,Female,Postpaid,141.86,19.74,264.97,0,1,1,50,0,0
24,Female,Prepaid,314.9,12.52,484.63,1,3,0,18,0,0
32,Male,Postpaid,286.39,21.14,347.81,0,5,0,4,0,0
54,Male,Prepaid,318.53,17.2,262.37,1,1,0,46,0,0
35,Female,Postpaid,471.86,13.33,354.77,3,4,1,34,0,0
22,Male,Prepaid,357.08,20.72,266.0,0,1,3,52,0,1
66,Male,Postpaid,374.35,16.39,370.76,0,0,1,9,0,0
55,Male,Postpaid,278.25,10.86,331.77,0,0,2,43,1,1
28,Female,Postpaid,202.46,22.7,280.7,1,0,2,21,1,1
26,Male,Prepaid,478.58,15.8,371.01,0,2,3,58,0,1
58,Female,Prepaid,175.35,16.97,274.79,1,1,2,27,1,1
49,Male,Postpaid,446.46,17.9,297.96,2,2,3,55,0,1
52,Male,Postpaid,553.99,18.22,394.73,0,1,3,10,0,1
26,Male,Postpaid,121.41,10.37,305.91,1,3,3,36,1,1
21,Male,Postpaid,129.53,4.85,453.6,0,1,3,44,0,1
49,Female,Prepaid,472.0,13.76,324.8,0,1,2,12,0,1
40,Male,Postpaid,582.66,21.03,255.78,1,0,0,36,1,0
26,Male,Prepaid,472.3,10.03,216.71,3,2,1,54,0,1
30,Male,Prepaid,416.56,9.07,266.61,2,4,3,47,1,1
45,Female,Postpaid,315.64,20.08,419.93,0,4,1,57,0,0
41,Female,Postpaid,458.89,18.89,206.84,1,2,1,58,0,0
39,Female,Prepaid,358.0,9.62,171.2,2,1,3,50,1,1
25,Male,Prepaid,617.02,15.23,211.2,0,1,0,13,0,0
24,Female,Postpaid,204.63,12.54,302.18,0,3,3,47,0,1
43,Female,Postpaid,159.9,4.79,162.14,0,5,1,51,0,0
19,Female,Postpaid,525.55,12.74,274.91,0,1,2,24,0,1
62,Female,Prepaid,435.43,19.58,157.06,1,3,0,31,0,0
42,Female,Postpaid,563.86,20.33,318.7,0,5,3,34,0,1
61,Female,Prepaid,253.87,17.19,296.58,0,0,0,28,1,0
30,Male,Postpaid,122.81,14.73,300.62,2,4,0,35,0,0
62,Male,Prepaid,323.64,9.76,416.78,2,3,2,3,0,1
54,Female,Prepaid,626.15,20.25,400.42,0,4,0,55,0,0
39,Female,Prepaid,484.11,11.96,380.66,2,1,0,7,0,0
40,Female,Prepaid,718.8,9.74,363.4,3,2,0,11,0,0
24,Female,Postpaid,324.26,22.1,313.52,1,3,0,46,0,0
66,Female,Postpaid,308.65,18.76,175.7,0,1,0,54,1,0
32,Male,Prepaid,441.13,15.33,237.3,1,4,1,29,0,0
22,Male,Prepaid,368.98,16.39,257.66,1,2,2,51,0,0
57,Male,Prepaid,583.19,7.02,370.97,1,0,0,25,0,0
65,Male,Postpaid,393.48,16.37,126.12,0,3,2,20,0,1
48,Female,Prepaid,135.28,15.33,215.65,0,2,0,3,0,0
51,Male,Postpaid,451.46,13.71,341.95,2,2,1,33,0,0
32,Male,Postpaid,542.57,13.28,270.08,1,2,0,13,0,0
59,Male,Postpaid,366.12,22.51,273.63,0,1,3,51,1,1
67,Female,Prepaid,594.95,9.33,170.51,0,2,0,33,0,0
63,Male,Postpaid,526.57,24.95,241.36,0,2,0,56,0,0
32,Female,Postpaid,206.21,9.52,165.04,2,0,2,59,0,0
60,Male,Prepaid,346.77,17.59,293.77,0,6,3,10,0,1
43,Female,Postpaid,550.16,10.6,367.76,3,2,1,27,0,0
49,Male,Postpaid,412.11,7.65,298.17,1,0,2,22,0,1
47,Female,Postpaid,415.18,14.64,272.73,4,1,0,35,0,0
53,Female,Prepaid,379.39,23.54,154.59,3,2,0,13,0,0
60,Female,Prepaid,685.95,12.44,221.17,0,2,0,52,0,0
43,Female,Prepaid,478.57,9.4,358.94,0,1,0,2,1,1
66,Male,Prepaid,331.68,10.98,445.97,0,2,1,18,0,0
21,Male,Postpaid,386.03,8.1,228.73,2,1,3,28,0,1
63,Female,Postpaid,279.38,14.16,322.21,0,3,1,45,0,0
49,Female,Postpaid,427.43,14.52,182.23,0,3,0,28,0,0
56,Female,Prepaid,497.02,18.52,387.51,0,5,0,16,0,0
19,Male,Postpaid,142.87,13.62,453.75,0,2,0,39,0,0
58,Male,Postpaid,309.03,13.54,431.66,1,1,2,48,0,1
45,Male,Prepaid,288.81,16.57,194.36,0,1,1,50,1,0
52,Male,Prepaid,591.5,11.0,332.33,0,3,1,49,0,0
48,Male,Postpaid,482.18,15.21,384.45,2,0,0,56,0,0
36,Male,Postpaid,424.81,21.76,491.24,0,1,0,1,0,0
68,Male,Postpaid,100.0,27.72,356.14,1,3,0,15,0,0
34,Female,Postpaid,276.71,25.01,276.27,3,1,0,1,0,0
67,Male,Prepaid,738.6,22.54,243.68,1,2,2,16,0,1
38,Male,Postpaid,375.77,14.56,124.73,1,4,2,18,0,0
55,Female,Prepaid,422.38,24.87,605.31,3,1,2,20,0,1
66,Female,Prepaid,331.65,13.61,290.19,2,2,1,37,0,0
34,Male,Postpaid,294.22,12.9,268.75,0,0,1,37,0,0
47,Female,Postpaid,326.71,21.47,363.81,0,2,1,5,1,1
65,Female,Postpaid,741.99,8.95,256.4,0,1,3,38,0,1
28,Female,Prepaid,451.69,16.23,368.62,0,2,2,44,0,1
52,Female,Prepaid,285.8,16.3,263.51,0,2,0,17,0,0
46,Female,Postpaid,504.75,10.01,252.55,0,4,1,43,0,0
40,Male,Prepaid,417.84,22.91,324.57,1,2,0,45,0,0
31,Male,Prepaid,360.35,16.09,342.97,1,2,0,21,0,0
49,Male,Prepaid,257.26,17.87,322.94,1,2,2,7,0,1
52,Female,Postpaid,325.17,13.75,356.52,0,1,2,14,0,1
23,Female,Postpaid,380.62,10.59,193.2,1,3,2,49,1,1
45,Female,Postpaid,436.83,21.07,417.61,0,0,1,52,0,0
47,Male,Postpaid,426.85,12.43,336.17,0,1,2,6,0,0
26,Female,Prepaid,216.24,16.5,397.38,3,5,2,12,1,1
29,Female,Postpaid,166.7,13.4,393.43,0,1,2,28,1,1
46,Male,Postpaid,497.41,14.62,535.18,0,1,0,5,0,0
37,Female,Postpaid,508.79,8.1,459.34,1,0,2,58,0,1
67,Female,Prepaid,441.57,21.05,530.96,1,3,3,36,0,1
31,Female,Postpaid,572.89,20.12,441.97,1,2,3,45,0,1
18,Female,Prepaid,287.88,9.27,131.32,2,3,2,42,0,1
18,Female,Postpaid,391.56,4.11,353.89,2,0,1,58,0,0
20,Female,Prepaid,436.22,16.61,316.84,0,1,2,14,0,1
55,Female,Prepaid,771.49,10.75,423.35,1,1,2,25,0,1
64,Male,Postpaid,446.82,23.83,305.82,1,1,0,8,0,0
21,Male,Postpaid,152.7,9.91,236.43,1,5,1,14,1,1
65,Male,Prepaid,438.18,18.54,279.05,1,1,3,26,1,1
44,Male,Prepaid,419.4,7.08,321.14,1,4,0,35,0,0
41,Female,Postpaid,349.74,10.62,343.97,0,2,3,19,0,1
23,Female,Postpaid,374.01,11.86,261.5,0,4,3,18,0,1
58,Male,Prepaid,539.82,11.43,494.17,4,0,1,3,0,1
52,Male,Prepaid,559.83,10.4,529.43,3,6,1,44,0,0
68,Female,Prepaid,365.0,9.22,354.05,0,1,2,42,0,1
21,Female,Postpaid,149.41,16.87,220.61,0,3,3,47,0,1
59,Female,Prepaid,331.13,15.56,203.29,0,3,3,29,0,1
47,Male,Postpaid,456.32,18.18,477.19,0,2,2,29,0,1
47,Female,Prepaid,478.25,17.82,252.61,0,1,2,5,1,1
64,Female,Prepaid,100.0,18.3,264.09,2,5,1,42,0,0
26,Male,Postpaid,561.22,22.36,89.35,0,3,0,39,0,0
58,Female,Prepaid,370.47,18.43,158.56,3,2,2,28,0,1
53,Female,Postpaid,100.0,17.69,138.02,1,1,2,25,0,0
66,Female,Postpaid,406.94,9.66,200.38,2,0,0,1,0,0
45,Female,Prepaid,252.81,13.48,251.44,2,3,1,57,0,0
46,Male,Postpaid,388.81,9.68,226.13,1,1,2,50,0,1
54,Male,Prepaid,387.67,21.76,234.07,4,2,0,53,0,0
47,Male,Prepaid,117.04,14.62,50.0,3,1,0,31,0,0
43,Male,Prepaid,344.38,18.44,353.61,1,5,2,17,0,1
23,Female,Postpaid,333.25,12.78,414.33,2,4,3,18,0,1
58,Female,Postpaid,100.0,19.01,254.07,2,1,2,41,0,1
65,Male,Postpaid,559.93,23.02,207.09,1,2,3,13,0,1
57,Male,Postpaid,415.21,20.54,412.48,1,1,1,26,0,0
54,Female,Prepaid,605.15,4.12,340.91,0,2,3,50,0,1
34,Female,Prepaid,386.72,16.77,104.72,0,2,3,53,0,1
18,Female,Postpaid,385.15,15.67,302.06,3,3,1,45,0,0
64,Female,Postpaid,419.09,18.18,413.8,0,2,1,1,0,0
29,Male,Postpaid,410.95,21.97,232.79,1,0,2,32,0,1
25,Female,Postpaid,348.75,14.98,329.21,1,3,3,6,0,1
26,Female,Postpaid,608.96,12.5,134.29,0,2,2,29,0,1
31,Female,Postpaid,227.46,20.3,366.42,1,1,3,35,1,1
64,Male,Postpaid,327.96,13.4,371.74,1,0,0,49,0,0
38,Female,Postpaid,567.78,14.2,251.45,2,2,1,7,0,0
30,Male,Postpaid,398.14,18.42,234.04,2,1,3,25,0,1
50,Female,Postpaid,212.07,11.99,237.04,0,6,0,25,0,0
53,Male,Prepaid,725.14,22.51,271.93,1,4,2,23,0,1
38,Female,Postpaid,532.47,16.84,157.96,3,4,2,47,1,1
36,Male,Prepaid,334.2,16.03,207.5,1,2,3,27,0,1
32,Male,Postpaid,645.91,19.84,301.1,1,3,3,19,0,1
33,Male,Prepaid,214.95,13.53,203.03,0,1,2,9,1,1
38,Female,Prepaid,100.0,10.64,203.49,0,2,3,19,1,1
57,Female,Postpaid,284.73,13.64,346.16,0,2,0,45,1,0
38,Female,Prepaid,100.0,17.46,338.2,0,4,0,48,0,0
50,Female,Postpaid,541.47,18.77,325.23,0,5,0,6,1,0
58,Female,Prepaid,476.0,17.06,129.88,2,3,1,10,0,0
30,Female,Postpaid,305.5,14.98,263.71,0,5,3,9,1,1
33,Male,Postpaid,360.6,18.34,279.72,1,1,0,3,0,0
34,Female,Prepaid,409.05,10.06,135.01,1,1,2,14,0,0
62,Male,Prepaid,100.0,20.8,295.49,1,0,0,10,0,0
55,Male,Postpaid,379.79,15.53,390.59,0,6,1,50,0,0
69,Female,Postpaid,811.52,13.34,149.55,1,3,0,48,0,0
46,Female,Postpaid,479.9,8.58,576.44,2,3,1,58,0,0
66,Female,Postpaid,245.96,19.63,228.45,3,3,1,5,1,1
30,Female,Prepaid,208.89,19.88,212.55,0,0,0,45,0,0
18,Female,Postpaid,190.25,16.45,236.56,1,3,3,11,0,1
33,Male,Prepaid,494.15,14.4,180.71,0,0,1,28,0,0
44,Male,Postpaid,192.64,11.5,304.35,1,0,3,27,0,1
61,Male,Postpaid,254.46,14.73,261.52,2,1,0,55,1,0
67,Male,Prepaid,264.69,19.62,419.98,0,1,3,54,0,1
23,Female,Prepaid,338.51,14.81,165.87,2,0,2,54,0,1
66,Female,Postpaid,530.64,9.61,187.19,2,2,0,28,1,0
25,Female,Prepaid,503.24,25.24,144.15,1,1,3,15,1,1
48,Male,Postpaid,389.61,17.5,349.36,2,1,1,45,0,0
58,Male,Postpaid,452.05,9.09,326.98,0,2,0,48,0,0
23,Female,Prepaid,287.3,15.38,346.36,0,2,0,34,0,0
31,Female,Postpaid,562.19,19.1,366.99,0,4,3,58,0,1
50,Female,Prepaid,734.78,15.56,113.51,0,3,0,47,0,0
30,Male,Prepaid,448.86,11.2,352.57,1,1,1,23,1,0
63,Male,Prepaid,131.45,15.43,398.39,1,1,2,37,0,1
52,Male,Postpaid,429.98,7.76,455.05,1,4,0,43,0,0
50,Male,Postpaid,470.64,23.38,495.87,1,2,2,45,0,1
19,Male,Prepaid,283.33,6.97,180.92,1,0,3,19,0,1
38,Female,Prepaid,211.08,20.48,228.66,0,5,2,52,1,1
63,Male,Prepaid,532.97,20.01,239.95,2,1,1,48,0,0
65,Female,Postpaid,274.58,5.63,280.59,0,3,1,50,0,0
65,Female,Postpaid,699.96,19.25,198.89,0,0,1,13,1,0
64,Male,Postpaid,305.17,9.39,341.62,0,4,2,2,1,1
37,Male,Postpaid,538.62,14.87,50.0,1,4,3,43,0,1
23,Female,Postpaid,309.78,17.14,264.57,0,1,0,32,0,0
57,Male,Prepaid,265.4,14.73,241.98,0,1,0,40,1,0
18,Male,Postpaid,113.38,5.67,221.79,2,2,0,50,0,0
26,Female,Postpaid,408.35,16.92,285.26,1,5,3,55,0,1
29,Male,Postpaid,408.5,22.91,288.81,1,2,1,3,1,1
67,Female,Postpaid,432.81,13.67,164.7,2,3,3,49,0,1
40,Female,Postpaid,257.72,20.47,385.71,1,3,2,43,1,1
64,Female,Postpaid,321.5,11.74,311.2,1,3,1,16,0,0
32,Female,Prepaid,255.97,22.1,250.45,4,1,1,21,0,0
53,Male,Postpaid,495.18,9.89,285.25,0,4,1,48,0,0
59,Female,Prepaid,343.44,24.59,276.56,2,1,3,5,0,1
41,Male,Prepaid,456.19,11.68,473.98,1,1,0,38,0,0
66,Male,Postpaid,337.69,10.84,262.58,0,1,1,20,0,0
32,Male,Prepaid,422.38,15.78,399.82,2,1,0,12,0,0
58,Male,Prepaid,330.07,14.51,347.44,0,0,3,54,0,1
20,Male,Prepaid,172.97,19.8,180.45,1,1,2,58,0,1
37,Male,Prepaid,327.85,18.93,333.9,2,5,1,14,1,1
47,Male,Postpaid,569.1,18.73,119.7,1,3,3,55,0,1
34,Female,Postpaid,522.6,11.97,217.34,2,0,0,32,0,0
32,Male,Postpaid,249.75,15.5,473.16,0,5,0,51,0,0
64,Female,Prepaid,348.62,19.58,221.15,2,2,2,9,0,1
58,Female,Prepaid,777.69,15.95,385.77,1,3,0,13,0,0
41,Male,Prepaid,217.2,19.21,350.59,0,4,3,4,0,1
58,Female,Postpaid,506.65,13.03,245.96,0,3,2,16,0,1
67,Male,Prepaid,312.16,10.51,227.72,1,1,0,39,0,0
43,Male,Prepaid,536.66,14.35,456.86,2,1,2,8,1,1
29,Male,Prepaid,414.93,9.14,431.23,0,3,1,25,0,0
33,Male,Postpaid,383.66,8.22,459.38,4,2,0,2,0,1
39,Female,Postpaid,244.32,11.43,91.62,0,3,1,24,0,0
29,Male,Prepaid,379.03,20.93,365.3,2,2,1,11,1,1
62,Male,Postpaid,573.98,16.05,334.67,1,3,0,17,0,0
59,Female,Postpaid,100.0,19.49,235.92,0,3,1,7,0,0
39,Male,Prepaid,597.31,5.87,294.66,1,0,1,15,1,0
69,Female,Postpaid,290.55,10.66,222.24,1,0,0,4,0,0
47,Male,Postpaid,293.83,17.74,347.34,3,3,1,38,0,1
23,Male,Prepaid,388.92,19.76,320.23,1,1,0,53,0,0
19,Male,Postpaid,379.72,20.15,236.36,1,2,0,8,0,0
31,Male,Postpaid,324.42,15.62,246.53,0,3,0,41,0,0
66,Female,Postpaid,560.08,14.01,195.84,1,0,1,33,0,0
19,Male,Prepaid,466.4,6.02,349.36,1,0,3,50,0,1
42,Male,Prepaid,503.41,12.88,303.62,0,3,0,19,0,0
59,Female,Postpaid,439.54,18.34,497.1,1,2,0,40,0,0
68,Male,Postpaid,100.0,20.85,412.5,1,2,2,48,0,1
66,Female,Prepaid,193.78,13.41,420.53,1,2,0,56,1,0
65,Female,Postpaid,442.63,11.21,454.82,1,4,2,45,1,1
53,Male,Postpaid,254.9,22.49,320.87,2,2,1,17,1,0
41,Female,Postpaid,268.35,25.86,338.84,0,1,0,55,0,0
41,Male,Prepaid,430.24,16.66,482.02,2,3,0,53,1,0
57,Female,Prepaid,375.17,12.82,306.09,1,4,1,56,0,0
66,Male,Prepaid,559.65,12.7,369.36,3,3,3,59,0,1
57,Female,Prepaid,608.85,22.53,243.36,2,2,1,20,0,0
32,Female,Postpaid,554.33,17.85,120.62,1,5,2,46,0,1
45,Male,Postpaid,288.57,13.7,201.53,1,2,2,24,0,0
68,Female,Prepaid,431.46,22.87,197.33,1,1,3,50,0,1
46,Female,Prepaid,436.19,17.17,161.14,1,3,0,32,0,0
48,Male,Prepaid,625.37,10.83,367.05,1,0,0,51,0,0
24,Male,Postpaid,309.57,23.09,337.42,3,2,2,24,0,1
68,Female,Postpaid,486.38,26.01,416.75,0,2,2,58,0,1
25,Male,Postpaid,352.19,4.77,356.66,0,1,3,32,0,1
38,Female,Postpaid,432.27,11.92,415.32,1,0,3,9,0,1
24,Male,Prepaid,208.92,19.33,308.2,1,2,3,39,0,1
61,Female,Postpaid,178.57,12.24,301.29,1,1,1,7,0,0
29,Female,Prepaid,210.38,13.29,302.05,1,1,3,2,0,1
18,Male,Prepaid,495.18,24.11,418.06,4,0,0,32,0,0
57,Male,Prepaid,508.29,11.6,396.81,1,1,1,45,0,0
26,Female,Postpaid,536.58,11.46,291.95,0,1,3,38,1,1
18,Female,Postpaid,478.13,14.0,477.14,1,0,1,26,1,0
60,Male,Prepaid,227.69,20.01,202.21,0,0,1,23,0,0
39,Female,Postpaid,261.48,12.08,202.2,0,2,3,31,0,1
47,Male,Prepaid,391.6,15.15,375.13,0,3,1,11,0,0
69,Female,Postpaid,359.9,15.51,251.75,1,2,1,21,1,0
36,Male,Prepaid,419.4,13.08,408.29,1,2,1,5,0,0
59,Female,Prepaid,100.0,11.86,110.08,1,1,3,53,0,1
37,Male,Postpaid,461.63,10.38,268.21,2,0,3,41,0,1
39,Female,Postpaid,236.83,21.91,282.64,0,1,3,15,0,1
49,Female,Prepaid,313.11,15.54,324.51,0,1,1,43,0,0
20,Male,Postpaid,632.07,9.65,340.52,1,2,3,37,0,1
31,Female,Postpaid,378.16,11.3,397.7,2,2,0,12,1,0
33,Male,Postpaid,710.81,16.66,378.64,1,4,3,55,0,1
25,Male,Postpaid,256.47,19.18,445.48,1,4,3,1,0,1
69,Male,Postpaid,487.67,13.53,150.18,0,1,0,51,0,0
61,Female,Prepaid,374.38,23.56,208.28,0,4,3,2,0,1
27,Female,Postpaid,320.47,15.79,438.71,1,5,1,35,0,0
28,Female,Prepaid,452.28,6.89,272.98,1,1,2,29,0,1
64,Male,Postpaid,305.87,9.14,338.93,1,2,3,29,0,1
31,Male,Prepaid,587.26,10.37,354.88,0,1,2,32,1,1
65,Female,Prepaid,454.78,17.7,462.33,0,4,3,33,0,1
26,Male,Postpaid,299.03,18.51,332.39,1,2,2,27,0,0
25,Male,Postpaid,212.26,9.14,334.57,2,1,2,55,0,0
34,Male,Prepaid,293.69,16.16,241.53,1,4,2,41,0,1
55,Male,Postpaid,257.13,13.96,243.31,0,4,0,50,0,0
25,Male,Postpaid,608.44,16.25,372.63,4,1,3,8,0,1
49,Male,Postpaid,246.45,6.39,166.0,0,2,3,13,0,1
64,Male,Prepaid,233.27,12.6,323.48,0,2,2,49,0,1
35,Female,Prepaid,395.25,14.6,409.93,1,3,2,37,0,1
63,Female,Prepaid,334.33,14.65,202.46,1,2,0,34,0,0
32,Female,Prepaid,213.6,20.52,344.0,2,1,3,50,0,1
66,Female,Prepaid,385.96,11.32,411.23,2,2,2,55,0,1
25,Male,Postpaid,418.99,16.84,144.2,2,2,1,11,0,0
69,Female,Prepaid,193.51,6.86,531.4,1,0,1,21,0,0
24,Female,Postpaid,403.46,7.31,302.46,1,1,0,58,0,0
23,Male,Postpaid,270.43,12.2,317.1,0,1,2,38,0,1
54,Female,Prepaid,391.35,6.25,280.3,1,2,1,54,0,0
36,Female,Postpaid,255.61,12.05,153.82,4,0,2,3,0,1
37,Male,Postpaid,413.25,11.49,391.17,3,6,2,32,0,1
27,Male,Prepaid,251.56,20.66,473.04,1,3,2,4,0,1
36,Male,Prepaid,302.43,7.29,227.09,1,2,0,27,0,0
44,Female,Postpaid,691.98,16.35,289.72,1,4,3,2,0,1
43,Female,Prepaid,620.0,12.01,233.42,3,2,1,37,0,0
36,Female,Postpaid,486.35,6.68,236.21,2,1,2,21,0,1
18,Male,Prepaid,389.9,10.98,237.65,3,2,1,26,0,1
19,Female,Prepaid,195.3,16.25,249.07,0,5,2,7,1,1
69,Female,Postpaid,617.86,11.19,353.56,1,1,2,42,0,1
54,Male,Postpaid,420.94,16.22,459.68,0,2,0,41,0,0
28,Male,Postpaid,512.64,16.56,294.21,1,1,1,29,0,0
54,Female,Postpaid,272.51,18.46,147.32,1,4,0,48,1,0
25,Female,Prepaid,770.96,23.38,371.68,1,0,2,30,0,1
55,Male,Prepaid,100.0,21.45,373.39,3,1,0,34,0,0
62,Male,Postpaid,101.48,20.78,541.36,0,0,2,5,0,1
52,Female,Prepaid,176.0,19.86,261.35,1,0,2,13,0,0
56,Male,Prepaid,402.12,9.83,370.66,0,1,0,19,1,0
41,Female,Postpaid,429.34,24.54,522.14,0,1,1,12,1,0
25,Male,Postpaid,452.57,18.83,293.4,1,1,1,8,0,0
61,Female,Postpaid,456.07,15.41,367.77,1,2,2,53,0,1
29,Female,Prepaid,490.39,21.7,388.15,0,0,0,25,0,0
34,Male,Postpaid,625.26,13.49,152.48,1,0,1,18,0,0
58,Male,Prepaid,344.67,18.11,416.12,1,2,3,43,0,1
46,Male,Postpaid,405.85,14.26,175.69,2,3,2,53,1,1
28,Male,Prepaid,368.26,19.53,200.08,0,3,3,35,0,1
59,Male,Prepaid,454.27,19.39,304.13,1,3,0,4,0,0
37,Female,Postpaid,559.21,12.71,413.77,0,1,0,50,0,0
68,Male,Postpaid,255.25,5.22,212.77,2,2,1,35,0,0
36,Male,Prepaid,518.41,17.01,225.0,0,2,3,21,1,1
30,Male,Prepaid,607.22,14.78,595.83,0,1,1,36,0,0
18,Female,Postpaid,569.7,14.61,228.17,1,2,2,17,1,1
39,Female,Postpaid,358.7,7.14,315.99,1,7,2,50,0,1
45,Female,Postpaid,310.58,11.79,260.37,0,3,2,22,0,1
39,Male,Prepaid,330.49,9.1,475.47,1,1,2,5,0,1
20,Female,Postpaid,394.98,5.99,600.36,3,1,0,10,0,0
34,Male,Prepaid,289.48,20.8,354.39,1,3,0,28,1,0
53,Female,Prepaid,636.23,16.19,422.05,1,3,1,59,0,0
26,Female,Prepaid,652.4,16.82,281.38,0,1,1,17,1,0
30,Female,Postpaid,273.88,18.93,50.0,2,1,3,8,0,1
28,Male,Prepaid,402.67,16.11,374.06,2,2,2,42,0,0
38,Male,Postpaid,222.0,8.04,267.86,1,1,1,40,0,0
24,Male,Postpaid,100.0,10.53,326.83,0,3,3,18,0,1
69,Female,Prepaid,353.33,17.03,229.08,2,2,0,50,0,0
39,Male,Postpaid,270.04,18.94,411.34,1,5,3,14,1,1
41,Female,Prepaid,473.18,17.95,353.42,1,3,1,6,0,0
46,Female,Postpaid,664.05,26.92,260.12,0,2,1,55,0,0
43,Female,Prepaid,504.75,20.36,334.75,1,5,0,21,1,0
32,Male,Prepaid,456.66,15.39,367.45,0,1,2,5,1,1
33,Male,Postpaid,350.14,20.78,246.53,1,3,3,56,1,1
50,Female,Prepaid,457.74,14.78,258.29,1,2,2,27,0,0
33,Male,Postpaid,321.36,21.21,407.6,3,2,2,32,1,1
50,Female,Postpaid,152.48,13.41,316.17,0,6,3,5,0,1
35,Female,Prepaid,309.03,7.79,307.48,1,1,2,50,0,0
64,Male,Prepaid,534.78,19.9,439.13,0,0,2,59,0,1
43,Male,Postpaid,495.56,19.47,496.61,0,2,1,30,0,0
65,Female,Prepaid,690.96,15.89,166.61,1,3,1,8,1,1
41,Male,Postpaid,339.11,13.99,430.32,2,1,1,14,0,0
46,Male,Postpaid,551.07,23.13,485.6,0,4,2,32,0,0
57,Female,Postpaid,400.53,16.93,231.12,1,2,3,30,0,1
48,Female,Postpaid,552.56,18.88,408.03,1,1,1,6,0,0
36,Male,Postpaid,322.89,14.31,118.55,3,1,3,40,0,1
56,Male,Postpaid,469.5,8.2,306.64,2,2,2,10,0,1
56,Female,Prepaid,490.08,7.97,325.14,1,2,2,7,0,1
26,Male,Postpaid,453.36,13.79,390.34,1,3,1,49,0,0
57,Male,Postpaid,449.62,10.95,385.02,0,1,3,8,0,1
53,Female,Postpaid,273.58,17.3,93.53,0,2,1,54,0,0
52,Male,Postpaid,297.66,4.07,348.28,3,2,1,3,0,1
40,Male,Prepaid,499.92,12.5,409.6,0,2,2,28,0,0
46,Female,Prepaid,414.59,20.28,366.78,1,4,2,28,0,1
69,Male,Postpaid,315.28,13.46,165.88,0,3,2,32,1,1
29,Female,Postpaid,269.74,19.76,303.23,1,2,1,41,0,0
44,Female,Prepaid,528.99,26.06,244.98,1,2,0,40,0,0
43,Female,Postpaid,511.99,15.32,373.97,0,1,0,4,0,0
54,Male,Postpaid,447.64,14.39,243.21,3,0,0,10,0,0
69,Male,Postpaid,651.54,22.98,242.64,3,2,1,21,0,1
50,Male,Prepaid,427.99,21.15,521.77,2,1,3,46,0,1
61,Male,Prepaid,495.5,15.29,206.39,0,3,1,8,0,0
61,Female,Postpaid,436.32,17.44,376.49,2,0,2,9,0,0
20,Male,Prepaid,325.24,11.33,301.19,2,3,3,57,1,1
30,Male,Postpaid,533.37,10.5,253.32,0,2,1,22,1,0
39,Male,Postpaid,365.69,17.02,50.0,3,1,0,11,0,0
39,Female,Postpaid,380.21,13.49,457.33,0,2,3,17,0,1
25,Female,Prepaid,282.95,18.26,297.26,1,1,2,41,0,1
37,Female,Prepaid,476.23,16.77,74.92,2,2,0,29,0,0
36,Male,Prepaid,292.19,10.1,194.29,1,2,0,53,0,0
52,Female,Prepaid,153.76,8.05,435.78,1,2,0,32,0,0
64,Female,Prepaid,335.27,10.77,337.17,0,2,0,42,0,0
46,Female,Prepaid,458.09,14.47,384.06,0,0,1,24,0,0
46,Female,Prepaid,773.73,20.09,172.82,1,1,0,44,0,0
52,Male,Prepaid,541.56,18.16,189.24,0,3,2,37,0,1
20,Female,Postpaid,708.48,11.46,435.46,1,1,2,14,0,1
33,Female,Postpaid,336.96,21.9,230.35,0,1,2,5,0,1
48,Male,Prepaid,458.01,18.47,280.81,0,1,1,19,1,0
53,Female,Postpaid,394.13,21.22,300.35,0,1,0,58,0,0
54,Female,Prepaid,456.79,19.18,301.54,2,3,3,5,1,1
53,Male,Postpaid,575.98,7.25,331.32,0,3,3,57,0,1
54,Female,Postpaid,356.85,9.97,161.31,1,1,1,29,1,0
56,Female,Postpaid,507.55,24.91,404.6,1,2,1,30,0,0
54,Male,Prepaid,169.17,20.94,289.74,1,1,0,47,0,0
24,Female,Postpaid,690.33,23.42,478.55,1,2,1,32,0,0
66,Female,Prepaid,535.25,12.22,328.24,1,1,1,31,0,0
60,Female,Prepaid,502.42,20.79,518.55,2,3,1,55,0,0
51,Female,Postpaid,459.43,18.39,444.7,1,1,2,30,1,1
25,Male,Postpaid,100.0,24.74,344.84,0,1,2,53,0,1
58,Male,Postpaid,241.26,16.72,229.21,0,1,1,1,0,1
35,Female,Prepaid,334.7,15.29,394.9,1,2,1,8,0,0
67,Female,Prepaid,528.17,12.19,363.71,1,2,1,26,0,0
45,Male,Prepaid,382.37,11.58,271.9,1,3,3,24,1,1
65,Female,Prepaid,309.38,20.79,185.73,1,2,3,29,1,1
34,Female,Postpaid,541.69,23.49,282.93,0,2,2,18,0,0
40,Female,Prepaid,361.68,15.57,375.04,2,3,0,56,0,0
49,Female,Prepaid,513.35,20.35,391.38,1,6,2,17,0,1
37,Male,Prepaid,478.95,16.57,328.7,0,1,3,38,0,1
22,Male,Prepaid,496.63,19.7,316.14,0,3,0,38,0,0
36,Male,Postpaid,341.02,16.59,275.26,1,2,3,57,0,1
58,Male,Postpaid,551.65,17.0,279.91,0,2,1,27,0,0
52,Female,Prepaid,442.7,12.26,311.72,0,1,3,26,0,1
22,Male,Postpaid,580.91,9.29,298.56,0,1,3,41,0,1
59,Male,Postpaid,375.1,16.57,238.81,1,1,3,24,0,1
19,Male,Postpaid,172.64,13.32,186.89,1,3,1,34,0,0
38,Female,Prepaid,524.06,4.71,398.59,2,1,2,1,0,1
18,Male,Prepaid,692.23,20.27,305.29,0,1,3,3,0,1
56,Female,Postpaid,452.39,8.74,377.8,1,1,1,6,1,1
57,Female,Prepaid,466.87,18.33,363.8,1,2,0,37,0,0
45,Male,Prepaid,488.98,23.72,312.64,1,4,2,28,1,1
25,Male,Postpaid,467.28,16.79,456.88,0,2,2,48,0,1
37,Male,Postpaid,182.4,15.51,351.09,0,2,1,3,0,1
63,Female,Postpaid,582.95,17.68,242.47,2,1,3,38,0,1
28,Male,Prepaid,352.95,11.91,275.99,2,1,3,36,1,1
21,Female,Postpaid,487.0,16.33,315.97,2,1,2,59,0,0
22,Male,Prepaid,421.37,16.35,490.3,2,1,0,4,0,0
61,Male,Postpaid,410.15,20.42,409.87,0,2,0,58,0,0
26,Female,Prepaid,463.11,25.73,450.9,3,3,1,4,0,1
41,Female,Postpaid,407.72,15.0,445.38,0,2,3,7,0,1
65,Female,Postpaid,620.24,22.64,263.31,0,1,0,17,0,0
45,Male,Prepaid,618.34,8.84,351.33,2,2,1,29,0,0
33,Female,Postpaid,476.97,20.06,258.75,0,4,0,4,0,0
36,Male,Postpaid,532.89,7.47,200.65,3,2,2,4,0,1
45,Female,Prepaid,452.24,9.16,249.65,1,0,1,46,1,1
63,Female,Postpaid,301.39,16.33,398.7,0,2,2,27,0,0
26,Female,Prepaid,295.77,17.56,257.46,1,3,1,7,0,0
50,Male,Prepaid,286.11,9.38,319.48,2,2,1,7,0,0
60,Female,Postpaid,470.21,15.03,321.51,1,0,2,37,0,1
45,Male,Prepaid,295.95,19.96,216.93,0,1,1,55,0,0
55,Male,Prepaid,536.19,12.45,189.27,1,1,2,25,0,1
55,Female,Prepaid,430.22,26.98,221.72,1,1,1,1,0,1
46,Male,Postpaid,219.92,19.51,431.32,1,0,0,37,0,0
18,Male,Prepaid,321.01,7.6,248.55,1,3,2,21,0,0
43,Female,Prepaid,227.95,15.07,267.16,0,1,1,14,0,0
29,Male,Postpaid,255.53,6.43,303.95,2,0,1,28,0,0
25,Female,Prepaid,162.36,18.9,224.76,1,3,1,5,0,1
53,Female,Postpaid,383.46,21.51,284.44,0,1,2,11,0,1
39,Female,Postpaid,199.04,17.76,383.42,1,3,0,12,0,0
43,Male,Prepaid,511.19,23.83,187.76,0,1,3,57,0,1
56,Female,Postpaid,296.49,20.75,163.07,1,1,2,59,0,0
35,Female,Postpaid,394.19,18.54,91.91,2,4,0,25,0,0
55,Female,Prepaid,577.19,12.96,361.54,0,0,1,50,0,0
32,Female,Postpaid,418.76,14.21,394.9,1,1,0,55,0,0
42,Female,Postpaid,496.65,24.92,438.14,0,1,2,49,0,0
67,Female,Prepaid,445.4,24.95,225.57,0,2,3,2,0,1
69,Female,Postpaid,396.42,12.54,377.29,1,2,3,33,0,1
45,Male,Postpaid,514.78,19.88,258.97,0,1,0,6,0,0
22,Male,Postpaid,582.99,18.55,119.86,1,2,2,46,0,0
57,Male,Prepaid,672.33,18.05,235.07,1,1,0,32,0,0
34,Male,Prepaid,356.7,20.99,203.61,0,6,2,45,0,1
67,Female,Prepaid,558.81,22.98,332.31,1,2,2,58,1,1
23,Male,Postpaid,100.0,12.15,346.98,2,2,3,53,0,1
34,Female,Prepaid,507.09,13.47,410.2,1,0,2,6,0,0
54,Male,Postpaid,217.3,14.31,187.48,0,1,0,41,1,0
45,Male,Postpaid,262.71,15.57,316.22,1,3,0,53,0,0
58,Male,Postpaid,484.44,4.98,324.77,0,3,3,19,0,1
52,Male,Postpaid,700.44,10.63,370.4,1,2,0,55,1,0
27,Female,Postpaid,526.24,14.52,503.57,1,3,0,27,0,0
51,Male,Prepaid,507.37,17.63,163.38,2,0,1,37,1,0
64,Female,Prepaid,564.17,8.41,329.92,0,2,1,1,0,0
23,Female,Postpaid,341.57,10.06,324.2,2,2,3,46,0,1
28,Female,Postpaid,509.71,13.24,303.57,1,3,1,15,0,0
44,Male,Postpaid,593.15,22.16,509.64,2,0,2,1,0,1
28,Male,Prepaid,806.26,26.98,243.14,2,1,0,9,0,0
36,Female,Postpaid,365.25,10.34,248.13,2,1,0,30,0,0
18,Female,Prepaid,100.0,13.58,252.79,0,2,2,12,0,1
54,Female,Prepaid,532.34,13.89,191.75,1,3,0,9,0,0
35,Male,Prepaid,469.68,10.76,300.17,1,1,3,25,0,1
47,Female,Prepaid,412.25,19.61,401.03,1,3,0,7,0,0
38,Female,Postpaid,542.31,9.85,357.43,1,2,1,30,0,0
24,Male,Prepaid,407.93,21.62,386.27,0,2,0,57,0,0
28,Male,Postpaid,525.56,14.52,443.23,2,3,1,32,0,0
52,Female,Prepaid,590.49,18.38,350.39,0,1,3,24,0,1
41,Female,Prepaid,205.0,25.11,304.2,0,4,3,48,0,1
36,Male,Prepaid,579.85,15.78,128.6,0,1,2,49,1,1
23,Female,Prepaid,426.07,15.02,251.59,0,1,0,37,0,0
58,Male,Postpaid,278.33,12.89,137.88,0,0,0,35,0,0
39,Male,Postpaid,523.93,13.81,259.24,1,1,3,37,0,1
60,Male,Postpaid,441.63,20.24,224.63,0,2,0,50,0,0
66,Male,Postpaid,529.4,2.78,322.27,0,3,3,59,0,1
35,Male,Prepaid,680.05,5.63,355.72,2,1,2,33,0,1
63,Male,Prepaid,569.95,11.99,225.1,1,4,3,32,0,1
62,Male,Postpaid,100.0,14.65,185.72,2,1,1,38,0,0
52,Female,Postpaid,595.69,15.75,325.63,0,2,2,53,0,1
19,Male,Prepaid,290.55,11.42,193.3,2,2,3,14,0,1
41,Female,Postpaid,508.09,25.16,612.7,0,4,2,33,0,1
22,Female,Prepaid,131.21,16.79,356.19,1,3,3,1,0,1
66,Male,Postpaid,263.39,10.14,329.13,3,1,3,36,0,1
38,Female,Prepaid,100.0,21.95,427.95,1,5,0,54,0,0
23,Male,Prepaid,583.03,13.85,302.65,1,1,1,28,0,0
40,Male,Postpaid,266.54,14.45,565.89,0,2,0,12,0,0
18,Male,Prepaid,503.13,8.46,332.2,1,5,0,44,0,0
20,Female,Postpaid,174.72,12.9,294.94,2,1,0,57,1,0
20,Male,Postpaid,243.17,18.52,323.82,1,3,1,20,0,0
25,Female,Postpaid,504.64,13.38,221.63,0,2,0,21,0,0
40,Female,Postpaid,426.06,12.44,389.56,0,1,3,33,1,1
58,Female,Postpaid,884.33,18.8,177.39,0,1,1,27,1,1
25,Female,Prepaid,458.84,8.65,427.42,0,2,1,7,0,0
36,Female,Postpaid,276.19,6.87,341.51,1,3,2,56,0,1
37,Female,Prepaid,438.31,20.1,109.41,1,2,1,39,0,0
60,Male,Prepaid,625.69,20.17,240.56,1,0,0,10,0,0
61,Female,Prepaid,434.47,17.61,227.0,2,1,3,21,0,1
63,Male,Postpaid,204.9,11.83,437.78,0,2,2,23,1,1
64,Male,Prepaid,513.34,16.82,401.88,3,3,2,45,0,1
49,Male,Postpaid,244.24,14.12,100.94,3,1,0,28,0,0
58,Female,Prepaid,490.48,10.96,225.89,1,1,0,32,1,0
55,Male,Prepaid,431.36,9.46,324.05,0,1,2,42,0,1
69,Female,Postpaid,174.22,13.24,314.99,3,1,0,28,0,0
43,Male,Prepaid,450.88,6.67,284.83,0,1,3,12,1,1
69,Male,Postpaid,100.0,11.97,402.26,1,1,1,8,0,0
40,Female,Prepaid,662.57,9.29,319.42,0,5,2,40,0,1
28,Female,Postpaid,419.43,8.2,319.56,1,1,0,46,0,0
23,Female,Prepaid,292.18,14.17,298.74,3,1,2,9,0,1
26,Female,Postpaid,472.16,11.2,285.5,0,1,1,22,0,0
33,Male,Prepaid,513.79,14.98,338.37,0,0,2,59,0,0
57,Female,Postpaid,692.3,15.68,351.92,1,2,2,21,1,1
36,Male,Postpaid,454.83,12.79,145.02,2,3,2,33,1,1
56,Male,Prepaid,601.13,14.49,326.94,2,3,0,47,0,0
38,Female,Prepaid,284.18,11.87,135.12,0,0,3,32,0,1
28,Male,Prepaid,553.11,20.34,158.03,1,3,1,6,0,0
19,Male,Prepaid,261.76,17.31,242.61,1,2,3,5,1,1
33,Female,Postpaid,506.02,19.81,349.22,2,2,1,30,0,0
54,Male,Prepaid,684.15,19.97,327.12,0,3,3,52,0,1
38,Female,Postpaid,536.64,16.77,231.91,0,2,2,37,0,0
32,Female,Prepaid,492.94,7.02,91.86,0,1,1,27,0,0
61,Female,Prepaid,556.55,21.36,269.24,0,2,0,50,0,0
60,Female,Prepaid,321.58,21.12,310.62,2,3,0,34,0,0
18,Male,Prepaid,369.51,7.87,229.82,0,4,0,18,0,0
36,Female,Prepaid,214.28,14.99,213.44,0,0,0,11,1,0
43,Female,Prepaid,472.86,17.36,196.81,1,1,3,40,0,1
61,Female,Postpaid,235.72,10.62,294.07,0,3,2,58,0,0
68,Female,Prepaid,657.69,14.67,291.61,1,1,1,2,0,1
42,Female,Prepaid,460.93,7.97,281.91,1,4,1,30,0,0
22,Female,Postpaid,297.75,13.37,210.94,3,2,1,4,1,1
68,Male,Postpaid,508.69,6.06,273.86,2,2,0,49,0,0
29,Female,Postpaid,553.77,15.88,403.9,0,1,2,37,0,1
68,Male,Prepaid,227.56,22.7,280.86,1,2,0,9,0,0
58,Male,Prepaid,543.51,2.02,531.54,0,2,0,47,0,0
44,Male,Prepaid,383.05,11.19,345.07,1,3,3,25,1,1
53,Female,Prepaid,222.1,11.56,226.46,0,1,0,29,1,0
46,Female,Prepaid,295.56,2.94,283.01,0,1,3,17,1,1
24,Male,Prepaid,297.65,15.14,197.17,1,2,3,37,0,1
69,Female,Postpaid,248.53,18.06,321.46,0,3,2,48,0,0
43,Male,Prepaid,410.52,12.39,314.47,0,3,1,40,0,0
61,Male,Postpaid,451.07,8.84,129.79,0,0,3,17,0,1
48,Male,Prepaid,409.09,14.11,324.77,0,1,3,42,0,1
61,Female,Postpaid,316.75,10.84,248.35,2,2,2,52,0,1
28,Male,Postpaid,478.77,13.44,324.96,1,0,2,28,0,1
58,Female,Prepaid,508.75,14.34,213.05,0,1,1,9,0,0
32,Male,Prepaid,158.99,19.21,215.08,2,3,2,25,0,1
24,Male,Prepaid,213.43,14.97,459.5,1,3,2,58,0,1
32,Female,Prepaid,231.31,16.18,192.06,0,3,0,39,0,0
40,Female,Prepaid,426.86,20.62,384.31,0,1,0,15,1,0
60,Female,Postpaid,393.2,14.69,413.94,0,3,1,46,0,0
30,Female,Postpaid,560.89,15.15,239.92,2,0,0,37,1,0
19,Female,Postpaid,462.83,21.71,202.5,1,2,3,20,0,1
50,Female,Postpaid,719.36,20.78,216.62,1,3,1,10,0,0
34,Female,Postpaid,535.95,19.34,240.79,3,2,2,49,1,1
59,Male,Postpaid,385.72,15.03,394.02,0,1,0,50,0,0
50,Female,Prepaid,602.49,13.02,166.75,2,4,1,47,1,0
41,Male,Prepaid,275.36,20.2,348.34,0,2,3,41,1,1
62,Male,Postpaid,485.73,11.45,129.63,0,0,3,53,0,1
37,Male,Postpaid,395.89,19.82,195.6,3,6,1,24,0,0
57,Male,Prepaid,100.0,9.07,202.21,1,3,2,1,0,1
21,Female,Prepaid,536.94,15.11,357.1,1,1,3,32,0,1
65,Male,Prepaid,297.76,18.86,213.19,0,1,3,8,0,1
63,Female,Postpaid,463.73,13.28,409.09,1,0,0,8,0,0
27,Male,Prepaid,384.29,10.82,435.41,1,2,2,32,0,1
36,Female,Prepaid,592.04,9.68,381.37,1,1,2,22,1,1
32,Male,Postpaid,263.09,12.95,238.96,1,2,0,3,0,0
57,Female,Postpaid,301.4,9.67,189.98,1,3,3,51,0,1
62,Female,Prepaid,447.62,10.24,334.61,1,4,2,59,1,1
47,Female,Prepaid,423.86,11.51,485.14,1,1,2,13,1,1
63,Male,Postpaid,298.69,18.89,436.34,1,3,1,53,0,0
47,Female,Prepaid,198.6,8.69,175.94,4,2,3,54,0,1
62,Female,Postpaid,248.27,13.01,355.25,2,1,1,48,0,0
61,Female,Postpaid,389.73,8.64,396.04,1,2,0,54,0,0
24,Female,Postpaid,543.21,8.68,186.71,0,1,1,35,0,0
37,Male,Postpaid,461.26,15.93,242.69,1,1,3,1,1,1
34,Male,Prepaid,496.42,10.98,371.48,1,4,1,38,0,0
41,Male,Postpaid,357.97,16.91,200.44,0,3,0,58,0,0
19,Female,Prepaid,313.06,13.32,213.57,1,4,1,9,1,0
57,Male,Postpaid,525.04,13.72,442.95,0,2,1,20,1,0
43,Male,Prepaid,540.93,9.61,231.6,2,1,1,28,0,0
59,Female,Postpaid,347.33,10.76,374.93,0,3,2,45,0,1
58,Male,Postpaid,418.84,18.38,291.01,2,0,1,20,0,0
39,Male,Prepaid,373.63,14.5,243.58,2,3,3,11,0,1
52,Female,Prepaid,531.6,7.82,383.38,3,3,1,12,0,1
63,Male,Prepaid,395.16,12.62,300.19,2,4,1,15,0,0
36,Male,Prepaid,500.53,21.4,456.36,1,1,2,15,0,0
45,Male,Prepaid,339.91,15.12,233.02,1,1,1,17,1,1
24,Female,Prepaid,451.18,14.52,247.04,1,2,3,54,0,1
53,Female,Prepaid,100.0,12.13,375.94,0,1,0,57,0,0
26,Female,Postpaid,179.83,12.55,68.5,3,1,2,19,0,1
47,Male,Prepaid,230.63,22.47,243.82,0,1,2,33,0,0
35,Male,Prepaid,329.61,19.57,321.14,1,0,1,25,0,0
57,Female,Prepaid,541.76,16.99,264.18,1,1,2,5,0,1
23,Male,Prepaid,435.41,12.95,327.52,1,1,2,56,0,1
41,Male,Postpaid,421.3,8.88,195.63,1,2,2,31,0,1
42,Male,Prepaid,454.87,23.54,242.84,1,0,1,55,0,0
68,Male,Prepaid,158.87,17.11,301.09,2,2,1,23,0,0
53,Male,Prepaid,526.45,16.32,289.43,1,0,2,2,0,1
63,Male,Prepaid,336.61,17.24,336.47,0,2,1,53,0,0
55,Female,Postpaid,470.69,12.37,375.57,0,5,3,59,0,1
50,Male,Postpaid,311.14,19.89,70.44,0,3,3,26,0,1
51,Female,Prepaid,158.59,13.27,451.42,1,4,2,50,1,1
48,Female,Postpaid,372.75,13.27,378.98,2,2,3,33,0,1
24,Male,Postpaid,424.98,19.17,448.14,2,3,2,39,0,1
39,Female,Postpaid,404.29,17.46,195.63,1,0,3,10,0,1
53,Male,Prepaid,483.05,24.13,386.86,1,3,2,53,0,1
43,Female,Postpaid,177.4,14.31,181.1,1,3,2,30,0,0
54,Male,Postpaid,334.35,20.13,348.33,2,4,2,59,0,1
54,Male,Prepaid,123.51,18.5,203.72,2,2,2,47,0,1
48,Male,Prepaid,435.56,19.21,392.93,2,2,1,1,0,0
33,Male,Prepaid,334.02,10.37,333.66,2,0,2,38,1,1
26,Male,Prepaid,534.05,20.27,352.07,0,3,3,55,0,1
38,Female,Postpaid,679.88,19.44,203.44,1,0,3,39,0,1
40,Male,Postpaid,297.52,18.48,290.47,0,0,2,3,0,1
26,Male,Postpaid,838.09,21.22,375.95,0,1,1,27,0,0
32,Male,Postpaid,338.94,9.68,312.75,0,3,1,28,1,1
66,Female,Postpaid,245.8,19.27,452.78,1,3,2,13,0,1
47,Male,Postpaid,247.92,12.3,265.6,0,2,0,57,0,0
48,Female,Postpaid,429.59,13.3,407.04,1,2,0,56,0,0
31,Male,Prepaid,332.13,19.28,405.97,0,1,2,10,0,1
36,Male,Postpaid,477.61,16.24,292.57,1,3,2,14,0,0
47,Male,Postpaid,576.43,17.49,256.89,0,6,3,50,0,1
53,Female,Prepaid,262.63,16.42,249.2,0,1,0,32,0,0
24,Female,Prepaid,451.54,8.75,332.28,3,2,3,50,0,1
34,Male,Prepaid,407.28,15.03,200.23,1,3,3,44,0,1
67,Male,Postpaid,291.56,11.21,277.58,1,3,2,7,1,1
32,Female,Postpaid,434.64,8.17,232.29,0,1,3,14,0,1
18,Female,Postpaid,467.65,11.91,292.95,0,0,3,11,0,1
43,Male,Postpaid,277.2,16.88,358.61,0,1,3,26,0,1
20,Female,Prepaid,496.53,13.83,255.17,2,0,0,30,0,0
27,Male,Prepaid,559.93,14.4,138.88,0,0,1,2,0,1
22,Male,Postpaid,407.83,15.15,358.36,1,4,2,5,0,1
37,Female,Prepaid,321.38,28.66,132.04,2,3,0,52,0,0
49,Male,Postpaid,365.23,17.36,271.58,1,4,0,26,0,0
30,Male,Postpaid,350.55,18.03,284.07,2,2,2,50,0,1
53,Male,Prepaid,201.24,13.08,329.66,1,1,3,31,1,1
68,Male,Prepaid,100.0,13.96,198.89,1,0,2,9,0,1
55,Female,Prepaid,575.65,13.69,270.07,0,1,2,44,0,0
27,Male,Prepaid,455.96,20.4,254.22,1,1,3,56,0,1
47,Female,Prepaid,580.86,15.37,338.55,3,3,0,12,0,0
60,Male,Prepaid,622.56,23.36,356.43,0,1,2,40,0,1
54,Male,Postpaid,251.28,11.9,333.88,0,4,1,14,1,0
38,Male,Prepaid,469.24,14.11,240.52,1,1,2,2,0,1
59,Female,Postpaid,618.31,18.54,407.0,0,2,0,15,0,0
23,Female,Prepaid,472.49,17.98,396.16,0,2,3,51,0,1
51,Female,Prepaid,489.5,15.32,343.02,4,5,0,33,0,0
46,Female,Prepaid,151.94,12.08,282.75,0,0,1,14,0,0
35,Female,Prepaid,580.86,12.99,258.16,1,2,3,28,0,1
68,Female,Postpaid,576.97,22.73,416.33,2,4,1,13,1,1
38,Male,Postpaid,347.78,12.42,254.31,0,1,2,29,1,1
30,Male,Prepaid,349.87,16.68,442.78,2,1,2,41,0,1
59,Female,Prepaid,282.86,15.72,422.0,2,3,3,49,0,1
45,Male,Prepaid,196.54,15.16,235.5,0,0,1,26,1,1
59,Female,Prepaid,191.25,11.61,198.25,2,3,1,23,0,0
19,Female,Prepaid,643.64,14.07,389.85,2,2,2,42,0,1
56,Male,Postpaid,342.62,18.31,251.64,0,2,3,3,1,1
63,Female,Postpaid,385.66,14.28,372.6,0,0,3,13,0,1
52,Female,Postpaid,353.41,18.99,210.34,2,2,3,21,0,1
24,Male,Prepaid,131.33,23.59,318.48,1,2,3,22,1,1
40,Female,Prepaid,556.65,19.12,237.36,1,2,2,45,0,1
24,Female,Postpaid,689.35,11.66,244.51,0,3,2,17,0,0
