Product ID,Weight (g),Length (cm),Width (cm),Height (cm),Temp Sensor (°C),Pressure Sensor (kPa),Vibration Level,Surface Finish,Production Shift,Defective
1,448.91,11.58,5.94,3.24,92.0,95.2,0.95,Good,Day,1
2,459.16,8.61,3.22,3.26,68.1,103.9,0.57,Good,Night,0
3,607.61,12.06,6.69,3.13,95.9,99.3,0.21,Good,Night,1
4,505.95,10.36,4.48,2.68,75.9,94.5,0.49,Average,Night,0
5,510.6,6.17,4.48,3.55,77.2,99.6,1.37,Good,Night,1
6,536.42,7.56,6.32,3.09,76.9,94.3,0.28,Average,Day,0
7,540.33,9.22,2.75,3.12,78.4,115.8,1.13,Good,Day,0
8,535.13,12.1,5.3,3.53,64.6,91.5,1.03,Good,Day,0
9,441.14,9.22,4.79,2.92,68.6,87.5,1.12,Good,Day,1
10,407.04,12.18,3.77,3.1,73.5,98.5,1.19,Good,Day,1
11,408.39,6.17,5.59,3.35,68.8,122.3,0.51,Average,Night,1
12,544.03,6.02,4.71,2.37,78.9,103.9,0.1,Good,Night,0
13,465.54,9.91,6.09,3.49,74.1,108.7,1.03,Good,Day,0
14,541.55,11.73,4.54,3.13,64.7,84.9,1.22,Good,Night,1
15,520.41,8.87,5.58,3.54,79.5,84.3,0.24,Good,Night,0
16,411.22,13.64,5.44,3.06,78.9,100.5,0.61,Good,Day,1
17,455.67,9.32,5.27,3.48,68.4,81.7,1.4,Good,Day,1
18,504.01,9.86,4.92,3.16,59.8,92.8,0.96,Good,Day,0
19,517.33,9.0,5.56,2.7,71.2,99.1,0.74,Good,Night,0
20,545.18,12.06,4.52,3.29,69.6,91.4,0.81,Poor,Day,1
21,539.51,9.44,3.57,2.51,70.5,113.8,1.09,Good,Day,0
22,455.69,10.08,5.4,2.79,79.6,90.7,0.84,Good,Day,0
23,478.92,13.83,7.13,3.12,68.6,74.1,0.72,Good,Day,0
24,421.81,12.16,4.57,3.64,71.9,102.8,0.22,Good,Night,1
25,530.28,10.79,6.09,3.77,72.3,104.5,0.4,Good,Night,0
26,517.7,6.07,5.19,2.36,66.2,93.3,0.52,Good,Night,0
27,520.79,8.0,5.69,3.22,76.2,107.7,0.98,Average,Day,0
28,522.06,10.34,5.74,2.07,76.9,133.9,0.7,Average,Night,0
29,502.72,12.05,5.29,2.36,56.8,116.2,1.31,Good,Day,1
30,514.81,10.8,5.86,3.18,70.9,119.9,1.47,Average,Day,1
31,493.19,7.39,5.75,3.08,76.7,121.1,1.11,Good,Night,0
32,487.91,10.69,4.7,2.8,77.1,118.6,0.18,Good,Night,0
33,549.69,11.08,6.01,3.0,71.6,123.4,0.46,Average,Day,0
34,484.65,10.76,3.99,4.32,61.5,101.3,0.67,Average,Night,0
35,510.16,6.52,5.03,2.42,83.7,95.7,1.49,Good,Night,1
36,510.11,9.91,5.26,3.77,85.3,117.8,1.36,Good,Night,1
37,459.18,8.09,5.36,2.33,79.6,83.8,0.79,Poor,Night,1
38,362.72,7.79,6.04,3.55,73.1,83.6,0.49,Good,Night,1
39,451.52,9.65,6.1,3.6,64.0,81.3,0.56,Good,Night,0
40,540.37,9.68,5.4,3.94,65.5,110.6,0.96,Good,Day,0
41,459.81,12.09,4.31,3.4,80.6,61.5,0.28,Good,Night,0
42,535.18,10.4,5.35,3.15,65.4,90.1,1.17,Good,Day,0
43,495.55,7.67,5.46,4.23,68.2,86.8,1.24,Average,Day,1
44,404.43,5.54,5.22,3.03,69.4,130.2,0.4,Good,Day,1
45,452.75,10.53,4.68,2.06,76.3,89.8,0.42,Good,Night,0
46,514.41,10.67,5.42,2.89,60.4,98.3,0.33,Average,Night,0
47,571.54,15.28,4.4,2.51,53.8,105.8,0.16,Good,Day,0
48,544.7,10.7,4.55,2.56,79.3,90.4,0.79,Good,Night,0
49,414.2,10.26,5.58,3.07,64.0,90.4,0.41,Poor,Day,1
50,582.88,7.81,6.56,3.0,56.0,118.3,0.73,Average,Day,0
51,496.47,8.42,4.73,3.51,70.2,88.3,0.66,Good,Day,0
52,528.86,8.62,5.82,2.56,68.0,90.1,0.94,Average,Night,0
53,466.13,9.31,4.37,3.68,69.5,98.2,1.07,Good,Day,0
54,549.14,9.63,3.98,3.48,67.3,86.4,0.77,Good,Night,0
55,499.6,8.44,4.85,3.95,68.5,88.0,0.55,Good,Day,0
56,424.59,8.77,3.19,3.36,67.4,105.6,1.03,Good,Night,1
57,510.25,8.04,5.65,2.8,61.7,117.4,0.68,Good,Day,0
58,410.25,9.76,3.72,3.42,87.1,96.8,0.62,Good,Night,1
59,568.21,10.85,4.83,3.04,83.6,69.1,1.13,Good,Day,0
60,507.25,8.43,3.32,2.67,67.4,83.4,0.92,Good,Day,0
61,540.33,10.03,5.06,3.63,60.6,96.3,0.99,Average,Day,0
62,521.07,9.62,4.32,3.09,84.6,72.4,0.3,Good,Night,0
63,479.35,9.22,5.46,3.58,61.2,135.1,0.95,Good,Night,0
64,429.72,14.63,5.85,2.63,80.8,89.8,0.1,Good,Night,1
65,503.14,9.38,7.33,3.27,68.0,119.9,1.27,Good,Day,1
66,497.94,5.62,4.75,3.56,80.7,103.1,0.72,Poor,Night,1
67,508.18,8.29,6.08,2.24,66.5,77.8,0.84,Good,Night,0
68,492.87,8.26,5.26,3.4,68.5,117.8,0.43,Average,Day,0
69,461.38,10.34,6.16,2.92,70.2,102.0,0.41,Good,Day,0
70,402.04,12.42,2.83,2.5,69.2,82.6,0.11,Good,Day,1
71,462.11,10.25,3.65,3.2,72.1,106.3,0.1,Average,Day,0
72,538.8,10.45,3.82,2.94,67.6,112.8,0.98,Good,Night,0
73,469.63,11.26,5.91,2.1,77.8,94.0,0.55,Good,Night,0
74,478.3,12.34,3.76,2.5,90.7,120.5,0.35,Good,Day,1
75,477.14,7.29,6.67,3.49,58.4,115.6,0.6,Good,Night,0
76,503.76,11.42,5.32,2.65,75.7,78.6,0.61,Good,Night,0
77,502.35,11.86,4.45,2.39,69.8,93.8,0.38,Good,Day,0
78,555.03,8.59,6.29,1.78,71.4,111.6,1.18,Good,Night,0
79,586.2,9.07,5.5,2.34,82.9,100.6,0.8,Good,Day,0
80,488.44,9.26,5.67,3.2,73.9,66.6,0.46,Average,Day,0
81,460.61,10.68,4.89,3.17,73.1,99.1,1.04,Poor,Night,1
82,508.88,12.0,7.24,2.74,79.2,77.9,0.89,Good,Day,0
83,545.12,12.02,6.52,3.46,73.6,101.5,0.54,Good,Night,0
84,564.4,8.11,7.05,2.46,78.1,106.3,0.33,Good,Night,0
85,489.74,10.51,6.12,3.25,55.3,77.4,1.37,Good,Night,1
86,446.85,7.86,3.16,2.91,70.1,107.5,0.85,Poor,Night,1
87,525.24,8.94,5.03,3.31,65.6,113.9,0.41,Average,Night,0
88,513.31,11.87,5.53,1.6,65.6,125.6,0.9,Poor,Day,1
89,473.95,13.46,5.28,3.56,64.3,87.6,0.55,Good,Night,0
90,413.22,8.77,5.48,3.01,68.2,105.7,0.63,Good,Day,1
91,560.94,11.15,6.29,2.57,83.4,109.3,1.4,Good,Day,1
92,516.0,10.14,6.28,1.75,70.0,108.7,1.43,Good,Day,1
93,506.29,9.49,4.37,1.83,77.1,108.4,0.7,Good,Day,0
94,451.93,7.65,4.74,2.18,86.1,84.4,0.86,Average,Night,0
95,497.04,8.59,6.78,3.41,62.4,116.3,0.56,Average,Day,0
96,543.59,15.03,6.19,4.22,61.5,91.4,1.37,Good,Night,1
97,524.65,9.34,5.25,3.61,52.6,105.4,0.92,Good,Night,0
98,501.11,7.61,5.66,3.52,70.4,98.2,0.65,Good,Day,0
99,485.51,13.03,3.08,2.31,59.3,83.4,0.77,Average,Day,0
100,525.45,10.91,6.3,2.55,68.0,105.9,1.18,Good,Night,0
101,466.92,11.93,2.98,2.93,74.6,105.1,1.4,Average,Day,1
102,606.73,15.88,5.84,2.69,67.8,97.1,1.48,Poor,Night,1
103,445.47,8.71,4.18,2.69,57.8,111.0,0.92,Average,Day,1
104,469.04,9.93,6.12,2.48,81.2,79.0,1.06,Average,Day,0
105,556.78,13.03,4.66,2.59,61.4,130.4,0.84,Good,Night,0
106,448.37,11.65,5.05,2.32,65.9,71.0,0.99,Good,Day,1
107,527.45,7.78,4.92,3.23,72.2,108.8,0.65,Good,Night,0
108,497.42,9.49,4.43,2.95,96.4,102.7,1.23,Good,Night,1
109,546.25,5.21,2.93,2.98,77.4,124.3,1.17,Good,Day,0
110,527.2,9.82,4.73,2.98,70.7,107.1,1.49,Average,Day,1
111,549.04,8.24,4.07,2.62,77.5,108.3,0.98,Good,Day,0
112,459.57,8.28,5.93,3.49,64.2,96.0,0.97,Good,Day,0
113,502.82,6.23,3.84,3.49,88.7,109.0,1.16,Good,Day,0
114,493.33,8.58,5.37,2.7,85.8,97.7,0.11,Average,Day,0
115,501.66,13.72,5.35,2.84,42.5,75.9,1.21,Poor,Night,1
116,495.43,9.16,5.72,2.74,70.3,82.0,0.52,Average,Night,0
117,544.16,8.54,5.2,2.28,55.7,76.5,0.56,Good,Night,0
118,469.65,10.86,3.5,2.88,77.8,104.3,1.15,Good,Night,0
119,482.33,9.48,3.89,2.74,80.0,105.6,0.24,Good,Day,0
120,474.79,11.64,5.01,1.96,86.8,98.4,1.19,Good,Night,0
121,487.77,10.79,6.11,3.0,67.5,102.3,0.97,Average,Night,0
122,447.12,10.02,5.7,2.31,83.7,67.2,1.5,Average,Night,1
123,483.93,8.65,3.69,2.75,81.6,99.0,1.25,Poor,Night,1
124,473.9,9.07,5.19,3.08,61.5,132.8,0.22,Average,Day,0
125,424.25,9.36,6.48,3.95,55.7,114.0,0.96,Good,Day,1
126,469.8,12.03,5.3,2.51,55.7,89.7,0.72,Good,Day,0
127,511.55,5.89,6.02,3.27,89.8,74.5,1.3,Good,Night,1
128,460.79,11.62,6.35,3.4,79.8,95.8,0.18,Average,Day,0
129,535.75,12.37,5.11,2.51,72.4,117.0,0.96,Average,Night,0
130,500.3,9.33,5.76,3.42,81.5,92.4,0.73,Good,Night,0
131,388.47,11.96,5.1,3.98,69.1,120.2,0.4,Good,Night,1
132,476.37,11.78,3.43,3.34,80.6,100.1,0.8,Good,Day,0
133,535.35,11.03,4.23,3.0,73.1,69.5,0.49,Good,Night,0
134,433.29,11.4,4.95,4.05,68.8,99.3,0.5,Average,Day,1
135,536.7,6.92,6.15,2.77,65.7,92.1,0.91,Good,Day,0
136,381.13,9.15,5.26,2.8,76.3,112.8,1.13,Good,Night,1
137,420.3,11.11,5.28,2.79,54.6,107.1,0.78,Average,Day,1
138,557.61,11.02,6.78,3.23,75.1,105.4,1.08,Good,Day,0
139,537.99,9.64,3.94,3.35,55.2,102.4,1.45,Good,Night,1
140,562.27,8.58,6.42,2.99,72.1,89.6,0.23,Good,Day,0
141,526.66,12.15,4.29,2.86,68.7,110.8,0.26,Good,Night,0
142,446.86,11.51,5.96,3.26,75.6,92.7,0.18,Good,Night,1
143,607.88,11.84,5.88,3.76,78.1,111.4,0.69,Good,Day,0
144,474.58,6.0,6.21,2.89,60.6,78.2,0.55,Good,Day,0
145,508.86,10.12,6.75,2.06,66.8,104.4,0.97,Good,Night,0
146,532.22,10.2,5.53,4.3,61.4,61.6,0.26,Good,Night,0
147,553.97,8.8,3.0,2.07,81.3,118.3,0.4,Good,Night,0
148,584.96,11.77,4.37,2.28,68.5,87.3,0.59,Poor,Day,1
149,520.91,10.65,4.58,3.3,72.4,91.9,1.32,Good,Day,1
150,427.78,4.26,5.4,2.98,63.7,94.6,1.19,Average,Day,1
151,473.24,9.83,3.7,2.27,59.3,98.7,0.63,Good,Night,0
152,409.74,8.97,4.78,3.05,63.3,92.5,1.07,Good,Day,1
153,501.24,11.99,5.76,2.62,68.3,117.4,1.28,Good,Night,1
154,476.11,7.07,7.05,2.88,52.5,116.2,0.83,Average,Day,0
155,442.1,9.22,5.9,2.15,61.7,127.8,0.28,Good,Night,1
156,576.26,10.84,5.7,2.61,54.8,63.4,0.75,Good,Day,0
157,567.33,6.86,4.24,3.0,68.3,114.3,1.14,Average,Day,0
158,361.54,11.34,4.01,2.67,60.3,110.1,0.14,Good,Day,1
159,548.0,8.02,4.52,3.83,70.7,81.9,0.15,Good,Day,0
160,524.01,12.27,6.91,3.28,80.8,114.9,0.54,Good,Day,0
161,467.93,13.27,4.7,3.08,56.5,123.3,0.88,Good,Night,0
162,546.28,11.13,5.75,2.77,86.8,86.6,1.34,Average,Day,1
163,535.49,10.2,4.28,3.02,71.4,89.9,0.84,Good,Day,0
164,439.21,12.39,4.33,4.03,62.3,116.6,1.35,Good,Day,1
165,540.83,13.61,4.05,3.13,66.2,127.3,0.16,Good,Day,0
166,503.7,11.2,4.41,3.28,64.1,105.5,1.48,Good,Day,1
167,457.35,12.77,4.51,3.63,61.4,108.3,0.27,Poor,Day,1
168,554.69,10.96,5.1,2.71,70.4,92.6,0.48,Good,Night,0
169,536.76,11.43,6.13,3.03,63.6,110.5,0.79,Good,Night,0
170,472.24,10.78,5.16,2.06,73.3,93.2,0.98,Average,Day,0
171,480.5,9.15,4.34,2.78,85.5,93.7,0.13,Good,Day,0
172,470.92,10.72,6.46,2.55,78.9,113.9,1.03,Average,Day,0
173,468.31,7.01,5.82,2.83,86.0,113.3,0.44,Good,Night,0
174,464.83,10.06,2.98,3.25,61.4,131.6,0.14,Average,Night,0
175,503.5,8.04,5.54,2.57,62.2,97.8,1.16,Good,Day,0
176,559.16,10.98,4.64,2.75,57.5,106.3,1.26,Average,Day,1
177,492.04,8.03,7.17,2.28,63.3,97.5,1.07,Average,Night,0
178,575.05,10.52,4.77,2.56,79.1,100.9,1.25,Good,Night,1
179,434.9,10.07,2.53,2.65,77.3,124.9,0.89,Good,Day,1
180,474.62,9.49,6.73,2.6,64.1,89.4,1.14,Good,Day,0
181,520.64,12.57,4.74,2.45,78.4,87.3,0.11,Average,Day,0
182,470.23,9.99,5.75,3.27,54.0,103.2,1.3,Average,Night,1
183,511.01,12.46,4.83,3.56,65.4,122.6,1.49,Good,Day,1
184,403.46,12.86,6.76,1.89,56.5,110.3,1.03,Average,Day,1
185,446.41,12.0,5.51,3.26,83.0,108.7,0.68,Good,Day,1
186,468.0,11.15,6.95,2.52,58.9,77.4,0.24,Good,Night,0
187,544.16,8.85,6.49,2.85,75.9,83.5,1.09,Good,Night,0
188,481.85,7.81,4.27,2.81,62.3,105.6,1.08,Good,Night,0
189,573.13,10.58,5.2,2.82,83.4,110.4,0.48,Good,Night,0
190,342.52,8.79,4.78,2.64,56.2,107.5,0.93,Average,Night,1
191,500.98,10.67,3.18,2.79,61.5,98.5,0.83,Good,Night,0
192,513.05,12.26,4.77,2.2,76.7,100.4,0.53,Good,Day,0
193,552.9,12.34,5.66,2.94,79.3,103.2,0.88,Good,Day,0
194,635.25,11.54,4.1,3.32,65.6,79.7,1.3,Good,Night,1
195,521.37,8.74,6.27,3.02,71.8,67.7,1.16,Average,Night,0
196,473.77,8.9,4.42,2.21,66.2,86.4,0.64,Average,Day,0
197,443.44,9.21,4.98,3.76,65.4,112.9,1.49,Average,Day,1
198,549.96,11.15,4.6,2.78,70.4,108.4,1.3,Average,Day,1
199,499.96,11.46,5.23,3.9,73.1,109.4,1.14,Average,Day,0
200,492.41,12.32,4.35,2.51,71.3,128.8,0.93,Average,Night,0
201,414.0,11.01,4.67,2.85,69.4,109.4,0.67,Good,Night,1
202,430.19,9.85,5.37,3.17,67.9,98.6,1.06,Poor,Night,1
203,443.26,11.79,4.82,3.56,80.4,104.3,1.44,Good,Day,1
204,393.14,9.66,4.55,1.94,75.2,100.8,1.36,Average,Day,1
205,499.27,13.12,4.15,3.25,62.3,110.1,1.44,Average,Night,1
206,537.87,8.51,3.62,3.14,73.8,64.6,0.46,Good,Night,0
207,577.62,6.54,4.92,3.38,68.6,81.4,0.31,Good,Night,0
208,504.9,12.41,6.48,3.28,65.9,99.0,0.72,Good,Night,0
209,522.05,7.43,4.75,2.53,63.9,124.0,0.33,Good,Night,0
210,491.85,9.42,5.46,2.75,63.4,64.4,0.92,Poor,Day,1
211,484.37,13.66,4.62,3.26,80.7,111.2,0.5,Good,Night,0
212,547.23,6.77,5.84,2.57,80.0,84.6,1.43,Good,Night,1
213,538.93,9.39,2.75,2.97,82.5,115.7,0.19,Good,Night,0
214,465.37,8.0,5.49,3.62,64.4,91.6,0.17,Good,Day,0
215,585.42,10.14,4.39,3.4,70.4,101.1,0.6,Average,Day,0
216,554.19,7.74,4.75,3.25,42.2,107.2,1.45,Average,Night,1
217,497.05,11.55,5.56,3.04,68.3,100.6,0.22,Good,Night,0
218,520.41,10.56,4.54,2.9,77.5,114.4,0.33,Good,Day,0
219,476.93,12.0,6.18,3.29,77.9,106.4,1.38,Good,Day,1
220,414.88,6.71,4.22,3.63,75.3,110.3,1.45,Good,Day,1
221,537.16,10.41,4.84,3.47,67.9,99.7,0.97,Good,Night,0
222,506.94,8.3,5.27,3.53,52.6,101.2,0.62,Good,Night,0
223,653.8,8.08,3.11,2.68,62.5,87.6,0.49,Average,Day,0
224,536.27,9.35,5.59,3.21,67.8,122.3,0.3,Good,Day,0
225,512.2,10.55,4.83,3.68,63.8,83.6,0.44,Good,Night,0
226,460.62,7.25,6.55,3.51,74.1,111.3,0.93,Good,Day,0
227,469.56,8.57,5.48,2.57,72.4,105.6,0.79,Average,Night,0
228,570.38,14.17,3.51,2.56,95.6,102.6,0.24,Average,Night,1
229,488.3,10.54,3.36,3.14,56.9,105.6,1.42,Good,Day,1
230,483.82,11.91,5.77,2.54,54.1,105.9,1.18,Good,Night,0
231,513.32,10.94,4.27,3.15,92.9,104.5,0.7,Good,Night,1
232,468.34,11.52,4.92,3.26,77.5,99.6,0.47,Average,Day,0
233,478.71,8.16,4.83,3.0,61.5,103.6,0.29,Poor,Day,1
234,484.15,12.01,4.89,3.47,84.4,114.9,0.69,Poor,Night,1
235,453.86,10.6,5.89,2.75,58.5,89.3,0.21,Good,Night,0
236,521.61,9.82,6.28,2.64,78.8,87.2,0.89,Poor,Night,1
237,523.27,11.84,6.49,3.69,60.5,121.7,0.27,Good,Day,0
238,537.45,9.54,7.15,2.6,74.9,95.6,0.71,Good,Night,0
239,499.7,10.45,3.84,3.06,81.5,111.4,1.31,Average,Night,1
240,396.73,9.88,4.96,2.66,84.4,92.0,0.22,Average,Night,1
241,592.93,10.8,4.88,3.62,68.3,95.9,1.19,Good,Night,0
242,478.56,9.4,5.12,3.0,71.9,81.4,0.96,Good,Night,0
243,424.74,9.28,6.03,2.61,66.8,82.6,0.38,Average,Night,1
244,500.37,10.27,3.09,3.45,71.2,125.1,1.34,Poor,Day,1
245,465.97,8.57,4.36,3.76,84.9,103.6,0.56,Good,Night,0
246,433.57,7.97,3.94,2.74,67.1,95.6,1.27,Good,Day,1
247,551.39,12.54,5.5,1.83,82.0,128.1,0.64,Good,Night,0
248,499.39,7.44,6.66,3.1,70.8,118.6,0.3,Good,Night,0
249,520.36,8.11,5.57,3.79,64.4,94.2,0.56,Good,Day,0
250,485.59,12.33,3.76,3.15,46.4,90.7,1.32,Good,Day,1
251,529.72,11.31,6.0,3.79,69.5,87.8,0.66,Good,Night,0
252,492.74,12.12,5.67,2.79,70.5,99.7,0.95,Good,Day,0
253,516.8,11.07,5.54,3.13,71.8,95.5,0.5,Average,Night,0
254,532.61,10.64,5.22,2.53,68.7,114.1,1.29,Average,Night,1
255,511.38,7.46,4.04,2.99,62.8,104.2,0.44,Good,Day,0
256,489.64,7.63,5.11,3.03,72.0,71.0,0.25,Poor,Night,1
257,483.82,5.86,4.63,2.96,74.3,133.8,0.45,Average,Night,0
258,426.01,9.79,3.55,3.2,68.7,120.3,0.77,Poor,Day,1
259,579.28,7.22,7.29,3.09,53.6,99.3,0.25,Good,Day,0
260,472.8,10.08,4.13,3.22,66.2,113.4,0.73,Average,Night,0
261,474.0,13.38,5.49,2.22,74.3,107.6,1.04,Average,Night,0
262,517.8,9.3,6.03,3.28,69.4,81.2,1.28,Poor,Night,1
263,498.57,10.16,6.48,2.72,59.6,107.9,1.34,Good,Night,1
264,490.06,8.76,6.2,3.6,80.0,103.7,1.37,Good,Day,1
265,459.1,9.94,5.3,2.72,54.1,100.5,0.46,Poor,Night,1
266,554.91,8.35,3.83,2.82,75.0,83.0,0.58,Good,Night,0
267,484.77,7.21,4.21,2.94,61.0,81.7,1.4,Good,Day,1
268,554.92,8.56,5.95,3.38,72.5,111.3,1.3,Good,Night,1
269,482.21,12.55,6.8,2.97,75.5,97.9,0.88,Poor,Night,1
270,577.76,8.88,5.82,3.26,66.2,64.1,1.44,Poor,Day,1
271,545.18,12.09,5.5,3.74,65.2,110.5,0.82,Good,Night,0
272,534.49,10.38,5.21,3.17,73.1,105.5,0.7,Good,Night,0
273,522.78,10.05,4.43,2.29,79.7,89.6,0.78,Good,Day,0
274,522.78,14.03,5.5,2.36,80.7,124.9,1.32,Good,Day,1
275,579.64,7.42,4.5,2.56,60.6,79.2,0.29,Average,Night,0
276,558.2,9.59,4.28,3.27,81.8,124.2,1.04,Good,Day,0
277,476.07,10.13,6.34,2.59,83.4,80.2,0.72,Good,Night,0
278,469.73,5.21,3.5,3.2,64.3,101.9,0.28,Good,Day,0
279,516.92,11.69,3.39,3.17,52.1,101.5,0.22,Good,Night,0
280,471.16,9.56,3.57,3.05,59.3,88.7,1.04,Good,Night,0
281,490.81,7.27,5.89,2.71,77.4,100.4,1.48,Good,Day,1
282,519.34,6.95,4.92,3.64,79.7,131.5,0.52,Good,Day,0
283,517.15,6.87,5.33,3.56,77.0,106.8,0.47,Good,Day,0
284,558.27,9.42,4.08,3.45,65.2,110.2,0.77,Good,Night,0
285,464.33,8.77,3.21,3.85,75.7,117.7,0.19,Good,Day,0
286,482.99,7.6,5.69,3.32,54.0,102.8,0.28,Good,Day,0
287,475.51,6.67,5.32,2.92,68.0,78.8,0.17,Good,Night,0
288,517.83,13.61,6.82,2.77,67.1,91.4,1.35,Good,Day,1
289,504.86,11.79,4.69,2.55,61.7,129.7,0.43,Good,Day,0
290,522.15,8.93,4.35,2.17,67.8,106.2,0.73,Good,Night,0
291,558.22,7.89,3.76,2.16,70.3,88.3,0.11,Good,Day,0
292,571.76,8.74,7.68,2.64,61.0,99.9,0.45,Good,Night,0
293,482.72,10.88,6.54,3.88,76.3,130.3,0.75,Good,Day,0
294,522.48,12.51,5.01,2.8,81.5,109.9,1.45,Good,Day,1
295,474.97,9.68,3.68,3.2,63.9,113.6,0.25,Good,Day,0
296,525.57,10.22,3.31,2.08,66.5,93.8,0.52,Good,Night,0
297,485.74,8.89,3.51,2.85,68.9,94.4,0.68,Good,Night,0
298,567.09,14.34,4.79,3.18,69.6,84.3,1.19,Poor,Day,1
299,561.43,6.91,3.96,2.3,83.0,104.4,1.34,Poor,Night,1
300,515.67,11.23,4.65,3.59,63.3,100.4,1.07,Good,Night,0
301,424.39,6.64,4.71,2.67,67.7,88.5,0.57,Good,Night,1
302,509.22,12.07,3.78,3.69,64.0,96.0,0.66,Average,Day,0
303,527.5,9.73,6.76,3.07,65.3,92.0,1.25,Good,Night,1
304,491.76,8.31,5.04,2.6,79.8,98.1,1.01,Good,Night,0
305,470.25,9.79,6.38,2.42,78.0,93.9,1.25,Good,Night,1
306,529.12,9.4,5.9,1.51,67.6,94.3,1.17,Good,Day,0
307,474.12,9.13,4.04,3.35,64.4,129.6,0.66,Good,Day,0
308,478.63,8.64,5.43,3.35,66.3,99.0,0.3,Good,Night,0
309,531.6,12.35,5.65,2.31,84.3,110.8,0.21,Good,Night,0
310,530.94,10.37,5.17,3.23,63.9,116.2,1.12,Average,Night,0
311,586.76,8.01,5.7,2.77,71.8,96.9,1.11,Good,Night,0
312,517.91,9.72,4.04,3.18,73.3,99.0,0.73,Average,Night,0
313,477.38,8.41,3.09,2.45,60.2,84.5,1.09,Average,Day,0
314,441.13,10.33,5.95,2.81,58.9,109.5,0.43,Good,Night,1
315,529.76,10.01,3.76,3.08,50.3,95.0,0.81,Average,Day,0
316,485.95,11.86,4.47,4.02,69.2,104.4,1.34,Good,Night,1
317,526.43,8.91,3.43,3.11,81.1,101.6,1.16,Good,Night,0
318,554.59,8.95,4.45,3.33,67.3,104.5,1.19,Good,Day,0
319,509.83,8.46,6.04,3.36,84.8,96.1,1.42,Good,Day,1
320,518.18,9.31,5.75,3.87,85.6,107.4,0.2,Average,Night,0
321,518.26,11.69,3.61,3.09,67.6,116.1,0.34,Average,Night,0
322,445.84,10.34,6.18,2.63,57.3,104.0,1.06,Average,Day,1
323,472.0,10.33,6.46,3.29,59.0,91.7,1.45,Average,Night,1
324,574.78,11.1,6.9,2.97,76.2,78.4,1.37,Good,Night,1
325,530.88,5.22,4.77,2.26,54.8,84.5,0.26,Average,Night,0
326,480.62,10.27,4.44,2.8,58.5,107.2,1.45,Good,Night,1
327,484.19,10.54,5.59,2.48,59.3,105.5,0.61,Good,Day,0
328,490.63,14.42,5.64,1.83,71.3,98.0,0.4,Average,Night,0
329,460.06,11.37,4.88,3.49,68.9,109.2,0.3,Good,Night,0
330,477.45,12.15,5.4,3.6,70.1,126.9,0.67,Good,Day,0
331,419.53,12.57,4.07,4.08,77.4,86.3,0.58,Good,Day,1
332,432.71,9.64,4.76,2.59,54.2,99.1,0.97,Average,Night,1
333,493.85,6.77,5.29,2.72,80.3,123.0,0.24,Good,Day,0
334,509.21,9.27,5.86,3.42,76.0,80.9,0.38,Good,Night,0
335,464.57,8.18,5.16,2.23,71.4,94.0,0.47,Good,Night,0
336,493.35,11.12,5.11,3.69,60.3,81.3,1.16,Good,Night,0
337,461.21,8.27,3.62,2.43,77.0,80.9,0.49,Average,Night,0
338,364.01,9.02,5.6,3.13,60.7,107.3,0.29,Good,Night,1
339,467.68,13.28,5.27,2.67,72.3,83.4,1.47,Poor,Night,1
340,534.99,8.31,4.85,3.41,85.2,108.5,1.36,Poor,Day,1
341,511.48,10.31,4.77,3.17,67.1,112.0,1.19,Good,Night,0
342,405.67,8.84,3.58,3.58,82.1,125.0,0.26,Good,Day,1
343,407.04,9.56,4.43,2.94,70.0,118.3,0.7,Good,Night,1
344,495.7,10.28,7.0,2.75,59.7,123.5,0.29,Good,Day,0
345,534.39,7.24,3.87,2.96,79.8,107.3,1.48,Good,Day,1
346,478.06,11.82,5.54,3.06,54.9,127.1,1.37,Good,Day,1
347,564.11,11.36,2.64,2.78,69.3,119.3,0.72,Good,Night,0
348,508.18,11.51,4.15,3.08,73.7,77.0,0.11,Good,Night,0
349,479.62,9.19,5.76,2.64,56.5,85.0,0.25,Average,Night,0
350,455.18,10.0,6.86,3.4,68.1,104.5,0.16,Poor,Night,1
351,480.36,11.81,5.24,2.15,67.9,121.4,0.98,Good,Day,0
352,447.73,9.64,6.17,3.28,60.6,115.0,0.81,Good,Night,1
353,468.84,11.37,4.2,2.98,84.4,65.7,0.88,Good,Night,0
354,489.67,8.01,4.97,3.06,58.0,63.1,0.44,Good,Night,0
355,407.83,9.56,4.4,2.82,67.4,104.7,0.87,Good,Night,1
356,466.49,5.68,6.0,3.64,58.0,104.8,1.04,Good,Night,0
357,439.61,8.36,4.54,2.24,72.3,101.7,0.52,Good,Day,1
358,534.51,12.24,4.37,4.17,74.3,83.2,0.29,Good,Night,0
359,409.72,9.45,4.59,1.9,65.7,101.1,0.53,Good,Night,1
360,436.13,7.91,5.63,3.1,79.5,89.7,0.25,Average,Day,1
361,490.4,13.07,4.69,3.27,67.1,78.7,0.15,Good,Night,0
362,518.26,12.18,3.69,2.72,65.4,106.8,1.4,Good,Day,1
363,597.95,11.07,1.97,2.47,83.6,100.1,0.76,Poor,Day,1
364,539.12,14.69,5.14,2.9,81.5,82.3,0.5,Good,Night,0
365,457.39,12.9,5.3,3.6,42.7,84.0,0.64,Good,Night,0
366,551.19,12.24,4.49,3.64,65.0,116.9,1.23,Good,Night,1
367,435.68,10.92,5.95,2.61,83.0,95.3,0.69,Average,Day,1
368,493.05,6.3,6.6,3.93,53.2,122.1,0.56,Good,Day,0
369,587.32,8.12,6.28,3.18,74.9,80.0,0.85,Good,Night,0
370,529.71,11.63,3.85,3.06,88.6,79.0,1.09,Average,Day,0
371,470.58,10.1,5.49,3.38,69.0,100.3,1.26,Good,Night,1
372,513.89,10.52,4.35,2.51,57.1,131.2,0.73,Average,Day,0
373,371.9,11.67,5.54,2.92,56.0,105.3,1.07,Average,Day,1
374,545.38,10.27,4.93,3.3,68.4,92.4,0.79,Poor,Night,1
375,445.22,9.43,5.71,1.57,59.0,83.4,1.33,Good,Day,1
376,506.7,11.25,5.88,2.9,59.1,78.0,0.48,Good,Night,0
377,563.98,6.15,4.76,2.4,67.3,87.1,0.23,Good,Night,0
378,509.83,6.88,3.46,2.71,87.2,137.1,1.2,Good,Night,0
379,496.08,9.44,4.71,4.25,55.2,108.3,0.15,Poor,Day,1
380,595.24,9.82,4.53,3.5,72.5,87.3,0.82,Good,Day,0
381,523.73,7.74,5.35,3.27,74.1,100.4,0.66,Good,Night,0
382,533.27,12.21,4.82,2.45,78.8,96.6,1.4,Good,Day,1
383,530.11,8.11,3.68,3.23,92.5,112.6,1.5,Good,Day,1
384,527.14,10.83,4.74,2.68,69.0,117.2,1.19,Good,Day,0
385,504.02,10.0,5.4,3.6,75.4,71.2,0.25,Good,Night,0
386,505.7,10.47,4.93,2.99,60.1,78.7,1.06,Good,Night,0
387,393.73,9.95,5.75,4.17,88.4,89.7,0.65,Good,Day,1
388,471.4,9.1,5.1,3.76,72.7,84.2,0.15,Poor,Day,1
389,469.44,13.28,3.82,2.78,50.9,86.6,1.15,Good,Night,0
390,511.33,8.79,4.74,2.82,70.4,118.3,0.79,Good,Day,0
391,457.44,13.58,5.07,3.89,79.1,66.9,0.86,Average,Day,0
392,376.18,14.48,6.53,2.77,71.4,65.1,0.89,Poor,Night,1
393,475.1,7.73,5.22,3.39,84.7,117.2,0.18,Good,Day,0
394,490.35,11.94,4.7,3.49,77.9,70.3,0.41,Average,Day,0
395,476.22,11.81,4.77,2.26,58.5,90.4,0.92,Good,Day,0
396,426.31,12.74,5.32,3.01,70.3,109.1,1.21,Good,Night,1
397,582.03,8.84,4.98,2.22,75.5,82.3,1.17,Good,Night,0
398,425.94,10.04,5.7,3.5,73.0,100.6,0.29,Good,Night,1
399,439.09,11.55,5.53,2.91,72.8,87.9,0.35,Average,Night,1
400,460.16,10.1,5.08,3.16,46.6,106.2,0.25,Good,Night,0
401,567.76,9.34,6.49,2.67,63.6,80.2,0.95,Average,Night,0
402,590.55,5.03,6.22,2.46,91.1,85.9,0.63,Good,Day,1
403,486.76,9.89,4.85,2.58,53.9,110.5,0.81,Average,Night,0
404,475.82,9.48,3.68,3.06,62.2,64.1,0.77,Good,Night,0
405,530.47,9.65,5.74,3.28,64.7,90.9,1.34,Good,Night,1
406,530.23,8.19,4.07,2.96,62.5,96.2,0.19,Good,Day,0
407,451.6,9.46,6.28,3.15,65.1,109.9,1.33,Good,Day,1
408,515.73,10.92,3.7,3.64,84.6,73.7,0.26,Poor,Day,1
409,501.67,11.26,3.53,3.32,83.5,121.6,0.65,Poor,Night,1
410,608.5,10.0,4.67,3.48,79.8,109.0,1.29,Good,Night,1
411,565.86,9.32,4.91,2.65,76.3,108.5,1.4,Good,Day,1
412,522.72,12.29,5.98,3.06,72.4,89.1,0.89,Average,Day,0
413,466.01,9.29,4.72,3.47,58.3,95.4,0.59,Average,Day,0
414,533.84,11.06,4.34,3.07,73.8,108.3,1.31,Poor,Night,1
415,568.93,8.09,4.46,2.54,90.2,101.3,0.43,Good,Night,1
416,494.99,9.54,5.52,2.27,83.1,89.8,1.27,Good,Day,1
417,491.06,9.93,5.11,2.67,60.8,96.6,1.16,Average,Day,0
418,527.75,9.64,6.16,4.17,79.2,75.1,0.89,Good,Night,0
419,566.57,13.14,4.84,2.4,71.3,118.4,1.03,Good,Day,0
420,536.31,8.3,5.14,2.94,59.7,115.9,1.37,Good,Day,1
421,565.49,12.11,6.58,3.88,73.4,89.2,0.78,Good,Night,0
422,563.01,8.12,5.87,2.59,79.8,92.8,1.46,Good,Night,1
423,502.23,8.7,5.78,2.81,64.8,98.0,1.37,Good,Day,1
424,532.14,9.72,5.15,2.87,67.6,105.6,1.08,Good,Night,0
425,470.57,11.69,7.66,2.7,74.7,98.6,0.7,Good,Day,0
426,595.65,8.6,4.83,2.91,65.3,117.0,0.53,Good,Night,0
427,508.95,9.24,4.89,2.25,68.9,119.6,1.2,Good,Day,0
428,443.91,7.96,4.2,2.88,74.7,111.8,0.75,Good,Day,1
429,502.1,12.48,6.08,2.39,79.8,150.4,0.28,Good,Night,0
430,391.85,10.37,4.96,2.91,73.1,96.3,0.27,Poor,Night,1
431,526.78,12.28,4.94,3.65,84.4,128.9,0.54,Good,Night,0
432,452.35,10.19,5.79,3.67,58.8,111.5,0.75,Good,Night,0
433,543.98,7.69,4.92,2.77,87.6,101.2,1.23,Average,Night,1
434,506.94,9.24,3.76,3.28,71.5,118.1,0.17,Good,Night,0
435,506.83,12.45,4.6,3.0,72.4,90.0,0.21,Good,Day,0
436,509.43,7.68,5.97,3.44,77.9,100.5,0.89,Good,Day,0
437,472.96,13.56,3.47,3.22,88.3,93.5,1.05,Good,Night,0
438,493.02,14.92,7.1,3.14,66.1,104.1,1.12,Good,Day,0
439,514.2,10.32,4.36,2.25,86.6,96.1,1.29,Poor,Day,1
440,511.21,8.52,5.03,1.67,70.5,109.7,0.45,Good,Night,0
441,546.12,10.07,4.57,3.05,66.9,116.4,1.01,Average,Day,0
442,475.59,11.18,5.19,2.84,67.8,75.7,1.27,Good,Night,1
443,496.76,11.68,5.3,3.63,71.2,115.5,0.98,Good,Night,0
444,451.62,11.43,4.77,3.31,76.2,75.8,0.48,Poor,Day,1
445,587.87,9.31,4.23,2.83,63.5,96.4,1.28,Poor,Night,1
446,471.66,10.29,5.6,2.99,58.5,112.2,0.51,Good,Day,0
447,539.41,8.31,5.48,2.94,60.6,116.6,0.78,Good,Day,0
448,494.34,10.84,4.48,2.82,76.7,88.9,0.81,Good,Day,0
449,505.51,6.69,4.09,2.75,71.7,72.1,1.11,Good,Day,0
450,513.07,12.36,2.77,2.91,76.3,81.8,1.32,Average,Day,1
451,412.65,10.13,5.98,2.3,69.1,110.7,1.46,Poor,Night,1
452,489.95,8.33,6.86,3.57,68.1,79.3,1.26,Good,Night,1
453,449.03,9.48,4.78,2.38,79.0,100.7,1.07,Average,Night,1
454,499.05,10.07,5.14,3.31,59.6,86.0,0.41,Good,Day,0
455,487.01,12.68,6.47,2.77,60.4,107.4,1.49,Poor,Night,1
456,528.23,11.5,5.41,3.21,73.6,120.3,0.31,Good,Day,0
457,539.08,12.09,5.65,3.25,61.9,94.9,0.43,Average,Night,0
458,487.1,12.29,6.03,2.52,76.3,75.0,1.38,Good,Day,1
459,556.33,11.45,4.29,3.46,70.6,98.2,0.81,Good,Day,0
460,440.69,9.54,4.46,2.94,89.7,97.3,0.63,Average,Night,1
461,457.39,7.72,3.16,3.06,74.4,60.9,0.16,Good,Night,0
462,564.66,7.88,3.68,1.9,75.5,89.7,1.24,Good,Day,1
463,509.51,7.88,5.16,3.05,69.0,105.5,0.94,Good,Day,0
464,478.89,7.79,5.1,3.65,68.1,87.9,1.44,Good,Day,1
465,560.32,8.2,5.59,2.83,70.2,107.5,1.44,Good,Night,1
466,489.44,9.83,5.24,2.47,48.8,89.1,0.34,Good,Day,0
467,516.96,10.82,2.61,2.49,74.4,107.9,0.33,Good,Day,0
468,503.28,14.83,4.17,3.25,75.6,77.0,0.1,Good,Day,0
469,443.31,9.92,5.91,2.95,79.8,97.0,0.87,Good,Day,1
470,557.74,12.22,5.44,3.53,86.5,75.3,0.61,Good,Night,0
471,555.58,12.17,4.1,2.99,75.4,93.0,1.21,Average,Day,1
472,576.75,13.62,6.12,3.25,62.0,100.5,0.93,Good,Night,0
473,499.31,10.16,4.45,2.95,77.4,97.0,1.03,Good,Day,0
474,511.09,8.42,5.5,3.48,57.3,105.1,1.08,Good,Night,0
475,425.16,9.76,4.87,2.89,54.9,85.4,1.08,Poor,Night,1
476,523.43,9.78,5.0,1.78,72.9,114.8,0.29,Good,Night,0
477,524.96,10.16,3.48,3.73,73.1,105.2,0.21,Average,Night,0
478,479.65,10.77,6.04,2.81,74.8,97.4,1.03,Good,Day,0
479,574.44,7.49,5.25,3.2,70.7,108.8,1.39,Average,Night,1
480,506.33,11.01,5.82,2.2,74.1,94.8,1.11,Good,Night,0
481,568.73,10.57,3.52,3.29,63.4,92.5,1.24,Good,Night,1
482,556.85,12.52,5.31,3.32,62.0,105.4,1.27,Average,Night,1
483,411.09,12.15,5.87,3.0,84.1,83.9,0.24,Poor,Night,1
484,527.45,9.66,4.44,2.43,86.8,125.5,1.31,Good,Day,1
485,606.93,12.44,4.53,2.23,72.5,106.6,1.27,Good,Night,1
486,475.12,7.23,4.4,3.5,49.7,88.5,1.47,Good,Night,1
487,444.18,8.97,5.03,2.5,70.8,89.9,1.02,Good,Day,1
488,559.24,9.81,4.41,2.58,69.1,91.0,0.57,Average,Night,0
489,578.57,7.14,2.69,2.92,70.5,75.5,0.18,Good,Day,0
490,495.75,10.08,4.58,3.11,79.5,103.5,0.64,Good,Night,0
491,475.93,12.25,4.62,4.44,88.5,91.8,1.14,Average,Day,0
492,507.32,11.26,6.04,2.75,67.5,99.4,0.24,Average,Night,0
493,506.72,9.33,4.71,2.44,58.3,102.7,0.58,Good,Day,0
494,514.38,12.51,5.87,2.74,74.1,114.8,0.67,Average,Night,0
495,552.61,12.95,5.2,3.18,67.0,91.8,0.42,Good,Day,0
496,540.07,10.5,4.95,2.68,51.5,103.2,0.79,Poor,Day,1
497,511.06,10.1,4.14,2.85,82.3,108.8,0.31,Good,Day,0
498,506.2,11.48,4.87,2.9,87.1,112.6,1.38,Average,Night,1
499,499.15,7.61,3.25,3.34,77.7,99.7,0.11,Good,Day,0
500,429.85,6.83,3.96,3.6,75.0,82.3,1.13,Good,Day,1
501,485.71,9.62,5.86,2.84,73.9,104.7,0.97,Good,Night,0
502,487.59,7.67,3.5,3.72,63.4,98.1,0.15,Good,Night,0
503,535.25,9.0,6.02,3.13,59.8,98.2,0.45,Average,Day,0
504,482.99,9.17,8.05,3.3,69.7,106.4,0.61,Good,Day,0
505,482.13,15.32,4.05,2.41,60.7,109.2,0.96,Good,Day,0
506,445.8,9.73,6.31,3.44,84.2,109.8,1.11,Poor,Day,1
507,481.22,11.03,4.26,3.45,93.2,97.0,0.48,Good,Day,1
508,541.61,8.18,5.52,3.03,64.6,87.2,1.48,Good,Night,1
509,501.77,12.0,4.77,3.53,64.8,102.4,0.66,Good,Day,0
510,580.03,12.94,5.63,3.45,69.8,107.5,0.11,Good,Night,0
511,479.95,10.72,4.72,2.12,56.5,103.7,1.42,Good,Night,1
512,440.75,10.45,4.89,2.76,67.9,89.5,0.62,Good,Day,1
513,551.42,8.92,5.6,3.0,58.1,107.7,1.17,Good,Night,0
514,452.59,15.58,5.15,2.51,57.8,100.0,0.25,Good,Night,0
515,508.33,9.07,5.25,2.83,60.2,100.1,1.28,Average,Night,1
516,449.01,9.92,6.46,2.38,68.6,97.9,0.63,Average,Day,1
517,458.46,13.41,3.92,2.59,72.2,94.9,0.51,Good,Night,0
518,463.83,12.95,4.29,3.23,80.5,96.9,0.98,Good,Night,0
519,469.59,11.87,4.58,3.27,72.9,102.7,1.38,Good,Night,1
520,510.6,10.4,6.09,3.13,85.1,99.7,0.68,Good,Day,0
521,529.12,11.58,6.34,2.91,72.4,88.8,1.45,Good,Night,1
522,532.84,10.13,5.09,3.24,75.1,94.9,1.32,Good,Day,1
523,452.4,10.62,4.02,2.45,64.7,123.3,0.17,Good,Day,0
524,478.52,10.05,5.88,2.32,77.4,102.8,1.23,Good,Night,1
525,601.59,9.08,5.67,3.02,80.1,95.2,1.06,Good,Night,0
526,474.85,9.39,5.33,3.49,66.7,113.9,0.23,Good,Night,0
527,470.35,11.15,5.04,2.56,66.8,122.3,1.14,Good,Night,0
528,563.12,12.57,5.0,2.39,62.3,78.9,0.42,Good,Day,0
529,491.39,10.32,3.25,2.17,61.4,119.2,0.65,Poor,Day,1
530,467.27,13.57,6.97,3.9,54.5,121.2,1.31,Good,Day,1
531,419.09,6.56,6.01,3.47,78.9,96.4,0.78,Good,Day,1
532,505.1,9.26,5.11,3.07,70.1,77.4,0.69,Good,Day,0
533,515.45,11.18,6.34,3.02,69.0,97.2,0.96,Average,Day,0
534,529.83,12.24,5.91,2.48,75.2,87.0,0.71,Good,Night,0
535,541.28,12.31,6.08,2.89,63.0,115.0,1.4,Good,Day,1
536,533.8,11.12,5.6,2.92,64.2,107.1,1.11,Good,Day,0
537,476.57,10.77,4.97,3.12,67.4,107.0,0.26,Good,Day,0
538,510.58,9.8,4.25,1.99,85.4,95.1,1.1,Good,Day,0
539,519.28,10.53,4.57,2.51,78.6,89.6,0.64,Good,Night,0
540,438.6,11.68,3.38,3.68,88.1,82.2,0.43,Good,Night,1
541,519.07,9.28,5.03,3.48,70.1,118.5,0.45,Good,Day,0
542,485.79,7.19,6.25,3.07,78.4,94.4,1.13,Good,Day,0
543,521.42,9.46,4.24,2.95,78.7,117.9,0.92,Average,Night,0
544,470.6,11.78,5.56,3.17,63.3,125.7,0.77,Good,Night,0
545,474.12,8.6,4.48,2.76,65.8,98.8,0.84,Good,Night,0
546,457.95,13.01,5.95,2.92,66.3,124.4,1.2,Good,Night,0
547,592.21,11.12,3.94,3.38,73.7,95.4,1.07,Average,Day,0
548,580.82,7.97,3.05,3.16,67.7,102.1,0.16,Good,Day,0
549,489.35,8.03,6.1,3.41,74.5,117.1,1.48,Good,Night,1
550,497.66,10.08,5.43,1.6,61.9,81.1,1.26,Poor,Night,1
551,512.02,12.48,4.19,3.06,56.2,59.1,0.77,Good,Night,0
552,462.58,10.0,4.94,3.18,71.0,98.4,0.63,Good,Day,0
553,529.08,11.53,4.67,1.76,71.2,94.4,1.36,Good,Night,1
554,554.56,8.36,6.18,2.95,75.3,83.8,0.39,Average,Night,0
555,561.17,10.8,5.79,1.77,68.8,114.8,1.49,Good,Day,1
556,586.27,9.84,4.84,3.3,75.1,132.2,0.42,Good,Day,0
557,556.84,9.18,5.18,3.09,64.4,83.9,1.45,Good,Day,1
558,576.46,11.25,2.97,3.24,73.0,111.6,1.28,Good,Night,1
559,546.3,9.41,4.84,2.45,79.8,108.4,0.47,Good,Day,0
560,459.27,10.91,4.2,2.73,69.0,89.4,0.68,Good,Day,0
561,463.17,13.88,4.88,3.5,74.8,106.2,0.83,Good,Day,0
562,513.11,12.39,5.69,2.33,62.9,105.0,1.13,Good,Day,0
563,456.77,15.77,4.98,3.21,69.5,102.9,0.38,Poor,Night,1
564,449.05,10.31,4.7,3.58,67.4,99.3,0.67,Good,Night,1
565,514.06,9.42,5.89,3.13,64.8,115.6,1.42,Average,Night,1
566,429.16,12.13,5.05,3.05,56.4,100.2,1.35,Good,Night,1
567,449.7,10.17,4.41,2.23,88.1,101.4,0.79,Good,Day,1
568,451.6,9.05,5.35,3.51,76.2,86.8,1.04,Good,Day,0
569,560.23,12.56,5.36,3.04,81.5,72.0,0.83,Poor,Night,1
570,497.27,11.23,5.41,2.6,65.1,99.7,0.84,Good,Day,0
571,487.43,9.6,3.2,3.7,77.2,83.4,0.98,Good,Night,0
572,499.99,11.38,5.53,2.96,66.0,121.8,1.43,Average,Night,1
573,504.85,9.72,4.73,2.97,72.8,85.7,0.9,Good,Day,0
574,603.07,8.81,3.52,3.21,65.4,78.0,0.79,Poor,Night,1
575,472.48,10.21,5.56,3.42,77.9,91.4,1.45,Poor,Night,1
576,522.58,9.93,5.81,2.75,71.9,97.2,0.12,Good,Night,0
577,485.91,9.42,5.28,2.75,62.1,94.2,1.24,Good,Night,1
578,506.17,7.9,5.46,2.39,73.2,134.5,1.19,Good,Night,0
579,488.58,9.21,4.87,2.01,70.5,107.9,1.18,Good,Day,0
580,574.84,11.79,3.43,2.35,86.3,112.9,0.6,Poor,Night,1
581,538.42,8.69,5.2,2.9,55.4,99.1,1.21,Good,Day,1
582,462.13,13.02,4.73,2.5,84.4,105.2,1.14,Good,Night,0
583,474.63,10.23,4.64,3.86,65.7,91.6,1.03,Average,Day,0
584,453.17,9.8,4.08,3.09,66.7,102.3,0.22,Good,Night,0
585,391.96,10.85,5.29,2.31,68.1,108.3,0.39,Good,Night,1
586,477.43,10.2,4.59,2.71,65.8,88.5,1.32,Good,Day,1
587,477.89,11.67,4.61,3.03,83.4,74.5,0.11,Poor,Day,1
588,479.48,10.19,5.93,3.74,69.8,132.6,0.74,Average,Night,0
589,542.52,8.68,4.08,3.01,77.1,89.7,0.47,Average,Night,0
590,486.43,12.45,6.46,3.17,72.8,71.7,1.37,Good,Day,1
591,535.54,7.89,5.32,3.01,73.1,120.7,0.88,Good,Day,0
592,445.77,8.78,5.56,3.03,75.3,95.2,0.16,Good,Night,1
593,540.87,10.07,5.35,3.24,96.6,103.2,1.13,Good,Day,1
594,505.35,6.07,6.84,3.61,60.4,96.6,0.61,Poor,Night,1
595,542.72,12.37,6.89,2.88,74.3,90.9,1.46,Good,Night,1
596,474.85,10.67,4.78,3.81,73.3,99.3,0.63,Good,Day,0
597,494.37,11.25,4.47,3.07,55.1,85.4,0.7,Good,Day,0
598,481.71,10.23,5.07,2.68,85.6,89.9,0.18,Good,Day,0
599,505.2,8.37,4.83,3.35,67.7,108.8,0.33,Average,Day,0
600,473.91,9.81,4.52,2.7,61.0,109.3,1.2,Good,Day,0
601,529.13,10.95,4.77,3.19,81.7,85.2,1.1,Average,Night,0
602,434.05,10.25,4.62,2.15,61.7,97.9,0.8,Good,Day,1
603,612.52,10.28,7.27,3.08,67.0,108.6,0.24,Average,Day,0
604,537.09,9.26,5.06,2.96,66.2,86.8,1.39,Good,Day,1
605,631.44,10.82,2.61,4.02,56.6,92.7,0.16,Good,Day,0
606,538.99,11.56,4.83,3.02,65.6,91.5,0.65,Poor,Night,1
607,487.94,9.72,3.37,3.75,60.7,96.2,0.48,Good,Night,0
608,539.41,7.81,6.35,2.75,89.8,121.7,1.2,Good,Day,0
609,516.81,7.86,5.12,3.54,57.5,99.7,1.13,Average,Night,0
610,480.85,12.05,5.82,2.89,50.0,108.1,1.41,Good,Day,1
611,527.07,12.5,5.43,3.75,77.0,100.4,0.52,Average,Day,0
612,510.35,7.42,3.7,2.44,86.5,111.7,0.53,Average,Day,0
613,526.0,8.34,6.05,3.05,59.3,87.5,0.7,Poor,Day,1
614,432.94,10.95,6.49,2.88,56.6,97.5,0.53,Good,Day,1
615,597.92,12.98,3.99,2.65,71.0,130.4,0.14,Average,Night,0
616,487.91,10.83,3.46,2.97,60.9,98.3,1.21,Poor,Night,1
617,472.98,10.92,5.48,2.66,76.1,100.8,0.85,Good,Day,0
618,449.53,9.66,5.94,3.34,78.0,99.2,0.53,Good,Day,1
619,452.62,7.11,5.94,2.79,62.5,74.8,0.86,Good,Day,0
620,495.14,11.99,5.87,3.32,63.7,83.8,0.7,Good,Night,0
621,529.4,9.88,5.32,3.17,56.3,92.4,0.28,Average,Day,0
622,523.6,9.84,6.65,3.38,77.0,79.4,1.38,Good,Night,1
623,545.34,7.98,5.97,2.61,78.5,94.1,0.93,Average,Night,0
624,504.63,13.9,4.11,1.88,68.5,110.9,0.47,Good,Day,0
625,436.79,9.04,5.61,3.01,75.8,95.8,0.45,Good,Night,1
626,534.17,8.59,4.25,2.87,76.5,78.9,1.15,Good,Night,0
627,414.49,8.92,4.39,3.05,56.9,101.0,0.76,Average,Day,1
628,453.49,8.5,6.05,3.47,52.5,104.6,0.36,Average,Day,0
629,553.51,13.55,5.37,2.73,80.4,101.3,1.42,Good,Night,1
630,464.07,7.25,6.13,3.21,69.0,85.5,0.56,Good,Night,0
631,479.7,10.47,5.45,3.46,70.8,112.0,1.07,Average,Day,0
632,463.54,12.62,5.41,2.74,51.4,109.8,1.42,Good,Day,1
633,493.72,8.71,4.1,2.2,73.8,86.7,0.93,Good,Night,0
634,503.45,7.53,4.78,2.66,66.3,107.7,0.14,Good,Day,0
635,485.37,12.92,5.54,3.07,67.6,112.7,0.56,Good,Night,0
636,561.46,14.25,5.16,1.92,81.1,87.8,0.9,Good,Day,0
637,479.26,11.77,5.13,2.91,62.5,138.3,0.13,Good,Night,0
638,501.59,7.01,6.41,3.57,73.0,97.7,0.88,Average,Day,0
639,447.81,7.17,5.48,3.09,76.1,92.9,0.6,Average,Day,1
640,524.33,10.92,5.36,2.3,73.8,112.9,1.29,Good,Night,1
641,421.56,9.41,4.0,3.2,70.7,92.7,1.29,Good,Night,1
642,528.78,11.74,4.37,2.33,69.7,126.1,0.14,Good,Night,0
643,547.65,12.36,4.81,3.51,64.3,109.6,0.59,Good,Day,0
644,465.63,13.32,6.86,3.45,67.6,107.1,1.04,Good,Day,0
645,532.05,11.58,3.81,2.76,75.5,94.2,0.34,Average,Night,0
646,460.91,9.13,3.8,3.21,60.1,111.4,1.41,Average,Day,1
647,471.6,6.29,6.0,2.17,73.5,80.6,0.62,Average,Day,0
648,514.04,11.93,6.19,3.13,61.0,87.5,1.1,Good,Day,0
649,519.09,13.06,4.0,2.79,58.9,78.1,1.37,Good,Day,1
650,466.11,9.05,4.21,2.6,71.3,111.5,0.3,Average,Day,0
651,597.31,13.61,3.14,3.89,78.8,95.7,1.17,Poor,Night,1
652,489.63,7.88,7.28,3.39,67.1,103.5,1.03,Poor,Day,1
653,455.13,9.2,5.85,2.86,62.9,92.6,0.54,Good,Day,0
654,434.29,10.06,4.09,2.85,64.9,121.9,1.15,Average,Day,1
655,417.46,8.68,4.47,2.83,70.0,97.1,1.08,Poor,Day,1
656,496.11,11.04,6.8,2.51,75.7,76.4,0.87,Good,Day,0
657,539.45,8.94,4.06,2.96,70.6,105.7,0.63,Good,Day,0
658,537.57,11.14,4.36,2.23,53.7,122.1,0.13,Good,Day,0
659,544.38,9.95,6.07,2.97,65.0,66.2,0.71,Poor,Day,1
660,420.83,8.18,3.49,2.32,62.4,90.8,0.65,Good,Day,1
661,468.41,10.19,5.85,3.83,60.0,135.9,1.5,Average,Night,1
662,529.71,8.17,7.22,2.81,87.2,105.9,1.06,Good,Day,0
663,493.9,8.67,6.33,2.78,64.5,90.9,0.6,Good,Night,0
664,401.1,6.81,5.59,2.4,74.6,72.6,0.87,Good,Day,1
665,502.35,8.84,5.64,2.64,65.4,104.8,1.01,Average,Night,0
666,482.5,13.17,4.91,3.24,65.4,79.4,1.14,Poor,Night,1
667,510.85,10.28,5.43,3.89,67.8,80.0,0.49,Good,Night,0
668,513.62,7.24,6.16,3.29,72.9,78.2,0.47,Good,Night,0
669,467.99,10.48,6.93,2.21,74.2,112.9,0.49,Good,Day,0
670,574.22,12.83,4.13,3.58,68.9,102.6,0.37,Average,Day,0
671,508.02,8.25,4.41,3.36,76.8,115.2,1.49,Average,Night,1
672,555.33,13.35,4.1,3.18,66.9,79.7,0.42,Good,Day,0
673,484.5,10.18,6.4,3.36,66.8,111.4,1.01,Poor,Day,1
674,467.99,9.08,4.28,4.02,57.3,105.6,1.23,Good,Night,1
675,556.98,9.48,3.62,2.72,65.3,102.3,0.58,Average,Night,0
676,586.09,8.94,4.96,3.12,64.6,77.3,0.96,Good,Day,0
677,578.25,7.38,3.66,3.11,79.3,63.3,0.34,Good,Day,0
678,466.57,10.65,4.17,1.99,65.6,101.1,0.44,Average,Day,0
679,572.75,11.33,3.66,2.73,79.7,92.9,0.9,Average,Night,0
680,453.62,7.25,4.27,2.99,56.3,101.2,0.84,Average,Day,0
681,464.88,10.53,4.8,2.35,53.2,93.0,1.01,Poor,Night,1
682,489.36,10.38,4.45,2.61,50.7,82.4,1.29,Good,Day,1
683,500.37,9.35,5.09,2.78,70.6,90.5,0.44,Good,Night,0
684,520.06,11.83,3.7,3.39,76.1,84.0,0.36,Good,Night,0
685,522.42,14.88,5.1,3.18,73.8,97.7,0.55,Good,Day,0
686,535.05,10.42,4.22,3.32,60.1,117.9,1.4,Average,Night,1
687,517.26,12.49,7.55,3.12,68.8,77.7,0.54,Good,Night,0
688,471.03,9.7,6.2,2.78,79.7,110.3,0.9,Good,Day,0
689,436.58,11.56,6.72,3.52,70.2,106.9,0.36,Good,Day,1
690,495.78,7.17,5.76,3.83,68.2,128.3,1.46,Good,Night,1
691,428.93,7.94,4.01,3.27,87.4,59.8,1.01,Good,Night,1
692,521.88,9.86,4.98,3.41,74.9,107.5,1.02,Poor,Night,1
693,525.65,11.55,5.29,3.14,63.8,100.7,0.16,Poor,Night,1
694,477.23,13.63,4.82,3.87,75.4,121.4,1.19,Good,Night,0
695,520.12,6.79,4.39,3.85,62.1,101.2,1.3,Good,Night,1
696,476.88,7.13,3.86,4.12,68.2,101.7,0.84,Good,Night,0
697,531.38,8.89,5.91,3.92,68.3,101.5,1.36,Good,Night,1
698,497.34,12.27,5.43,3.89,74.3,111.9,0.43,Good,Day,0
699,461.32,12.52,5.5,3.4,63.6,125.4,0.74,Good,Night,0
700,480.25,9.0,5.94,2.74,64.8,105.8,1.02,Good,Day,0
701,522.92,11.22,4.5,2.68,71.1,85.8,1.41,Good,Night,1
702,500.93,10.94,4.88,3.03,75.4,73.8,0.18,Good,Day,0
703,491.86,8.06,4.24,3.59,72.3,129.6,0.43,Good,Day,0
704,496.1,14.89,5.32,3.07,63.9,81.7,0.71,Good,Night,0
705,474.53,10.32,3.43,2.81,61.4,107.9,0.75,Good,Night,0
706,554.21,8.69,3.62,2.78,55.9,107.9,0.58,Average,Night,0
707,570.74,11.02,4.55,3.07,59.5,81.6,0.77,Average,Night,0
708,478.9,10.02,5.39,3.6,77.5,118.8,0.3,Good,Day,0
709,478.45,7.79,4.55,2.36,72.5,101.2,0.27,Good,Night,0
710,462.36,11.71,5.47,3.07,66.7,70.4,0.24,Good,Night,0
711,459.77,9.03,7.05,2.54,63.6,96.2,0.83,Good,Night,0
712,507.44,10.1,4.8,3.4,53.6,83.4,1.44,Good,Day,1
713,463.59,10.81,4.23,3.03,71.7,105.5,0.94,Good,Day,0
714,595.25,8.65,6.61,3.09,77.1,87.7,0.95,Poor,Night,1
715,423.42,10.32,3.98,2.29,60.5,99.1,0.61,Good,Night,1
716,537.46,9.39,4.86,2.78,67.0,91.3,0.47,Good,Night,0
717,553.7,7.89,3.92,2.92,63.1,94.2,1.11,Good,Night,0
718,566.66,11.73,6.78,2.46,67.3,128.1,0.73,Good,Night,0
719,579.39,11.89,3.7,2.1,61.3,117.2,0.62,Good,Night,0
720,474.68,9.84,5.93,2.29,74.1,117.9,0.26,Good,Night,0
721,451.93,10.44,3.42,2.73,75.7,90.5,1.27,Good,Day,1
722,429.17,9.42,5.7,2.89,71.7,103.2,1.16,Poor,Day,1
723,415.6,9.29,4.43,2.73,73.6,98.5,0.12,Good,Day,1
724,470.5,12.58,5.62,3.22,57.1,82.5,0.85,Good,Night,0
725,546.01,4.55,5.74,2.64,73.6,109.4,1.23,Good,Day,1
726,459.28,11.4,3.47,3.86,89.1,103.2,1.33,Good,Night,1
727,497.66,10.0,6.27,3.7,56.7,89.7,0.13,Good,Night,0
728,561.42,12.24,5.32,2.95,59.7,117.0,0.27,Average,Day,0
729,488.7,8.45,5.56,2.48,83.5,102.6,0.37,Good,Day,0
730,441.46,9.82,6.37,2.8,55.1,122.3,0.23,Good,Day,1
731,486.0,9.92,4.2,3.05,68.1,101.3,0.43,Good,Day,0
732,539.52,11.2,5.6,2.98,75.8,67.0,1.4,Good,Night,1
733,610.82,9.35,5.51,3.42,68.7,114.3,0.17,Good,Day,0
734,498.35,8.75,5.18,2.87,63.8,85.2,0.22,Good,Night,0
735,466.73,11.23,3.99,3.2,57.3,100.8,1.19,Good,Day,0
736,447.2,9.98,4.64,2.44,74.8,80.2,0.51,Good,Day,1
737,526.41,9.01,4.57,3.0,73.4,110.1,1.45,Good,Day,1
738,501.79,10.79,2.52,3.65,74.0,99.0,0.45,Good,Night,0
739,552.83,10.49,4.61,2.46,64.0,71.3,0.41,Average,Night,0
740,593.1,7.17,4.37,2.37,66.4,92.9,1.18,Good,Day,0
741,541.11,12.46,5.44,2.64,54.1,88.1,0.23,Average,Night,0
742,433.04,9.18,5.79,3.42,72.7,100.6,1.06,Poor,Night,1
743,427.14,7.83,4.89,3.73,78.0,101.7,1.3,Average,Day,1
744,497.53,10.14,5.51,3.11,66.6,101.2,1.23,Good,Night,1
745,441.38,11.04,6.94,2.7,55.0,87.0,0.62,Average,Night,1
746,501.89,8.61,5.58,3.23,104.3,102.2,0.22,Good,Night,1
747,478.7,6.13,4.65,2.59,62.1,90.2,0.69,Average,Day,0
748,472.36,7.89,5.09,2.44,79.3,94.6,0.42,Good,Day,0
749,463.41,9.96,2.51,2.88,79.8,94.2,1.43,Average,Day,1
750,509.22,7.26,4.91,2.62,64.8,103.6,0.9,Good,Night,0
751,482.48,10.42,6.49,2.7,48.4,114.3,0.82,Average,Day,0
752,579.39,10.47,4.38,2.84,72.1,88.8,0.11,Good,Day,0
753,471.06,10.32,3.48,4.06,60.2,87.3,0.63,Poor,Night,1
754,436.55,8.5,4.37,3.03,60.1,97.5,0.37,Good,Night,1
755,535.51,6.15,4.8,3.24,87.4,108.0,1.45,Good,Day,1
756,571.9,8.85,5.74,2.69,74.6,83.2,0.48,Average,Night,0
757,631.49,9.36,4.69,2.94,57.2,101.2,0.53,Good,Day,0
758,492.89,12.14,5.95,3.47,68.8,101.5,1.17,Good,Day,0
759,563.34,9.23,4.52,2.54,58.4,117.8,0.24,Good,Day,0
760,453.54,14.43,5.26,2.58,77.6,77.9,0.94,Poor,Night,1
761,555.37,11.88,4.99,3.45,70.2,121.9,0.58,Good,Night,0
762,505.8,5.04,5.62,2.97,69.7,92.3,0.63,Good,Night,0
763,419.69,7.59,4.88,3.39,83.3,70.1,0.16,Good,Day,1
764,506.02,9.42,5.17,2.98,71.8,95.4,1.15,Good,Day,0
765,525.26,11.13,5.31,3.04,70.2,87.2,0.78,Good,Day,0
766,464.09,12.75,6.89,3.46,67.9,90.7,1.3,Good,Day,1
767,462.18,9.99,4.68,3.71,55.6,114.8,0.83,Average,Night,0
768,403.84,9.16,5.36,2.95,74.8,101.5,1.37,Good,Night,1
769,441.91,12.25,6.6,2.56,60.2,82.9,1.01,Good,Day,1
770,475.18,8.98,4.44,2.64,76.6,118.9,0.72,Good,Day,0
771,503.92,10.02,3.99,3.26,78.7,78.0,1.13,Good,Night,0
772,531.08,9.27,3.86,3.03,75.1,102.9,0.47,Average,Night,0
773,440.1,6.49,4.95,2.33,53.5,102.5,0.54,Good,Night,1
774,512.86,11.23,5.63,3.62,79.8,100.0,1.18,Good,Day,0
775,466.22,12.23,4.97,3.74,68.3,123.7,0.73,Good,Night,0
776,498.46,6.85,4.29,2.61,86.3,128.3,1.09,Good,Night,0
777,418.08,8.35,5.23,3.13,79.5,100.1,0.8,Good,Night,1
778,444.45,8.06,5.8,3.13,68.9,116.3,0.93,Good,Night,1
779,592.1,10.67,3.65,3.18,70.0,86.7,0.29,Good,Day,0
780,423.24,10.19,4.73,3.82,68.4,112.6,0.93,Good,Day,1
781,581.24,9.62,5.41,3.56,65.2,110.8,0.49,Average,Night,0
782,572.61,11.16,5.12,2.42,85.8,88.9,0.24,Average,Night,0
783,576.07,11.14,5.35,2.41,72.2,110.8,0.47,Poor,Night,1
784,413.75,9.44,5.03,3.98,68.3,105.7,1.17,Good,Night,1
785,440.31,9.37,3.61,2.31,61.6,108.6,1.17,Poor,Day,1
786,529.26,11.52,5.3,3.31,90.2,87.0,0.77,Average,Day,1
787,536.13,10.88,3.31,2.87,75.5,77.5,0.15,Average,Night,0
788,493.34,8.62,5.12,2.9,64.9,91.4,0.16,Good,Night,0
789,563.05,12.85,4.88,2.6,61.9,104.0,1.46,Good,Day,1
790,482.74,8.99,5.59,1.69,68.0,96.6,0.88,Good,Day,0
791,514.4,10.43,6.65,2.48,76.0,107.4,0.58,Good,Day,0
792,476.37,6.05,5.8,3.0,72.1,93.5,0.62,Good,Night,0
793,547.09,10.79,5.57,3.37,79.5,92.8,1.07,Good,Day,0
794,439.55,14.43,6.7,2.74,73.3,110.7,0.17,Poor,Night,1
795,551.57,8.51,4.89,2.97,60.6,106.1,0.77,Average,Night,0
796,518.76,9.06,2.86,3.17,56.1,85.8,0.97,Poor,Night,1
797,426.58,11.93,4.59,4.31,76.0,110.1,0.24,Good,Day,1
798,424.01,12.55,4.32,2.37,76.1,115.8,0.34,Good,Night,1
799,515.01,11.69,4.92,2.88,64.1,107.3,0.69,Good,Day,0
800,507.79,7.32,4.4,3.36,76.1,114.8,0.9,Good,Night,0
801,530.5,12.74,5.04,3.3,81.2,90.9,1.16,Good,Night,0
802,461.55,9.46,5.45,2.98,79.2,97.3,0.62,Good,Day,0
803,453.41,9.21,4.59,3.24,76.3,109.3,0.14,Average,Night,0
804,511.98,9.62,3.14,2.8,81.2,99.8,1.15,Good,Day,0
805,535.23,10.66,4.24,2.42,77.8,109.4,0.7,Good,Night,0
806,490.04,10.41,6.15,2.75,72.9,101.2,1.41,Good,Day,1
807,493.26,10.11,4.42,3.37,66.1,96.9,1.01,Poor,Day,1
808,471.26,6.26,6.22,3.11,66.7,92.2,1.17,Good,Day,0
809,454.11,7.0,4.43,3.76,68.9,109.4,0.25,Good,Night,0
810,593.64,12.06,6.84,3.11,70.2,116.1,0.65,Average,Night,0
811,508.08,9.55,5.83,3.08,85.2,130.3,0.51,Good,Day,0
812,414.95,9.6,6.81,3.1,75.4,133.1,1.28,Good,Day,1
813,469.17,10.67,6.6,3.1,51.0,102.7,1.18,Average,Day,0
814,458.67,11.31,4.75,3.25,71.8,93.7,0.61,Poor,Night,1
815,459.23,10.97,5.4,3.73,67.5,88.4,1.15,Good,Day,0
816,565.41,8.01,6.47,2.76,65.8,74.4,0.67,Good,Night,0
817,530.09,12.54,5.11,2.62,79.8,117.6,0.55,Good,Day,0
818,463.73,9.37,4.41,2.71,65.3,97.2,0.56,Good,Day,0
819,574.25,7.38,4.69,3.32,55.8,115.8,0.18,Good,Night,0
820,516.64,8.61,5.72,3.45,66.3,90.9,0.11,Good,Night,0
821,520.67,8.87,4.83,3.84,81.9,103.2,0.12,Good,Day,0
822,580.01,10.58,6.09,2.37,66.8,105.5,0.52,Good,Night,0
823,400.47,10.43,4.72,3.46,86.7,99.4,0.83,Poor,Day,1
824,423.17,11.75,4.32,4.11,75.5,98.1,0.44,Good,Night,1
825,495.27,13.03,6.24,2.59,59.6,107.4,0.37,Good,Day,0
826,485.41,9.86,4.32,2.84,70.9,107.9,0.47,Good,Day,0
827,466.41,11.37,5.75,2.8,86.1,95.4,0.54,Good,Day,0
828,512.54,8.85,4.7,3.1,74.0,102.9,0.84,Good,Night,0
829,537.77,8.52,3.47,3.98,92.3,111.8,0.15,Good,Night,1
830,449.84,9.19,6.83,2.84,65.4,76.6,1.0,Good,Night,1
831,503.63,11.03,6.03,3.3,77.9,103.2,0.36,Good,Night,0
832,476.43,11.59,4.48,2.43,76.7,100.4,0.88,Poor,Day,1
833,470.65,9.97,5.48,3.27,67.2,108.5,0.8,Average,Night,0
834,604.06,10.3,6.91,2.54,67.1,109.7,0.79,Good,Day,0
835,476.32,9.83,4.08,2.42,87.2,98.8,1.38,Good,Night,1
836,480.96,7.89,5.97,3.01,47.3,121.2,0.74,Good,Day,0
837,436.31,5.48,6.13,3.19,54.5,91.9,0.3,Good,Night,1
838,558.02,10.38,4.92,2.62,89.9,103.6,0.44,Good,Night,0
839,470.07,8.5,4.55,3.21,69.6,69.6,0.29,Good,Night,0
840,520.4,11.21,6.39,4.0,69.5,104.8,0.28,Good,Night,0
841,464.8,9.83,5.52,3.38,80.3,76.3,0.45,Average,Day,0
842,529.55,11.55,5.79,3.5,77.1,92.5,1.47,Good,Day,1
843,517.11,13.01,5.48,3.34,76.8,82.3,0.59,Good,Night,0
844,498.76,7.35,2.62,3.03,93.3,104.5,0.6,Good,Night,1
845,517.49,10.95,3.96,2.06,63.3,92.2,0.9,Good,Day,0
846,555.51,12.02,5.47,3.18,66.2,113.1,1.48,Good,Night,1
847,510.52,9.84,4.49,2.14,68.5,121.0,1.23,Good,Night,1
848,450.5,11.78,3.88,2.76,66.3,142.6,0.63,Average,Night,0
849,555.47,7.91,5.85,3.43,82.5,94.0,0.92,Good,Day,0
850,544.11,9.64,5.79,2.26,70.9,97.6,1.27,Good,Night,1
851,490.19,12.87,6.09,3.26,76.7,74.1,0.97,Good,Day,0
852,452.25,13.44,4.87,3.23,73.8,99.5,1.49,Good,Day,1
853,493.28,10.38,4.86,3.64,78.3,86.4,0.67,Average,Night,0
854,555.81,9.96,4.86,3.23,74.2,110.3,1.15,Good,Night,0
855,545.26,10.52,5.62,3.68,61.1,101.3,1.29,Good,Night,1
856,450.7,11.5,6.84,3.56,78.2,89.6,0.11,Poor,Night,1
857,512.83,11.88,2.97,3.02,76.0,94.1,1.46,Good,Night,1
858,549.53,13.06,7.01,3.1,72.6,83.2,0.28,Good,Day,0
859,542.75,10.12,3.69,2.01,70.6,94.1,0.59,Good,Night,0
860,554.15,9.81,4.03,3.03,72.2,116.5,0.29,Good,Day,0
861,511.37,12.88,5.55,2.99,76.8,86.3,1.34,Good,Day,1
862,497.5,10.44,5.86,2.87,77.8,109.5,1.39,Average,Day,1
863,456.66,12.92,3.52,2.92,56.7,107.0,1.45,Poor,Day,1
864,455.91,7.29,4.8,2.6,73.3,74.9,0.1,Average,Night,0
865,596.48,10.49,5.43,3.64,60.4,81.5,0.47,Good,Night,0
866,576.5,9.68,4.69,3.49,65.3,117.8,1.11,Good,Day,0
867,502.94,8.29,5.84,3.32,82.2,99.1,1.26,Good,Night,1
868,486.1,11.24,2.41,2.73,71.3,97.8,1.49,Good,Night,1
869,491.08,8.57,3.79,3.09,61.4,75.5,1.35,Average,Night,1
870,486.66,10.48,5.49,2.97,76.4,94.0,0.14,Good,Night,0
871,554.55,9.92,5.04,2.89,62.9,97.6,0.67,Poor,Day,1
872,418.34,11.45,5.76,2.17,62.6,82.5,0.15,Average,Day,1
873,392.22,12.07,3.39,3.25,69.5,84.8,0.53,Good,Night,1
874,427.52,12.01,5.9,2.79,52.7,87.5,0.96,Average,Day,1
875,522.61,10.1,4.45,3.67,57.8,94.3,1.25,Good,Night,1
876,557.5,8.59,4.58,3.44,75.1,103.3,0.84,Good,Day,0
877,499.94,7.43,6.29,3.56,71.4,104.8,1.21,Average,Day,1
878,478.0,7.5,5.84,3.2,68.7,100.2,1.48,Good,Day,1
879,468.63,9.76,3.4,2.96,60.3,110.3,1.04,Good,Day,0
880,502.71,7.18,4.75,3.16,72.5,74.9,0.66,Average,Night,0
881,644.71,9.37,2.99,2.73,71.6,105.0,1.07,Good,Day,0
882,463.21,13.0,5.28,2.1,66.9,79.6,0.11,Good,Day,0
883,504.98,10.2,5.8,3.19,75.6,102.9,0.15,Poor,Night,1
884,411.24,10.05,4.45,3.16,74.5,110.1,1.29,Good,Day,1
885,533.05,9.69,5.42,3.15,71.2,76.9,1.08,Poor,Day,1
886,394.2,11.08,6.56,3.79,51.4,90.8,0.65,Poor,Night,1
887,497.86,10.62,4.74,2.75,55.7,96.3,1.33,Good,Day,1
888,534.0,9.15,3.68,3.16,88.2,86.5,0.97,Good,Day,0
889,484.15,8.26,4.78,3.4,73.9,113.1,0.82,Good,Day,0
890,498.18,9.37,6.05,3.29,79.1,117.3,1.33,Average,Night,1
891,496.02,8.08,4.24,3.18,70.5,97.4,1.14,Average,Night,0
892,516.42,12.69,5.84,2.2,73.1,102.7,0.2,Good,Day,0
893,478.56,12.31,2.87,2.86,68.5,92.9,1.04,Good,Night,0
894,420.72,12.08,6.33,3.3,82.8,107.2,0.67,Good,Day,1
895,439.03,11.2,4.55,3.41,57.1,107.9,1.03,Good,Night,1
896,443.24,9.61,3.4,3.28,59.2,88.7,1.18,Good,Night,1
897,427.65,9.79,6.0,3.47,65.3,118.5,0.27,Average,Night,1
898,468.22,9.56,4.26,4.02,68.1,125.8,1.37,Good,Day,1
899,501.59,11.05,5.54,3.12,61.6,99.1,0.21,Good,Night,0
900,501.46,9.92,3.03,2.99,56.9,91.2,1.05,Average,Day,0
901,471.65,9.95,5.64,2.3,60.2,103.1,0.76,Good,Day,0
902,496.62,9.14,4.48,3.17,67.8,80.4,0.31,Good,Day,0
903,493.84,9.2,4.37,4.0,64.5,104.5,0.65,Good,Night,0
904,479.53,9.12,5.26,2.77,85.3,94.6,0.79,Good,Night,0
905,420.17,8.29,6.88,2.3,64.2,126.2,1.26,Good,Night,1
906,515.45,10.12,3.83,4.02,81.3,79.3,0.55,Good,Night,0
907,480.9,8.07,5.26,3.27,71.1,95.2,1.1,Good,Night,0
908,497.55,10.05,4.21,2.62,65.1,114.4,0.13,Average,Night,0
909,561.32,6.88,5.63,2.29,69.0,110.5,1.49,Good,Day,1
910,544.68,9.73,4.68,3.2,66.9,72.8,1.25,Average,Day,1
911,533.29,14.08,5.92,3.77,72.3,101.3,1.04,Good,Day,0
912,455.6,10.86,6.65,2.97,66.4,124.8,0.6,Good,Day,0
913,562.51,14.25,5.57,2.95,76.3,112.3,0.74,Good,Night,0
914,497.76,7.61,5.17,3.79,74.2,83.6,0.48,Average,Night,0
915,459.83,8.53,5.3,3.78,78.7,127.3,1.45,Good,Day,1
916,461.77,11.17,5.66,3.71,57.8,101.6,0.13,Good,Night,0
917,500.28,15.81,4.07,3.34,75.7,88.3,0.17,Good,Night,0
918,569.53,6.81,5.72,3.03,68.6,101.4,1.43,Good,Day,1
919,448.75,8.71,6.41,2.09,98.2,93.8,0.78,Poor,Day,1
920,536.41,11.39,2.76,2.81,67.7,119.4,0.91,Good,Night,0
921,391.78,10.32,4.88,2.25,66.2,100.0,0.7,Average,Day,1
922,532.77,10.18,5.74,3.52,64.0,108.8,1.29,Good,Day,1
923,515.51,9.98,4.74,3.1,53.1,79.7,0.57,Good,Night,0
924,435.98,10.39,5.95,4.04,64.3,81.9,0.15,Good,Night,1
925,518.01,7.98,5.07,2.83,60.1,98.2,1.41,Good,Night,1
926,520.55,10.13,5.13,2.65,80.7,99.0,1.08,Good,Day,0
927,491.65,9.67,4.15,3.17,67.1,91.7,0.16,Good,Night,0
928,503.07,11.99,6.15,3.84,78.9,104.0,1.19,Good,Night,0
929,440.94,9.36,2.79,3.49,74.5,87.1,0.44,Good,Night,1
930,574.78,10.05,3.21,2.98,43.7,94.4,0.1,Good,Day,0
931,544.93,11.08,3.48,3.03,55.0,114.5,0.56,Good,Night,0
932,551.75,10.89,4.93,2.84,51.3,79.7,0.23,Average,Day,0
933,486.74,11.13,6.01,3.1,80.4,103.9,1.05,Good,Night,0
934,419.99,11.5,3.21,2.81,75.4,99.3,1.46,Good,Night,1
935,611.73,12.29,5.79,3.3,90.6,97.8,0.19,Good,Day,1
936,525.65,14.37,4.74,2.97,76.6,108.4,0.68,Good,Night,0
937,498.85,8.26,5.6,3.03,74.0,111.1,0.98,Average,Night,0
938,458.32,7.91,6.37,2.13,75.3,99.4,0.69,Good,Day,0
939,435.16,11.93,4.96,1.97,53.6,107.9,0.1,Average,Night,1
940,521.55,11.85,5.13,3.95,70.4,103.7,1.02,Good,Day,0
941,507.89,7.68,5.71,3.03,68.1,127.5,1.23,Good,Day,1
942,396.87,13.63,4.59,3.62,64.0,61.1,1.27,Good,Night,1
943,414.21,9.1,5.9,3.67,65.3,114.3,1.48,Good,Day,1
944,527.23,11.17,6.59,2.86,59.5,90.0,1.14,Average,Night,0
945,497.38,8.47,4.32,3.18,77.5,114.7,1.06,Good,Night,0
946,496.04,9.93,5.04,2.76,70.6,133.4,0.8,Good,Night,0
947,556.71,10.51,5.13,2.44,73.0,103.7,0.82,Poor,Night,1
948,500.26,15.2,3.54,2.64,79.6,98.4,1.23,Good,Night,1
949,514.98,9.72,4.96,2.49,79.0,116.6,0.15,Good,Night,0
950,500.27,8.41,6.01,3.37,89.7,97.0,0.28,Good,Day,0
951,517.33,7.94,4.75,3.09,77.5,90.1,1.13,Average,Day,0
952,486.29,9.81,6.08,2.42,73.6,104.9,0.26,Poor,Day,1
953,519.07,12.79,5.19,3.13,72.7,97.5,0.63,Good,Night,0
954,592.74,8.18,5.61,3.16,60.9,58.7,0.78,Good,Day,0
955,610.18,13.57,5.71,1.64,70.4,91.9,0.38,Good,Night,0
956,463.75,11.02,3.27,3.33,77.4,122.6,0.48,Good,Night,0
957,521.23,8.76,6.08,3.82,62.3,90.2,1.27,Average,Day,1
958,469.88,8.31,4.91,3.73,73.5,100.7,0.33,Good,Night,0
959,409.53,12.63,4.02,3.71,71.0,108.4,0.36,Good,Night,1
960,468.44,9.39,5.58,3.2,72.5,115.8,0.73,Good,Day,0
961,524.31,11.98,2.53,2.44,75.3,110.9,1.05,Good,Night,0
962,497.47,7.53,3.46,2.62,72.3,87.6,0.45,Good,Night,0
963,490.48,12.36,5.65,3.0,79.1,84.4,0.5,Good,Night,0
964,499.63,10.38,4.04,2.83,74.2,102.2,1.19,Good,Night,0
965,553.29,11.67,4.89,3.39,64.0,101.0,0.19,Good,Day,0
966,407.68,9.4,3.82,2.74,57.2,95.2,0.73,Good,Day,1
967,565.06,12.89,3.77,2.19,79.2,97.3,1.49,Average,Night,1
968,420.82,10.01,3.35,3.65,76.8,115.5,0.73,Good,Night,1
969,542.91,11.07,5.32,3.65,70.7,100.9,0.78,Good,Night,0
970,490.94,8.44,6.05,3.11,80.7,120.2,1.23,Good,Night,1
971,517.52,9.73,4.31,2.52,73.7,122.5,0.66,Poor,Day,1
972,509.98,10.33,5.07,3.19,71.0,100.4,1.06,Good,Day,0
973,439.57,12.39,5.71,2.85,77.4,130.8,0.7,Good,Night,1
974,446.04,11.28,6.48,2.77,51.1,105.9,1.12,Average,Night,1
975,369.9,13.13,3.87,2.8,85.8,112.5,1.29,Good,Day,1
976,499.78,11.01,5.53,3.05,91.6,92.8,0.95,Good,Night,1
977,512.82,11.63,3.52,2.16,56.8,75.9,0.93,Poor,Night,1
978,498.04,7.6,5.29,3.09,70.7,100.3,1.26,Good,Night,1
979,485.81,10.14,4.11,3.23,78.4,95.2,0.75,Good,Day,0
980,481.31,11.98,4.28,3.56,61.7,102.8,1.22,Good,Day,1
981,507.57,11.6,5.38,3.89,60.9,113.3,1.21,Poor,Day,1
982,484.12,12.47,5.68,2.86,72.4,117.5,0.3,Average,Night,0
983,448.4,7.8,4.65,4.47,67.4,66.4,1.1,Poor,Day,1
984,537.59,8.31,5.68,3.98,86.9,89.0,0.12,Average,Night,0
985,536.99,10.38,4.23,1.91,70.0,92.0,1.09,Average,Night,0
986,494.87,9.26,2.94,2.75,67.2,97.3,0.35,Poor,Night,1
987,494.84,8.78,5.26,3.99,76.0,100.2,0.99,Good,Night,0
988,444.24,8.17,4.42,2.99,84.8,106.3,1.24,Average,Day,1
989,499.68,12.57,5.65,3.44,69.4,94.6,1.05,Good,Day,0
990,500.27,9.25,5.79,2.82,78.9,77.6,0.46,Poor,Night,1
991,535.77,10.21,6.33,2.38,60.7,82.8,0.18,Average,Night,0
992,494.27,7.56,4.37,3.63,74.8,99.2,0.74,Good,Night,0
993,556.87,12.23,3.65,2.49,87.1,99.5,0.5,Good,Night,0
994,435.3,10.5,5.98,2.27,75.6,98.3,1.09,Good,Night,1
995,434.43,9.8,6.59,3.03,56.3,110.1,1.17,Good,Night,1
996,515.33,12.24,6.34,3.83,72.3,112.6,0.47,Good,Night,0
997,403.35,8.81,6.96,4.1,62.1,130.6,1.39,Good,Day,1
998,503.71,13.98,4.09,3.19,63.4,102.9,0.83,Average,Day,0
999,399.99,11.69,5.5,3.56,74.4,79.8,0.4,Good,Day,1
1000,562.6,10.44,5.11,2.53,63.3,87.7,0.87,Poor,Day,1
