,Age,CGPA,Aptitude_Score,Programming_Score,SQL_Score,Communication_Score,Projects,Certifications,Internship_Months,Hackathon_Participation,Attendance,Selected
0,24,65,88,34,92,34,0,8,5,0,88,1
1,21,75,86,26,47,30,1,1,2,5,96,0
2,25,80,69,59,54,73,5,3,10,0,91,1
3,22,58,88,47,29,51,10,5,8,5,84,1
4,24,88,31,51,84,67,4,2,2,3,69,1
5,20,72,39,34,61,48,7,6,1,3,94,1
6,24,94,73,89,28,60,10,6,7,4,84,1
7,25,89,40,84,79,96,1,4,5,5,86,1
8,22,95,31,23,34,71,0,2,7,3,91,0
9,21,83,79,30,76,55,6,1,12,5,71,1
10,25,83,41,45,88,42,5,3,6,0,63,1
11,25,92,52,80,41,87,7,3,2,4,85,1
12,20,75,47,56,83,47,10,7,7,2,62,1
13,23,67,91,42,60,96,7,7,9,1,76,1
14,22,95,91,59,90,32,1,4,0,1,68,0
15,19,71,67,96,75,84,7,5,0,4,88,1
16,25,63,96,42,42,87,5,7,12,5,60,1
17,23,95,67,35,44,92,8,0,12,5,77,1
18,19,55,96,80,25,81,6,4,9,5,100,1
19,22,56,90,87,53,53,1,3,12,2,79,1
20,18,83,30,99,82,38,7,3,7,1,100,1
21,23,87,74,50,28,66,8,1,12,4,93,1
22,26,64,57,72,79,82,6,0,8,5,87,1
23,18,94,50,44,68,53,3,5,9,3,94,1
24,20,75,42,63,70,50,8,6,5,0,75,1
25,24,82,56,31,79,69,3,4,4,2,80,1
26,21,65,36,28,89,91,3,7,1,5,72,1
27,26,88,51,31,56,99,8,8,10,1,94,1
28,20,62,82,88,50,98,7,1,8,0,91,1
29,22,76,33,73,60,43,3,3,5,4,97,1
30,20,62,52,73,81,71,7,8,7,5,65,1
31,24,69,99,47,77,79,7,4,8,1,97,1
32,22,71,62,75,33,90,6,2,8,0,97,1
33,26,77,57,88,55,33,9,5,7,3,72,1
34,24,78,37,96,55,46,5,2,11,2,98,1
35,19,73,30,77,98,86,7,4,9,4,72,1
36,21,59,66,97,27,77,6,2,7,1,71,1
37,26,86,92,94,45,73,4,5,2,3,92,1
38,19,55,51,61,55,74,3,4,12,2,87,1
39,26,77,99,57,67,62,1,8,2,2,62,1
40,22,91,50,87,47,60,10,2,1,3,77,1
41,19,62,64,72,87,76,7,5,0,1,85,1
42,21,67,34,52,81,35,8,7,3,2,99,1
43,24,62,89,90,99,100,3,6,1,4,61,1
44,25,77,75,75,95,63,3,5,1,0,63,1
45,20,55,79,91,99,82,4,1,12,4,87,1
46,18,78,77,70,70,43,1,6,10,5,87,1
47,21,89,35,93,61,45,6,7,10,2,84,1
48,19,78,85,62,48,72,4,0,4,0,85,1
49,25,71,88,34,29,41,5,8,3,3,61,1
50,21,59,58,57,58,99,3,3,0,0,93,0
51,19,74,100,34,20,48,7,7,8,0,89,1
52,23,75,47,24,58,70,7,6,3,0,80,1
53,23,94,31,73,40,82,4,6,4,2,96,1
54,21,85,37,70,84,58,5,1,6,5,82,1
55,23,90,83,29,34,99,2,0,1,5,92,0
56,19,65,67,31,23,88,0,3,7,1,61,0
57,19,69,77,23,79,93,8,1,10,5,86,1
58,21,73,56,37,80,53,8,7,1,2,81,1
59,25,61,49,99,39,45,2,6,10,1,93,1
60,24,82,41,55,29,81,3,7,9,3,75,1
61,26,59,72,44,53,35,6,5,4,3,79,1
62,25,59,90,95,67,66,1,0,12,3,85,1
63,22,84,60,55,52,33,2,8,11,3,75,1
64,19,86,90,86,80,67,5,5,1,3,65,1
65,22,62,96,28,29,70,10,0,1,4,82,1
66,25,64,64,80,73,43,7,0,3,2,96,1
67,26,92,44,72,84,100,0,7,3,1,67,1
68,26,86,45,37,96,80,3,5,12,3,65,1
69,18,82,42,62,20,94,0,7,7,4,96,1
70,26,71,64,54,24,81,1,7,12,5,81,1
71,24,85,88,82,99,59,7,7,5,4,65,1
72,26,62,50,97,34,86,5,6,9,4,91,1
73,25,94,83,23,47,59,8,6,7,2,76,1
74,18,79,59,60,42,71,1,3,12,3,97,1
75,25,63,77,64,36,40,2,8,6,4,76,1
76,25,56,64,69,32,56,8,1,12,4,96,1
77,20,69,67,98,33,53,8,8,9,3,82,1
78,18,57,60,47,30,68,5,2,3,2,72,0
79,25,90,53,61,47,47,2,1,1,4,91,0
80,20,58,78,99,61,74,4,3,8,1,81,1
81,20,68,61,95,80,41,1,4,1,0,66,0
82,18,95,84,88,83,78,6,1,0,5,81,1
83,22,95,87,20,50,60,9,0,7,0,80,1
84,24,79,32,58,100,51,10,4,9,0,65,1
85,26,64,98,36,92,73,7,8,8,2,73,1
86,24,75,39,54,29,93,5,4,0,4,75,1
87,26,90,54,65,27,54,7,8,6,0,62,1
88,25,66,97,61,40,80,1,5,1,0,68,0
89,19,81,90,58,96,36,2,2,5,5,80,1
90,18,94,58,68,78,35,6,3,12,3,89,1
91,24,56,48,81,69,53,9,3,10,4,89,1
92,24,67,72,57,88,48,0,0,4,4,91,0
93,25,86,95,42,89,38,6,2,0,5,82,1
94,22,85,90,41,49,65,5,2,1,3,62,1
95,20,70,72,23,36,69,7,0,1,4,60,0
96,25,86,54,68,94,53,6,8,9,1,62,1
97,23,86,49,78,39,77,3,0,9,5,96,1
98,20,88,77,92,67,92,2,8,5,2,66,1
99,18,65,53,87,92,98,2,0,10,3,62,1
100,20,64,40,90,21,82,3,1,11,5,95,1
101,22,69,84,21,56,83,8,1,0,0,62,0
102,20,71,57,68,20,71,8,5,10,4,63,1
103,18,94,98,50,23,74,1,6,12,1,90,1
104,22,72,92,59,73,43,4,0,3,1,61,1
105,24,63,88,67,44,58,0,2,11,2,73,1
106,24,79,34,70,22,35,3,1,9,5,96,1
107,26,94,80,62,28,36,1,7,10,1,90,1
108,20,68,50,74,95,66,7,8,4,5,61,1
109,24,79,41,68,93,82,3,1,1,4,90,1
110,18,76,79,99,53,47,4,1,1,4,81,1
111,21,84,33,76,62,67,10,8,6,1,69,1
112,21,74,71,96,93,88,3,3,6,4,89,1
113,22,75,67,34,41,30,4,4,5,5,92,1
114,24,86,54,46,89,97,4,8,0,4,78,1
115,24,75,43,87,21,73,4,5,11,0,84,1
116,21,89,61,99,85,76,10,8,12,5,60,1
117,24,86,40,83,51,64,2,8,11,3,91,1
118,20,84,90,49,35,89,6,6,2,4,84,1
119,23,93,47,55,95,81,2,8,8,4,100,1
120,19,66,56,86,20,37,1,4,9,5,76,1
121,26,95,84,68,91,70,2,4,0,2,73,1
122,22,72,83,95,67,32,10,7,1,3,72,1
123,23,75,50,74,69,98,2,3,7,3,97,1
124,21,67,73,75,32,43,7,8,6,3,98,1
125,24,75,34,87,34,55,3,6,8,1,61,1
126,26,62,70,63,72,99,2,6,9,0,91,1
127,24,94,88,50,63,87,9,2,11,0,91,1
128,18,61,83,77,27,69,4,3,11,2,99,1
129,18,77,51,72,93,80,3,6,3,3,65,1
130,26,86,94,98,65,34,8,4,3,3,84,1
131,26,65,93,42,88,61,7,2,6,4,62,1
132,21,76,100,47,38,30,10,0,0,5,77,1
133,26,76,33,35,57,83,6,6,9,1,97,1
134,20,79,94,56,30,40,7,5,11,1,62,1
135,24,76,44,40,62,82,4,6,8,2,64,1
136,23,82,51,98,39,37,3,1,1,0,83,0
137,25,83,76,36,39,54,6,3,0,3,93,1
138,26,67,75,56,40,69,0,1,6,5,98,1
139,22,72,43,96,76,61,5,7,5,2,83,1
140,18,56,79,38,69,57,7,6,11,1,95,1
141,20,83,49,49,93,32,6,0,2,1,87,1
142,25,75,79,64,45,91,1,1,0,1,93,0
143,23,69,62,37,49,56,6,1,11,3,75,1
144,25,81,88,97,92,74,5,3,4,3,95,1
145,26,85,72,81,50,54,4,2,9,3,66,1
146,21,69,41,55,61,90,3,0,3,4,77,0
147,18,77,69,71,87,73,0,1,4,0,65,0
148,18,78,49,38,80,75,1,8,0,1,87,0
149,21,67,67,63,80,43,6,0,0,1,98,1
150,24,76,32,26,89,37,9,8,4,4,93,1
151,19,91,57,63,97,77,2,6,5,1,100,1
152,20,87,85,87,87,43,4,1,4,1,88,1
153,18,57,42,53,36,94,7,1,1,3,63,1
154,22,73,95,85,38,36,7,4,8,3,73,1
155,18,77,66,88,70,78,5,4,4,0,64,1
156,25,83,78,74,89,84,4,3,10,1,84,1
157,18,84,95,29,82,42,1,2,10,2,98,1
158,18,93,65,61,94,85,8,3,4,1,67,1
159,19,79,83,60,99,85,0,3,9,1,74,1
160,19,91,55,96,49,44,10,1,8,0,78,1
161,23,62,69,88,44,86,1,4,2,2,70,1
162,24,70,72,29,94,87,0,4,4,1,79,0
163,22,62,51,29,90,64,3,4,12,5,95,1
164,18,55,49,79,45,45,3,0,11,5,77,1
165,18,59,37,70,75,37,4,5,4,2,73,1
166,20,57,58,40,41,74,4,1,1,5,97,0
167,19,55,69,27,38,69,7,6,10,3,84,1
168,22,58,59,84,50,83,10,3,3,3,75,1
169,23,94,84,97,45,43,10,4,10,2,77,1
170,24,89,45,49,61,88,2,4,10,1,60,1
171,21,86,75,68,60,82,5,4,1,2,99,1
172,24,88,91,28,42,56,2,1,4,5,60,0
173,25,79,36,36,66,76,1,4,9,2,60,0
174,18,64,74,88,32,35,7,2,12,5,80,1
175,23,75,88,77,85,84,0,3,11,3,84,1
176,25,93,85,76,85,73,8,1,1,2,86,1
177,22,81,77,81,35,47,10,3,9,4,69,1
178,21,81,56,71,92,45,6,8,8,5,71,1
179,19,56,82,80,47,41,9,7,9,4,87,1
180,23,95,64,59,96,49,10,2,5,3,91,1
181,23,67,80,57,54,74,3,0,7,1,92,1
182,18,63,66,62,60,93,2,0,8,5,67,1
183,26,90,86,82,96,88,5,5,12,1,85,1
184,23,76,37,38,50,51,8,2,7,3,100,1
185,20,80,49,69,51,76,8,3,4,1,61,1
186,21,66,82,52,73,58,3,0,4,5,94,1
187,21,71,41,32,91,74,9,7,5,0,93,1
188,20,68,78,97,78,38,4,0,0,5,65,1
189,20,68,46,81,60,53,10,4,12,5,90,1
190,20,88,93,62,85,44,8,5,10,4,82,1
191,21,74,71,68,73,65,1,1,7,0,71,1
192,24,65,58,55,59,42,1,6,1,0,87,0
193,21,70,48,29,47,73,4,6,5,0,74,1
194,26,85,40,25,56,100,0,0,8,5,78,0
195,18,60,79,76,84,65,7,3,12,3,71,1
196,25,73,100,20,93,90,4,3,2,0,61,1
197,24,91,87,90,74,69,9,4,1,2,70,1
198,19,58,63,77,23,56,1,0,9,1,96,0
199,25,58,49,40,29,30,8,0,4,3,97,1
200,18,74,79,99,66,63,1,6,10,2,84,1
201,26,64,39,75,94,97,6,8,8,5,80,1
202,26,78,61,39,33,50,7,0,5,5,95,1
203,19,89,81,73,57,62,5,1,7,2,68,1
204,24,80,44,44,31,36,10,5,7,4,71,1
205,20,91,32,47,64,94,6,5,6,4,69,1
206,24,92,66,24,36,32,10,1,4,2,64,1
207,26,75,69,40,99,80,0,8,1,4,92,1
208,21,94,69,37,54,83,3,3,9,1,64,1
209,18,93,85,66,85,88,6,6,9,1,75,1
210,19,75,52,89,94,35,0,5,4,5,96,1
211,18,64,40,76,60,58,0,2,11,4,96,1
212,22,92,93,38,86,46,10,7,6,0,88,1
213,22,58,37,84,48,89,5,6,11,2,77,1
214,24,74,85,22,37,51,3,8,11,1,88,1
215,26,71,89,61,39,53,2,2,6,4,65,1
216,26,61,39,40,33,80,4,0,10,4,77,1
217,20,58,68,59,53,79,8,1,12,1,91,1
218,20,83,57,86,68,40,9,0,1,1,90,1
219,20,68,78,44,73,85,9,4,6,0,70,1
220,21,57,65,74,50,100,10,1,5,4,85,1
221,25,78,42,71,77,71,9,2,6,4,87,1
222,23,91,65,63,61,68,2,7,10,3,86,1
223,25,70,55,75,77,98,4,4,7,5,78,1
224,18,58,33,74,49,77,9,3,3,0,86,1
225,25,78,93,89,44,86,4,4,0,1,79,1
226,21,88,67,96,82,50,8,5,7,1,62,1
227,18,84,51,92,38,49,10,6,7,2,75,1
228,25,72,31,100,91,44,9,8,2,5,98,1
229,21,73,60,85,27,98,10,0,2,1,88,1
230,23,85,40,38,22,80,3,3,4,4,74,0
231,25,73,75,26,86,91,0,8,2,1,89,1
232,21,73,91,82,100,66,9,4,4,4,99,1
233,20,76,98,61,36,35,4,7,7,4,60,1
234,26,78,93,61,33,100,0,0,0,0,88,0
235,20,66,39,78,28,55,5,3,1,1,89,1
236,26,84,69,39,81,37,9,8,1,0,99,1
237,19,92,53,92,40,33,9,0,11,5,91,1
238,19,85,73,36,95,50,6,0,3,4,69,1
239,19,90,89,46,56,60,0,3,8,5,86,1
240,23,73,91,66,30,50,9,2,1,1,67,1
241,20,90,46,21,39,54,3,6,11,5,95,1
242,26,84,94,82,54,44,8,2,10,5,94,1
243,21,87,86,81,72,64,0,0,12,1,95,1
244,18,72,84,38,66,78,8,1,11,0,95,1
245,21,82,82,36,94,72,7,3,8,0,84,1
246,18,65,85,88,71,70,4,0,6,4,79,1
247,22,87,38,58,27,66,5,0,9,4,76,1
248,21,71,51,90,23,86,6,7,7,1,82,1
249,25,60,42,100,46,71,3,6,0,1,84,1
250,25,58,77,58,63,76,5,7,12,3,90,1
251,24,74,47,55,59,90,6,3,4,3,65,1
252,20,81,69,59,66,43,10,5,8,2,94,1
253,18,69,46,64,63,97,5,2,11,4,63,1
254,18,60,44,23,67,82,10,7,3,5,99,1
255,20,68,44,44,71,63,5,3,1,2,79,1
256,23,65,92,88,87,53,1,2,5,2,100,1
257,24,93,68,49,30,49,4,3,1,0,60,0
258,23,63,42,95,96,98,2,5,2,5,85,1
259,23,80,61,87,92,59,6,6,7,0,93,1
260,23,70,38,48,23,36,3,6,2,3,69,0
261,20,59,69,92,95,65,0,3,1,2,82,1
262,23,64,49,87,92,67,5,7,5,3,83,1
263,25,57,92,70,96,81,5,6,2,5,72,1
264,19,67,73,43,67,44,6,1,0,5,88,1
265,22,84,67,33,45,75,10,7,11,4,86,1
266,18,60,89,88,96,52,7,8,2,1,90,1
267,18,71,100,37,58,41,2,4,5,0,69,0
268,22,73,77,61,77,73,5,3,2,4,90,1
269,20,89,47,76,38,44,9,3,8,4,98,1
270,21,80,45,31,96,78,1,3,6,0,69,0
271,20,59,84,36,96,50,8,5,4,0,83,1
272,18,83,68,49,77,44,1,3,1,5,92,1
273,18,91,97,94,47,43,2,6,8,5,73,1
274,22,74,88,42,85,71,9,6,4,2,94,1
275,23,75,91,100,29,44,1,4,6,3,93,1
276,20,64,42,20,96,92,8,4,8,5,76,1
277,26,59,35,98,77,97,0,7,3,4,80,1
278,22,90,89,51,92,56,4,6,8,2,91,1
279,25,60,43,28,33,82,0,6,0,2,62,0
280,18,80,83,34,34,81,4,5,11,4,74,1
281,22,58,33,47,52,92,7,6,5,5,67,1
282,20,93,68,43,36,82,7,6,1,4,91,1
283,18,93,54,79,43,86,10,1,7,1,97,1
284,21,89,61,54,49,81,7,1,4,5,85,1
285,22,55,88,46,81,72,1,6,2,3,89,1
286,24,78,92,95,32,36,7,6,1,4,68,1
287,18,90,67,39,81,71,4,6,7,5,91,1
288,20,60,82,84,66,33,0,4,6,0,70,1
289,19,95,96,68,35,98,6,0,8,1,81,1
290,26,85,57,20,85,34,5,1,7,3,93,1
291,23,74,32,29,100,70,4,8,10,5,100,1
292,20,78,51,66,62,33,0,7,3,0,77,0
293,25,79,67,78,27,31,0,7,1,5,78,1
294,25,90,91,81,22,96,5,0,12,0,77,1
295,19,75,86,37,31,50,9,5,1,3,96,1
296,23,84,35,65,35,99,6,8,1,1,77,1
297,24,78,61,51,97,72,9,7,10,0,71,1
298,19,84,39,46,99,98,9,2,11,2,63,1
299,19,76,32,37,78,38,0,3,5,3,86,0
300,18,82,88,58,68,57,8,2,6,3,64,1
301,25,61,78,68,82,55,3,5,11,4,65,1
302,18,89,88,63,81,32,4,8,5,1,72,1
303,26,82,60,91,68,78,1,7,1,2,82,1
304,23,68,98,73,70,46,9,3,3,2,84,1
305,24,64,91,53,52,92,7,1,2,4,63,1
306,24,70,81,90,49,84,1,7,10,0,91,1
307,20,70,70,55,78,52,2,7,12,0,74,1
308,19,85,60,37,95,63,8,5,3,2,85,1
309,26,79,51,57,34,98,1,7,4,1,70,1
310,25,67,33,78,42,44,5,8,6,0,68,1
311,24,60,42,28,97,76,3,0,8,3,70,0
312,26,63,74,92,64,32,6,8,10,5,61,1
313,21,90,71,91,81,57,5,1,1,4,86,1
314,21,74,78,70,98,32,9,0,7,1,85,1
315,18,72,49,54,90,33,8,7,2,0,67,1
316,25,75,83,24,34,60,8,7,8,5,80,1
317,20,58,65,33,65,74,9,3,9,2,80,1
318,24,87,30,49,83,88,3,7,11,4,67,1
319,19,81,44,23,65,74,0,6,3,0,60,0
320,19,61,46,58,75,66,1,1,2,2,97,0
321,24,60,53,83,63,94,7,4,9,0,72,1
322,23,69,87,44,94,38,9,3,5,4,68,1
323,20,72,52,47,48,46,7,2,9,3,87,1
324,26,86,75,95,81,94,1,0,12,3,65,1
325,23,65,37,85,71,32,3,4,8,5,82,1
326,23,74,88,97,73,55,0,7,6,2,95,1
327,18,78,88,41,76,82,6,8,3,3,76,1
328,21,69,42,50,85,60,3,6,2,4,68,1
329,23,61,68,42,41,55,10,0,9,2,71,1
330,23,75,57,67,39,52,7,0,3,0,81,1
331,22,80,90,39,52,59,8,0,2,1,71,1
332,18,68,45,57,91,39,8,1,11,0,65,1
333,25,91,31,74,44,93,2,0,2,4,68,0
334,22,75,46,87,65,51,4,3,11,5,96,1
335,22,72,59,98,92,44,5,8,12,2,62,1
336,24,59,42,20,76,85,5,3,8,0,93,1
337,21,57,42,26,24,49,9,3,3,2,67,1
338,23,77,72,76,74,76,7,6,8,3,69,1
339,21,80,50,31,80,82,5,8,11,1,100,1
340,20,91,84,24,27,82,5,6,9,4,68,1
341,24,78,69,69,35,30,3,0,4,0,73,0
342,25,73,44,61,67,31,6,0,6,1,96,1
343,21,79,81,31,80,87,7,3,4,4,86,1
344,19,75,82,37,34,48,2,3,0,4,100,0
345,20,66,81,85,84,91,6,0,1,5,91,1
346,18,95,59,93,41,41,2,5,10,3,63,1
347,25,87,62,98,22,55,7,1,4,5,61,1
348,20,58,86,36,73,56,0,4,5,5,92,1
349,24,61,81,87,33,58,0,7,6,2,80,1
350,22,76,38,90,55,44,5,2,1,2,60,1
351,22,87,83,81,86,75,9,8,9,1,70,1
352,24,71,30,60,29,30,8,6,8,3,60,1
353,26,78,73,53,68,89,3,8,5,4,70,1
354,22,88,38,89,84,86,5,0,1,3,66,1
355,18,82,61,64,76,32,4,4,1,3,61,1
356,18,95,44,77,46,47,0,2,2,1,74,0
357,19,93,41,70,94,81,5,3,0,2,67,1
358,23,76,86,53,24,89,8,3,8,3,85,1
359,26,71,37,63,90,63,2,6,9,3,99,1
360,25,88,56,34,76,89,10,7,10,3,94,1
361,22,60,91,97,34,55,2,4,3,0,100,1
362,18,60,41,89,95,48,1,6,4,3,100,1
363,24,88,94,69,49,51,3,2,6,3,80,1
364,22,55,71,51,39,62,9,2,0,4,97,1
365,23,64,91,86,56,67,2,2,2,5,67,1
366,24,75,40,22,22,64,1,3,2,0,91,0
367,20,59,72,93,92,96,0,5,1,3,67,1
368,20,56,46,70,60,39,2,4,7,5,69,1
369,22,76,61,86,58,44,9,7,4,3,82,1
370,23,56,69,95,45,40,5,4,0,1,63,1
371,26,64,52,67,21,53,8,4,11,1,97,1
372,22,88,85,36,42,33,10,1,1,5,89,1
373,18,70,35,26,42,42,4,4,0,0,100,0
374,21,93,79,32,35,86,2,6,5,4,82,1
375,22,76,66,85,28,66,4,1,8,0,64,1
376,22,66,93,23,32,77,4,5,10,0,80,1
377,24,78,83,29,47,100,4,6,6,1,65,1
378,21,94,78,36,46,30,6,4,4,1,76,1
379,18,92,40,71,70,89,4,8,11,4,84,1
380,22,64,78,25,83,41,6,3,12,3,83,1
381,24,89,50,88,71,50,8,0,2,4,81,1
382,23,86,95,93,100,40,4,7,11,3,72,1
383,22,61,92,28,57,73,1,7,11,5,76,1
384,21,75,57,96,84,87,4,6,7,5,73,1
385,19,74,46,40,37,73,7,7,9,2,93,1
386,21,80,35,43,82,63,3,1,3,1,85,0
387,20,58,48,23,70,54,1,2,8,2,78,0
388,18,76,85,43,28,33,9,8,4,2,85,1
389,25,69,57,78,32,93,2,0,5,1,62,0
390,22,94,95,22,59,45,8,7,4,2,61,1
391,21,75,67,87,74,39,8,7,9,0,87,1
392,25,69,66,59,98,95,7,6,11,3,61,1
393,24,76,97,67,62,64,7,4,10,4,81,1
394,19,82,78,73,63,35,7,3,6,1,66,1
395,18,68,72,54,87,48,7,5,6,0,63,1
396,21,81,65,75,52,88,7,0,0,5,97,1
397,25,95,87,59,43,82,0,4,1,4,98,1
398,19,94,42,96,55,37,5,3,6,4,79,1
399,20,82,81,87,29,39,8,3,7,4,65,1
400,18,80,87,65,39,96,7,6,3,2,68,1
401,18,56,61,97,94,67,2,8,5,2,90,1
402,20,79,89,32,31,58,10,7,10,2,85,1
403,22,57,87,46,81,44,0,7,11,2,95,1
404,20,62,85,25,37,52,1,4,9,0,85,0
405,18,87,57,36,82,75,10,5,2,2,87,1
406,18,89,30,55,44,57,1,1,6,1,64,0
407,25,60,71,100,31,55,6,2,10,4,69,1
408,19,93,77,21,40,39,5,4,2,0,77,0
409,20,77,69,96,44,76,10,1,10,5,74,1
410,19,79,92,71,30,33,1,2,6,2,92,1
411,20,73,33,85,83,84,7,3,11,5,64,1
412,24,59,67,71,92,95,8,5,10,4,96,1
413,18,65,56,62,69,96,6,4,11,0,99,1
414,25,66,38,41,81,36,3,3,10,4,81,1
415,19,64,45,74,68,84,0,1,7,5,81,1
416,20,62,85,86,33,60,3,4,2,0,81,1
417,26,78,60,79,20,48,3,4,1,3,74,1
418,24,82,43,77,100,57,7,6,11,0,76,1
419,21,95,54,31,44,57,3,0,5,2,87,0
420,22,90,63,88,78,48,3,3,3,5,81,1
421,19,91,96,58,91,49,1,4,7,4,80,1
422,25,75,53,32,88,42,9,7,12,4,76,1
423,21,62,55,60,24,72,6,7,1,4,64,1
424,26,63,49,76,38,40,3,0,3,1,77,0
425,22,69,93,72,42,77,10,4,1,1,76,1
426,26,94,39,31,28,44,5,0,1,2,63,0
427,21,72,96,32,69,46,2,0,1,3,66,0
428,22,74,53,93,35,83,6,1,0,1,84,1
429,26,60,34,76,52,79,5,1,3,0,96,1
430,25,66,96,59,21,57,2,8,1,5,99,1
431,20,56,87,99,33,33,3,3,8,2,99,1
432,18,61,56,64,20,51,9,2,8,3,68,1
433,20,70,44,54,77,68,4,0,10,0,78,1
434,21,57,64,22,35,63,8,1,10,4,68,1
435,19,57,82,24,98,73,5,5,6,1,82,1
436,18,81,73,30,66,71,3,8,5,0,90,1
437,24,94,55,90,63,69,10,4,11,3,91,1
438,25,92,76,75,99,41,10,3,2,2,90,1
439,24,87,63,29,33,31,6,4,11,0,76,1
440,22,82,79,53,43,57,1,8,6,2,98,1
441,18,55,41,86,74,96,3,6,0,4,81,1
442,24,62,33,91,34,100,4,7,8,3,94,1
443,24,91,77,50,91,39,3,3,3,3,89,1
444,26,86,84,94,53,86,3,7,5,1,99,1
445,20,91,30,90,21,66,10,5,5,5,96,1
446,26,58,95,85,46,93,8,4,10,3,85,1
447,18,84,59,89,93,69,10,6,2,0,65,1
448,18,60,32,60,91,89,1,5,3,0,93,0
449,21,73,50,82,42,77,5,2,12,0,91,1
450,26,86,78,51,87,48,7,4,10,4,84,1
451,23,63,91,39,33,62,7,8,9,3,72,1
452,20,66,67,76,82,73,10,6,2,3,97,1
453,18,65,44,69,84,66,6,3,12,0,97,1
454,21,70,81,99,87,65,9,6,5,1,61,1
455,26,55,75,44,82,50,10,4,0,1,64,1
456,20,75,54,31,100,31,3,1,7,3,70,0
457,26,84,50,90,83,60,6,5,7,3,70,1
458,24,67,34,58,51,59,9,6,8,2,83,1
459,21,88,99,36,98,73,5,7,5,3,73,1
460,20,58,76,64,32,41,10,5,0,0,89,1
461,22,82,97,30,85,80,5,7,2,5,99,1
462,22,92,47,89,38,78,1,6,0,4,94,1
463,20,85,50,42,43,53,7,1,12,3,80,1
464,26,81,52,89,30,53,7,5,4,3,64,1
465,21,59,93,57,78,89,10,8,2,0,97,1
466,22,79,96,21,34,40,6,5,1,2,61,1
467,21,57,69,98,29,42,10,3,2,5,99,1
468,22,87,39,91,60,93,8,6,8,3,96,1
469,24,58,81,56,46,49,7,2,10,1,93,1
470,26,79,90,68,79,100,8,4,7,1,70,1
471,24,74,93,71,92,57,8,0,12,1,95,1
472,22,88,34,52,71,31,5,2,2,4,70,1
473,24,80,82,41,47,72,1,7,10,4,68,1
474,22,59,84,24,84,37,6,8,1,5,65,1
475,20,89,66,37,36,42,2,8,4,3,93,1
476,24,82,85,57,63,64,6,1,11,3,96,1
477,19,83,88,56,29,52,8,3,11,3,91,1
478,26,63,98,83,82,75,9,4,12,4,71,1
479,18,92,88,29,66,44,9,2,11,5,91,1
480,23,60,31,98,57,31,1,0,0,3,76,0
481,24,73,94,61,89,90,5,5,3,0,63,1
482,25,65,89,67,95,93,5,1,7,2,92,1
483,26,56,80,63,72,81,8,8,0,1,68,1
484,19,63,59,35,97,65,8,0,4,1,93,1
485,19,75,40,73,63,96,4,8,11,0,98,1
486,22,78,68,54,93,98,4,6,3,3,89,1
487,22,88,92,47,73,96,8,1,5,5,79,1
488,23,76,93,21,39,76,7,5,6,5,98,1
489,20,57,90,32,98,31,6,7,8,4,82,1
490,25,66,83,60,50,73,7,1,0,3,100,1
491,18,82,87,99,26,93,5,4,10,5,94,1
492,23,84,85,78,77,57,2,5,9,3,82,1
493,21,80,63,88,29,83,6,2,3,1,98,1
494,18,75,60,72,29,96,7,1,5,1,82,1
495,24,82,81,64,58,65,7,5,9,4,96,1
496,26,80,30,39,47,92,0,2,6,1,82,0
497,21,87,84,43,49,54,6,1,6,3,98,1
498,21,75,51,80,56,77,2,0,7,0,87,1
499,23,89,69,77,86,68,1,7,9,4,78,1
500,20,88,30,46,62,76,1,0,7,0,89,0
501,23,95,94,45,98,50,7,4,7,3,80,1
502,24,72,92,26,71,59,8,5,7,4,83,1
503,20,65,83,61,75,60,2,2,11,0,80,1
504,24,77,71,66,95,55,2,6,7,4,85,1
505,20,76,50,72,87,51,5,1,5,3,95,1
506,19,71,51,78,28,50,10,6,8,5,85,1
507,21,59,67,57,42,30,9,1,2,4,92,1
508,25,65,37,88,82,66,0,4,5,5,95,1
509,26,84,91,72,80,75,5,6,4,3,63,1
510,24,69,76,34,59,38,2,2,7,4,68,1
511,18,81,46,45,63,46,10,3,3,4,67,1
512,20,89,46,67,43,76,3,0,3,5,61,1
513,26,87,42,38,70,88,8,2,12,1,88,1
514,18,74,46,28,77,83,2,8,9,5,82,1
515,26,70,67,83,52,41,0,4,10,5,65,1
516,25,88,74,73,35,93,2,7,9,5,95,1
517,18,56,35,70,41,35,6,1,12,3,80,1
518,23,89,64,58,76,82,6,2,4,2,81,1
519,22,94,43,23,81,45,10,6,10,5,68,1
520,23,82,90,22,90,34,4,3,12,4,93,1
521,22,93,44,83,91,75,0,8,12,0,85,1
522,23,60,83,48,89,43,10,6,5,1,60,1
523,22,63,56,30,49,73,7,0,10,5,95,1
524,22,74,42,77,42,92,9,3,3,5,64,1
525,21,55,60,94,51,81,7,5,1,1,100,1
526,20,62,64,46,76,55,9,5,11,5,81,1
527,20,77,89,40,28,82,9,5,11,4,63,1
528,21,57,35,58,50,58,9,4,1,2,61,1
529,26,58,98,65,90,48,1,2,11,5,75,1
530,19,79,87,85,28,76,9,1,2,1,75,1
531,26,92,78,55,32,37,2,2,1,5,81,1
532,18,69,52,94,77,52,3,8,0,3,60,1
533,18,75,63,84,22,64,0,2,7,4,74,1
534,22,89,55,82,54,82,3,2,11,4,83,1
535,23,68,76,54,40,87,4,0,4,2,63,1
536,23,90,34,50,83,34,2,1,9,3,77,1
537,20,66,49,47,71,45,10,2,0,3,76,1
538,24,71,35,20,53,46,9,1,12,2,66,1
539,26,93,99,44,54,61,1,7,8,0,69,1
540,25,63,88,62,34,81,5,5,7,5,60,1
541,23,89,93,86,25,49,7,6,3,3,61,1
542,25,67,47,82,51,95,6,0,7,0,81,1
543,22,69,33,70,71,30,10,5,12,0,91,1
544,25,72,46,21,47,87,0,1,11,4,88,0
545,21,87,43,83,83,73,3,5,12,5,94,1
546,25,60,42,93,98,35,2,2,9,4,76,1
547,19,81,36,88,97,79,5,6,6,1,71,1
548,22,77,73,28,38,49,8,2,10,4,83,1
549,26,81,44,21,34,43,8,8,10,3,89,1
550,21,88,48,53,25,34,6,2,6,3,89,1
551,23,92,92,79,92,70,8,6,0,5,79,1
552,18,68,64,80,57,69,7,3,5,0,66,1
553,26,90,64,50,45,63,4,7,12,3,97,1
554,18,62,48,29,70,74,8,1,3,4,66,1
555,22,89,49,95,92,100,6,7,9,4,89,1
556,21,73,64,55,72,100,4,8,9,5,71,1
557,20,84,61,68,75,56,7,7,9,4,90,1
558,23,68,77,89,78,73,6,5,10,2,77,1
559,19,74,73,68,89,62,8,0,11,5,61,1
560,20,79,53,22,97,62,9,6,1,5,92,1
561,22,94,90,93,77,73,0,0,9,3,70,1
562,26,78,46,24,32,49,8,6,6,5,93,1
563,19,68,100,80,62,65,6,1,8,1,75,1
564,25,80,79,45,95,36,0,7,12,3,94,1
565,19,92,94,91,70,61,0,1,4,3,92,1
566,22,77,61,24,38,96,4,2,7,2,80,1
567,24,76,65,34,40,68,7,2,4,3,79,1
568,25,73,42,35,43,53,8,0,6,0,67,1
569,18,57,99,20,45,99,5,4,6,4,85,1
570,23,73,87,35,64,83,9,4,8,4,92,1
571,18,63,43,56,47,67,7,4,2,5,85,1
572,19,82,66,22,48,61,5,8,0,2,96,1
573,18,74,97,71,36,74,10,5,1,4,89,1
574,22,61,69,66,87,90,5,5,11,0,90,1
575,26,68,88,32,63,99,3,2,5,2,92,1
576,23,63,45,99,80,82,10,4,9,1,70,1
577,18,73,91,74,87,80,4,6,9,4,100,1
578,18,68,33,40,93,85,1,2,11,3,64,1
579,19,92,74,85,44,56,2,1,12,0,61,1
580,26,90,57,73,86,67,2,4,8,0,72,1
581,20,94,95,46,21,91,10,2,2,4,77,1
582,18,71,60,57,68,47,4,4,9,5,85,1
583,22,84,32,77,89,93,4,8,1,1,84,1
584,24,63,37,81,45,59,5,0,10,3,73,1
585,23,87,53,65,91,78,4,3,0,1,64,1
586,18,79,44,30,46,70,5,4,1,1,61,0
587,22,68,72,91,37,42,7,1,2,4,63,1
588,22,65,60,27,73,63,1,1,6,3,71,0
589,23,89,74,90,20,54,3,0,1,4,70,1
590,20,95,95,83,80,95,5,7,12,4,63,1
591,22,68,37,40,22,47,4,1,4,5,68,0
592,24,84,100,91,87,34,0,2,1,0,69,0
593,22,95,86,82,60,48,8,1,6,5,86,1
594,22,58,59,83,56,71,2,3,9,5,65,1
595,22,58,47,39,70,47,1,0,7,4,74,0
596,20,82,98,27,34,61,8,2,7,5,90,1
597,18,62,68,77,27,50,6,4,12,5,81,1
598,22,56,89,65,57,39,4,0,7,2,65,1
599,26,95,72,50,75,66,5,3,9,3,92,1
600,18,76,74,28,66,78,10,5,8,0,88,1
601,20,95,52,34,29,42,3,3,0,3,80,0
602,21,70,98,45,97,84,0,6,11,0,89,1
603,18,83,35,29,68,46,3,6,0,2,80,0
604,18,84,85,48,60,38,8,5,9,4,95,1
605,25,66,33,99,49,73,0,8,1,0,81,1
606,19,89,52,55,24,75,9,1,10,0,79,1
607,25,65,35,56,90,37,2,7,5,0,81,1
608,24,75,61,90,50,66,4,7,0,2,99,1
609,19,75,47,42,71,48,6,3,4,3,70,1
610,23,59,44,60,42,92,8,5,4,2,90,1
611,23,74,69,99,67,75,5,5,3,0,99,1
612,20,91,35,47,59,100,2,4,10,5,72,1
613,19,57,92,67,25,55,6,0,4,0,77,1
614,18,87,96,57,57,75,3,2,11,5,81,1
615,23,63,40,50,60,75,2,6,0,4,76,1
616,22,63,72,33,46,43,6,7,10,2,97,1
617,26,58,46,92,94,92,10,1,10,5,84,1
618,18,89,33,96,88,32,10,2,5,2,91,1
619,24,71,92,48,76,57,6,3,6,1,74,1
620,22,88,97,70,36,58,3,4,7,3,72,1
621,22,78,70,68,90,47,6,2,1,1,85,1
622,19,86,34,62,66,64,10,4,6,5,70,1
623,20,55,61,91,98,76,1,7,5,1,72,1
624,24,62,99,24,32,34,0,7,8,3,92,1
625,23,77,64,61,30,88,1,1,7,5,96,1
626,19,94,51,26,43,88,3,5,10,4,97,1
627,23,66,94,61,92,76,7,3,3,4,60,1
628,19,66,51,55,23,42,2,8,12,3,98,1
629,19,69,40,46,65,62,9,1,8,3,86,1
630,19,95,32,77,37,91,5,7,0,5,95,1
631,20,73,38,65,62,45,5,0,10,2,91,1
632,19,80,89,85,99,73,8,5,5,5,100,1
633,21,83,43,44,52,87,8,0,7,2,74,1
634,26,76,47,92,29,35,3,1,10,2,90,1
635,23,94,52,46,92,44,8,2,10,2,65,1
636,18,75,76,20,78,33,5,8,3,5,84,1
637,25,92,98,93,50,85,1,4,1,0,77,1
638,24,74,76,61,47,93,9,1,10,0,81,1
639,20,83,59,71,79,97,10,4,1,4,90,1
640,18,58,54,44,22,63,5,4,9,0,95,1
641,22,61,57,73,74,85,1,0,0,0,68,0
642,21,82,54,86,33,61,7,2,4,2,62,1
643,25,82,87,25,77,38,3,4,12,2,92,1
644,18,58,70,77,34,92,4,8,5,3,86,1
645,18,76,54,89,21,62,7,0,3,2,60,1
646,21,66,77,72,43,50,10,7,3,5,68,1
647,25,57,39,85,97,84,7,0,4,3,64,1
648,22,76,40,77,83,86,5,8,4,3,74,1
649,19,56,50,21,90,31,3,5,8,0,68,0
650,23,78,74,95,43,42,0,0,7,2,87,1
651,22,88,36,41,46,33,6,7,8,0,72,1
652,19,81,93,56,56,79,7,4,12,2,83,1
653,20,95,93,39,58,77,8,6,2,0,69,1
654,26,55,31,43,82,59,1,6,2,0,81,0
655,24,62,71,84,98,58,0,6,0,0,98,1
656,24,77,83,84,45,37,3,5,9,5,81,1
657,23,92,45,100,84,41,4,7,12,4,96,1
658,25,60,47,20,23,70,9,8,5,0,98,1
659,21,76,88,22,48,55,0,1,3,1,79,0
660,25,79,45,65,20,79,4,6,10,1,69,1
661,21,72,35,74,69,31,5,1,7,1,69,1
662,25,71,86,94,30,84,2,5,1,5,85,1
663,26,66,76,83,93,85,6,1,10,3,84,1
664,20,60,77,64,78,43,5,5,1,0,87,1
665,20,80,71,45,81,35,3,1,6,1,72,0
666,19,81,89,96,100,90,2,0,12,5,74,1
667,20,62,33,84,55,41,4,6,4,3,65,1
668,20,73,31,43,75,42,2,2,12,1,71,1
669,22,55,88,93,40,48,9,3,0,2,78,1
670,22,83,56,54,32,73,8,5,6,4,91,1
671,19,89,56,43,28,88,8,4,6,0,70,1
672,23,94,36,47,30,66,5,3,9,4,97,1
673,22,68,92,99,94,54,10,8,5,4,92,1
674,23,89,75,35,89,45,5,5,3,2,61,1
675,18,74,92,78,20,67,3,5,11,2,74,1
676,22,67,41,100,89,72,3,1,12,2,95,1
677,26,92,42,73,96,43,1,5,7,3,64,1
678,19,62,72,98,75,35,9,6,11,1,74,1
679,18,74,46,35,50,52,3,7,10,0,69,1
680,26,87,92,34,56,89,7,7,1,2,76,1
681,26,80,65,30,66,41,9,8,1,5,93,1
682,26,93,37,84,97,42,1,2,1,0,83,0
683,23,75,98,98,66,35,8,6,2,0,69,1
684,25,95,65,87,88,92,0,6,5,0,89,1
685,18,63,57,62,77,67,1,0,0,2,62,0
686,21,78,76,88,55,79,1,7,10,2,96,1
687,18,91,59,32,51,81,10,3,1,1,62,1
688,25,95,52,29,83,69,5,4,9,2,99,1
689,18,71,45,94,90,37,6,5,1,2,64,1
690,20,78,43,60,61,90,2,2,11,0,87,1
691,21,75,100,69,67,37,10,4,0,1,73,1
692,25,93,81,90,93,63,8,4,2,4,98,1
693,23,95,66,78,100,89,4,0,9,2,70,1
694,24,93,58,58,49,86,4,2,6,5,67,1
695,25,67,96,22,40,75,10,2,12,2,96,1
696,19,65,44,95,79,51,3,0,0,4,67,1
697,25,73,76,26,32,69,8,6,6,0,71,1
698,20,65,75,68,20,74,7,0,4,1,74,1
699,24,67,81,45,84,84,3,6,8,0,78,1
700,20,55,48,52,52,80,3,3,1,3,87,0
701,24,94,50,67,57,34,1,8,0,2,66,1
702,19,73,93,98,44,42,8,6,8,5,99,1
703,23,66,66,21,45,57,2,4,7,3,66,0
704,20,62,56,90,96,91,3,6,9,2,89,1
705,20,62,84,51,78,53,6,8,5,3,77,1
706,26,66,58,23,52,36,9,5,4,4,83,1
707,24,87,49,39,60,67,7,0,7,2,65,1
708,22,80,54,55,49,66,7,5,7,5,63,1
709,24,93,99,51,76,97,3,0,4,2,62,1
710,26,82,92,47,68,71,6,3,11,3,65,1
711,18,59,65,96,67,34,9,7,6,1,85,1
712,24,62,31,20,91,93,0,4,12,3,97,1
713,23,79,51,79,68,79,5,4,12,2,70,1
714,26,81,45,75,66,44,5,7,0,2,88,1
715,18,77,47,54,75,82,5,7,3,1,79,1
716,21,84,98,49,84,54,1,0,1,0,69,0
717,26,77,83,73,31,38,7,4,9,1,85,1
718,21,74,59,55,88,67,4,4,2,0,86,1
719,20,72,74,74,25,51,4,7,11,5,73,1
720,26,72,48,99,84,78,1,0,0,2,95,1
721,19,56,63,77,44,97,3,6,10,4,71,1
722,21,58,42,84,20,44,8,6,10,4,82,1
723,23,84,72,88,51,94,8,8,1,3,80,1
724,19,87,91,70,22,83,5,1,12,1,67,1
725,25,90,51,41,68,59,10,2,0,1,98,1
726,25,72,81,72,38,49,8,3,7,4,68,1
727,18,91,81,55,79,62,3,0,3,0,83,1
728,20,73,65,87,48,36,10,6,2,1,90,1
729,26,82,48,55,69,37,0,2,0,0,84,0
730,22,94,67,71,21,57,1,2,1,0,76,0
731,23,74,99,72,92,74,0,2,2,0,88,1
732,21,87,86,69,75,40,7,7,2,0,62,1
733,19,66,49,99,36,60,8,8,5,3,80,1
734,25,69,38,60,79,41,9,1,9,3,67,1
735,23,95,61,37,55,80,5,0,7,4,73,1
736,22,93,33,41,80,73,1,8,5,3,98,1
737,26,56,79,85,36,79,5,5,1,5,75,1
738,18,83,34,40,68,46,8,8,1,1,77,1
739,22,95,49,63,95,64,2,5,6,5,90,1
740,23,64,66,66,79,30,8,1,0,3,70,1
741,22,56,51,58,39,58,1,0,0,1,97,0
742,23,65,87,48,69,80,10,7,6,1,79,1
743,23,67,97,73,22,93,4,2,8,0,63,1
744,24,64,73,36,62,33,10,0,4,4,79,1
745,21,68,63,99,76,57,1,7,10,0,90,1
746,25,72,71,79,69,45,6,0,0,0,79,1
747,24,63,38,50,87,92,10,7,4,5,70,1
748,26,93,36,92,100,82,9,0,10,3,60,1
749,24,82,97,97,69,46,8,8,0,5,77,1
750,20,57,48,68,56,69,6,8,9,3,98,1
751,20,74,60,21,65,42,4,8,11,5,92,1
752,25,60,64,67,61,81,3,2,8,1,95,1
753,22,81,86,33,34,87,3,3,3,3,77,1
754,21,56,90,78,52,66,9,4,8,3,90,1
755,25,83,60,77,99,90,7,5,1,5,94,1
756,23,92,82,77,30,63,9,8,6,2,98,1
757,19,57,61,70,39,99,9,3,11,1,97,1
758,21,70,95,21,43,46,9,5,12,1,74,1
759,21,84,88,60,83,49,9,0,1,2,65,1
760,23,94,39,35,99,88,9,1,11,5,67,1
761,23,56,31,23,84,98,0,7,3,5,99,1
762,18,71,95,31,92,62,4,3,5,1,81,1
763,25,95,89,48,95,46,1,6,1,5,60,1
764,23,66,46,26,36,86,10,3,1,4,72,1
765,20,89,45,33,80,30,8,8,1,4,83,1
766,26,55,45,31,34,42,6,8,2,2,80,1
767,19,69,75,24,70,56,9,3,4,3,63,1
768,25,80,68,100,46,99,7,7,8,4,66,1
769,20,91,60,51,93,88,5,5,5,5,71,1
770,22,75,30,93,80,35,8,0,11,2,72,1
771,23,85,40,62,77,52,5,6,8,4,75,1
772,23,79,33,100,50,39,6,0,9,0,65,1
773,21,77,100,88,31,80,6,2,12,2,73,1
774,20,78,55,64,65,48,8,7,4,1,90,1
775,21,92,79,28,50,80,10,8,10,4,95,1
776,18,82,41,68,51,97,7,2,5,1,96,1
777,21,75,94,52,51,71,0,0,9,2,100,1
778,18,72,76,37,72,86,3,0,11,4,94,1
779,18,90,82,28,80,97,6,6,7,1,69,1
780,23,89,100,81,65,67,10,4,2,3,76,1
781,22,63,31,76,93,91,7,0,1,3,89,1
782,21,92,53,48,99,36,6,5,2,0,66,1
783,20,84,33,97,26,100,2,5,8,5,77,1
784,18,88,48,44,23,79,3,3,5,2,78,1
785,23,86,55,34,71,81,6,6,9,5,74,1
786,19,57,69,25,50,55,7,6,11,5,98,1
787,25,57,79,61,94,55,6,8,3,1,81,1
788,22,82,72,48,55,48,5,0,9,0,98,1
789,24,69,96,98,73,38,8,4,2,2,89,1
790,19,95,41,23,73,90,8,2,12,3,79,1
791,25,77,96,76,36,49,10,6,1,5,91,1
792,19,94,56,68,94,79,6,3,3,1,84,1
793,21,65,83,63,49,51,7,3,8,5,82,1
794,18,86,95,99,41,42,5,0,3,4,64,1
795,22,90,78,94,62,41,0,0,12,3,100,1
796,26,87,45,33,46,39,0,1,11,5,89,0
797,18,78,31,22,56,94,5,1,4,4,98,1
798,26,93,89,81,65,59,1,0,7,4,86,1
799,25,88,83,83,54,37,7,7,1,1,96,1
800,23,82,59,64,23,50,0,5,11,1,66,1
801,24,91,67,77,99,51,1,5,10,4,64,1
802,20,61,57,39,99,47,7,8,2,0,74,1
803,18,58,54,77,45,95,5,4,5,5,67,1
804,22,91,39,76,38,77,9,3,11,4,68,1
805,19,55,89,96,100,73,1,5,6,4,70,1
806,22,55,71,87,64,38,1,7,3,1,81,1
807,25,74,69,97,45,96,10,0,0,5,93,1
808,26,73,71,71,41,83,6,6,6,2,94,1
809,19,83,76,56,77,55,4,7,11,3,72,1
810,20,64,66,27,82,55,4,8,8,1,70,1
811,20,72,51,63,47,63,7,7,0,5,91,1
812,18,82,86,24,84,37,6,6,0,5,74,1
813,25,89,56,88,63,39,8,2,0,0,97,1
814,23,85,70,50,62,77,3,1,9,3,60,1
815,25,81,63,64,56,84,9,2,6,1,83,1
816,26,65,61,28,85,83,3,3,10,1,99,1
817,22,92,95,51,36,69,1,3,8,2,81,1
818,20,59,41,52,59,44,2,5,2,0,62,0
819,22,62,69,86,57,47,0,6,7,0,73,1
820,22,88,39,49,80,52,0,3,8,5,61,1
821,22,66,77,95,28,91,6,5,2,5,91,1
822,20,92,49,48,96,75,4,8,11,1,97,1
823,21,55,68,22,94,68,2,5,11,2,92,1
824,26,85,89,76,80,44,6,2,2,1,65,1
825,26,58,95,49,99,82,1,0,0,4,100,0
826,19,59,94,28,35,93,2,4,1,5,98,1
827,25,84,80,45,21,92,0,2,6,4,84,1
828,25,78,65,21,91,45,7,7,2,2,93,1
829,24,57,53,81,62,99,1,0,6,1,70,0
830,25,65,56,22,61,95,6,1,4,5,96,1
831,20,58,31,65,96,42,10,2,9,2,100,1
832,23,80,60,87,76,76,8,2,7,1,66,1
833,18,81,86,44,100,38,5,7,4,1,81,1
834,24,81,95,70,86,92,1,4,2,4,98,1
835,18,60,58,32,49,63,1,7,8,3,69,1
836,26,69,44,63,32,58,8,5,6,0,80,1
837,18,84,41,54,38,66,9,1,4,5,65,1
838,18,91,57,74,26,72,7,3,6,0,60,1
839,24,91,53,28,28,93,8,8,10,2,93,1
840,19,91,50,21,73,53,3,3,9,0,73,0
841,22,89,39,80,80,100,3,4,8,4,95,1
842,25,77,47,60,21,63,1,4,4,3,86,0
843,25,60,43,63,69,77,9,7,6,5,68,1
844,20,58,63,83,94,41,0,5,10,1,65,1
845,24,72,87,50,50,52,9,6,8,1,90,1
846,20,63,51,66,52,42,3,5,0,4,76,1
847,23,83,99,21,97,74,9,4,3,5,95,1
848,23,67,65,96,99,94,9,4,0,0,80,1
849,20,71,74,88,30,76,10,2,7,1,86,1
850,24,86,65,77,52,87,7,6,2,0,100,1
851,20,76,51,63,26,34,1,4,1,4,87,0
852,25,58,90,93,50,34,10,6,3,1,75,1
853,21,59,85,75,67,89,7,1,10,2,94,1
854,18,91,62,62,66,50,0,8,2,3,95,1
855,21,95,74,53,97,53,0,7,10,0,94,1
856,24,67,65,49,72,47,3,4,4,5,78,1
857,21,88,49,90,99,50,6,1,12,0,80,1
858,23,76,47,89,38,83,8,5,7,0,92,1
859,26,77,67,74,100,39,4,7,9,0,82,1
860,18,57,96,86,25,53,1,6,7,4,65,1
861,22,88,52,32,68,89,6,7,10,4,91,1
862,24,86,45,22,92,86,10,3,6,5,81,1
863,18,75,88,45,69,52,1,2,7,4,62,1
864,21,75,98,76,100,51,8,6,12,5,94,1
865,23,65,97,43,31,97,8,1,12,5,75,1
866,19,93,50,72,42,63,2,4,4,4,84,1
867,22,58,99,89,73,99,7,6,9,1,76,1
868,18,55,41,62,88,57,10,0,9,4,98,1
869,23,82,45,79,78,68,3,3,10,1,72,1
870,23,78,43,77,55,71,2,1,11,2,87,1
871,21,89,90,68,22,52,0,5,10,4,70,1
872,25,67,100,61,77,99,4,0,12,2,69,1
873,21,88,75,95,74,31,10,6,5,4,98,1
874,25,65,61,85,76,53,3,2,7,2,83,1
875,25,90,44,30,36,46,0,0,12,3,97,0
876,22,71,73,37,58,94,9,7,0,2,83,1
877,21,89,46,71,87,99,7,6,5,1,92,1
878,19,72,70,65,74,98,7,1,5,0,76,1
879,20,94,83,63,64,89,7,6,10,5,95,1
880,20,76,73,41,95,79,2,2,12,2,94,1
881,21,78,34,72,20,41,5,8,4,0,65,1
882,21,73,56,78,40,76,6,7,3,3,75,1
883,22,91,72,49,40,96,8,4,0,3,87,1
884,21,93,60,27,71,94,4,6,10,1,100,1
885,25,75,46,76,62,56,8,2,9,1,91,1
886,23,62,83,92,71,77,5,0,10,2,85,1
887,23,82,91,39,86,91,9,0,7,4,70,1
888,25,59,61,44,63,73,9,1,5,3,84,1
889,24,71,69,38,51,48,9,7,2,0,90,1
890,25,91,42,24,29,88,3,0,11,4,80,1
891,19,90,64,94,83,37,0,4,2,3,62,1
892,26,73,34,98,98,84,0,8,11,2,71,1
893,18,81,58,91,88,76,9,8,5,3,99,1
894,25,88,99,46,87,31,4,1,11,1,100,1
895,21,65,54,59,47,68,2,6,6,0,84,1
896,21,66,51,45,72,74,4,0,7,0,76,0
897,22,75,95,46,70,61,4,2,4,1,97,1
898,25,65,74,81,72,94,0,5,9,4,95,1
899,22,93,98,69,23,67,7,8,5,1,95,1
900,25,82,30,61,98,40,4,1,11,0,78,1
901,18,59,73,48,36,39,4,6,0,2,61,0
902,26,71,68,58,86,88,8,3,5,4,76,1
903,23,74,83,79,93,84,7,1,8,5,89,1
904,20,95,58,60,66,49,0,2,9,3,69,1
905,25,66,83,52,75,46,2,5,3,5,94,1
906,26,60,45,35,42,97,6,8,9,2,95,1
907,23,71,49,42,37,34,0,7,12,5,92,1
908,24,73,75,26,20,89,0,8,0,4,60,0
909,18,80,96,45,54,52,4,3,10,0,77,1
910,22,86,94,31,83,75,8,3,8,0,63,1
911,22,60,87,91,77,81,5,8,3,2,86,1
912,21,90,82,24,78,39,9,7,1,5,84,1
913,23,92,30,88,20,75,1,1,0,4,87,0
914,24,65,95,68,22,57,10,7,2,3,81,1
915,26,87,58,45,86,72,8,0,6,5,84,1
916,18,78,99,24,56,55,5,8,10,5,76,1
917,23,77,37,41,48,84,4,8,9,3,71,1
918,24,69,58,98,52,77,4,7,1,1,75,1
919,20,81,80,32,80,58,2,4,8,2,96,1
920,25,65,62,47,23,56,5,4,11,4,75,1
921,22,71,32,52,33,47,3,2,12,2,76,1
922,26,68,89,42,52,89,9,4,10,3,90,1
923,22,81,64,37,41,98,1,3,1,4,74,0
924,26,72,98,49,67,50,2,0,4,0,72,0
925,21,82,49,45,22,53,8,8,7,0,99,1
926,26,58,68,35,42,32,10,3,12,4,86,1
927,22,61,33,96,87,91,10,2,12,2,80,1
928,26,89,48,58,40,31,8,5,11,2,61,1
929,20,63,74,52,62,95,5,0,9,0,67,1
930,21,62,72,45,45,71,9,4,7,0,66,1
931,26,71,42,67,60,63,9,6,2,3,69,1
932,23,71,42,84,57,71,8,1,1,4,63,1
933,19,87,89,57,30,49,3,8,8,2,100,1
934,24,86,86,21,48,97,10,5,2,3,95,1
935,19,62,81,25,79,74,4,1,7,2,94,1
936,19,73,82,65,86,71,9,7,1,0,62,1
937,18,92,72,69,84,76,5,7,2,4,77,1
938,20,57,71,57,80,34,8,0,0,1,83,1
939,23,59,55,37,38,78,4,0,10,4,91,1
940,25,67,52,46,65,66,7,0,5,5,93,1
941,26,85,72,60,68,63,10,3,12,1,61,1
942,24,70,57,91,41,99,0,3,6,3,61,1
943,21,86,38,93,97,47,4,7,3,1,69,1
944,23,76,49,36,76,48,9,0,0,1,82,1
945,22,83,85,81,33,69,0,2,2,3,74,1
946,25,76,68,48,63,46,9,0,8,4,71,1
947,18,57,80,77,35,89,5,8,4,3,76,1
948,18,64,41,89,96,71,6,8,5,5,77,1
949,23,75,84,97,31,94,4,6,3,0,73,1
950,19,70,40,41,74,82,0,7,0,0,76,0
951,22,66,55,25,70,36,5,0,4,1,74,0
952,18,56,71,45,58,34,9,4,4,3,71,1
953,24,95,56,58,52,53,4,1,4,3,75,1
954,18,78,40,31,52,57,5,0,5,3,91,0
955,21,89,67,33,48,91,10,2,10,5,82,1
956,26,84,72,41,88,46,9,6,1,5,97,1
957,18,84,48,70,89,49,6,0,0,4,93,1
958,21,89,93,42,50,32,6,1,1,2,93,1
959,23,73,35,67,99,66,1,1,12,2,75,1
960,23,62,75,90,50,44,2,3,9,2,93,1
961,25,80,71,69,65,80,5,2,5,4,99,1
962,18,94,94,32,96,77,2,2,4,3,66,1
963,24,61,88,29,71,37,1,4,4,2,92,0
964,18,84,81,74,29,42,3,2,11,3,63,1
965,24,61,76,28,93,77,4,6,11,1,66,1
966,20,57,36,98,60,32,10,4,5,2,77,1
967,25,55,40,71,96,94,9,3,9,1,63,1
968,20,90,90,21,22,60,8,2,6,4,70,1
969,18,79,97,44,78,55,2,3,8,0,79,1
970,25,91,54,32,71,85,2,1,6,5,70,1
971,20,55,41,70,53,63,5,0,1,4,74,1
972,19,69,55,77,68,38,4,2,5,4,76,1
973,18,91,41,53,47,91,5,1,8,4,93,1
974,20,67,72,54,32,42,6,0,6,2,71,1
975,19,94,80,22,88,98,10,0,1,1,87,1
976,19,62,66,78,86,70,2,1,2,5,94,1
977,23,59,75,89,80,30,4,8,7,2,67,1
978,18,63,82,67,79,76,7,4,10,0,86,1
979,19,55,42,83,90,33,3,8,8,5,81,1
980,23,90,83,38,43,92,9,7,3,4,83,1
981,20,89,86,86,82,81,1,5,8,3,61,1
982,21,56,33,92,80,39,3,0,1,0,90,0
983,18,94,78,95,42,57,1,4,12,1,81,1
984,25,77,36,24,49,35,2,0,10,0,60,0
985,24,63,40,86,79,56,3,6,4,2,73,1
986,24,88,83,30,37,41,3,7,10,3,84,1
987,20,68,74,87,75,91,9,7,1,2,95,1
988,20,58,52,88,72,81,8,6,10,5,95,1
989,19,84,57,20,26,77,9,1,0,4,100,1
990,18,85,86,82,88,96,5,4,12,4,62,1
991,24,92,55,48,91,75,8,3,4,0,64,1
992,24,65,54,31,98,44,3,4,1,4,60,0
993,19,89,83,96,71,100,8,8,12,4,78,1
994,24,62,58,60,23,65,10,3,6,5,92,1
995,25,57,65,21,53,43,8,7,7,1,89,1
996,18,68,43,56,88,32,5,7,1,1,71,1
997,26,67,64,64,52,96,4,1,6,2,69,1
998,24,86,59,99,88,48,2,5,3,2,93,1
999,20,88,46,67,57,83,4,4,0,1,75,1
1000,25,73,96,43,45,98,2,1,10,0,99,1
1001,24,92,59,41,20,39,4,3,2,1,88,0
1002,25,70,74,30,23,62,4,6,10,2,74,1
1003,23,56,80,77,58,42,1,0,11,3,70,1
1004,26,94,76,65,73,80,8,8,0,4,93,1
1005,22,71,82,48,52,61,6,0,4,5,95,1
1006,20,88,93,54,52,53,5,4,12,3,89,1
1007,20,70,67,34,91,64,4,6,7,3,94,1
1008,18,92,93,79,39,99,3,7,0,4,68,1
1009,25,56,36,61,35,69,7,1,8,1,77,1
1010,19,56,51,62,40,83,1,3,2,0,78,0
1011,20,80,70,99,64,73,7,1,4,3,98,1
1012,25,67,39,93,81,91,0,3,8,0,63,1
1013,25,85,86,68,50,97,9,5,4,5,65,1
1014,21,88,36,83,61,62,0,5,8,5,92,1
1015,21,93,79,51,31,85,2,1,9,5,91,1
1016,22,57,81,83,84,65,4,3,7,2,75,1
1017,23,62,62,21,92,83,5,3,6,3,70,1
1018,22,77,30,43,22,48,3,0,10,5,81,1
1019,24,68,82,85,28,72,6,1,0,2,95,1
1020,19,81,89,57,70,41,6,2,3,5,82,1
1021,24,83,63,50,35,40,1,4,8,1,85,1
1022,24,93,33,45,97,99,1,7,9,3,90,1
1023,18,93,46,48,22,41,1,5,7,2,88,1
1024,24,55,33,86,43,70,1,2,3,5,64,0
1025,22,71,72,97,92,54,8,5,11,2,97,1
1026,20,95,33,44,32,32,4,6,0,5,84,1
1027,20,84,30,67,21,32,10,5,9,1,93,1
1028,21,67,100,84,90,57,7,5,3,0,71,1
1029,19,75,79,72,40,52,4,0,2,5,81,1
1030,19,73,90,86,38,77,10,2,5,0,68,1
1031,18,73,64,37,66,96,4,6,10,3,79,1
1032,22,79,37,28,41,71,0,3,4,1,88,0
1033,21,76,53,57,94,69,5,3,4,3,88,1
1034,19,85,65,40,52,35,3,6,1,0,86,0
1035,20,71,79,84,51,49,2,8,11,1,76,1
1036,24,77,72,40,83,40,5,1,2,4,64,1
1037,24,86,56,46,58,56,1,8,10,1,72,1
1038,21,64,61,89,91,50,7,2,5,1,74,1
1039,22,64,47,63,61,42,0,5,1,4,74,0
1040,22,90,57,47,28,64,8,3,3,2,77,1
1041,23,62,58,64,44,76,7,0,1,2,61,1
1042,26,74,45,36,21,57,0,8,8,2,82,0
1043,19,86,76,59,38,50,9,5,2,0,72,1
1044,22,68,88,22,39,47,8,7,9,1,63,1
1045,20,82,60,95,89,60,1,1,9,5,84,1
1046,21,78,33,95,36,89,2,6,5,4,70,1
1047,23,69,66,85,87,66,1,5,0,5,71,1
1048,25,76,46,65,22,50,7,1,12,0,72,1
1049,18,84,68,49,70,43,1,1,10,4,68,1
1050,25,58,77,88,45,89,9,3,9,5,97,1
1051,24,67,75,28,75,52,1,3,2,0,65,0
1052,18,77,77,30,83,58,0,2,7,0,69,0
1053,19,62,68,88,27,76,6,7,4,0,82,1
1054,20,72,33,85,100,59,1,6,7,4,74,1
1055,18,66,59,50,56,67,9,1,1,5,82,1
1056,26,85,59,52,46,56,4,2,6,5,99,1
1057,25,68,51,58,64,44,4,8,8,3,96,1
1058,19,88,95,65,23,88,2,4,6,0,93,1
1059,26,72,41,56,56,32,2,1,2,2,75,0
1060,24,88,65,79,90,39,2,2,6,1,100,1
1061,26,65,47,50,52,46,5,7,7,3,91,1
1062,23,95,82,30,50,40,3,3,0,3,97,0
1063,23,66,100,21,74,77,2,1,12,4,99,1
1064,21,69,30,46,31,34,1,1,12,3,64,0
1065,19,85,87,21,30,98,2,5,2,5,76,1
1066,24,83,35,40,91,93,3,7,4,4,81,1
1067,22,80,99,77,51,43,5,6,11,4,98,1
1068,23,72,73,24,76,79,3,3,5,2,100,1
1069,19,86,53,71,57,55,7,1,2,0,77,1
1070,22,76,48,64,79,98,2,8,3,3,87,1
1071,21,92,47,39,38,36,2,3,4,0,72,0
1072,26,71,59,80,75,45,2,8,2,0,60,1
1073,23,77,71,57,33,84,7,4,3,0,78,1
1074,19,78,62,39,52,85,3,6,4,4,93,1
1075,18,62,41,44,29,33,0,4,1,0,63,0
1076,22,95,56,21,99,77,1,1,9,3,62,1
1077,26,60,68,51,83,46,9,5,8,4,100,1
1078,23,59,38,45,83,65,1,6,9,3,69,1
1079,24,83,50,89,81,99,2,5,7,4,87,1
1080,22,82,58,60,87,67,5,2,11,1,93,1
1081,23,65,62,86,62,91,7,7,5,1,98,1
1082,22,55,91,20,99,77,0,2,9,1,78,0
1083,26,73,44,70,78,39,8,4,10,1,95,1
1084,23,63,31,24,71,65,0,8,2,4,62,0
1085,25,81,81,32,38,58,9,4,10,0,82,1
1086,19,88,73,38,40,33,1,6,1,2,76,0
1087,26,58,83,31,41,73,2,6,6,5,66,1
1088,22,90,47,67,28,85,6,4,7,2,85,1
1089,24,72,32,44,28,71,8,1,9,1,77,1
1090,18,69,36,76,92,42,2,4,0,0,65,0
1091,22,67,72,54,46,75,7,6,5,3,90,1
1092,19,73,67,95,36,62,8,6,6,0,88,1
1093,23,60,66,24,63,50,9,3,12,3,68,1
1094,18,66,87,41,64,86,6,0,8,2,94,1
1095,20,91,62,96,27,98,3,5,11,0,76,1
1096,22,71,88,76,99,99,3,2,2,0,71,1
1097,21,77,40,66,37,96,3,4,1,5,95,1
1098,20,80,97,73,52,77,5,3,4,2,83,1
1099,22,83,97,22,20,62,3,1,12,0,69,1
1100,25,87,51,72,95,65,4,6,9,3,89,1
1101,21,81,95,50,25,62,8,4,0,0,88,1
1102,18,79,73,88,60,60,6,6,12,3,98,1
1103,24,64,35,52,74,50,7,8,5,1,69,1
1104,25,77,71,91,24,56,4,3,8,0,98,1
1105,20,75,54,69,78,91,4,4,9,3,87,1
1106,23,75,86,35,99,55,10,8,8,2,77,1
1107,19,67,84,95,37,95,6,3,6,1,100,1
1108,24,91,45,96,68,41,10,4,10,0,76,1
1109,25,87,43,58,84,51,7,4,6,5,70,1
1110,23,78,68,65,73,46,8,7,7,3,60,1
1111,23,65,57,66,80,36,1,3,9,5,76,1
1112,22,71,80,63,27,97,2,3,1,0,95,0
1113,25,58,78,28,22,66,1,6,5,3,95,0
1114,18,79,38,69,44,67,9,4,4,0,68,1
1115,21,84,87,96,88,40,6,5,4,1,87,1
1116,21,63,74,79,74,30,1,5,12,1,92,1
1117,20,75,51,34,59,54,1,5,2,0,62,0
1118,20,74,61,55,69,71,1,4,2,0,67,0
1119,21,73,98,82,52,81,3,4,5,4,65,1
1120,18,73,98,88,37,53,0,8,11,0,65,1
1121,19,66,71,99,76,82,1,7,9,0,88,1
1122,26,91,82,60,35,85,2,3,12,5,96,1
1123,19,71,88,93,99,92,6,6,9,5,71,1
1124,22,91,68,43,57,37,9,7,6,1,68,1
1125,26,93,44,68,60,88,0,8,0,5,100,1
1126,26,82,100,37,26,74,5,4,2,0,78,1
1127,25,95,58,26,97,56,2,2,11,2,76,1
1128,18,89,32,23,72,81,2,3,0,0,91,0
1129,18,72,39,88,82,47,3,5,9,4,94,1
1130,26,68,58,79,51,45,3,4,2,3,73,1
1131,25,89,64,74,57,95,6,8,4,1,75,1
1132,26,95,35,35,41,34,2,2,8,5,80,1
1133,24,61,41,48,35,32,7,1,2,2,71,0
1134,20,95,67,42,71,99,7,5,9,3,83,1
1135,20,67,48,33,48,36,10,6,9,2,93,1
1136,19,72,96,98,35,79,6,4,8,1,67,1
1137,22,91,37,68,95,43,1,0,0,5,80,0
1138,20,67,37,52,36,67,4,2,5,4,67,1
1139,23,90,76,44,83,76,5,2,8,1,87,1
1140,19,85,33,40,32,62,9,3,11,2,75,1
1141,20,56,80,36,91,72,3,5,4,2,69,1
1142,22,70,96,42,75,58,9,4,10,1,74,1
1143,18,63,74,76,24,86,4,0,9,0,63,1
1144,18,63,37,100,31,34,8,5,1,1,85,1
1145,26,92,45,77,60,89,10,8,4,5,74,1
1146,24,65,96,33,22,99,6,0,0,5,95,1
1147,18,76,38,39,52,31,1,7,8,4,91,1
1148,25,87,89,49,69,99,10,7,9,1,97,1
1149,20,90,100,38,75,72,0,2,12,3,63,1
1150,25,77,44,72,28,33,1,8,9,5,100,1
1151,22,88,100,75,69,85,2,7,8,5,68,1
1152,18,63,70,96,48,88,10,2,5,5,94,1
1153,24,78,51,42,58,38,1,4,10,0,87,0
1154,22,62,53,81,64,32,10,2,8,3,96,1
1155,23,61,73,52,36,77,2,4,2,1,68,0
1156,23,90,30,37,75,72,9,8,3,0,61,1
1157,25,72,39,92,65,30,10,3,12,5,62,1
1158,26,57,85,52,86,86,10,5,5,3,64,1
1159,19,82,79,51,88,82,8,2,3,3,69,1
1160,26,60,41,80,33,45,3,2,0,0,87,0
1161,26,75,89,73,86,80,8,4,6,5,74,1
1162,24,82,55,36,42,84,10,7,4,0,73,1
1163,18,94,70,38,80,30,2,7,7,2,82,1
1164,24,55,65,89,42,57,0,2,8,5,72,1
1165,22,90,52,53,46,82,10,7,4,0,75,1
1166,23,75,72,44,73,87,4,7,7,1,89,1
1167,24,89,35,87,29,89,9,2,12,5,99,1
1168,22,67,98,93,96,88,9,1,0,4,67,1
1169,24,64,72,93,35,51,1,1,0,5,76,0
1170,26,64,54,30,60,37,3,8,6,2,89,1
1171,20,67,47,35,74,78,1,6,5,0,76,0
1172,25,91,91,80,80,71,1,5,4,4,94,1
1173,19,92,42,99,100,56,2,6,4,2,60,1
1174,24,78,72,26,68,68,4,7,8,1,83,1
1175,19,56,57,35,92,54,3,0,0,5,84,0
1176,21,76,47,35,71,67,1,7,7,4,61,1
1177,24,71,88,59,21,53,10,2,1,0,84,1
1178,20,90,89,31,69,53,9,2,6,0,73,1
1179,19,68,92,54,62,89,1,5,5,1,98,1
1180,24,64,86,40,96,79,5,3,9,2,92,1
1181,18,89,80,69,27,95,6,3,1,4,76,1
1182,25,79,85,62,78,43,9,3,11,1,90,1
1183,20,57,56,36,84,82,5,8,12,2,69,1
1184,19,92,61,51,100,61,6,7,2,3,65,1
1185,20,71,38,60,31,77,0,2,3,3,98,0
1186,22,66,97,25,23,68,5,0,6,2,84,1
1187,25,78,75,46,96,69,10,0,7,0,97,1
1188,24,83,96,39,60,71,2,0,12,0,96,1
1189,24,79,55,44,26,37,0,3,10,3,89,0
1190,24,90,37,85,88,55,7,5,1,0,93,1
1191,25,80,35,28,88,41,3,3,7,0,77,0
1192,18,92,53,72,100,72,9,2,10,2,83,1
1193,21,55,77,80,49,80,7,7,8,5,86,1
1194,23,74,74,57,92,92,9,7,6,2,86,1
1195,26,82,42,22,25,78,10,5,0,0,98,1
1196,19,70,98,89,38,56,3,8,5,2,80,1
1197,18,71,54,74,99,38,3,0,7,4,78,1
1198,19,94,49,20,85,68,9,7,4,3,98,1
1199,24,82,95,89,29,94,3,5,11,5,82,1
1200,20,66,74,64,35,100,5,0,1,4,98,1
1201,19,81,76,66,56,100,8,3,4,4,74,1
1202,24,84,92,98,98,36,4,4,7,0,61,1
1203,19,95,84,45,96,96,9,6,1,0,94,1
1204,20,88,48,33,96,39,7,7,0,4,79,1
1205,24,91,64,73,51,100,7,8,3,4,87,1
1206,21,60,82,90,66,82,3,5,3,1,74,1
1207,18,61,55,65,91,86,10,8,8,1,75,1
1208,22,86,43,50,62,56,9,3,2,3,92,1
1209,26,86,74,78,55,83,8,7,3,4,71,1
1210,25,79,73,48,45,33,8,2,2,2,98,1
1211,26,87,94,36,29,52,4,3,1,5,98,1
1212,26,61,80,33,50,77,5,3,3,1,79,1
1213,24,66,72,55,48,71,4,5,7,0,88,1
1214,21,70,52,77,24,32,2,8,0,4,62,1
1215,22,70,85,43,96,32,10,5,7,2,64,1
1216,18,90,48,82,20,57,7,0,7,5,61,1
1217,18,67,84,44,22,92,8,4,2,2,82,1
1218,20,61,89,78,86,60,3,8,9,2,85,1
1219,25,90,88,51,90,39,8,4,9,0,85,1
1220,19,63,62,37,54,78,8,5,11,1,66,1
1221,21,86,48,56,34,50,6,2,11,2,69,1
1222,19,65,57,45,86,82,7,7,5,5,64,1
1223,22,62,81,28,49,83,2,3,12,1,71,1
1224,26,87,78,83,94,86,4,3,12,3,91,1
1225,18,77,66,91,62,49,2,4,3,0,90,1
1226,22,79,55,39,79,78,6,8,12,1,81,1
1227,26,62,69,73,59,36,5,7,0,1,76,1
1228,18,76,67,49,84,58,10,6,0,2,79,1
1229,26,58,83,72,48,77,2,4,4,5,79,1
1230,25,94,51,82,93,42,8,8,11,2,67,1
1231,21,57,45,30,38,32,0,8,7,5,93,1
1232,22,83,57,50,22,31,9,1,0,0,82,1
1233,22,95,64,68,55,45,2,3,1,1,97,1
1234,23,83,89,38,62,35,10,7,6,4,87,1
1235,24,88,74,31,34,74,9,0,7,5,72,1
1236,25,88,75,34,60,100,10,4,11,5,88,1
1237,25,82,84,50,99,34,6,7,2,2,67,1
1238,19,67,55,62,55,85,2,1,10,2,70,1
1239,26,69,54,56,96,100,2,1,11,3,77,1
1240,24,77,94,98,52,61,1,7,12,5,84,1
1241,21,80,35,48,24,78,8,8,7,0,81,1
1242,21,58,52,45,97,42,10,6,0,1,94,1
1243,25,80,93,21,33,59,3,7,8,1,88,1
1244,21,94,72,34,87,54,9,4,11,1,80,1
1245,23,63,52,23,66,89,5,0,1,5,66,0
1246,22,59,59,69,73,88,1,3,12,2,71,1
1247,20,86,47,57,23,57,8,1,1,0,95,1
1248,19,74,50,42,28,87,6,2,3,1,83,1
1249,26,65,86,78,72,49,9,2,11,5,91,1
1250,26,69,52,94,96,63,4,8,9,4,86,1
1251,18,86,74,47,97,34,6,3,2,3,91,1
1252,20,82,73,85,79,89,3,1,3,3,91,1
1253,25,76,76,27,65,72,9,2,5,1,91,1
1254,23,95,69,48,73,86,6,2,6,2,85,1
1255,22,71,80,30,93,86,1,6,4,3,70,1
1256,22,80,71,37,56,83,6,7,1,3,77,1
1257,23,61,36,74,42,74,3,5,2,3,98,1
1258,24,80,79,69,46,66,3,3,9,3,64,1
1259,18,79,77,33,89,77,0,5,10,1,75,1
1260,26,64,35,93,85,83,2,0,2,5,70,1
1261,20,73,38,28,80,77,4,7,4,0,94,1
1262,21,65,86,30,96,35,4,0,11,0,70,1
1263,18,67,60,82,70,63,1,4,10,2,82,1
1264,20,62,50,95,69,92,3,1,11,5,93,1
1265,19,94,69,86,38,77,0,5,4,4,76,1
1266,19,58,74,72,20,52,8,8,3,0,69,1
1267,18,85,78,58,59,42,0,4,7,4,77,1
1268,25,82,49,97,51,76,5,3,5,0,67,1
1269,20,65,46,75,41,73,6,1,5,0,85,1
1270,20,55,57,47,85,61,2,2,0,2,62,0
1271,23,92,70,94,59,55,0,5,5,3,83,1
1272,25,78,95,58,57,82,6,7,2,2,62,1
1273,26,85,54,44,67,43,2,7,12,0,97,1
1274,26,95,87,40,74,81,9,4,5,5,61,1
1275,21,80,70,29,94,65,5,4,9,3,94,1
1276,22,59,35,62,100,37,5,2,12,5,76,1
1277,19,74,67,34,74,69,3,6,10,5,68,1
1278,26,95,35,67,70,51,10,5,12,5,95,1
1279,25,65,74,40,79,45,5,0,5,3,81,1
1280,20,87,43,79,27,89,10,3,1,5,90,1
1281,26,92,95,69,87,89,9,5,0,3,93,1
1282,20,81,69,42,94,39,3,5,10,4,83,1
1283,26,88,32,32,91,54,7,2,2,0,68,1
1284,19,69,53,88,28,60,8,5,4,1,61,1
1285,26,86,48,23,21,50,1,5,3,5,80,0
1286,25,75,47,97,99,62,6,8,6,2,93,1
1287,26,59,93,91,89,60,8,8,3,4,86,1
1288,22,60,64,28,78,50,8,1,7,2,96,1
1289,19,92,91,54,38,65,4,3,6,1,66,1
1290,25,76,30,40,47,94,0,8,9,3,81,1
1291,23,72,54,77,91,33,5,3,8,1,63,1
1292,25,68,74,37,33,97,7,7,0,2,73,1
1293,22,64,78,91,43,33,0,2,4,1,93,0
1294,19,67,45,100,63,38,1,2,12,0,82,1
1295,23,85,48,62,75,59,0,8,3,1,84,1
1296,22,84,52,25,70,74,4,7,5,5,60,1
1297,22,57,54,97,51,33,1,0,0,0,74,0
1298,18,84,45,86,69,98,9,1,5,5,91,1
1299,19,60,83,31,60,52,9,2,0,1,73,1
1300,25,83,30,31,85,45,3,1,0,0,100,0
1301,20,62,71,85,44,51,0,2,7,0,80,0
1302,20,87,48,21,80,77,6,7,1,1,66,1
1303,25,71,63,34,85,91,7,5,9,4,95,1
1304,25,65,84,42,61,89,4,6,12,3,80,1
1305,19,67,47,48,84,34,1,5,5,3,99,1
1306,25,65,63,100,55,36,7,0,5,3,71,1
1307,18,85,74,26,95,80,0,2,5,0,74,0
1308,23,82,35,47,28,94,6,0,7,3,74,1
1309,25,60,50,33,55,38,0,8,3,0,76,0
1310,20,95,99,63,57,74,5,8,2,4,93,1
1311,25,70,77,49,52,76,5,4,5,1,94,1
1312,18,58,68,100,61,96,4,3,3,1,98,1
1313,26,89,60,51,80,53,1,8,1,0,97,1
1314,26,80,39,89,65,39,1,8,5,0,73,1
1315,22,66,59,25,80,77,8,2,9,4,64,1
1316,21,65,47,46,37,64,4,4,4,3,89,1
1317,23,91,89,43,89,83,4,2,10,4,63,1
1318,24,79,44,53,99,100,6,1,8,1,74,1
1319,22,72,33,59,34,45,5,0,10,1,98,1
1320,26,73,92,66,67,82,1,1,5,5,94,1
1321,20,77,69,98,91,69,10,7,2,3,69,1
1322,24,92,38,94,32,49,0,7,10,1,61,1
1323,22,72,38,43,62,98,4,2,4,5,83,1
1324,24,80,55,84,79,74,3,6,9,0,87,1
1325,19,60,33,37,76,35,2,6,7,1,81,0
1326,21,58,45,63,90,98,1,1,8,2,91,1
1327,19,83,44,95,36,78,9,8,7,3,90,1
1328,24,88,81,76,69,68,1,2,2,5,78,1
1329,19,71,98,47,51,31,3,1,8,3,80,1
1330,18,70,34,90,41,68,1,2,2,3,62,0
1331,26,56,49,42,74,50,3,1,7,2,65,0
1332,18,88,47,53,76,69,2,7,9,4,91,1
1333,25,62,31,30,32,83,8,4,8,0,61,1
1334,19,67,42,54,66,41,6,2,6,3,83,1
1335,25,62,33,61,81,66,10,4,3,1,86,1
1336,20,84,71,47,73,67,2,7,9,0,68,1
1337,23,86,90,97,48,44,7,6,8,1,72,1
1338,20,90,37,43,41,36,8,5,2,0,73,1
1339,24,84,96,27,84,79,6,0,2,0,70,1
1340,26,55,92,72,48,94,5,0,1,5,73,1
1341,19,93,38,91,67,96,3,0,9,1,75,1
1342,22,71,40,23,24,73,4,7,2,1,69,0
1343,23,74,71,24,54,60,7,7,0,0,79,1
1344,21,78,42,68,93,72,2,6,3,3,75,1
1345,21,76,65,49,90,77,1,5,7,1,93,1
1346,21,83,42,91,65,90,2,3,4,2,75,1
1347,19,76,41,82,54,39,6,0,1,2,73,1
1348,21,63,66,66,64,58,7,8,2,0,87,1
1349,18,91,81,45,32,77,0,0,0,4,77,0
1350,23,64,100,76,29,91,6,3,1,0,85,1
1351,18,90,31,56,85,42,8,2,0,0,97,1
1352,23,91,85,26,89,73,2,6,1,3,66,1
1353,18,82,89,59,91,76,2,4,2,3,93,1
1354,23,82,52,58,44,93,7,4,0,5,66,1
1355,25,75,69,81,63,82,3,3,10,4,92,1
1356,19,78,93,97,79,73,7,0,8,4,94,1
1357,19,94,52,72,66,57,4,4,9,4,98,1
1358,21,56,58,23,59,31,2,3,4,4,80,0
1359,20,62,80,44,26,86,3,7,7,4,87,1
1360,21,81,98,26,65,86,3,1,4,0,91,0
1361,24,76,60,47,42,63,7,7,7,0,75,1
1362,18,91,79,88,65,87,5,0,6,5,69,1
1363,23,81,49,86,32,81,6,3,11,2,82,1
1364,20,83,84,39,40,58,8,2,3,2,74,1
1365,24,57,31,30,20,64,5,4,6,5,65,1
1366,19,67,54,86,38,77,2,4,5,5,92,1
1367,19,64,42,26,79,62,2,4,2,1,98,0
1368,21,90,99,42,52,38,10,3,8,0,71,1
1369,18,63,96,80,23,77,2,7,11,4,95,1
1370,20,81,87,90,22,96,9,2,9,1,90,1
1371,26,88,93,53,71,65,1,3,12,3,69,1
1372,24,55,98,38,47,100,0,0,8,0,93,0
1373,24,86,88,77,89,73,10,6,4,5,100,1
1374,21,79,89,28,89,89,9,0,7,2,69,1
1375,19,83,91,67,74,92,0,1,6,0,70,1
1376,21,61,45,60,76,34,3,6,8,5,73,1
1377,23,57,97,67,35,69,2,0,6,0,62,0
1378,20,74,44,64,43,48,4,2,3,0,92,0
1379,18,74,84,44,88,76,8,5,3,0,66,1
1380,25,84,64,97,60,94,7,5,10,3,63,1
1381,22,89,84,44,96,96,8,5,7,2,98,1
1382,22,89,43,38,66,47,4,1,5,0,69,0
1383,21,93,78,58,95,79,7,1,8,5,74,1
1384,23,81,36,98,88,59,3,5,9,3,75,1
1385,20,80,59,99,50,95,4,4,6,1,97,1
1386,26,68,78,46,49,34,2,6,6,0,63,0
1387,22,71,45,93,37,71,4,6,3,3,63,1
1388,20,72,80,82,63,34,2,4,2,4,95,1
1389,18,83,71,87,46,79,4,7,7,1,86,1
1390,23,74,46,38,45,87,10,5,6,2,81,1
1391,19,81,92,47,79,37,4,4,3,0,81,1
1392,20,72,74,97,37,60,5,3,12,0,76,1
1393,18,58,36,52,75,41,8,6,3,3,93,1
1394,26,55,56,29,50,50,0,3,0,2,91,0
1395,25,55,39,49,78,91,9,4,10,4,65,1
1396,19,80,63,41,21,62,5,4,6,1,92,1
1397,25,74,65,22,58,55,0,0,0,5,67,0
1398,26,77,54,94,80,69,5,0,9,2,95,1
1399,18,64,35,67,82,94,1,2,9,0,64,1
1400,22,65,53,21,37,88,7,2,3,3,64,1
1401,25,95,47,95,36,44,10,1,10,4,69,1
1402,19,95,35,73,58,30,2,1,2,3,99,0
1403,21,59,58,25,90,40,9,5,10,1,66,1
1404,24,55,54,59,73,84,5,0,2,2,71,1
1405,20,71,84,21,95,31,5,5,11,3,89,1
1406,22,76,75,92,54,94,3,4,0,5,84,1
1407,25,88,53,21,30,73,4,5,3,5,87,1
1408,20,95,55,93,80,45,1,4,0,3,72,1
1409,21,83,57,74,63,51,9,6,12,0,81,1
1410,26,58,32,91,87,47,9,0,12,3,77,1
1411,24,59,67,79,44,76,7,2,7,4,86,1
1412,18,65,90,25,67,59,9,5,0,2,67,1
1413,21,75,80,38,51,39,6,0,11,1,65,1
1414,21,89,77,46,23,87,9,6,5,5,70,1
1415,26,66,50,20,57,91,5,3,6,3,88,1
1416,23,80,83,52,82,35,6,2,9,4,100,1
1417,26,73,85,59,66,96,0,8,11,5,64,1
1418,23,61,88,51,20,70,4,0,1,5,66,0
1419,23,61,80,88,22,72,6,7,3,1,81,1
1420,22,80,49,36,81,47,0,0,10,5,63,0
1421,22,94,88,27,83,87,1,4,2,4,91,1
1422,19,59,100,76,36,89,8,7,12,5,78,1
1423,25,75,38,61,97,56,2,5,12,5,92,1
1424,25,68,30,28,81,97,5,6,8,3,60,1
1425,18,58,58,54,54,51,6,7,6,3,100,1
1426,25,77,92,90,32,53,8,5,1,2,100,1
1427,22,74,85,98,54,69,4,5,10,0,67,1
1428,19,69,97,72,62,95,3,5,11,4,91,1
1429,19,83,64,73,21,69,10,4,5,0,89,1
1430,23,62,32,44,75,35,1,7,8,0,87,0
1431,26,95,36,86,96,47,2,1,11,5,100,1
1432,18,73,56,81,70,59,4,6,2,1,91,1
1433,23,93,30,74,73,50,10,3,10,1,84,1
1434,26,82,100,65,35,91,1,0,5,5,93,1
1435,25,81,73,43,37,39,3,4,2,4,92,1
1436,23,58,70,65,26,42,0,2,2,0,72,0
1437,20,69,71,41,64,38,3,3,3,2,84,0
1438,25,89,62,30,55,97,6,6,8,0,99,1
1439,26,91,79,67,60,68,2,4,10,1,98,1
1440,18,55,92,27,61,53,9,3,12,0,69,1
1441,26,57,66,58,26,63,7,0,7,3,90,1
1442,23,78,88,54,34,90,5,5,0,3,70,1
1443,23,81,77,68,79,70,5,5,12,2,84,1
1444,21,94,34,65,59,34,0,6,11,4,93,1
1445,18,90,77,57,56,79,4,0,10,0,79,1
1446,25,88,32,27,85,33,2,3,0,3,66,0
1447,19,83,76,73,74,80,9,8,6,4,92,1
1448,18,78,91,56,96,81,0,5,2,3,94,1
1449,19,78,43,59,99,68,7,1,10,4,88,1
1450,18,58,92,53,75,37,6,3,6,4,71,1
1451,18,57,90,98,63,74,6,5,8,3,64,1
1452,26,88,60,36,76,57,9,3,2,5,71,1
1453,18,77,46,52,25,56,9,6,2,1,88,1
1454,21,77,53,66,51,94,9,2,1,4,94,1
1455,23,59,52,71,93,63,3,5,9,5,79,1
1456,24,85,79,99,37,91,10,3,0,0,96,1
1457,19,95,99,28,87,91,5,2,8,5,60,1
1458,23,60,56,52,92,67,8,2,5,3,75,1
1459,24,91,44,79,26,55,2,1,5,5,89,1
1460,19,64,79,96,27,53,8,2,7,1,68,1
1461,19,94,65,40,83,68,3,0,10,3,69,1
1462,24,61,37,77,26,50,4,2,4,2,72,0
1463,18,93,32,88,60,76,6,8,8,0,79,1
1464,25,92,91,29,59,77,5,3,10,2,88,1
1465,20,75,76,25,22,42,9,2,4,5,63,1
1466,23,74,90,32,36,32,7,7,1,4,87,1
1467,26,57,61,84,85,61,7,0,5,5,96,1
1468,23,76,42,39,98,64,7,4,8,4,72,1
1469,26,58,30,76,71,48,2,0,2,2,62,0
1470,24,82,63,65,41,43,9,6,9,2,96,1
1471,26,66,91,27,23,77,5,4,3,4,78,1
1472,19,92,100,29,25,97,6,1,9,1,87,1
1473,25,90,60,92,57,74,8,0,10,0,78,1
1474,25,95,93,86,45,48,9,6,7,3,76,1
1475,19,59,54,30,30,93,9,0,5,2,77,1
1476,21,67,67,31,36,95,3,2,12,0,77,1
1477,24,77,43,29,50,95,4,5,6,3,82,1
1478,21,84,37,44,96,74,7,5,6,5,99,1
1479,21,91,83,68,54,96,0,6,3,3,68,1
1480,23,79,31,68,35,98,5,0,11,2,88,1
1481,23,81,85,30,98,32,3,6,5,1,88,1
1482,20,68,90,81,37,67,4,1,11,1,61,1
1483,26,90,51,55,81,71,10,5,8,0,76,1
1484,19,93,64,58,46,69,4,7,2,5,90,1
1485,23,70,45,72,54,79,1,4,7,0,87,1
1486,24,76,79,97,64,64,7,2,6,4,98,1
1487,26,75,72,75,54,53,1,7,3,1,89,1
1488,20,75,46,20,47,46,3,7,9,0,94,1
1489,20,62,87,75,28,69,4,3,12,4,79,1
1490,24,70,31,23,95,95,0,7,2,5,75,0
1491,21,85,33,49,34,73,5,4,6,3,93,1
1492,25,64,68,31,40,52,1,4,9,0,73,0
1493,24,86,35,54,71,35,4,2,8,4,85,1
1494,22,88,98,96,54,95,5,6,11,1,79,1
1495,24,63,98,71,70,50,10,8,9,3,83,1
1496,20,71,49,50,74,64,7,8,2,0,77,1
1497,19,65,93,87,96,58,8,0,9,1,68,1
1498,23,86,45,71,63,36,5,0,8,3,78,1
1499,19,64,80,99,84,82,4,4,12,2,79,1
1500,20,76,66,26,99,66,3,0,7,1,89,0
1501,23,71,98,41,44,52,1,3,11,2,85,1
1502,22,58,71,94,66,37,1,0,2,5,90,1
1503,25,79,86,75,99,77,6,1,7,0,94,1
1504,26,75,95,77,75,39,4,1,11,4,62,1
1505,20,91,38,83,57,53,6,3,3,0,99,1
1506,20,92,93,31,30,76,10,7,5,1,88,1
1507,20,55,51,26,86,82,0,1,11,2,65,0
1508,23,79,63,74,34,68,0,8,9,2,60,1
1509,18,90,84,81,20,96,4,8,1,3,83,1
1510,24,71,58,92,26,95,1,1,7,0,97,1
1511,18,95,67,96,20,35,7,0,12,0,93,1
1512,22,78,47,74,68,50,2,8,8,1,66,1
1513,25,56,100,55,92,65,0,1,6,2,70,0
1514,21,94,94,43,48,32,1,7,7,1,70,1
1515,22,69,30,63,45,71,9,2,6,1,95,1
1516,21,86,33,36,64,74,9,0,10,5,79,1
1517,21,93,33,21,90,73,6,0,9,2,75,1
1518,25,60,56,32,31,62,5,1,3,1,64,0
1519,19,55,72,50,51,89,7,6,0,2,83,1
1520,18,77,88,47,39,99,6,5,2,1,89,1
1521,20,93,61,79,70,55,9,1,6,4,89,1
1522,26,71,62,46,100,50,7,3,10,1,98,1
1523,21,88,57,34,55,31,2,1,10,1,96,0
1524,22,95,84,98,86,76,5,0,6,4,92,1
1525,19,83,89,52,20,59,6,2,10,0,79,1
1526,21,63,99,39,46,56,9,3,12,2,81,1
1527,19,67,91,61,59,100,10,4,2,3,100,1
1528,19,60,63,31,33,49,0,4,0,4,80,0
1529,21,60,85,92,88,79,0,6,9,0,96,1
1530,23,74,42,42,98,52,6,7,8,1,86,1
1531,24,57,85,91,25,42,10,8,11,5,97,1
1532,20,71,47,33,52,33,2,6,5,0,94,0
1533,20,66,83,44,74,43,2,4,12,4,97,1
1534,23,55,72,96,38,49,4,8,12,5,99,1
1535,20,71,68,50,96,42,10,7,11,1,65,1
1536,19,57,90,73,48,32,5,8,6,0,91,1
1537,25,80,71,24,80,76,1,7,0,3,75,0
1538,22,69,47,32,89,32,2,5,0,2,87,0
1539,18,90,52,47,98,30,5,3,3,2,75,1
1540,20,86,83,62,99,53,2,8,6,4,86,1
1541,25,86,59,66,43,64,4,8,10,1,62,1
1542,21,58,87,90,42,43,8,8,10,1,80,1
1543,24,72,97,57,29,96,2,2,7,2,97,1
1544,19,73,96,86,73,42,10,2,9,0,97,1
1545,24,89,100,81,60,76,5,5,8,1,89,1
1546,22,94,47,58,68,79,10,5,0,3,81,1
1547,22,68,36,56,36,55,4,5,3,3,78,1
1548,23,87,69,27,75,32,4,4,3,1,90,1
1549,26,68,99,100,64,80,10,4,2,1,79,1
1550,23,88,94,71,49,69,5,1,6,2,78,1
1551,25,58,97,52,63,97,5,6,0,4,61,1
1552,24,78,78,100,93,65,0,3,8,2,99,1
1553,26,83,81,61,74,80,10,2,12,4,98,1
1554,21,73,58,95,38,30,8,7,7,3,86,1
1555,19,60,50,46,48,62,4,3,1,4,67,0
1556,24,87,38,27,21,36,0,3,1,2,86,0
1557,23,94,76,42,55,81,7,7,7,1,74,1
1558,18,73,71,83,38,40,6,0,10,4,71,1
1559,26,55,80,39,26,56,6,8,0,2,73,1
1560,26,59,85,35,45,43,4,6,12,3,66,1
1561,19,81,80,36,98,75,0,1,6,5,76,1
1562,20,70,99,99,57,39,8,5,8,4,85,1
1563,22,60,49,38,22,53,10,7,11,3,96,1
1564,22,94,56,27,99,90,8,4,2,3,79,1
1565,18,67,67,57,85,47,7,5,6,0,69,1
1566,25,89,94,57,90,38,4,7,5,5,78,1
1567,25,73,83,72,62,46,2,5,6,4,77,1
1568,21,66,53,50,81,87,7,8,6,2,89,1
1569,24,70,76,63,90,42,0,8,9,4,89,1
1570,20,64,100,79,43,79,2,8,0,4,84,1
1571,23,79,92,95,58,35,10,5,2,5,83,1
1572,26,74,86,36,87,80,6,8,9,3,69,1
1573,18,85,84,98,63,65,3,2,0,3,61,1
1574,22,58,89,92,24,100,6,4,4,3,97,1
1575,21,77,91,58,74,54,10,1,2,3,91,1
1576,25,56,59,61,49,40,4,7,0,5,94,1
1577,18,76,51,67,48,73,5,3,1,2,96,1
1578,26,91,58,31,45,43,6,5,9,1,66,1
1579,23,62,70,37,45,58,9,5,4,0,66,1
1580,21,61,71,98,56,79,6,4,10,3,86,1
1581,26,68,94,25,72,34,6,0,2,3,69,1
1582,22,57,60,62,49,98,6,6,5,0,92,1
1583,22,70,59,54,22,86,10,7,8,3,66,1
1584,22,73,47,73,62,55,6,0,5,1,65,1
1585,18,72,46,81,26,35,2,6,1,4,65,1
1586,18,70,67,88,68,45,2,3,1,0,72,0
1587,25,62,43,35,92,89,6,5,12,2,72,1
1588,25,87,85,27,60,41,1,8,12,0,61,1
1589,23,66,51,50,96,32,1,4,7,1,78,0
1590,21,65,96,29,98,92,2,7,10,5,78,1
1591,19,59,85,75,73,93,3,4,7,2,97,1
1592,19,81,48,95,88,91,5,1,5,4,61,1
1593,26,66,86,89,46,35,7,3,9,3,85,1
1594,22,71,73,39,27,48,9,1,6,0,65,1
1595,21,60,64,24,51,47,9,6,0,2,79,1
1596,18,87,30,42,83,72,6,6,11,0,82,1
1597,24,59,81,28,29,32,3,2,8,4,74,0
1598,20,82,99,77,32,67,1,6,4,0,65,1
1599,23,68,66,78,82,97,1,0,8,2,87,1
1600,22,59,94,99,54,73,3,0,1,1,94,1
1601,22,87,80,73,80,92,5,8,7,5,70,1
1602,22,95,30,65,73,71,2,5,6,2,67,1
1603,18,73,50,41,27,93,5,4,10,0,83,1
1604,18,76,82,83,48,83,4,5,3,4,80,1
1605,20,59,45,27,60,100,4,5,2,3,95,1
1606,21,56,90,39,49,66,1,0,3,3,66,0
1607,22,84,83,70,40,33,7,4,3,4,64,1
1608,19,93,69,97,95,31,4,8,9,0,88,1
1609,25,58,55,58,30,73,10,3,9,5,75,1
1610,19,87,94,56,21,96,1,2,7,4,65,1
1611,26,67,93,69,69,97,6,0,12,0,73,1
1612,19,74,72,53,60,91,8,1,12,2,61,1
1613,26,61,46,94,85,30,8,2,3,5,84,1
1614,24,69,88,52,22,46,0,3,4,1,90,0
1615,25,77,52,50,99,45,6,6,1,0,72,1
1616,19,68,36,73,70,38,8,5,12,3,77,1
1617,24,77,73,63,87,82,5,7,3,3,76,1
1618,23,73,82,53,44,88,0,8,6,5,87,1
1619,21,83,100,90,49,38,1,5,2,1,71,1
1620,24,74,63,81,30,41,3,6,0,0,94,1
1621,21,83,75,42,36,70,3,3,12,1,81,1
1622,19,78,97,65,45,44,1,1,7,2,98,1
1623,24,72,45,75,42,95,7,8,7,1,60,1
1624,25,64,100,26,75,40,1,8,5,2,96,1
1625,19,95,48,80,71,37,2,3,6,3,80,1
1626,22,62,31,22,67,84,3,2,9,2,60,0
1627,18,80,39,57,39,35,8,5,10,0,63,1
1628,24,83,79,53,21,82,9,2,1,5,91,1
1629,25,64,41,63,50,49,0,0,4,5,60,0
1630,23,71,99,49,46,68,7,3,11,0,72,1
1631,22,56,51,36,21,63,4,0,6,0,76,0
1632,23,60,61,78,97,86,6,1,8,0,71,1
1633,19,59,30,29,23,48,7,2,0,4,66,0
1634,18,82,83,37,32,100,4,7,2,2,62,1
1635,24,95,87,64,54,60,7,3,5,0,85,1
1636,24,59,99,78,91,69,9,3,6,5,90,1
1637,19,72,47,81,85,43,10,8,5,1,95,1
1638,19,80,35,78,25,66,7,6,0,1,85,1
1639,18,74,74,68,50,73,8,1,3,4,62,1
1640,25,95,52,82,29,38,1,2,5,2,87,1
1641,25,81,52,51,40,87,2,3,7,2,76,1
1642,18,66,55,29,93,49,0,3,9,2,97,0
1643,25,61,36,30,42,79,3,7,3,5,89,1
1644,26,57,73,89,22,49,4,5,6,5,61,1
1645,21,64,56,81,51,65,10,2,10,4,67,1
1646,18,88,55,66,39,56,0,8,2,2,73,1
1647,18,79,65,53,93,61,7,7,7,2,96,1
1648,20,89,84,36,48,30,1,8,0,0,94,0
1649,22,70,93,73,71,46,0,4,3,2,98,1
1650,22,56,86,95,65,38,1,2,7,5,70,1
1651,26,78,98,59,53,74,4,3,9,0,74,1
1652,19,64,90,38,80,95,8,4,3,0,61,1
1653,19,92,31,86,91,61,8,8,1,2,96,1
1654,23,76,84,72,90,74,1,8,1,1,91,1
1655,26,80,67,83,89,38,1,2,3,3,99,1
1656,18,93,58,66,30,59,2,6,12,5,72,1
1657,26,81,55,25,82,67,6,5,3,1,76,1
1658,26,83,64,35,40,89,10,3,1,2,74,1
1659,26,92,96,91,22,30,2,4,6,2,92,1
1660,22,74,58,37,29,34,0,1,5,1,75,0
1661,26,81,63,71,46,92,5,6,10,2,72,1
1662,21,95,70,67,31,65,2,3,2,5,81,1
1663,19,74,70,62,26,94,0,1,7,0,82,0
1664,23,73,52,58,36,53,3,5,7,4,95,1
1665,21,74,100,68,84,33,0,1,0,2,69,0
1666,23,89,32,31,83,97,0,1,2,2,76,0
1667,20,56,87,29,45,54,1,6,4,1,89,0
1668,23,84,61,90,34,36,9,0,1,0,72,1
1669,19,88,60,74,52,42,7,6,11,1,89,1
1670,19,76,72,20,81,97,1,4,11,5,89,1
1671,26,57,36,68,66,72,10,0,4,1,66,1
1672,24,60,30,55,54,86,1,5,10,2,69,1
1673,20,69,90,40,84,65,10,6,9,0,94,1
1674,18,81,43,56,91,43,10,0,2,5,61,1
1675,25,64,81,43,95,56,9,8,8,2,89,1
1676,23,63,35,74,44,66,9,6,10,5,78,1
1677,24,87,39,44,76,100,7,0,0,2,98,1
1678,26,86,100,26,51,54,5,2,3,2,96,1
1679,22,60,59,100,82,96,10,4,9,2,62,1
1680,18,95,50,90,31,33,3,3,5,4,84,1
1681,24,90,89,90,82,45,2,1,8,3,93,1
1682,22,56,92,43,96,48,0,0,2,0,81,0
1683,20,83,71,30,20,58,10,3,2,4,97,1
1684,26,58,80,92,70,80,2,6,11,3,73,1
1685,18,55,93,31,89,47,8,3,4,5,98,1
1686,18,73,85,54,27,87,4,8,6,3,61,1
1687,18,80,70,82,87,73,5,7,4,3,91,1
1688,20,79,61,87,24,45,4,7,10,4,62,1
1689,23,64,44,76,58,94,0,4,7,0,100,1
1690,20,69,91,32,42,31,9,0,4,1,67,1
1691,25,76,56,42,87,85,0,8,6,3,85,1
1692,19,75,57,58,71,57,3,1,5,1,91,1
1693,26,76,93,99,23,94,2,5,9,1,70,1
1694,20,90,88,31,66,34,10,4,12,2,60,1
1695,22,88,87,53,40,51,7,7,1,1,74,1
1696,25,84,31,90,75,42,6,2,2,5,63,1
1697,19,79,65,94,85,94,10,5,10,5,63,1
1698,23,82,100,50,78,45,6,5,10,2,87,1
1699,22,55,42,81,26,93,7,2,3,0,69,1
1700,26,58,44,32,68,61,9,6,4,0,70,1
1701,22,61,89,50,35,80,6,3,8,5,82,1
1702,19,63,51,21,36,87,9,4,5,2,62,1
1703,22,90,92,34,94,75,1,8,0,0,98,1
1704,21,73,54,76,53,81,3,5,2,3,98,1
1705,24,55,77,94,52,92,10,3,6,0,76,1
1706,23,64,72,53,45,89,5,7,7,2,81,1
1707,19,90,67,87,85,94,2,8,6,5,86,1
1708,22,63,70,94,82,84,2,4,4,3,75,1
1709,24,86,74,48,60,86,5,1,9,1,75,1
1710,24,86,69,85,77,100,0,5,7,1,99,1
1711,22,60,46,35,98,55,0,7,8,1,62,0
1712,26,92,86,58,29,41,4,4,6,5,92,1
1713,21,71,31,96,34,100,0,0,10,2,61,1
1714,20,64,91,56,61,75,9,7,8,1,98,1
1715,21,81,38,100,76,76,7,8,0,0,86,1
1716,22,89,97,40,36,67,1,0,8,1,74,0
1717,23,75,46,63,79,50,5,7,2,4,66,1
1718,20,79,79,38,28,43,9,1,5,5,68,1
1719,19,82,69,90,55,31,9,3,7,4,100,1
1720,21,69,87,27,92,99,4,1,2,1,65,0
1721,22,58,50,96,99,62,9,1,3,1,71,1
1722,21,83,47,85,55,35,3,2,6,4,89,1
1723,20,63,84,60,67,66,0,7,11,5,79,1
1724,25,81,58,94,70,43,2,3,6,5,79,1
1725,21,80,53,89,89,66,3,6,3,1,86,1
1726,19,73,46,80,93,37,1,2,8,5,79,1
1727,19,82,47,45,99,42,1,2,12,3,66,1
1728,18,71,71,90,87,69,1,1,2,5,99,1
1729,21,95,74,89,41,87,10,5,11,4,99,1
1730,26,74,46,48,96,47,0,5,7,2,89,1
1731,24,94,43,85,99,86,9,0,7,4,67,1
1732,24,93,78,38,25,67,1,6,12,0,61,1
1733,24,77,58,87,45,61,5,3,3,3,73,1
1734,25,86,33,77,94,95,2,2,6,2,69,1
1735,18,87,49,89,22,54,9,7,3,1,77,1
1736,25,59,76,76,71,87,4,1,12,0,77,1
1737,21,88,38,56,93,62,0,8,11,0,75,1
1738,21,94,56,80,79,95,7,7,0,3,64,1
1739,21,65,44,49,82,59,3,7,0,2,90,1
1740,23,57,48,90,84,63,8,2,0,0,96,1
1741,24,87,81,92,71,98,3,3,1,2,79,1
1742,23,65,55,44,95,77,1,1,5,2,82,0
1743,18,70,55,84,33,69,2,1,11,5,91,1
1744,25,72,55,25,91,80,4,3,9,0,76,1
1745,24,84,75,37,87,42,9,5,10,2,72,1
1746,23,64,78,29,47,60,5,4,4,3,72,1
1747,23,72,82,30,90,68,6,0,10,0,76,1
1748,22,92,32,84,29,92,3,0,1,3,74,1
1749,23,73,95,96,76,77,6,5,7,3,85,1
1750,26,90,71,84,85,77,9,2,8,2,87,1
1751,26,67,48,71,69,90,2,2,6,2,89,1
1752,25,57,46,86,33,41,6,6,11,5,94,1
1753,26,64,62,97,35,85,3,0,11,5,81,1
1754,25,92,78,50,73,47,7,0,8,0,69,1
1755,25,55,85,36,62,56,8,2,3,5,70,1
1756,18,81,92,74,61,57,6,7,12,1,97,1
1757,22,62,32,55,100,81,7,0,6,0,92,1
1758,21,71,78,45,41,45,7,3,4,3,65,1
1759,19,63,84,72,87,87,1,8,4,5,96,1
1760,25,60,55,36,38,38,8,3,2,5,66,1
1761,20,79,81,44,85,55,5,7,8,5,71,1
1762,21,93,36,21,58,57,10,6,12,2,66,1
1763,24,82,75,24,92,65,3,2,9,3,61,1
1764,26,87,75,23,38,38,4,6,4,5,60,1
1765,19,91,45,55,35,76,9,6,5,4,82,1
1766,20,63,53,25,73,80,4,2,2,4,84,0
1767,21,72,90,40,44,86,6,1,9,3,77,1
1768,18,75,83,96,37,61,8,8,6,5,66,1
1769,24,56,91,45,42,96,6,0,8,1,62,1
1770,19,92,30,74,30,86,8,6,8,1,88,1
1771,22,94,78,58,58,83,3,3,12,0,69,1
1772,18,90,54,52,87,45,9,1,9,0,64,1
1773,20,91,39,33,44,91,9,1,9,5,93,1
1774,19,69,45,75,82,85,3,7,4,0,67,1
1775,18,82,87,100,49,52,5,6,6,2,73,1
1776,24,72,58,40,64,46,7,6,12,1,99,1
1777,22,88,35,65,80,67,8,4,11,3,65,1
1778,18,76,45,35,70,59,0,7,11,5,60,1
1779,23,65,49,35,28,87,0,1,12,5,92,1
1780,22,67,100,48,95,51,7,1,2,4,99,1
1781,20,58,72,27,21,46,10,4,5,1,70,1
1782,24,76,55,22,24,44,6,0,11,1,83,1
1783,26,61,100,38,81,77,8,5,7,1,69,1
1784,26,78,62,85,88,61,10,3,12,0,82,1
1785,26,58,55,98,71,69,2,5,7,2,75,1
1786,19,82,74,93,24,86,9,6,1,3,96,1
1787,20,69,92,41,78,87,4,2,5,0,75,1
1788,24,55,96,65,87,45,2,7,6,2,90,1
1789,22,57,81,32,28,57,4,6,11,1,65,1
1790,19,68,97,52,41,30,9,0,6,2,89,1
1791,20,92,55,24,46,70,0,5,2,0,96,0
1792,23,55,31,96,29,77,10,6,8,1,60,1
1793,24,92,43,46,99,60,3,3,1,0,84,0
1794,26,92,59,97,80,65,5,1,10,3,80,1
1795,18,75,78,43,70,62,1,8,2,1,94,1
1796,24,83,41,86,29,62,6,6,10,2,97,1
1797,25,59,73,82,25,52,7,0,1,0,64,1
1798,20,64,62,67,81,89,0,7,10,4,71,1
1799,21,82,42,82,24,59,3,2,8,2,64,1
1800,23,75,55,97,89,74,10,3,3,2,68,1
1801,24,61,50,31,82,68,3,4,1,1,68,0
1802,21,57,57,47,75,74,4,0,2,5,94,1
1803,25,74,77,63,78,41,3,5,12,2,60,1
1804,22,73,69,62,82,61,8,5,3,0,69,1
1805,18,89,95,36,78,85,6,1,9,4,98,1
1806,21,58,52,59,70,53,1,5,12,3,95,1
1807,20,59,77,68,69,42,0,7,5,4,96,1
1808,26,55,31,76,23,49,8,5,4,0,94,1
1809,25,58,49,83,67,85,0,3,2,1,76,0
1810,18,66,88,94,51,82,5,3,9,0,72,1
1811,23,81,75,76,70,97,1,8,7,5,65,1
1812,26,77,32,93,71,83,3,5,7,5,96,1
1813,24,79,84,93,93,63,5,7,6,5,91,1
1814,21,75,41,89,53,57,4,7,2,2,70,1
1815,18,78,69,95,55,79,10,6,0,1,76,1
1816,19,79,95,62,89,31,5,2,4,5,64,1
1817,22,86,45,42,62,55,2,0,0,3,65,0
1818,22,86,63,46,35,80,4,4,5,3,69,1
1819,25,59,73,77,78,76,1,1,10,0,92,1
1820,23,90,35,56,72,55,6,1,6,5,89,1
1821,25,93,93,25,38,90,2,6,11,2,80,1
1822,19,70,51,84,60,52,0,2,4,3,76,0
1823,20,87,47,25,100,66,7,7,3,4,86,1
1824,23,75,41,69,66,70,7,8,1,1,62,1
1825,20,63,81,41,73,81,2,7,4,4,88,1
1826,23,60,80,44,74,78,6,5,8,3,61,1
1827,23,89,100,98,38,56,8,4,3,3,88,1
1828,19,93,77,91,81,35,7,2,1,0,95,1
1829,24,76,48,70,78,95,2,2,12,0,93,1
1830,19,95,35,67,84,53,1,6,5,5,96,1
1831,23,59,56,89,87,67,9,4,7,1,60,1
1832,18,77,82,84,47,57,6,5,1,5,85,1
1833,20,71,77,79,37,57,6,5,8,0,60,1
1834,19,66,36,65,45,95,8,8,6,2,63,1
1835,24,77,88,55,38,90,4,0,12,1,98,1
1836,21,70,98,77,74,75,3,7,1,2,73,1
1837,25,57,40,95,76,98,7,4,10,5,77,1
1838,23,84,44,57,25,72,3,5,4,0,93,1
1839,21,76,93,30,20,88,3,5,4,1,60,1
1840,22,63,32,31,27,31,1,0,6,5,81,0
1841,26,83,98,61,70,44,0,2,12,3,75,1
1842,24,91,52,58,44,66,3,5,4,5,81,1
1843,26,77,82,90,66,100,6,8,10,4,75,1
1844,24,67,66,30,74,49,8,5,5,3,87,1
1845,18,86,38,55,83,64,8,5,8,2,87,1
1846,25,77,44,71,29,63,9,0,2,3,81,1
1847,21,71,32,50,75,60,0,8,2,5,65,1
1848,20,94,99,52,31,48,4,3,7,3,84,1
1849,24,75,46,32,52,97,6,1,9,4,61,1
1850,20,56,55,37,90,53,6,0,11,5,66,1
1851,25,91,50,60,36,68,9,2,5,4,76,1
1852,23,60,50,77,80,83,5,2,11,3,94,1
1853,22,72,40,75,29,68,10,4,9,4,79,1
1854,21,84,67,43,50,46,9,0,2,3,61,1
1855,25,76,64,92,79,48,3,6,1,1,66,1
1856,25,87,43,50,89,77,2,0,12,3,91,1
1857,18,84,43,74,36,64,8,3,1,0,78,1
1858,26,71,39,29,69,61,9,5,1,4,71,1
1859,22,86,41,79,56,76,3,0,4,4,68,1
1860,21,68,67,21,81,76,7,6,11,2,86,1
1861,23,64,63,34,99,93,0,6,4,2,73,1
1862,23,90,70,22,91,75,6,2,0,0,61,0
1863,19,88,39,62,96,64,5,3,1,4,80,1
1864,25,63,46,50,48,46,0,5,1,4,63,0
1865,24,82,46,89,51,71,3,6,3,2,80,1
1866,18,65,96,86,99,58,4,3,6,2,81,1
1867,22,68,91,75,30,99,10,8,2,3,61,1
1868,23,93,30,82,25,46,7,8,4,5,76,1
1869,21,73,41,94,54,43,3,8,10,4,78,1
1870,19,69,33,34,52,53,2,5,8,4,99,1
1871,21,82,71,29,37,86,1,1,4,3,83,0
1872,18,78,42,57,56,79,3,1,8,4,79,1
1873,24,62,33,66,32,86,10,3,0,0,97,1
1874,19,63,98,76,93,90,9,8,8,2,71,1
1875,19,87,48,69,100,68,3,2,4,2,84,1
1876,26,87,31,90,83,84,9,5,7,5,82,1
1877,22,73,41,34,20,65,4,1,4,2,93,0
1878,19,57,35,37,82,66,6,0,11,1,91,1
1879,26,64,37,21,53,43,8,4,5,0,83,1
1880,26,94,80,62,29,56,1,7,7,0,84,1
1881,18,55,40,45,26,60,4,1,1,3,62,0
1882,20,83,92,90,75,73,10,8,2,1,84,1
1883,21,88,86,57,99,97,9,7,10,4,87,1
1884,24,67,41,61,56,77,8,2,8,5,71,1
1885,21,55,31,24,48,86,2,0,4,0,85,0
1886,19,88,37,30,31,51,0,3,4,1,67,0
1887,24,83,40,84,36,33,1,7,8,1,64,1
1888,23,67,82,53,67,75,5,2,9,0,70,1
1889,20,83,39,20,45,88,4,1,2,3,94,0
1890,23,93,37,21,31,63,0,6,3,1,86,0
1891,23,78,65,39,40,40,0,3,6,2,100,0
1892,22,80,43,80,61,60,10,5,1,1,97,1
1893,21,71,83,40,80,40,3,4,7,4,78,1
1894,18,61,50,87,77,85,3,1,4,0,91,1
1895,23,67,79,31,73,67,5,1,0,4,87,1
1896,19,59,68,41,53,50,5,8,2,3,95,1
1897,20,80,49,39,26,39,9,1,8,5,77,1
1898,25,57,36,20,54,55,5,7,4,2,69,1
1899,23,61,38,49,34,37,0,7,7,0,91,0
1900,20,93,30,43,84,37,9,0,0,1,77,1
1901,24,55,55,33,44,89,8,0,6,2,71,1
1902,21,71,67,55,78,63,10,3,6,1,67,1
1903,26,79,67,88,98,45,6,1,7,3,92,1
1904,22,57,90,94,25,42,6,0,2,5,97,1
1905,20,69,73,43,71,51,10,8,0,0,73,1
1906,19,83,73,79,98,56,6,2,10,3,61,1
1907,19,86,91,74,40,93,1,0,8,3,68,1
1908,20,80,35,96,90,31,1,1,0,5,64,0
1909,19,70,46,99,51,55,5,7,10,3,93,1
1910,21,79,80,43,72,98,6,4,5,3,78,1
1911,19,82,67,96,78,59,2,6,8,1,66,1
1912,26,63,53,43,88,37,3,5,1,4,98,1
1913,19,55,80,73,81,67,2,0,3,1,76,0
1914,26,83,39,45,23,90,6,5,1,5,85,1
1915,23,76,50,85,37,94,6,6,3,2,86,1
1916,18,70,99,99,100,96,3,3,1,5,87,1
1917,21,95,86,57,75,75,6,7,11,5,79,1
1918,18,95,68,84,43,72,4,7,0,5,65,1
1919,23,61,62,94,85,88,0,6,10,5,67,1
1920,21,68,88,70,32,75,9,1,2,3,91,1
1921,20,83,47,54,81,64,3,5,7,5,78,1
1922,20,73,85,62,73,68,6,5,4,2,91,1
1923,26,73,86,48,34,80,1,6,3,5,78,1
1924,23,56,77,56,88,33,1,5,4,1,83,1
1925,26,95,71,100,22,80,0,1,5,3,83,1
1926,22,69,56,77,56,34,1,7,5,1,76,1
1927,19,57,81,73,56,84,9,3,4,3,77,1
1928,25,65,71,58,22,49,7,8,11,1,71,1
1929,22,84,61,61,82,53,10,7,10,0,100,1
1930,19,94,55,47,54,65,7,2,11,4,82,1
1931,21,72,54,48,71,63,7,2,5,4,77,1
1932,26,56,52,62,47,83,0,7,8,3,75,1
1933,21,86,86,22,37,63,0,1,4,0,75,0
1934,21,62,81,29,55,46,9,8,12,2,95,1
1935,19,76,60,78,52,34,3,3,5,0,82,1
1936,23,60,93,33,83,47,5,5,3,3,81,1
1937,19,66,100,95,45,84,7,2,12,0,98,1
1938,24,94,62,66,67,82,1,2,2,2,92,1
1939,20,90,31,61,59,79,2,2,12,3,83,1
1940,20,69,47,51,36,74,5,1,11,4,79,1
1941,22,82,76,51,59,42,9,7,5,5,92,1
1942,20,72,62,61,26,45,3,8,10,0,90,1
1943,19,56,64,51,76,42,1,7,10,4,99,1
1944,26,67,80,45,27,49,6,2,4,4,67,1
1945,19,69,47,20,75,95,3,6,3,1,69,0
1946,19,74,59,75,50,76,7,1,4,2,60,1
1947,25,83,73,21,78,48,7,3,6,5,80,1
1948,26,83,82,100,77,74,6,5,0,0,84,1
1949,24,57,39,49,31,66,9,4,0,4,91,1
1950,20,73,81,90,67,83,8,8,10,4,69,1
1951,26,57,78,71,50,35,3,3,12,2,68,1
1952,20,68,40,28,82,43,6,4,0,5,79,1
1953,22,94,95,41,93,33,9,3,1,5,79,1
1954,26,58,87,53,58,84,9,7,8,4,99,1
1955,20,65,65,68,95,63,0,7,12,4,66,1
1956,24,85,62,20,39,56,3,2,4,4,70,0
1957,18,86,76,92,67,36,1,0,8,4,80,1
1958,21,81,42,72,90,32,8,5,12,1,97,1
1959,21,84,69,59,73,76,4,1,4,1,78,1
1960,24,56,97,64,97,31,2,1,6,5,74,1
1961,25,63,71,87,94,54,3,2,5,3,65,1
1962,18,82,48,28,90,89,5,7,1,0,69,1
1963,22,85,48,41,48,53,9,2,2,2,75,1
1964,24,88,87,37,93,44,0,6,4,3,70,1
1965,21,69,52,95,92,43,6,8,3,1,94,1
1966,21,79,83,62,67,83,7,7,10,1,67,1
1967,21,90,94,58,93,35,6,0,5,1,87,1
1968,23,62,41,92,75,47,6,6,7,3,62,1
1969,24,63,53,25,36,49,8,6,7,1,61,1
1970,19,91,63,67,28,91,3,7,2,3,73,1
1971,22,93,82,26,53,69,6,4,3,1,88,1
1972,21,86,37,99,64,68,8,8,0,4,62,1
1973,20,71,47,88,28,81,4,8,1,4,60,1
1974,24,89,86,35,26,61,1,7,12,0,74,1
1975,23,91,34,20,35,56,4,5,8,1,79,1
1976,24,73,55,56,38,81,3,5,11,0,81,1
1977,22,83,59,56,25,92,7,0,9,3,93,1
1978,23,61,83,100,30,92,4,5,9,0,92,1
1979,22,82,42,83,95,46,8,3,1,1,68,1
1980,24,63,58,81,80,78,8,3,11,3,62,1
1981,19,82,32,91,61,52,2,1,5,3,61,1
1982,22,60,87,80,32,42,9,3,6,4,63,1
1983,23,83,31,52,31,52,5,4,5,3,75,1
1984,23,71,57,85,93,86,5,4,7,3,92,1
1985,22,70,31,49,39,91,3,4,8,0,68,1
1986,24,77,36,39,69,83,10,3,7,5,99,1
1987,25,85,55,79,55,49,9,0,4,3,97,1
1988,24,57,45,93,88,81,2,7,7,2,77,1
1989,22,75,52,43,56,52,0,2,9,5,75,1
1990,18,80,69,23,31,64,6,1,9,4,67,1
1991,22,90,89,56,59,96,4,8,8,4,82,1
1992,19,91,61,23,73,63,9,6,7,3,95,1
1993,22,76,44,96,21,62,6,8,1,0,62,1
1994,22,66,42,96,69,75,0,1,1,5,74,1
1995,19,67,34,37,60,74,7,8,11,4,97,1
1996,22,65,81,85,64,48,2,8,2,4,92,1
1997,21,70,70,67,28,44,6,8,6,2,77,1
1998,18,62,82,52,81,95,2,3,8,3,82,1
1999,20,94,79,77,66,68,2,2,7,5,62,1
