GamerID,PreferredGenre,AvgSessionTimeMins,SessionsPerWeek,InGamePurchases,AchievementsUnlocked,FriendsInNetwork,PrefersMultiplayer,UsesVoiceChat,StreamingHoursPerWeek,GamerType
1001,Action,108.4,5,0,69,67,1,0,0.3,Achiever
1002,Puzzle,43.2,11,2,36,210,1,1,0.7,Socializer
1003,Shooter,54.8,6,2,82,41,1,1,0.9,Achiever
1004,Shooter,86.0,4,3,72,12,1,1,0.3,Casual
1005,Action,66.2,3,0,62,12,1,0,8.1,Casual
1006,Shooter,54.8,4,2,57,141,1,1,3.8,Explorer
1007,Sports,129.0,8,2,10,269,1,1,0.1,Explorer
1008,Action,38.0,9,4,87,187,1,0,5.5,Casual
1009,Simulation,22.3,8,0,36,253,1,0,4.9,Explorer
1010,RPG,44.3,6,2,53,24,1,0,1.1,Explorer
1011,Puzzle,24.0,1,0,61,132,1,0,0.2,Strategist
1012,Adventure,59.5,5,3,24,104,1,1,1.6,Explorer
1013,Action,104.2,2,2,52,231,0,1,0.8,Explorer
1014,Simulation,69.0,9,1,15,214,0,0,0.2,Strategist
1015,Simulation,24.2,2,3,71,124,1,0,1.9,Explorer
1016,Adventure,23.4,14,4,99,255,0,0,0.5,Socializer
1017,Action,123.8,2,5,99,118,1,1,0.8,Achiever
1018,Puzzle,93.7,6,2,50,68,1,0,5.1,Casual
1019,Simulation,10.0,9,2,20,153,1,0,15.6,Explorer
1020,Sports,81.3,9,3,66,147,0,0,2.3,Explorer
1021,RPG,25.8,2,1,42,194,1,1,0.5,Explorer
1022,Shooter,48.6,3,4,36,296,1,0,1.4,Casual
1023,Puzzle,54.9,7,0,65,51,0,1,4.1,Strategist
1024,Shooter,49.0,13,1,10,155,1,1,3.1,Achiever
1025,Puzzle,73.1,9,1,91,160,1,0,2.2,Achiever
1026,RPG,39.1,11,4,37,225,1,1,12.5,Casual
1027,Puzzle,28.4,12,1,31,278,1,0,0.8,Casual
1028,RPG,59.4,4,2,5,265,0,0,1.3,Socializer
1029,Shooter,95.4,5,4,11,105,0,1,1.0,Explorer
1030,Puzzle,42.5,14,5,7,137,0,1,0.4,Achiever
1031,Action,21.4,11,3,60,121,1,1,4.2,Achiever
1032,Adventure,35.0,8,1,27,46,0,0,0.9,Casual
1033,Sports,59.2,7,1,2,125,1,1,2.4,Casual
1034,Adventure,35.4,2,2,43,249,1,0,0.3,Achiever
1035,Sports,61.3,14,0,19,40,1,1,3.4,Casual
1036,Adventure,51.3,8,2,16,199,1,1,8.3,Socializer
1037,Sports,87.5,10,0,8,261,1,1,6.3,Achiever
1038,RPG,101.2,1,4,99,46,1,0,1.2,Strategist
1039,Action,72.2,10,2,98,284,1,1,5.3,Casual
1040,Puzzle,123.1,8,1,44,59,0,1,0.2,Socializer
1041,Adventure,115.7,12,3,46,15,1,1,6.0,Explorer
1042,Simulation,27.2,13,3,46,284,0,0,3.5,Achiever
1043,Sports,10.0,7,0,18,164,1,0,0.5,Strategist
1044,Sports,48.8,11,1,53,127,1,1,1.0,Achiever
1045,Shooter,57.4,11,1,20,18,1,0,10.6,Strategist
1046,Adventure,55.5,4,2,83,268,1,0,1.1,Strategist
1047,Sports,50.7,6,2,22,26,1,0,2.6,Strategist
1048,Action,99.2,6,2,60,181,1,0,7.0,Casual
1049,Simulation,57.7,13,2,53,91,1,0,6.8,Strategist
1050,Adventure,50.3,2,7,35,266,1,0,6.7,Strategist
1051,RPG,10.7,3,3,73,266,0,1,2.5,Explorer
1052,Action,48.4,9,2,61,61,1,0,5.4,Explorer
1053,Adventure,41.5,9,4,90,95,1,1,2.2,Explorer
1054,RPG,84.1,12,2,11,252,0,0,7.2,Explorer
1055,RPG,48.7,12,1,37,112,1,1,3.6,Achiever
1056,Sports,77.7,3,1,46,5,1,1,4.6,Strategist
1057,Puzzle,32.1,1,0,3,234,1,0,2.8,Achiever
1058,Simulation,56.6,3,3,26,158,1,0,1.7,Socializer
1059,RPG,20.9,5,0,27,18,1,1,0.5,Casual
1060,Adventure,66.9,12,3,0,216,1,0,8.5,Explorer
1061,Sports,59.8,10,0,73,42,1,1,3.7,Socializer
1062,Sports,88.2,2,2,38,223,1,1,1.7,Achiever
1063,Simulation,54.5,3,3,20,102,1,0,1.2,Casual
1064,Sports,70.9,5,2,61,215,1,1,0.3,Casual
1065,Action,131.8,3,0,17,95,1,1,5.3,Strategist
1066,Action,105.9,10,4,20,118,0,0,2.1,Achiever
1067,Adventure,100.0,1,2,25,222,0,0,1.6,Achiever
1068,Adventure,102.1,7,2,1,259,0,0,1.1,Casual
1069,Adventure,10.0,4,1,70,289,1,1,0.0,Casual
1070,RPG,73.3,9,3,56,292,1,1,0.5,Explorer
1071,Sports,48.2,13,3,57,71,0,1,4.1,Casual
1072,Action,60.1,12,3,82,182,1,1,1.3,Strategist
1073,Simulation,10.0,7,2,86,219,0,1,0.1,Strategist
1074,Sports,108.6,3,2,62,84,1,0,3.4,Socializer
1075,Action,47.6,10,2,95,74,0,1,1.4,Casual
1076,Sports,67.6,9,2,86,75,0,1,0.5,Socializer
1077,Shooter,53.5,13,1,66,266,0,0,2.7,Casual
1078,Shooter,88.8,10,1,1,133,0,0,1.9,Explorer
1079,Simulation,35.3,10,3,33,272,1,0,2.1,Explorer
1080,Puzzle,86.8,8,4,62,213,1,1,0.6,Casual
1081,Simulation,94.8,3,3,39,77,1,0,0.7,Socializer
1082,Action,59.7,3,0,13,154,1,1,0.5,Casual
1083,RPG,90.2,8,0,68,189,0,1,3.4,Achiever
1084,Sports,57.9,10,2,73,88,1,0,2.6,Explorer
1085,RPG,53.7,6,3,80,194,0,0,8.2,Socializer
1086,RPG,50.0,14,1,74,181,0,0,1.9,Strategist
1087,Action,27.3,12,2,59,189,0,1,18.9,Socializer
1088,Shooter,32.2,11,1,85,89,1,1,0.8,Socializer
1089,Shooter,90.3,4,0,29,281,1,1,0.9,Strategist
1090,RPG,113.1,6,3,94,284,1,0,7.2,Explorer
1091,Shooter,10.0,12,2,86,18,1,1,4.6,Achiever
1092,Simulation,10.0,12,0,53,25,1,0,2.4,Socializer
1093,Puzzle,86.1,13,3,42,193,0,1,1.6,Explorer
1094,Shooter,91.4,2,5,83,19,1,0,0.8,Explorer
1095,Action,87.2,10,2,88,289,0,1,3.5,Achiever
1096,Action,126.7,1,2,33,129,0,0,2.0,Explorer
1097,Puzzle,25.3,8,4,55,11,1,0,6.2,Casual
1098,Simulation,105.5,6,1,87,45,0,1,2.4,Explorer
1099,Sports,10.0,4,1,2,273,1,0,1.9,Socializer
1100,Puzzle,80.3,8,2,66,293,1,1,1.0,Strategist
1101,Simulation,88.4,4,2,46,180,0,0,2.8,Explorer
1102,Shooter,21.0,9,0,66,124,1,0,1.1,Explorer
1103,RPG,45.1,11,1,39,245,1,1,2.2,Achiever
1104,Shooter,62.4,11,1,98,229,1,0,5.7,Casual
1105,Shooter,66.7,11,0,67,109,1,0,1.0,Explorer
1106,RPG,44.8,7,0,15,98,1,1,12.6,Socializer
1107,Action,42.6,2,4,1,88,1,1,0.8,Strategist
1108,Sports,102.5,14,2,86,295,1,1,2.8,Socializer
1109,Puzzle,15.5,3,0,33,19,1,1,1.4,Achiever
1110,Sports,47.0,9,0,78,2,1,0,5.3,Explorer
1111,Simulation,18.3,8,0,33,297,1,0,2.7,Socializer
1112,Simulation,31.6,2,0,24,169,1,1,1.7,Casual
1113,Shooter,28.2,13,3,18,99,0,0,1.0,Strategist
1114,Adventure,35.3,4,4,68,149,1,1,2.1,Achiever
1115,Adventure,62.3,2,2,31,284,0,0,3.3,Casual
1116,Adventure,83.3,11,1,4,44,1,0,14.2,Casual
1117,RPG,72.1,9,2,79,247,1,1,0.5,Casual
1118,Puzzle,67.4,4,2,17,158,0,1,4.6,Strategist
1119,Sports,86.7,5,3,70,272,1,0,4.5,Explorer
1120,Action,32.1,12,1,9,275,1,1,3.2,Socializer
1121,Adventure,74.2,7,0,12,183,1,1,0.3,Socializer
1122,RPG,112.5,13,2,55,186,1,0,1.0,Socializer
1123,Action,57.5,2,3,62,261,1,1,0.4,Explorer
1124,Adventure,10.0,9,2,83,107,1,1,3.1,Achiever
1125,RPG,90.7,13,2,26,163,0,1,1.6,Socializer
1126,RPG,63.7,6,4,88,272,1,1,8.7,Strategist
1127,Simulation,41.1,10,2,57,226,1,1,1.0,Achiever
1128,RPG,84.7,10,1,87,164,1,1,1.1,Explorer
1129,Action,83.8,3,2,17,194,1,1,5.4,Socializer
1130,RPG,87.5,2,1,83,263,1,0,1.2,Casual
1131,Shooter,128.4,7,0,85,260,0,1,1.3,Strategist
1132,Action,72.9,13,5,49,189,1,0,4.0,Achiever
1133,Action,47.0,10,2,67,117,1,0,0.1,Casual
1134,Puzzle,68.8,11,1,6,297,1,0,1.5,Strategist
1135,Simulation,69.0,1,1,8,284,1,1,0.5,Strategist
1136,Puzzle,10.0,1,2,15,37,1,1,3.3,Achiever
1137,Shooter,51.6,9,0,69,52,1,1,1.8,Achiever
1138,Action,21.1,9,4,1,94,1,0,5.4,Socializer
1139,Adventure,29.2,11,0,68,169,1,1,1.8,Achiever
1140,RPG,54.0,1,3,22,123,1,0,1.8,Explorer
1141,Action,86.4,8,0,66,186,1,0,1.0,Achiever
1142,Adventure,83.0,5,2,74,159,1,1,5.6,Socializer
1143,RPG,82.8,9,3,64,155,0,1,1.0,Explorer
1144,Puzzle,58.5,7,2,88,78,1,1,0.4,Achiever
1145,Adventure,60.5,12,5,89,152,1,0,3.3,Casual
1146,Action,26.3,7,2,73,93,1,0,0.2,Achiever
1147,Action,84.2,3,1,80,62,1,1,5.8,Socializer
1148,RPG,69.6,11,1,52,8,1,1,1.3,Explorer
1149,Shooter,71.2,10,0,10,71,0,1,4.9,Socializer
1150,Simulation,48.3,14,3,7,217,1,1,0.5,Socializer
1151,Adventure,13.4,13,5,85,295,0,1,3.2,Socializer
1152,Action,123.6,1,2,1,254,1,1,0.8,Strategist
1153,Puzzle,91.7,14,2,24,286,0,1,1.3,Achiever
1154,Sports,66.1,3,2,37,279,0,0,7.4,Casual
1155,Adventure,46.8,14,2,73,37,1,0,0.9,Achiever
1156,Puzzle,85.5,10,2,25,99,1,1,0.4,Socializer
1157,Sports,90.2,13,6,35,5,1,1,2.4,Explorer
1158,Sports,21.0,7,0,66,30,0,1,1.5,Strategist
1159,Action,69.7,1,3,56,54,1,1,3.0,Socializer
1160,Simulation,73.8,14,0,93,77,0,1,0.1,Socializer
1161,Puzzle,82.6,6,0,50,96,1,0,3.5,Achiever
1162,Shooter,45.7,8,1,48,275,0,0,2.2,Casual
1163,Shooter,10.0,11,1,55,173,1,1,4.4,Socializer
1164,Adventure,38.9,7,1,27,44,1,0,8.8,Achiever
1165,Simulation,66.6,4,2,4,48,1,0,2.4,Explorer
1166,Sports,91.7,5,2,16,1,1,1,0.0,Casual
1167,Adventure,92.2,8,4,32,230,0,1,6.8,Socializer
1168,Adventure,56.9,13,3,31,56,1,1,0.2,Strategist
1169,Shooter,28.4,10,2,33,257,0,0,11.4,Casual
1170,RPG,66.0,8,1,0,268,1,1,4.8,Achiever
1171,Shooter,54.2,14,5,44,115,0,0,0.6,Achiever
1172,Adventure,60.6,3,7,45,37,1,0,2.5,Socializer
1173,Puzzle,77.2,11,2,49,270,1,0,5.7,Explorer
1174,Simulation,57.6,7,3,42,175,1,0,6.0,Strategist
1175,Simulation,126.8,9,0,93,259,1,0,3.7,Achiever
1176,RPG,40.1,11,2,50,171,1,1,1.7,Strategist
1177,Puzzle,77.4,7,5,86,50,0,0,6.7,Achiever
1178,Puzzle,33.3,14,2,11,19,1,1,0.7,Casual
1179,Adventure,19.1,4,2,78,85,1,0,5.9,Strategist
1180,Puzzle,81.1,7,0,76,169,0,1,7.9,Achiever
1181,Simulation,10.0,5,1,82,11,0,1,3.0,Explorer
1182,Puzzle,64.5,4,2,70,28,1,0,0.6,Casual
1183,Adventure,47.8,6,2,64,58,1,0,1.3,Strategist
1184,Action,94.9,5,3,29,221,1,0,1.1,Socializer
1185,Action,38.5,6,0,22,106,0,1,1.0,Explorer
1186,Shooter,38.0,8,0,87,245,1,0,1.7,Casual
1187,RPG,49.3,12,0,0,119,1,1,6.5,Strategist
1188,Shooter,77.1,9,2,23,242,1,0,4.9,Explorer
1189,RPG,64.8,14,2,53,108,0,1,3.1,Achiever
1190,Puzzle,40.7,6,3,41,270,1,0,1.7,Explorer
1191,Sports,30.8,8,2,91,20,0,1,11.9,Casual
1192,Puzzle,70.5,2,0,33,281,1,0,0.4,Socializer
1193,Adventure,81.7,10,4,1,197,0,0,3.4,Casual
1194,Adventure,74.9,11,0,62,205,1,0,6.7,Socializer
1195,Shooter,97.1,5,4,28,52,1,1,3.6,Strategist
1196,Simulation,13.9,7,1,55,143,1,1,1.1,Strategist
1197,Simulation,63.1,13,2,25,219,1,1,1.3,Achiever
1198,Sports,68.7,11,0,51,29,1,0,5.7,Casual
1199,Sports,72.9,14,3,7,114,0,0,0.1,Strategist
1200,Sports,37.5,7,1,29,19,1,1,0.5,Casual
1201,RPG,42.1,8,3,73,17,1,0,1.1,Strategist
1202,RPG,53.9,7,4,15,197,1,1,1.5,Achiever
1203,Puzzle,10.4,12,1,91,44,0,0,10.2,Casual
1204,Puzzle,89.3,10,3,25,133,1,0,0.3,Socializer
1205,Shooter,106.1,4,2,73,13,1,0,6.1,Strategist
1206,Shooter,36.6,4,1,74,136,1,1,2.4,Casual
1207,Sports,39.3,2,5,51,205,1,1,1.9,Casual
1208,Shooter,10.0,1,1,49,298,1,0,1.0,Strategist
1209,Adventure,75.3,13,2,2,12,1,1,4.0,Casual
1210,RPG,55.7,8,1,24,260,1,1,0.0,Achiever
1211,Shooter,85.2,7,1,48,23,0,0,2.5,Socializer
1212,Action,39.9,2,2,63,12,1,1,2.9,Explorer
1213,Action,81.1,2,4,59,22,1,1,4.7,Socializer
1214,Puzzle,76.8,10,2,0,280,1,1,1.5,Strategist
1215,Adventure,124.0,2,1,69,204,1,0,5.3,Explorer
1216,Shooter,19.0,2,1,44,240,0,1,1.9,Casual
1217,Shooter,90.2,2,0,64,28,0,0,8.0,Socializer
1218,Adventure,88.6,8,0,72,183,1,0,12.2,Casual
1219,Simulation,105.3,13,1,27,95,1,1,0.0,Strategist
1220,Action,31.8,13,4,47,237,0,1,0.6,Achiever
1221,Sports,60.7,1,3,4,28,1,1,4.7,Socializer
1222,Sports,94.9,6,2,81,272,1,0,0.5,Explorer
1223,Simulation,53.0,10,4,92,285,0,0,0.1,Socializer
1224,Shooter,45.5,9,2,32,93,1,0,4.6,Strategist
1225,Sports,81.5,2,2,43,40,0,1,0.9,Socializer
1226,Puzzle,86.4,7,1,7,178,1,1,3.5,Socializer
1227,RPG,71.4,8,2,62,187,1,1,3.1,Casual
1228,Shooter,44.4,11,1,37,60,0,1,0.3,Socializer
1229,Sports,73.8,14,2,88,35,1,1,7.6,Casual
1230,Adventure,80.5,13,1,42,285,0,0,3.9,Strategist
1231,Shooter,57.5,6,4,49,28,0,1,2.0,Socializer
1232,Adventure,29.9,4,4,24,109,1,0,0.0,Casual
1233,RPG,18.5,2,2,87,49,1,1,0.1,Socializer
1234,RPG,31.1,11,2,74,7,0,1,2.2,Achiever
1235,Shooter,50.2,8,2,85,22,0,0,1.6,Achiever
1236,Sports,84.4,8,4,62,97,1,1,2.9,Casual
1237,Puzzle,21.4,1,2,96,223,1,1,0.2,Achiever
1238,Action,54.6,1,2,2,289,1,1,1.6,Socializer
1239,Shooter,43.4,12,2,35,63,1,0,0.2,Socializer
1240,Shooter,10.0,7,1,53,183,1,0,2.4,Achiever
1241,Simulation,84.4,9,1,99,142,1,1,4.6,Achiever
1242,Shooter,28.9,3,0,72,62,1,0,3.1,Achiever
1243,Sports,28.3,12,1,49,270,1,0,0.4,Socializer
1244,Action,10.0,6,1,59,16,0,0,0.9,Achiever
1245,Action,92.4,1,1,0,203,1,1,2.2,Socializer
1246,Simulation,98.5,4,1,48,286,1,1,5.7,Strategist
1247,Action,100.1,9,3,49,233,1,0,3.7,Strategist
1248,RPG,63.4,6,1,90,268,1,0,1.1,Casual
1249,Shooter,46.6,12,2,89,98,1,0,1.3,Casual
1250,Sports,63.3,8,3,21,7,0,0,0.2,Socializer
1251,Shooter,57.2,5,2,39,43,0,0,9.7,Explorer
1252,Adventure,61.0,10,2,85,97,1,0,2.6,Achiever
1253,Action,43.8,2,3,36,22,1,0,4.2,Strategist
1254,Shooter,82.8,14,0,44,173,1,0,0.5,Casual
1255,Simulation,104.8,1,2,81,218,0,1,0.5,Explorer
1256,Puzzle,41.7,11,1,97,123,0,0,1.2,Strategist
1257,Adventure,33.2,12,0,55,102,1,1,0.8,Socializer
1258,Puzzle,59.8,5,2,13,70,1,0,2.1,Socializer
1259,Adventure,102.3,7,6,64,217,1,1,0.5,Socializer
1260,RPG,24.1,2,1,44,266,1,1,6.0,Explorer
1261,Action,63.3,12,2,10,183,1,1,1.6,Explorer
1262,Puzzle,82.0,10,4,53,120,0,1,3.7,Casual
1263,Action,82.7,11,2,81,206,1,0,0.9,Explorer
1264,Sports,54.8,5,3,79,171,1,1,5.5,Explorer
1265,Shooter,49.4,11,4,4,217,0,0,2.5,Strategist
1266,Sports,68.2,14,1,5,44,1,1,0.1,Socializer
1267,Adventure,39.9,4,3,8,121,1,1,3.5,Strategist
1268,Simulation,65.9,1,1,97,217,1,0,3.1,Socializer
1269,Puzzle,90.5,14,2,88,296,0,1,0.9,Casual
1270,RPG,47.7,3,2,3,184,1,0,1.1,Achiever
1271,Simulation,52.9,12,1,22,105,1,0,3.7,Strategist
1272,Simulation,41.5,1,3,33,243,0,0,1.2,Strategist
1273,Adventure,58.1,12,4,16,271,1,1,1.0,Strategist
1274,Simulation,37.8,3,0,93,7,1,1,3.7,Strategist
1275,Simulation,82.0,1,0,76,146,1,1,2.0,Explorer
1276,Action,23.1,6,2,2,15,1,0,7.0,Strategist
1277,Adventure,71.5,3,1,66,56,1,1,0.9,Achiever
1278,Adventure,17.7,8,4,27,201,1,1,2.5,Casual
1279,Puzzle,113.6,3,1,45,128,1,0,3.0,Casual
1280,Simulation,88.7,11,3,29,135,0,1,1.4,Casual
1281,Shooter,81.1,8,3,0,260,1,1,1.2,Casual
1282,Simulation,10.0,7,1,60,164,1,1,1.5,Explorer
1283,Puzzle,93.2,1,0,84,273,0,0,10.9,Socializer
1284,Action,63.5,4,1,43,117,0,0,12.4,Socializer
1285,Simulation,100.9,12,2,14,25,1,1,0.6,Achiever
1286,Adventure,92.3,1,2,2,126,1,1,13.4,Strategist
1287,Action,27.3,1,2,61,211,0,0,2.3,Achiever
1288,Simulation,79.7,7,3,55,118,0,1,2.0,Strategist
1289,RPG,42.5,12,1,15,101,1,0,0.5,Strategist
1290,Action,53.3,8,0,70,163,0,0,0.4,Casual
1291,Puzzle,37.3,1,3,40,192,1,0,0.2,Achiever
1292,Sports,89.3,3,0,47,35,0,0,8.6,Explorer
1293,Action,66.0,10,2,93,146,1,0,3.1,Explorer
1294,Sports,50.3,1,4,4,2,1,0,0.9,Casual
1295,Sports,72.7,13,2,42,131,1,0,0.9,Achiever
1296,RPG,100.1,14,1,87,138,1,1,0.2,Strategist
1297,Adventure,46.7,1,1,61,203,1,0,1.3,Explorer
1298,Adventure,32.6,12,0,60,129,1,0,1.7,Socializer
1299,Puzzle,62.1,10,3,16,224,0,1,1.8,Explorer
1300,Simulation,10.0,14,0,93,201,1,0,1.4,Casual
1301,Action,71.9,2,0,13,235,1,1,3.0,Strategist
1302,Adventure,58.8,13,1,16,30,1,1,0.9,Achiever
1303,Puzzle,123.4,4,3,69,234,1,1,1.6,Casual
1304,RPG,37.6,11,0,69,285,1,1,0.4,Achiever
1305,Adventure,89.8,2,3,74,147,1,0,3.9,Explorer
1306,RPG,59.7,6,1,34,265,1,1,2.7,Socializer
1307,Simulation,40.3,7,0,16,238,1,1,0.4,Explorer
1308,RPG,80.7,7,2,58,140,1,1,1.1,Achiever
1309,Puzzle,37.2,9,3,45,285,1,1,1.7,Casual
1310,Action,14.7,3,1,15,81,1,0,1.6,Strategist
1311,Simulation,60.2,14,2,24,105,1,0,1.2,Achiever
1312,Puzzle,49.9,8,2,36,27,0,1,4.6,Explorer
1313,Action,61.2,10,2,12,180,1,1,3.1,Achiever
1314,Puzzle,47.9,12,5,58,186,1,1,6.9,Strategist
1315,RPG,30.9,6,3,7,273,1,1,0.7,Socializer
1316,Adventure,87.2,10,2,10,190,1,0,2.3,Casual
1317,Sports,31.0,9,2,69,210,1,0,2.1,Explorer
1318,Shooter,67.2,7,2,17,168,0,1,0.8,Achiever
1319,Simulation,81.8,2,0,73,185,0,0,3.9,Achiever
1320,RPG,77.0,9,5,29,66,1,0,4.6,Achiever
1321,Adventure,72.0,4,2,92,192,1,1,2.7,Explorer
1322,Adventure,82.5,9,2,11,82,1,0,0.5,Socializer
1323,Sports,77.3,6,3,2,191,0,1,8.0,Casual
1324,Shooter,45.0,7,2,92,128,1,1,2.6,Casual
1325,Shooter,91.0,10,2,64,245,0,1,1.6,Strategist
1326,Action,10.0,7,3,76,169,1,1,1.9,Achiever
1327,Action,68.2,13,2,47,21,0,0,2.5,Achiever
1328,Puzzle,80.2,10,3,48,201,0,0,1.7,Explorer
1329,Shooter,60.4,3,1,75,295,1,0,6.9,Strategist
1330,Adventure,98.5,11,1,51,115,1,1,4.6,Casual
1331,Simulation,52.7,13,1,71,31,1,1,1.0,Strategist
1332,Shooter,33.7,8,0,91,168,1,1,4.2,Strategist
1333,Shooter,82.7,8,8,43,14,0,1,4.6,Achiever
1334,Adventure,105.5,10,2,61,114,1,1,0.9,Explorer
1335,Sports,144.2,11,2,53,232,1,0,0.5,Achiever
1336,Sports,69.0,9,2,17,17,0,0,1.8,Socializer
1337,Simulation,93.1,7,2,82,218,1,1,0.1,Strategist
1338,Puzzle,24.6,9,2,17,157,1,0,0.8,Achiever
1339,Shooter,124.5,13,1,33,10,1,1,0.9,Achiever
1340,Puzzle,81.0,5,2,73,45,1,0,0.1,Socializer
1341,Simulation,70.9,11,2,76,108,1,1,1.1,Casual
1342,Adventure,26.3,1,1,73,260,1,1,2.0,Explorer
1343,Action,59.0,7,1,53,53,0,1,0.2,Achiever
1344,Action,67.4,11,0,80,127,1,1,3.7,Strategist
1345,RPG,47.2,13,3,89,227,1,1,1.9,Explorer
1346,Shooter,54.6,9,5,28,202,1,0,10.8,Socializer
1347,Action,51.4,1,0,93,51,1,1,1.3,Strategist
1348,RPG,85.5,7,0,94,52,1,0,1.3,Casual
1349,Sports,22.8,10,1,55,189,0,1,9.2,Casual
1350,RPG,18.0,11,0,81,164,1,0,1.5,Achiever
1351,Action,66.6,1,1,5,37,1,1,4.5,Achiever
1352,Simulation,75.4,14,2,20,95,1,1,1.1,Achiever
1353,Puzzle,37.3,10,4,48,13,0,1,2.8,Socializer
1354,Shooter,85.2,11,0,15,79,1,1,1.3,Strategist
1355,Shooter,62.9,13,1,50,27,0,0,3.5,Achiever
1356,Adventure,88.5,11,3,87,231,0,1,3.2,Socializer
1357,Sports,125.8,9,5,84,133,1,1,2.5,Explorer
1358,Simulation,46.3,6,3,83,67,1,1,0.3,Achiever
1359,RPG,45.0,4,2,90,223,1,1,0.4,Explorer
1360,Shooter,40.2,5,0,76,37,1,1,1.8,Strategist
1361,Action,66.0,8,4,80,270,1,0,5.7,Strategist
1362,Simulation,108.1,14,0,60,82,0,1,4.9,Socializer
1363,Shooter,62.8,4,2,83,234,1,1,4.3,Socializer
1364,Sports,69.0,5,1,51,169,1,0,0.1,Explorer
1365,Action,117.0,1,1,78,253,1,0,4.3,Achiever
1366,Sports,39.2,11,8,65,104,1,0,5.0,Explorer
1367,RPG,58.2,9,4,93,63,0,0,1.7,Socializer
1368,Shooter,10.0,6,1,24,20,1,0,0.6,Casual
1369,RPG,26.1,14,1,66,169,0,1,1.2,Socializer
1370,Action,101.8,14,2,4,35,1,1,0.5,Achiever
1371,Sports,86.1,7,3,51,212,1,1,0.6,Strategist
1372,Sports,81.9,2,2,62,169,0,0,8.1,Socializer
1373,Sports,62.4,14,3,44,274,1,1,0.2,Socializer
1374,Sports,12.8,4,0,91,187,1,1,3.1,Strategist
1375,Shooter,60.5,10,5,67,179,0,0,0.9,Casual
1376,Adventure,66.4,3,4,52,168,1,1,1.2,Socializer
1377,Shooter,60.3,13,4,37,260,1,1,1.5,Strategist
1378,Action,22.8,1,5,9,199,0,1,1.4,Socializer
1379,Simulation,11.6,7,2,51,185,1,0,4.3,Socializer
1380,Puzzle,83.2,5,3,59,47,0,1,0.8,Achiever
1381,Adventure,105.1,13,3,81,212,1,1,1.7,Strategist
1382,Action,119.7,3,4,38,73,1,1,14.1,Casual
1383,Simulation,51.4,14,3,44,55,1,0,0.2,Casual
1384,Action,52.7,8,1,82,21,0,1,0.2,Explorer
1385,Action,82.9,7,2,90,211,1,0,4.3,Strategist
1386,Puzzle,85.6,4,2,67,265,1,1,0.5,Casual
1387,Action,77.8,1,1,47,205,1,0,5.0,Socializer
1388,RPG,19.4,7,1,16,110,1,1,1.3,Casual
1389,Sports,60.2,14,5,17,113,0,0,0.0,Achiever
1390,Action,125.4,3,1,44,81,0,0,0.6,Casual
1391,Shooter,47.0,3,2,94,157,0,0,0.1,Socializer
1392,RPG,121.6,8,2,16,290,0,1,5.0,Strategist
1393,Simulation,107.5,3,1,6,69,0,1,0.7,Socializer
1394,Sports,17.4,7,4,83,34,0,0,2.3,Achiever
1395,Adventure,52.3,2,2,45,26,1,1,5.2,Socializer
1396,Adventure,64.2,9,1,34,273,0,1,3.0,Socializer
1397,Shooter,115.1,8,2,70,236,0,1,1.7,Socializer
1398,Action,52.6,4,3,21,55,1,0,3.5,Casual
1399,RPG,90.8,9,3,65,150,1,1,2.3,Strategist
1400,Shooter,90.4,14,1,77,23,1,1,0.3,Socializer
1401,Shooter,34.1,1,4,7,93,0,1,3.5,Socializer
1402,Shooter,19.5,14,2,13,65,1,1,0.6,Strategist
1403,Simulation,81.1,6,2,85,176,1,1,2.1,Socializer
1404,Sports,50.6,10,1,68,8,1,1,0.2,Explorer
1405,Sports,53.2,9,0,46,56,1,0,0.3,Socializer
1406,Sports,103.1,11,0,57,186,1,0,0.1,Casual
1407,Action,75.9,8,1,81,41,0,0,11.2,Explorer
1408,Sports,103.2,5,4,45,266,1,1,4.8,Strategist
1409,Shooter,17.1,11,1,70,136,0,0,1.4,Strategist
1410,Sports,103.4,12,3,50,34,1,0,1.7,Strategist
1411,Adventure,86.2,14,7,71,196,0,1,4.1,Strategist
1412,Sports,10.0,9,2,69,276,1,0,0.7,Strategist
1413,Adventure,51.6,9,5,97,25,1,0,6.4,Socializer
1414,Adventure,10.0,8,1,84,86,0,0,0.6,Explorer
1415,Simulation,63.7,14,3,46,102,1,0,1.0,Strategist
1416,Sports,54.7,1,1,96,40,0,1,1.4,Casual
1417,Puzzle,58.8,10,2,33,14,1,1,0.1,Strategist
1418,Adventure,75.6,6,0,24,122,1,0,4.4,Explorer
1419,Sports,29.4,12,2,20,228,1,1,2.3,Strategist
1420,Simulation,132.0,4,2,8,136,0,0,0.9,Casual
1421,RPG,33.4,6,2,59,70,1,1,14.4,Achiever
1422,Puzzle,56.4,9,1,4,288,1,1,2.4,Socializer
1423,Adventure,25.7,8,2,57,10,1,1,2.2,Explorer
1424,Action,99.7,5,2,82,115,1,1,2.3,Casual
1425,RPG,76.2,10,1,97,105,0,0,0.4,Achiever
1426,Simulation,67.7,8,5,85,185,1,1,0.8,Strategist
1427,Simulation,46.8,2,1,86,214,1,1,2.8,Strategist
1428,Sports,22.3,5,1,99,286,0,1,0.5,Achiever
1429,Adventure,71.4,11,4,62,139,0,0,4.1,Socializer
1430,Action,37.0,12,2,98,99,1,0,6.8,Strategist
1431,RPG,92.8,9,1,1,55,1,0,0.2,Casual
1432,Puzzle,76.8,8,1,67,114,1,1,0.2,Achiever
1433,Sports,79.2,7,2,36,60,1,1,1.5,Casual
1434,Puzzle,76.9,10,1,83,141,0,0,1.4,Achiever
1435,Puzzle,67.0,2,1,75,246,1,0,4.0,Casual
1436,Action,84.1,5,1,30,256,0,0,0.9,Achiever
1437,Adventure,101.3,1,2,94,232,0,0,6.3,Socializer
1438,Shooter,65.5,9,1,21,205,1,1,1.0,Explorer
1439,Shooter,89.3,2,4,42,121,1,1,3.1,Casual
1440,Simulation,129.5,14,4,19,239,1,0,4.1,Strategist
1441,Action,27.8,1,2,15,72,0,1,7.7,Casual
1442,Action,29.1,13,1,16,41,1,0,3.3,Achiever
1443,Simulation,57.1,2,2,72,183,1,1,1.7,Achiever
1444,Puzzle,84.7,7,1,96,43,0,1,0.7,Explorer
1445,Puzzle,30.7,4,1,38,207,1,0,2.0,Strategist
1446,Shooter,83.5,14,2,23,263,1,1,0.2,Achiever
1447,Sports,28.3,3,1,58,206,0,0,3.3,Strategist
1448,Simulation,77.5,1,3,33,272,0,1,6.1,Socializer
1449,Sports,52.5,6,1,54,243,1,1,0.6,Socializer
1450,Puzzle,57.6,3,2,48,251,0,1,0.5,Achiever
1451,Simulation,114.1,12,2,77,26,0,0,1.5,Strategist
1452,RPG,91.0,13,2,73,23,1,0,0.1,Strategist
1453,Simulation,49.6,8,3,60,153,0,0,0.6,Socializer
1454,Shooter,77.2,11,2,7,144,1,0,1.5,Achiever
1455,Action,12.9,12,0,11,167,1,0,2.2,Explorer
1456,RPG,60.9,12,0,26,199,1,0,1.9,Achiever
1457,Shooter,81.2,10,3,80,296,1,0,3.3,Socializer
1458,Simulation,50.7,10,3,41,56,1,0,3.2,Achiever
1459,RPG,137.4,3,3,52,195,1,1,0.7,Strategist
1460,Adventure,10.0,14,1,63,115,1,0,1.0,Casual
1461,Simulation,42.3,2,2,68,217,1,0,3.9,Explorer
1462,Action,116.0,10,1,66,95,1,1,2.0,Socializer
1463,Action,36.8,2,1,48,286,0,0,2.2,Explorer
1464,Shooter,95.3,13,1,19,33,1,0,1.3,Socializer
1465,Puzzle,82.7,4,2,87,211,0,1,1.4,Socializer
1466,Simulation,48.9,5,1,78,88,0,1,1.2,Explorer
1467,Puzzle,92.6,2,3,56,286,0,0,0.4,Explorer
1468,Sports,35.2,2,2,91,251,0,1,13.7,Achiever
1469,RPG,10.0,2,3,61,46,1,1,3.1,Strategist
1470,Puzzle,48.1,2,4,56,154,1,1,1.1,Strategist
1471,Simulation,32.0,13,3,91,198,1,1,2.1,Achiever
1472,Action,97.0,5,0,66,129,1,1,0.8,Casual
1473,Puzzle,68.6,13,2,31,98,1,0,0.8,Achiever
1474,Puzzle,10.0,7,3,71,44,0,1,4.4,Achiever
1475,RPG,91.8,1,2,86,51,0,0,3.2,Strategist
1476,Adventure,66.0,14,1,48,268,1,0,3.6,Casual
1477,RPG,67.6,3,4,60,125,1,0,5.7,Explorer
1478,Simulation,48.4,12,3,52,166,0,0,1.5,Strategist
1479,Simulation,90.4,8,1,31,231,0,0,5.2,Casual
1480,Sports,10.0,14,2,78,114,0,0,3.8,Explorer
1481,Action,15.4,1,1,60,48,0,0,0.8,Achiever
1482,Action,63.0,7,1,10,261,1,1,2.6,Achiever
1483,RPG,72.2,2,3,39,141,0,1,3.9,Strategist
1484,Action,77.6,1,2,20,73,1,1,5.3,Strategist
1485,RPG,42.2,3,1,17,276,0,1,1.4,Casual
1486,Shooter,98.9,9,0,3,248,1,1,1.6,Explorer
1487,Shooter,73.6,4,5,77,93,1,1,2.7,Explorer
1488,Simulation,89.7,11,2,47,294,1,0,3.2,Strategist
1489,Adventure,74.8,5,2,84,38,1,1,9.5,Achiever
1490,Shooter,85.5,1,2,33,298,1,0,5.5,Casual
1491,Simulation,40.2,7,3,66,246,1,0,6.2,Strategist
1492,Action,87.7,2,0,99,12,1,0,0.8,Socializer
1493,Shooter,77.7,12,2,58,180,1,0,1.5,Socializer
1494,Action,98.0,14,0,71,42,1,1,4.6,Strategist
1495,Action,10.0,3,1,91,84,1,0,0.1,Strategist
1496,Sports,42.3,14,3,79,10,1,0,1.2,Achiever
1497,Simulation,106.9,7,5,35,211,1,1,0.1,Achiever
1498,RPG,117.3,14,3,61,282,0,0,1.8,Achiever
1499,Action,117.0,10,3,28,292,1,0,1.6,Socializer
1500,Simulation,67.5,2,1,23,79,1,0,0.9,Socializer
1501,Sports,64.7,2,3,92,235,1,0,0.6,Casual
1502,Simulation,85.2,11,0,76,264,0,1,3.6,Casual
1503,RPG,24.9,7,1,4,156,1,0,0.3,Casual
1504,Shooter,18.9,11,0,91,90,1,1,4.2,Explorer
1505,Shooter,68.4,9,3,96,248,1,1,1.0,Strategist
1506,Action,121.6,14,1,86,183,1,0,2.8,Socializer
1507,Shooter,15.3,12,1,12,116,1,1,2.5,Explorer
1508,RPG,62.6,4,4,46,204,0,0,5.0,Achiever
1509,Shooter,68.6,3,3,54,168,1,0,1.0,Achiever
1510,Puzzle,38.1,12,0,58,237,0,0,7.1,Socializer
1511,Sports,34.6,10,4,56,91,1,0,3.7,Socializer
1512,Shooter,106.5,12,2,99,218,1,1,2.6,Socializer
1513,Shooter,53.3,10,3,32,84,1,0,2.4,Casual
1514,Action,88.0,13,1,60,183,1,0,12.6,Socializer
1515,Action,10.0,7,0,44,42,1,1,4.7,Strategist
1516,Shooter,31.1,10,4,86,28,1,0,0.2,Achiever
1517,Action,48.7,5,0,44,136,1,0,1.0,Socializer
1518,Shooter,98.7,7,1,88,147,0,1,2.4,Strategist
1519,Simulation,21.2,3,2,91,139,0,0,0.9,Explorer
1520,RPG,39.0,4,5,2,104,1,1,7.1,Strategist
1521,Shooter,68.7,11,2,4,57,1,1,2.5,Strategist
1522,Action,118.4,3,3,36,66,1,0,5.1,Strategist
1523,Action,49.3,9,5,7,185,1,0,0.9,Socializer
1524,Shooter,62.5,5,2,77,210,0,1,11.7,Strategist
1525,Action,10.0,13,0,26,0,1,1,3.3,Strategist
1526,Puzzle,23.3,4,1,20,39,1,0,5.0,Explorer
1527,Sports,80.8,9,1,64,257,0,1,2.2,Casual
1528,RPG,71.2,7,3,57,42,1,0,2.9,Achiever
1529,Adventure,10.0,5,1,85,225,0,0,3.4,Casual
1530,Simulation,89.5,13,3,81,134,0,0,3.6,Strategist
1531,Simulation,53.8,9,7,59,94,0,0,0.2,Strategist
1532,Action,66.4,7,1,51,61,1,1,3.7,Explorer
1533,Adventure,81.6,6,0,98,234,0,1,3.0,Socializer
1534,Sports,87.7,12,5,66,232,1,0,0.6,Casual
1535,Action,60.8,1,2,92,293,0,1,2.0,Socializer
1536,Simulation,74.9,12,1,33,43,1,0,3.5,Explorer
1537,Simulation,53.7,3,3,83,292,1,0,0.0,Casual
1538,Action,53.8,9,2,12,208,1,1,0.4,Casual
1539,Shooter,59.6,13,1,99,212,0,0,1.8,Achiever
1540,Simulation,57.4,10,2,67,45,1,0,3.9,Achiever
1541,Puzzle,61.0,7,0,55,97,0,0,11.2,Strategist
1542,Action,85.0,10,2,9,121,1,0,1.1,Explorer
1543,Adventure,34.3,1,0,24,37,0,0,2.8,Strategist
1544,Shooter,60.0,10,3,96,273,1,1,3.6,Achiever
1545,Simulation,83.2,9,4,64,26,0,1,1.0,Casual
1546,Sports,90.0,9,1,21,164,0,1,3.2,Socializer
1547,RPG,64.8,14,4,47,85,0,0,4.2,Strategist
1548,Simulation,75.4,3,3,53,277,1,0,6.2,Explorer
1549,Action,83.8,2,1,63,45,1,0,17.8,Socializer
1550,Action,75.3,10,1,62,21,0,1,0.5,Explorer
1551,RPG,27.5,9,3,69,20,1,1,3.2,Achiever
1552,Adventure,40.6,6,4,33,198,0,1,1.1,Explorer
1553,Sports,13.7,13,3,12,126,1,0,5.5,Socializer
1554,Sports,63.4,9,0,20,260,1,1,0.8,Strategist
1555,Sports,53.2,6,3,62,76,1,1,0.5,Socializer
1556,RPG,30.5,2,1,62,275,0,0,0.3,Explorer
1557,Adventure,104.4,11,0,26,169,1,0,4.0,Achiever
1558,Action,39.0,8,2,14,150,1,0,0.8,Socializer
1559,Sports,37.5,6,0,0,21,1,0,1.3,Casual
1560,Action,109.4,7,1,58,157,0,0,1.1,Strategist
1561,Puzzle,67.2,9,1,19,267,1,0,2.0,Socializer
1562,Sports,68.4,1,1,82,8,0,1,0.9,Socializer
1563,RPG,75.7,14,1,99,195,1,0,3.1,Explorer
1564,Simulation,13.3,4,0,90,285,1,1,4.0,Achiever
1565,Simulation,31.2,12,3,76,130,1,0,2.4,Achiever
1566,Action,29.8,6,3,49,106,0,1,1.5,Achiever
1567,Sports,10.0,12,3,40,97,0,1,10.7,Achiever
1568,Sports,73.7,2,4,9,157,1,0,5.8,Socializer
1569,Action,82.2,11,3,56,269,1,1,15.6,Achiever
1570,Action,59.4,6,1,82,294,1,1,0.1,Explorer
1571,Adventure,24.5,13,2,38,58,0,1,0.1,Explorer
1572,Adventure,72.2,3,1,38,243,1,1,1.5,Casual
1573,RPG,16.5,4,1,63,252,0,1,3.9,Socializer
1574,Shooter,39.3,3,0,13,8,1,1,3.6,Achiever
1575,Simulation,41.8,9,5,82,150,1,1,0.2,Casual
1576,Simulation,133.8,2,1,44,296,0,1,6.0,Strategist
1577,RPG,47.1,4,0,59,53,1,0,3.6,Casual
1578,Shooter,26.0,7,3,69,179,1,1,2.4,Explorer
1579,Adventure,26.5,7,3,46,298,1,1,0.1,Socializer
1580,Simulation,53.4,4,4,7,291,0,1,4.8,Socializer
1581,RPG,128.7,8,2,29,149,1,1,5.2,Strategist
1582,Simulation,18.9,12,1,66,68,1,0,0.9,Socializer
1583,Simulation,108.4,8,1,6,192,1,1,5.9,Explorer
1584,Adventure,23.1,1,0,39,201,0,1,2.8,Strategist
1585,Sports,58.3,6,0,8,12,1,0,2.9,Explorer
1586,Simulation,92.2,10,4,34,87,1,0,1.0,Socializer
1587,Action,71.1,10,3,45,244,0,1,7.8,Strategist
1588,Adventure,63.7,10,2,36,62,0,1,3.9,Strategist
1589,Action,36.0,12,1,3,230,1,0,2.6,Socializer
1590,Adventure,82.3,11,1,27,238,0,1,1.2,Explorer
1591,Puzzle,56.3,2,0,58,249,1,1,1.1,Strategist
1592,Action,10.0,10,0,72,124,0,0,1.3,Achiever
1593,Sports,52.8,12,3,26,133,1,1,6.0,Explorer
1594,RPG,27.0,8,1,42,221,1,1,4.3,Achiever
1595,Action,35.3,2,4,85,148,1,0,9.6,Socializer
1596,Sports,113.0,12,1,50,175,1,1,2.1,Achiever
1597,RPG,54.6,8,3,72,273,0,1,7.5,Achiever
1598,Puzzle,38.2,2,2,84,192,1,1,0.4,Socializer
1599,Shooter,132.0,9,0,67,39,1,1,0.1,Casual
1600,Adventure,37.5,2,2,64,285,1,1,4.1,Socializer
1601,Sports,15.5,13,1,18,285,1,1,0.4,Explorer
1602,Sports,119.7,10,2,59,251,1,0,3.3,Achiever
1603,Puzzle,65.6,2,2,71,33,0,0,0.8,Achiever
1604,Shooter,101.3,3,1,15,297,1,1,1.0,Achiever
1605,Sports,10.0,2,4,71,31,0,0,2.4,Casual
1606,RPG,28.1,8,1,86,37,1,0,1.2,Strategist
1607,RPG,98.0,1,3,40,195,0,0,1.1,Casual
1608,Action,66.0,6,0,39,74,1,1,0.0,Strategist
1609,Action,38.5,13,1,36,215,0,0,0.4,Explorer
1610,Action,22.7,3,2,71,82,1,1,6.7,Casual
1611,Puzzle,83.0,5,1,76,200,0,0,0.0,Casual
1612,Simulation,54.7,14,2,8,22,1,1,2.9,Casual
1613,Simulation,31.3,4,1,17,67,1,1,2.7,Casual
1614,RPG,52.0,5,0,17,207,1,1,1.3,Casual
1615,Puzzle,37.5,4,3,14,268,1,0,1.7,Socializer
1616,Adventure,33.8,12,3,71,260,1,1,2.3,Explorer
1617,RPG,16.3,13,2,69,249,1,1,1.3,Casual
1618,Shooter,87.0,12,1,99,265,1,0,0.0,Casual
1619,Simulation,56.0,7,1,92,174,1,1,1.8,Explorer
1620,Simulation,90.8,9,3,35,177,1,0,4.1,Explorer
1621,Puzzle,111.9,3,1,3,168,0,0,0.7,Strategist
1622,Simulation,61.6,10,3,37,225,1,0,4.8,Strategist
1623,Simulation,119.8,1,2,7,20,0,1,1.0,Explorer
1624,RPG,89.9,6,4,57,138,1,0,5.9,Achiever
1625,RPG,48.3,10,1,35,220,1,1,3.2,Achiever
1626,Adventure,95.0,6,0,36,160,0,1,2.2,Strategist
1627,Puzzle,29.8,8,4,43,36,1,0,0.2,Casual
1628,Puzzle,63.1,13,2,93,72,1,0,1.7,Casual
1629,Sports,87.8,8,1,2,83,0,0,0.1,Strategist
1630,Simulation,70.7,11,1,41,85,1,0,0.1,Explorer
1631,Action,78.1,13,0,51,5,1,0,7.0,Achiever
1632,Action,96.6,9,2,56,184,1,0,2.4,Socializer
1633,Simulation,126.4,4,2,83,55,1,1,1.9,Explorer
1634,Sports,52.7,12,3,62,33,1,0,2.1,Socializer
1635,RPG,80.7,2,3,84,140,0,0,1.0,Strategist
1636,RPG,18.4,9,0,2,54,1,0,0.8,Explorer
1637,Adventure,58.3,11,4,52,279,1,0,0.3,Socializer
1638,Simulation,51.8,1,3,21,104,1,0,0.7,Socializer
1639,Sports,85.0,14,2,8,75,1,0,2.0,Strategist
1640,Action,58.5,2,1,13,17,1,0,1.0,Achiever
1641,RPG,69.6,3,2,46,53,1,1,2.0,Explorer
1642,Sports,77.0,2,3,56,45,1,0,15.2,Strategist
1643,Simulation,23.6,12,5,8,278,1,0,0.4,Strategist
1644,Shooter,107.7,5,3,80,57,1,0,0.6,Explorer
1645,Sports,48.6,9,1,85,122,1,1,0.6,Strategist
1646,Puzzle,80.3,10,2,56,229,0,1,13.2,Explorer
1647,Sports,13.0,8,4,73,91,1,1,8.8,Socializer
1648,Simulation,66.0,13,4,8,253,1,0,3.0,Achiever
1649,RPG,120.4,13,3,11,287,1,0,1.3,Explorer
1650,Adventure,84.5,13,1,49,206,0,1,0.8,Achiever
1651,Puzzle,74.7,9,2,56,236,1,1,8.0,Strategist
1652,Puzzle,92.4,3,2,13,242,1,0,2.2,Achiever
1653,Adventure,76.6,14,1,19,113,1,0,1.0,Strategist
1654,Puzzle,78.7,9,0,45,262,1,0,2.8,Strategist
1655,Action,55.3,4,1,9,286,1,0,5.0,Socializer
1656,Adventure,62.8,11,2,86,154,1,0,1.2,Strategist
1657,RPG,25.8,9,0,38,3,1,1,0.7,Strategist
1658,Shooter,103.4,9,1,8,105,0,1,3.0,Socializer
1659,Puzzle,98.1,6,2,11,140,0,1,5.5,Explorer
1660,Shooter,33.3,2,3,96,125,0,1,1.1,Achiever
1661,Simulation,110.2,9,1,96,35,0,1,0.4,Explorer
1662,Shooter,59.0,4,5,62,226,0,1,1.4,Strategist
1663,Shooter,30.9,7,2,48,94,1,0,2.6,Achiever
1664,Shooter,74.2,6,2,16,143,0,0,0.5,Strategist
1665,Puzzle,42.3,11,2,53,283,1,1,2.4,Strategist
1666,Sports,38.1,10,3,5,132,1,0,1.4,Achiever
1667,RPG,42.3,13,2,54,218,1,1,4.2,Explorer
1668,RPG,82.0,13,1,73,187,1,1,2.2,Explorer
1669,Adventure,71.0,13,1,30,222,1,1,1.0,Casual
1670,Action,58.1,8,3,14,88,1,1,5.2,Socializer
1671,Action,17.6,2,2,5,217,1,0,0.4,Achiever
1672,Shooter,69.5,5,3,65,46,1,0,1.6,Casual
1673,Shooter,79.2,1,1,86,62,1,1,4.2,Socializer
1674,Puzzle,91.0,2,1,40,120,1,1,3.0,Casual
1675,Adventure,158.3,12,4,35,245,1,0,2.6,Socializer
1676,Simulation,94.9,13,0,64,244,0,1,18.6,Strategist
1677,RPG,50.6,11,2,99,267,0,0,0.5,Strategist
1678,Puzzle,71.7,4,0,88,80,1,1,2.4,Strategist
1679,Puzzle,56.0,8,0,31,291,1,1,0.1,Strategist
1680,Shooter,101.8,6,1,75,160,0,0,3.6,Explorer
1681,Puzzle,69.7,11,3,23,234,0,0,2.4,Achiever
1682,Action,38.8,11,3,19,150,1,1,3.9,Achiever
1683,Sports,95.3,6,2,12,150,0,1,1.9,Achiever
1684,Simulation,100.1,3,3,34,31,1,1,2.5,Socializer
1685,Simulation,60.7,5,3,46,255,1,0,0.5,Achiever
1686,RPG,62.6,1,1,74,252,1,0,3.9,Explorer
1687,Simulation,80.5,4,2,5,176,1,0,9.5,Achiever
1688,Puzzle,20.0,12,4,82,280,1,1,3.5,Socializer
1689,Action,69.9,5,2,50,218,0,1,4.5,Socializer
1690,RPG,98.1,7,1,56,230,0,1,3.5,Achiever
1691,Sports,54.4,13,0,63,271,1,1,1.1,Explorer
1692,Action,75.7,9,1,15,189,1,1,0.8,Strategist
1693,Shooter,61.6,12,1,95,76,0,1,12.5,Achiever
1694,Puzzle,145.6,1,3,87,99,1,0,3.1,Achiever
1695,Shooter,35.8,2,0,40,199,1,1,4.1,Casual
1696,Sports,72.8,4,3,11,216,1,0,4.6,Achiever
1697,RPG,30.4,8,3,11,203,0,1,0.3,Casual
1698,Simulation,47.4,8,1,13,91,1,1,5.2,Achiever
1699,Shooter,68.8,9,2,8,68,1,1,2.1,Socializer
1700,Adventure,62.9,10,2,33,127,0,1,1.3,Explorer
1701,Sports,37.4,12,1,50,48,1,0,2.4,Socializer
1702,Action,87.7,12,4,97,246,1,0,5.4,Strategist
1703,Action,126.4,13,1,66,57,1,1,2.3,Strategist
1704,Adventure,60.0,10,0,99,163,1,1,1.2,Socializer
1705,Sports,41.4,2,4,27,103,0,0,1.7,Achiever
1706,Adventure,103.7,11,2,4,17,1,0,2.4,Explorer
1707,Shooter,54.1,9,3,57,91,1,1,0.8,Explorer
1708,Sports,74.7,5,1,76,106,1,0,3.9,Strategist
1709,Puzzle,93.3,14,4,38,47,1,1,4.1,Casual
1710,Sports,65.4,4,0,91,83,1,1,3.4,Socializer
1711,Simulation,50.4,7,3,27,246,0,0,0.6,Achiever
1712,RPG,54.8,9,2,98,239,1,0,7.5,Socializer
1713,Sports,53.7,2,0,62,89,1,0,0.7,Casual
1714,Puzzle,10.8,5,2,89,7,1,0,2.3,Socializer
1715,Action,107.2,11,1,39,200,1,0,7.3,Explorer
1716,RPG,22.3,4,2,35,198,0,0,2.3,Socializer
1717,Puzzle,70.9,3,5,93,260,1,0,1.4,Explorer
1718,Simulation,105.8,12,4,87,31,1,1,2.1,Strategist
1719,Sports,47.9,3,7,41,262,1,1,8.2,Explorer
1720,Shooter,21.2,4,1,79,134,1,1,0.0,Achiever
1721,Sports,37.6,3,3,95,154,0,0,0.8,Achiever
1722,RPG,66.7,6,2,45,163,1,0,0.9,Achiever
1723,RPG,82.7,2,3,90,172,1,1,0.6,Socializer
1724,Puzzle,98.8,13,2,71,179,1,0,0.5,Socializer
1725,Adventure,90.8,5,3,95,106,0,1,5.9,Achiever
1726,Shooter,61.6,14,4,87,168,0,1,7.1,Casual
1727,RPG,71.6,3,2,57,92,0,1,2.3,Casual
1728,Action,61.5,7,2,8,73,1,1,0.0,Strategist
1729,RPG,64.4,2,2,14,31,1,1,0.6,Casual
1730,Action,32.8,3,2,98,88,1,0,2.4,Achiever
1731,RPG,86.1,5,0,3,182,1,0,5.9,Explorer
1732,Puzzle,45.9,4,0,37,42,1,0,0.1,Socializer
1733,Shooter,41.6,12,5,22,93,0,0,1.2,Achiever
1734,Simulation,105.4,1,1,81,146,1,1,7.4,Achiever
1735,Adventure,78.6,14,1,18,168,0,1,1.1,Achiever
1736,Simulation,10.0,5,3,48,45,0,1,6.6,Socializer
1737,RPG,73.2,2,4,48,9,0,0,1.9,Socializer
1738,Puzzle,40.3,14,0,26,296,1,1,3.4,Socializer
1739,Puzzle,92.7,2,1,51,197,1,1,4.1,Strategist
1740,Sports,15.5,1,2,47,204,1,0,1.5,Casual
1741,Simulation,98.0,14,2,22,78,1,0,5.2,Achiever
1742,Shooter,93.4,12,0,28,247,1,0,0.6,Explorer
1743,Shooter,47.2,6,1,82,155,1,0,5.8,Strategist
1744,Puzzle,10.0,13,3,10,3,1,0,4.0,Achiever
1745,Simulation,60.0,5,4,60,113,1,1,6.8,Casual
1746,Puzzle,65.1,6,0,89,168,1,0,4.4,Casual
1747,Sports,83.0,5,2,86,192,1,0,0.6,Casual
1748,RPG,59.0,12,3,21,11,0,0,0.4,Explorer
1749,Sports,10.0,1,2,38,281,0,1,0.7,Socializer
1750,Shooter,81.2,14,2,92,209,0,0,0.5,Achiever
1751,RPG,63.0,2,1,27,0,1,1,1.6,Casual
1752,Shooter,45.3,11,2,48,286,1,0,1.9,Achiever
1753,Sports,42.7,10,2,29,21,0,0,2.8,Explorer
1754,Shooter,43.5,6,2,36,220,1,1,3.6,Achiever
1755,Sports,57.6,1,4,16,73,0,1,7.6,Strategist
1756,RPG,58.3,2,4,7,137,1,0,5.6,Casual
1757,Action,86.7,9,1,3,138,1,0,1.0,Strategist
1758,Puzzle,71.1,1,4,11,225,1,1,0.8,Strategist
1759,Adventure,92.7,8,5,21,162,1,0,12.9,Socializer
1760,Action,108.5,12,2,48,47,1,1,0.4,Casual
1761,Adventure,44.5,2,2,7,50,1,1,0.0,Strategist
1762,Adventure,86.3,4,2,51,178,1,0,1.1,Achiever
1763,RPG,105.5,14,2,4,248,0,1,0.5,Strategist
1764,Action,74.5,3,3,56,290,1,0,2.2,Casual
1765,Action,12.1,5,0,4,220,0,0,3.9,Casual
1766,Sports,45.9,8,2,5,285,1,0,1.4,Explorer
1767,RPG,66.8,13,1,78,79,1,1,1.4,Explorer
1768,Shooter,63.9,4,0,25,289,1,0,0.7,Socializer
1769,Puzzle,48.7,3,2,5,29,1,1,1.1,Socializer
1770,Action,10.3,11,1,60,54,1,0,4.0,Achiever
1771,Puzzle,63.4,1,4,61,140,1,1,0.8,Casual
1772,Shooter,58.1,2,2,12,79,1,1,1.0,Socializer
1773,Adventure,10.0,7,2,32,291,1,0,0.7,Socializer
1774,Adventure,36.5,5,1,24,76,0,1,1.2,Achiever
1775,Sports,92.5,6,1,91,290,1,0,1.9,Socializer
1776,Shooter,75.5,6,1,87,123,1,0,5.1,Strategist
1777,Action,48.6,2,1,49,179,0,1,0.1,Socializer
1778,Adventure,10.0,11,1,55,71,0,0,1.0,Strategist
1779,Sports,26.3,13,3,67,134,1,0,0.4,Strategist
1780,RPG,107.4,10,1,83,121,0,1,0.3,Explorer
1781,RPG,45.3,13,4,71,286,1,0,0.8,Strategist
1782,RPG,23.0,7,1,21,215,1,1,1.6,Strategist
1783,Simulation,32.0,13,2,62,150,1,1,2.2,Achiever
1784,Puzzle,73.4,5,4,78,40,1,0,1.8,Achiever
1785,Sports,90.6,10,2,27,180,1,0,1.5,Strategist
1786,Simulation,33.8,10,3,73,159,1,1,5.9,Casual
1787,RPG,39.9,5,3,65,139,0,0,2.2,Strategist
1788,Shooter,50.7,9,4,30,23,1,1,8.1,Strategist
1789,RPG,36.4,4,0,56,218,0,0,2.4,Strategist
1790,Action,76.4,14,3,27,284,1,0,0.2,Achiever
1791,Action,10.0,11,1,31,138,1,0,0.2,Achiever
1792,Simulation,85.9,3,4,94,6,1,0,9.3,Explorer
1793,Shooter,38.5,7,2,79,291,0,1,2.9,Casual
1794,RPG,41.8,10,1,32,250,1,1,1.4,Strategist
1795,Puzzle,82.5,8,1,28,200,1,1,1.4,Strategist
1796,RPG,65.6,4,5,14,133,0,1,4.8,Strategist
1797,Simulation,58.2,8,1,2,9,0,0,2.5,Strategist
1798,Action,28.0,12,5,70,23,1,0,1.6,Strategist
1799,Action,29.9,9,3,88,73,0,1,3.0,Strategist
1800,Puzzle,85.4,4,2,34,170,1,1,3.7,Achiever
1801,RPG,149.3,3,1,23,54,1,0,2.3,Achiever
1802,Simulation,34.6,12,1,72,147,1,1,0.4,Strategist
1803,Simulation,45.7,2,1,88,191,0,0,3.3,Strategist
1804,Shooter,67.7,4,2,15,71,1,1,0.3,Achiever
1805,Action,66.6,4,3,27,57,1,1,1.0,Explorer
1806,Adventure,68.2,1,0,63,72,1,0,2.1,Explorer
1807,RPG,102.4,5,1,11,131,0,0,0.4,Explorer
1808,RPG,50.8,4,1,7,234,0,0,0.3,Casual
1809,Simulation,69.6,10,2,53,231,1,0,0.2,Casual
1810,Adventure,51.1,2,4,93,220,1,0,8.3,Casual
1811,Sports,104.7,6,1,48,56,1,1,1.9,Achiever
1812,Sports,88.2,3,1,88,59,1,1,0.5,Achiever
1813,Adventure,13.7,7,0,33,201,1,1,2.8,Strategist
1814,Simulation,54.3,13,0,14,150,1,0,1.4,Explorer
1815,Sports,70.3,14,3,42,279,0,1,2.8,Explorer
1816,Action,97.9,4,1,83,222,1,1,2.4,Casual
1817,Action,99.2,14,1,99,133,0,1,0.7,Explorer
1818,Adventure,42.8,8,0,33,261,0,0,5.2,Strategist
1819,RPG,103.5,13,4,24,151,1,1,5.6,Explorer
1820,RPG,101.7,12,1,93,139,0,1,1.0,Socializer
1821,Puzzle,87.5,3,2,1,281,1,0,8.8,Explorer
1822,Shooter,71.9,9,1,72,86,1,0,2.8,Explorer
1823,Sports,52.8,1,3,58,21,1,0,9.0,Explorer
1824,Action,126.0,9,2,18,83,1,1,7.7,Achiever
1825,Adventure,20.9,13,1,88,23,0,1,0.2,Achiever
1826,Simulation,27.0,1,3,35,229,1,0,4.5,Socializer
1827,Action,79.5,5,5,16,168,0,1,8.5,Casual
1828,Shooter,67.1,6,1,21,145,0,1,1.1,Casual
1829,RPG,37.2,6,2,16,21,1,0,0.3,Socializer
1830,Adventure,48.7,2,3,59,144,1,0,0.2,Socializer
1831,Action,10.0,8,1,57,60,1,0,4.4,Casual
1832,Puzzle,40.7,5,4,53,274,0,1,0.6,Achiever
1833,Adventure,50.0,8,1,12,20,1,0,5.2,Explorer
1834,Adventure,36.1,11,3,0,85,0,1,0.0,Achiever
1835,Sports,76.7,2,2,93,72,1,1,4.0,Strategist
1836,Simulation,49.4,14,1,55,16,1,0,3.3,Achiever
1837,Puzzle,10.0,5,2,2,75,0,1,0.0,Explorer
1838,Puzzle,48.0,8,0,17,37,1,1,5.6,Casual
1839,Puzzle,20.9,13,0,56,126,0,0,0.5,Socializer
1840,Puzzle,41.4,9,1,6,218,0,1,3.1,Socializer
1841,Action,59.2,2,1,47,225,1,1,1.4,Casual
1842,Shooter,133.8,8,3,30,158,1,1,0.2,Explorer
1843,Adventure,34.1,14,4,46,90,1,1,0.5,Strategist
1844,Simulation,53.4,5,1,80,63,0,0,0.2,Casual
1845,Shooter,10.0,13,2,18,207,0,1,3.8,Socializer
1846,Sports,10.0,3,2,7,29,1,1,4.5,Strategist
1847,Puzzle,82.8,13,3,65,230,0,1,3.8,Explorer
1848,Puzzle,49.5,3,1,66,10,1,1,5.8,Socializer
1849,Puzzle,53.7,14,2,83,256,1,1,0.8,Strategist
1850,Puzzle,88.2,11,2,78,68,1,1,2.8,Achiever
1851,Simulation,48.6,5,1,67,177,0,0,3.2,Achiever
1852,Simulation,57.8,8,0,35,61,1,1,2.2,Socializer
1853,Action,72.3,11,2,83,160,1,1,1.3,Strategist
1854,Simulation,54.9,4,2,79,277,1,1,0.8,Strategist
1855,RPG,52.4,8,2,15,27,1,0,9.6,Strategist
1856,Action,63.5,2,4,69,99,0,1,1.8,Casual
1857,Puzzle,35.9,7,0,75,93,1,1,1.7,Strategist
1858,Action,57.8,2,1,27,96,0,0,0.3,Casual
1859,Sports,66.9,1,1,0,289,1,1,0.2,Socializer
1860,Adventure,96.3,8,1,30,268,1,1,0.0,Achiever
1861,Simulation,51.5,9,5,46,13,1,1,4.6,Socializer
1862,Shooter,74.6,10,1,70,219,0,0,0.2,Explorer
1863,Puzzle,106.5,14,1,75,65,0,1,0.4,Strategist
1864,Adventure,61.6,3,3,86,270,0,0,2.5,Achiever
1865,Shooter,101.5,13,5,22,196,1,1,2.1,Strategist
1866,Action,25.7,4,1,91,6,1,0,1.8,Socializer
1867,Simulation,49.9,3,2,66,77,1,1,1.9,Strategist
1868,Shooter,59.0,2,1,8,180,1,1,3.9,Explorer
1869,Simulation,78.5,4,3,93,195,1,1,1.3,Strategist
1870,Sports,89.5,6,3,80,272,0,1,1.7,Explorer
1871,Action,53.1,6,2,37,299,1,1,0.9,Casual
1872,Shooter,84.4,9,2,28,87,1,0,0.5,Casual
1873,Puzzle,52.6,8,1,87,166,1,1,1.0,Achiever
1874,Puzzle,128.2,7,3,31,151,1,0,3.4,Strategist
1875,Sports,42.5,3,1,48,114,0,0,2.1,Strategist
1876,Action,10.0,2,1,69,223,0,0,7.9,Socializer
1877,Shooter,43.0,5,4,46,68,1,1,0.4,Achiever
1878,Sports,96.1,9,2,22,192,0,0,1.8,Strategist
1879,Sports,20.2,11,2,6,157,0,0,14.9,Socializer
1880,Action,82.9,9,3,13,267,1,0,7.4,Casual
1881,Puzzle,36.4,11,4,38,213,1,1,3.1,Achiever
1882,RPG,50.4,1,2,8,60,1,0,1.5,Strategist
1883,Puzzle,58.4,13,0,63,89,0,1,0.6,Strategist
1884,RPG,61.8,11,3,83,178,0,1,12.1,Explorer
1885,Simulation,52.3,12,1,50,179,0,1,6.2,Strategist
1886,RPG,10.0,10,3,96,115,1,1,2.8,Strategist
1887,Sports,53.5,12,1,22,8,1,0,10.9,Casual
1888,Action,61.4,3,3,29,59,0,1,1.0,Casual
1889,Simulation,57.0,9,1,66,164,0,0,1.6,Strategist
1890,RPG,30.9,11,0,56,121,1,0,0.5,Casual
1891,Adventure,49.0,4,1,63,173,0,1,3.3,Achiever
1892,RPG,25.6,1,1,28,130,1,0,0.2,Casual
1893,Sports,63.2,1,4,74,128,1,0,3.9,Strategist
1894,Puzzle,38.5,7,1,52,248,1,0,3.7,Strategist
1895,Simulation,67.2,13,6,22,136,1,0,3.7,Strategist
1896,Action,24.8,7,2,40,161,1,0,3.1,Socializer
1897,Puzzle,70.7,6,3,69,253,1,0,0.1,Achiever
1898,Sports,37.9,7,2,13,82,1,1,0.2,Achiever
1899,Shooter,47.4,6,1,12,184,1,0,1.2,Strategist
1900,Puzzle,46.8,10,3,42,105,0,1,3.3,Achiever
1901,Adventure,75.1,2,4,1,143,1,0,5.2,Achiever
1902,Shooter,10.0,5,1,74,203,1,0,0.8,Socializer
1903,RPG,69.9,10,4,69,22,1,1,2.0,Explorer
1904,Shooter,15.6,1,2,64,24,0,0,3.7,Socializer
1905,Sports,17.6,6,3,35,43,1,0,1.6,Achiever
1906,RPG,67.5,13,2,82,104,1,1,0.4,Strategist
1907,Puzzle,72.0,8,2,34,296,1,1,3.7,Explorer
1908,Action,29.3,14,3,67,115,1,1,2.9,Socializer
1909,Action,81.2,13,3,43,212,1,1,0.6,Strategist
1910,Puzzle,108.8,5,4,5,113,1,1,1.2,Socializer
1911,Adventure,25.2,4,3,83,142,1,0,0.1,Casual
1912,RPG,57.3,6,5,28,268,0,0,3.2,Casual
1913,Puzzle,35.2,3,2,18,58,1,0,1.2,Socializer
1914,Action,77.2,6,2,63,240,0,0,4.8,Casual
1915,Shooter,40.6,3,1,76,256,0,0,2.4,Socializer
1916,Puzzle,47.0,9,3,26,178,0,0,0.1,Strategist
1917,RPG,42.7,8,4,47,78,1,0,1.8,Socializer
1918,RPG,18.5,6,5,21,37,1,1,9.3,Socializer
1919,Puzzle,29.8,7,2,25,23,0,1,0.5,Strategist
1920,Action,38.0,10,1,92,125,1,1,1.7,Casual
1921,Puzzle,89.9,5,2,42,195,1,1,0.2,Explorer
1922,RPG,27.4,7,3,64,274,1,1,0.6,Socializer
1923,Shooter,69.6,12,0,42,118,1,0,0.4,Explorer
1924,Adventure,36.5,6,0,9,238,0,1,1.1,Explorer
1925,Sports,90.9,14,4,48,282,1,0,2.1,Explorer
1926,Shooter,51.4,9,3,74,259,0,0,1.6,Achiever
1927,RPG,68.2,5,1,45,111,0,1,21.5,Explorer
1928,Adventure,81.1,3,2,64,125,1,0,0.2,Strategist
1929,RPG,68.9,14,2,23,10,1,1,5.1,Achiever
1930,Sports,152.5,11,2,64,136,1,1,0.3,Explorer
1931,RPG,27.2,11,1,26,13,1,1,0.2,Explorer
1932,Simulation,97.0,2,2,5,186,0,0,10.8,Achiever
1933,Puzzle,82.4,1,2,2,95,1,1,2.1,Casual
1934,Action,43.2,6,2,10,192,1,0,1.1,Explorer
1935,Adventure,53.1,3,0,24,104,0,0,4.2,Explorer
1936,Sports,37.9,9,3,22,188,1,1,0.7,Strategist
1937,Sports,18.3,8,4,76,263,1,1,2.4,Casual
1938,Sports,83.7,11,1,48,197,1,1,4.8,Strategist
1939,Sports,46.5,14,1,96,157,1,0,7.2,Strategist
1940,Puzzle,93.7,13,1,39,239,0,0,0.6,Achiever
1941,Shooter,40.0,6,0,68,142,0,0,2.4,Strategist
1942,Adventure,87.4,14,2,90,277,0,0,0.4,Casual
1943,Action,79.2,13,1,80,140,1,1,0.1,Socializer
1944,Action,71.5,5,1,48,282,1,1,1.1,Explorer
1945,Adventure,33.9,9,5,33,123,0,1,1.1,Achiever
1946,Action,11.2,9,1,40,128,1,1,0.6,Strategist
1947,Shooter,76.6,14,2,62,231,1,0,9.0,Casual
1948,RPG,75.7,4,1,67,246,1,1,2.8,Socializer
1949,RPG,86.1,7,3,76,193,1,1,5.2,Casual
1950,Simulation,10.0,10,5,41,9,1,1,2.2,Explorer
1951,Adventure,29.1,12,0,2,197,0,0,2.6,Achiever
1952,Puzzle,46.9,11,2,54,221,0,1,0.2,Strategist
1953,Sports,52.3,9,3,23,118,1,1,2.4,Socializer
1954,Shooter,48.3,14,0,5,74,0,0,1.5,Socializer
1955,Simulation,60.3,12,0,27,101,1,0,4.6,Achiever
1956,Simulation,10.0,5,1,77,73,0,1,3.2,Strategist
1957,Simulation,93.1,7,2,35,114,1,0,1.1,Explorer
1958,Shooter,34.0,7,2,95,243,0,0,8.8,Socializer
1959,RPG,37.9,1,2,53,17,1,0,0.7,Explorer
1960,Sports,86.7,9,1,45,190,1,1,4.1,Explorer
1961,RPG,35.8,9,2,4,115,1,1,0.5,Casual
1962,Action,42.1,10,1,42,266,0,1,3.2,Casual
1963,Adventure,124.1,4,2,97,213,0,0,0.2,Explorer
1964,Adventure,10.0,6,1,98,1,1,1,1.4,Explorer
1965,Adventure,94.7,2,2,46,261,1,1,0.9,Socializer
1966,Action,98.4,4,0,48,286,1,1,1.4,Casual
1967,Simulation,67.5,1,4,44,120,1,1,6.6,Achiever
1968,Sports,42.1,11,5,29,203,0,1,2.1,Achiever
1969,Puzzle,53.1,11,1,15,70,0,0,3.9,Achiever
1970,Simulation,62.4,4,5,1,116,0,0,8.2,Socializer
1971,Puzzle,33.5,8,1,19,185,0,1,6.6,Casual
1972,Simulation,34.9,14,2,72,247,0,0,0.6,Strategist
1973,Puzzle,66.1,5,0,3,269,0,1,0.6,Explorer
1974,RPG,48.2,11,3,86,204,1,0,0.1,Strategist
1975,Simulation,87.7,6,5,40,11,1,1,0.7,Achiever
1976,Sports,60.4,4,1,98,83,0,0,0.4,Achiever
1977,RPG,33.2,6,2,23,163,1,1,0.1,Strategist
1978,Action,88.0,14,5,12,79,1,1,0.8,Achiever
1979,Sports,112.2,12,0,75,280,1,0,1.4,Explorer
1980,Simulation,21.7,10,2,47,11,1,1,4.3,Explorer
1981,Adventure,66.9,5,5,80,142,0,1,3.8,Casual
1982,Simulation,80.0,7,2,0,50,0,0,25.2,Achiever
1983,Action,44.7,7,1,95,87,0,1,2.7,Casual
1984,Puzzle,45.0,13,2,64,142,0,1,0.2,Strategist
1985,Action,35.1,14,2,32,92,1,0,0.5,Casual
1986,RPG,72.6,4,2,97,287,1,0,4.4,Casual
1987,Simulation,21.4,9,2,68,95,1,1,1.9,Explorer
1988,Simulation,74.4,2,4,15,266,0,0,4.3,Explorer
1989,Simulation,64.6,3,2,1,9,1,1,1.1,Casual
1990,RPG,88.9,3,1,98,109,1,0,2.6,Explorer
1991,Action,70.6,10,5,72,78,0,1,14.7,Achiever
1992,Adventure,29.4,5,7,27,263,1,0,6.0,Strategist
1993,Sports,76.5,3,1,35,19,0,0,1.2,Socializer
1994,Sports,23.6,3,1,9,82,0,1,13.2,Casual
1995,Simulation,36.5,10,1,17,239,1,1,1.5,Socializer
1996,Adventure,28.3,8,1,59,167,1,1,2.8,Socializer
1997,RPG,88.1,10,3,26,127,1,0,1.9,Casual
1998,Adventure,85.7,9,6,15,67,1,1,0.7,Explorer
1999,Shooter,38.2,1,3,35,98,1,0,2.0,Socializer
2000,Shooter,61.0,5,4,90,254,1,0,7.2,Casual
