Credit Score,Annual Income (₹),Existing Debts (₹),Employment History (Years),Loan Amount (₹),Loan Term (Months),Interest Rate (%),Approval Status
652,53022,8480,25,39199,12,10.92,Approved
699,54097,15629,17,21067,60,8.31,Approved
680,38886,4809,19,31048,48,7.5,Approved
794,36030,21006,23,38635,48,6.68,Approved
385,48314,21639,19,18231,12,8.87,Rejected
358,49618,7336,9,35187,24,5.76,Rejected
515,43606,13196,6,12074,24,14.01,Rejected
593,50120,20384,2,23460,48,14.66,Rejected
465,76250,8742,14,23529,60,5.28,Rejected
611,55571,21614,16,45857,12,14.26,Rejected
371,59197,17047,2,40486,24,5.64,Rejected
770,27012,19073,26,21102,12,11.32,Approved
648,55178,15841,5,12988,12,13.91,Rejected
558,42109,20023,17,9252,12,14.9,Rejected
487,53708,22655,16,1062,12,7.32,Rejected
367,53212,6614,4,35139,60,14.83,Rejected
848,34974,21084,5,38229,24,8.25,Approved
686,60425,12713,24,11549,24,6.14,Approved
725,45010,7592,7,30452,24,17.01,Approved
715,68020,19601,2,5023,36,16.8,Approved
373,63436,12755,9,12372,48,6.22,Rejected
330,51329,28997,3,37760,36,11.48,Rejected
819,64799,23705,2,34407,36,13.39,Approved
668,57322,33839,19,43755,60,8.79,Approved
341,35160,9108,16,46468,24,11.84,Rejected
433,50134,10942,9,33582,24,13.61,Rejected
506,62047,9247,18,44786,36,12.05,Rejected
650,46772,11771,29,42915,24,10.43,Approved
493,55710,18328,11,35060,60,14.83,Rejected
834,59803,16982,5,44027,24,12.37,Approved
828,52463,14642,24,42584,60,5.81,Approved
823,86912,0,6,8303,48,5.85,Approved
771,63833,16443,15,21573,24,15.83,Approved
483,52367,1240,22,45919,12,7.45,Rejected
683,47431,10309,3,24530,36,7.13,Approved
758,55909,9888,12,26043,60,8.03,Approved
375,57091,27579,12,16530,36,16.75,Rejected
618,79216,14762,26,4010,24,16.26,Rejected
514,56053,2712,3,8769,24,14.82,Rejected
841,51745,10322,25,22578,48,5.61,Approved
420,52421,11923,25,3656,24,15.86,Rejected
436,48777,18042,19,7217,36,14.25,Rejected
755,40468,20752,16,34616,36,16.63,Approved
397,42592,14778,21,39152,24,16.87,Rejected
594,50389,21491,2,20188,12,8.45,Rejected
505,50086,20215,28,10491,48,5.14,Rejected
450,22664,16700,14,18383,48,11.58,Rejected
800,40232,25276,26,3165,36,16.18,Approved
731,42579,34512,1,27751,24,11.01,Rejected
729,47828,8232,19,28087,12,6.0,Approved
510,43595,18603,1,3655,48,8.12,Rejected
455,64240,10564,28,32118,24,11.85,Rejected
783,59535,14706,3,48460,60,17.57,Approved
491,46894,15645,25,9165,48,6.67,Rejected
659,59690,17763,22,29286,12,7.46,Approved
688,54397,14561,17,46735,48,7.28,Approved
681,57997,27028,5,31659,36,16.77,Approved
675,59581,17191,10,13418,60,11.48,Approved
830,56869,32376,24,33232,24,14.13,Approved
418,45777,26299,9,40015,24,14.98,Rejected
518,23456,11723,22,47917,36,16.04,Rejected
305,87017,13185,4,8345,60,10.4,Rejected
648,34370,20456,26,15263,48,5.77,Rejected
680,56501,11336,1,45033,48,17.5,Rejected
303,62103,25661,17,7842,48,5.42,Rejected
676,38059,4079,19,29042,36,10.63,Approved
626,57779,22674,0,7867,24,5.22,Rejected
686,50535,12902,12,49916,48,9.53,Approved
625,37206,14780,1,27406,60,17.06,Rejected
637,79733,15028,28,30690,60,11.8,Rejected
582,32109,17517,24,42425,48,13.53,Rejected
674,62588,22462,7,21272,24,13.24,Approved
391,80790,22865,17,19813,12,12.17,Rejected
841,48493,12885,28,48717,48,11.61,Approved
427,70024,18356,2,1342,60,13.34,Rejected
324,37912,14837,29,9551,12,7.03,Rejected
623,39365,19813,12,48449,48,7.1,Rejected
600,60980,20290,22,6589,12,12.24,Rejected
572,53574,7960,25,2989,24,5.99,Rejected
531,50098,17639,10,46313,60,13.61,Rejected
390,31662,18320,12,26632,12,12.0,Rejected
516,52091,0,24,13310,12,8.75,Rejected
461,88380,4439,26,33683,60,7.47,Rejected
815,51096,17132,26,43633,12,12.13,Approved
427,60454,15986,25,39143,60,17.78,Rejected
500,24852,5878,23,37416,24,15.2,Rejected
303,30335,15584,17,48314,60,9.94,Rejected
756,53988,13283,3,12620,48,16.03,Approved
612,55457,14381,8,3613,60,16.75,Rejected
512,42534,8044,29,12907,24,12.0,Rejected
769,37157,25121,16,28904,36,5.29,Approved
804,61654,19160,23,20588,36,17.12,Approved
746,73353,11165,4,28909,12,14.37,Approved
490,67846,22225,15,27649,48,15.97,Rejected
547,81812,23568,19,23989,24,16.43,Rejected
618,50110,8438,4,2577,48,10.48,Rejected
716,15153,25514,21,28203,24,12.36,Rejected
305,38914,19540,21,30394,12,5.72,Rejected
835,71334,15844,25,2482,12,9.59,Approved
632,60894,23897,10,24446,48,9.14,Rejected
405,49232,20432,13,26642,36,11.26,Rejected
601,38366,19613,2,3592,12,16.44,Rejected
330,65322,28588,10,23754,60,9.87,Rejected
535,65420,7553,6,20222,60,16.48,Rejected
696,48788,16200,8,20634,60,13.26,Approved
805,52420,7817,25,28847,48,12.46,Approved
467,69068,17288,29,20360,24,7.06,Rejected
497,39575,22084,7,4435,60,9.45,Rejected
341,52575,0,12,5498,12,13.36,Rejected
553,53485,10445,28,7183,36,13.78,Rejected
588,73587,17277,17,46726,60,5.66,Rejected
708,45809,21590,6,40179,48,17.92,Approved
519,26180,23266,18,7558,12,12.72,Rejected
392,60663,3619,0,43389,48,15.91,Rejected
522,51274,16375,29,45422,60,16.19,Rejected
693,45251,5119,1,3762,12,11.18,Rejected
513,30401,14889,8,47248,48,9.91,Rejected
450,24346,0,16,27061,12,8.43,Rejected
554,16847,18855,7,35053,12,17.42,Rejected
426,58936,12806,27,48623,60,13.85,Rejected
479,36125,8625,8,8019,12,5.77,Rejected
759,49452,15936,1,49238,12,11.73,Rejected
318,86262,679,5,23195,24,5.1,Rejected
562,35220,18635,12,28731,12,11.83,Rejected
704,14169,6045,1,27722,24,10.88,Rejected
400,26690,23821,18,40956,12,8.87,Rejected
628,51394,6394,18,32518,12,11.26,Rejected
365,46366,12318,11,27709,36,16.13,Rejected
451,30304,30549,15,45565,36,8.78,Rejected
349,35654,2196,10,28644,36,17.84,Rejected
460,35487,14380,22,25068,12,8.4,Rejected
434,45863,14190,3,29248,48,5.83,Rejected
466,66487,32510,5,26510,12,17.51,Rejected
849,69515,16088,1,42106,12,7.46,Rejected
487,58889,17632,28,26412,48,13.33,Rejected
784,59876,17192,26,32002,48,11.34,Approved
741,61659,20755,18,35769,60,13.99,Approved
311,83504,13067,22,25865,36,12.58,Rejected
836,42296,17342,11,23955,12,8.84,Approved
425,57445,25273,9,47489,48,15.52,Rejected
370,53137,11875,22,11544,36,15.48,Rejected
500,63152,14883,27,19489,24,6.14,Rejected
380,22055,7303,12,47389,48,6.09,Rejected
697,55615,23840,16,46532,48,16.76,Approved
314,42211,1086,15,9239,12,16.07,Rejected
468,46056,18784,15,36565,24,8.93,Rejected
464,76666,10258,0,1804,48,11.86,Rejected
622,43794,27121,5,25804,24,8.1,Rejected
661,61065,4864,9,17384,36,8.54,Approved
357,32657,15552,5,31055,36,16.33,Rejected
403,56566,5460,15,45462,12,7.12,Rejected
667,44192,15994,26,37025,12,13.21,Approved
594,48657,2643,22,36839,60,14.53,Rejected
496,54281,18447,6,45360,12,14.04,Rejected
749,51161,21140,20,18922,12,5.75,Approved
343,43547,11147,7,5785,60,8.17,Rejected
321,62471,15767,11,21566,60,15.47,Rejected
733,54802,17738,11,47348,24,11.5,Approved
681,50496,9100,16,46279,48,8.27,Approved
697,74568,13394,24,28645,24,14.77,Approved
398,39222,8640,20,28541,12,15.8,Rejected
673,33132,24317,20,17655,60,8.85,Approved
398,49358,12519,19,34484,24,12.95,Rejected
684,64541,16525,13,26170,36,10.37,Approved
465,79811,22336,15,35392,36,14.78,Rejected
405,53233,15364,22,45465,48,8.4,Rejected
436,73567,12551,22,22345,24,9.8,Rejected
369,44633,15462,28,33753,48,14.18,Rejected
815,31438,26356,16,24073,48,8.9,Approved
828,33086,16890,5,22739,24,15.96,Approved
574,44429,17316,11,19653,48,8.69,Rejected
476,61045,18792,0,18422,12,7.87,Rejected
735,46528,24018,27,19513,36,14.65,Approved
413,74590,13340,23,6308,12,12.53,Rejected
737,65332,14944,28,31895,36,16.67,Approved
724,41128,7333,18,42891,24,5.1,Approved
795,31309,8438,7,32377,12,6.52,Approved
673,33840,3252,4,40022,48,5.18,Approved
559,88203,1317,17,2938,48,10.47,Rejected
844,65927,18702,4,20804,36,12.34,Approved
833,41242,15984,10,35332,60,11.82,Approved
510,33174,11205,12,22986,12,8.5,Rejected
643,58213,25203,12,36186,12,14.89,Rejected
387,88225,9580,18,16719,24,6.44,Rejected
679,56668,30079,12,31361,48,9.99,Approved
805,44731,5293,16,1549,36,11.9,Approved
736,62097,17990,29,5056,24,16.21,Approved
687,61073,11796,9,10115,12,8.43,Approved
803,32797,13189,5,40119,48,13.39,Approved
733,43258,19303,25,2720,24,7.75,Approved
453,64757,6331,26,33292,24,17.07,Rejected
578,56749,24587,12,19760,48,7.71,Rejected
387,64577,10418,0,10555,48,6.89,Rejected
804,59787,23466,28,3375,24,6.95,Approved
699,64338,24739,8,46893,48,10.62,Approved
393,39141,22516,19,49071,12,12.18,Rejected
352,39075,23340,26,37024,48,8.6,Rejected
354,82327,2665,19,47126,36,10.66,Rejected
658,64831,10714,14,17509,12,16.01,Approved
566,23049,15395,15,34520,12,8.29,Rejected
435,20884,11780,8,37461,24,14.65,Rejected
531,64624,18232,6,42768,36,10.18,Rejected
414,50303,26795,6,47539,48,11.77,Rejected
356,44356,17259,0,36826,60,12.11,Rejected
340,58321,6956,5,38249,36,7.63,Rejected
487,54024,24309,2,37083,60,10.66,Rejected
320,22822,20793,1,19903,36,5.82,Rejected
604,62365,23893,17,8995,12,8.11,Rejected
324,70546,12145,5,44195,60,8.64,Rejected
521,32480,21295,23,46866,60,6.64,Rejected
710,79936,17638,18,26920,12,10.19,Approved
344,91001,23184,20,30096,24,17.96,Rejected
744,46703,38011,27,27218,12,8.27,Approved
808,47633,23895,5,33674,36,9.87,Approved
816,69378,10809,4,37498,36,15.45,Approved
610,65156,12084,20,28328,24,6.46,Rejected
588,63524,2667,15,38537,24,14.58,Rejected
682,46143,6891,22,20424,60,10.72,Approved
539,27140,26938,26,5318,60,6.36,Rejected
543,22380,13644,5,22691,60,7.66,Rejected
340,66789,0,24,35845,60,14.72,Rejected
730,41874,17315,24,26422,36,16.72,Approved
784,23473,9492,3,28635,12,6.93,Approved
540,32893,15929,16,36656,48,16.02,Rejected
363,61964,11703,24,12113,36,11.86,Rejected
788,33710,20285,28,6510,60,10.9,Approved
495,85454,20799,0,49007,48,10.54,Rejected
523,59130,22153,13,29017,12,5.13,Rejected
770,49213,7086,1,17087,48,10.2,Rejected
372,43142,10764,13,5384,60,15.99,Rejected
711,41255,14997,27,16650,36,10.16,Approved
707,48150,4646,16,38081,12,14.96,Approved
449,62724,13885,16,49250,24,17.41,Rejected
371,34477,18628,5,28258,48,15.93,Rejected
517,50399,29206,14,11978,48,11.06,Rejected
557,52549,6543,6,36749,12,6.97,Rejected
472,64560,11383,21,37217,24,11.95,Rejected
784,43929,28484,20,13052,12,10.88,Approved
746,56694,625,23,32343,60,15.68,Approved
370,41836,22928,2,10842,60,11.16,Rejected
442,31591,15779,21,47437,12,11.59,Rejected
432,51384,10066,1,10888,48,13.6,Rejected
603,61670,11409,16,32237,60,7.86,Rejected
781,47761,12175,1,4844,36,12.44,Rejected
762,47904,15737,1,30537,48,14.95,Rejected
605,105227,21229,9,18288,12,11.61,Rejected
826,51816,12428,0,25518,24,6.83,Rejected
581,47146,15712,22,32951,60,11.57,Rejected
482,53999,24254,2,49131,12,17.48,Rejected
463,51851,27615,4,3121,36,5.86,Rejected
355,70661,21157,18,18771,12,5.25,Rejected
412,63174,6704,25,20100,60,11.72,Rejected
431,42779,0,27,14527,48,9.38,Rejected
665,64119,15420,25,4380,24,12.8,Approved
786,51547,33492,5,35817,60,11.52,Approved
685,27875,3544,17,30355,24,10.28,Approved
340,43615,22371,21,38694,60,10.37,Rejected
398,45365,9630,5,47477,12,6.2,Rejected
670,47056,22068,22,9353,48,10.95,Approved
541,61188,14233,24,16709,24,16.57,Rejected
512,42891,18298,15,5573,48,14.53,Rejected
657,54089,17898,0,14170,24,8.7,Rejected
811,65373,17465,7,24288,60,9.09,Approved
764,46181,13180,8,20358,24,8.82,Approved
521,41177,18697,28,47439,48,12.88,Rejected
694,61462,6666,14,32357,36,6.89,Approved
398,53848,8691,15,34910,60,11.62,Rejected
648,50644,13882,27,28793,36,12.88,Rejected
313,54946,587,5,41140,12,17.07,Rejected
779,22970,27840,1,14101,48,8.62,Rejected
610,47903,18712,3,44056,48,12.05,Rejected
782,18991,21513,13,42824,48,5.12,Rejected
497,47975,29492,19,47289,60,13.2,Rejected
391,53969,30808,25,6766,12,7.42,Rejected
744,55485,18415,14,2599,60,15.4,Approved
776,44902,1828,18,1832,12,10.34,Approved
489,48903,4074,14,14809,36,6.66,Rejected
575,45375,11336,24,10080,24,6.2,Rejected
748,54589,6429,12,40675,24,6.76,Approved
544,47428,19576,12,28376,60,7.62,Rejected
401,30339,10561,9,23852,12,12.87,Rejected
806,48541,12241,25,12894,36,13.16,Approved
515,33256,13330,6,41584,48,6.1,Rejected
803,20689,6980,22,32322,60,12.75,Approved
559,47897,8010,4,43678,36,15.08,Rejected
469,32744,16237,20,45737,48,12.75,Rejected
393,21047,20327,2,14411,36,13.68,Rejected
841,69324,16999,3,38755,12,14.11,Approved
538,63226,13141,29,9236,36,5.4,Rejected
628,55021,1319,11,26099,36,8.24,Rejected
527,82254,34591,28,41227,12,5.61,Rejected
648,45751,16801,15,19570,36,8.17,Rejected
336,49114,11733,10,27062,36,17.0,Rejected
744,52048,12910,7,15762,60,17.94,Approved
497,38692,13448,9,27206,60,6.71,Rejected
788,36263,26653,3,7130,24,17.4,Approved
700,32540,14677,8,11901,60,15.93,Approved
492,49242,12504,7,21350,24,16.34,Rejected
425,76893,3159,0,40456,36,7.67,Rejected
503,38141,18632,16,26776,48,17.24,Rejected
730,38522,9748,28,36892,24,16.35,Approved
617,47781,31864,9,17174,24,8.72,Rejected
743,39653,20203,20,47107,24,15.22,Approved
576,14519,10919,4,45289,48,12.21,Rejected
680,45666,12938,15,27669,24,11.3,Approved
448,50886,6764,13,29187,24,12.5,Rejected
659,60950,25653,26,32605,12,8.29,Approved
611,57118,22800,5,28960,36,17.37,Rejected
404,51852,18658,17,27588,60,14.45,Rejected
440,40463,14111,15,12741,36,8.31,Rejected
764,70120,5747,18,33953,24,12.98,Approved
728,45784,23181,18,14779,36,16.58,Approved
604,16969,20632,5,11761,60,13.92,Rejected
676,77092,3594,17,38283,48,10.28,Approved
568,66217,17453,2,1357,60,17.4,Rejected
812,17580,14454,13,46307,12,14.87,Approved
763,42104,16526,1,1806,24,11.31,Rejected
561,60003,0,4,13648,60,16.6,Rejected
348,33410,12648,11,2077,36,13.26,Rejected
371,24415,19158,9,6965,12,5.73,Rejected
613,47157,21450,9,13455,48,17.77,Rejected
842,61275,2426,9,43207,48,5.02,Approved
724,45206,26705,18,27747,60,12.92,Approved
817,43376,7518,15,44908,48,13.92,Approved
332,61321,8936,13,34288,36,12.75,Rejected
345,29016,18805,17,21178,12,11.97,Rejected
652,53011,26961,17,15372,60,5.84,Approved
557,52483,36344,15,15530,12,14.23,Rejected
576,29264,2827,18,19903,36,17.29,Rejected
475,46574,4797,8,34332,48,14.54,Rejected
369,63292,9844,24,27080,24,7.9,Rejected
492,62347,2132,16,38005,60,15.09,Rejected
692,50370,21292,23,3048,48,15.69,Approved
578,52823,7967,14,47390,24,5.35,Rejected
346,63842,8057,23,45575,24,9.7,Rejected
826,54792,0,5,3265,60,5.81,Approved
771,35930,17517,19,5905,24,15.69,Approved
660,45977,5074,2,8656,60,15.73,Approved
802,50460,19458,17,28017,36,5.63,Approved
639,55600,27156,24,30251,24,14.39,Rejected
457,54566,20358,27,30210,60,12.66,Rejected
609,37419,14467,9,43549,36,11.02,Rejected
468,55213,29668,29,41520,60,14.72,Rejected
707,56746,3977,10,33646,24,14.07,Approved
733,46191,18698,29,37448,48,7.21,Approved
311,83605,11978,22,34802,36,16.24,Rejected
641,66717,20145,8,32355,48,5.16,Rejected
457,57729,16987,25,44797,36,8.7,Rejected
433,47227,18325,5,4813,24,12.34,Rejected
429,50707,11962,4,11756,36,5.37,Rejected
697,40989,0,17,18301,36,9.98,Approved
668,13384,15747,25,39396,36,16.74,Rejected
557,63240,2719,28,31701,36,11.38,Rejected
580,69947,12242,26,31800,36,15.01,Rejected
603,64264,9898,11,49887,48,8.75,Rejected
783,45746,28564,19,2107,36,10.97,Approved
771,63512,16461,23,22234,12,14.44,Approved
451,40642,8257,6,19807,48,6.47,Rejected
595,50605,16655,27,28743,60,9.01,Rejected
476,41746,0,9,45623,24,7.35,Rejected
723,54970,16312,18,15516,60,15.8,Approved
670,27128,11223,2,29759,24,12.95,Approved
776,66310,19993,19,27160,60,9.1,Approved
714,57247,20127,20,14802,12,13.49,Approved
435,66493,19234,16,41401,48,8.49,Rejected
364,57619,8898,10,16083,48,9.61,Rejected
595,60711,21849,0,32178,12,6.68,Rejected
436,61664,17657,24,2017,48,14.06,Rejected
364,61669,20521,11,43291,12,15.41,Rejected
662,32388,13157,20,3800,12,12.73,Approved
449,28391,19385,7,18486,24,5.85,Rejected
649,31768,6522,16,23882,60,16.74,Rejected
808,41194,2766,11,19833,24,12.52,Approved
545,55141,17249,7,25194,12,11.07,Rejected
577,49733,25216,14,41701,24,11.01,Rejected
395,31151,7282,10,38327,48,7.04,Rejected
313,61912,16510,3,42163,48,17.11,Rejected
315,68046,11115,8,39695,24,9.91,Rejected
755,44004,20386,8,16123,60,7.47,Approved
745,43541,21703,23,3319,48,9.28,Approved
806,60944,8979,15,30360,48,11.38,Approved
310,41169,21503,14,45620,12,17.36,Rejected
475,43948,10911,28,34464,48,14.07,Rejected
307,29330,2795,28,31873,36,6.25,Rejected
700,54257,5765,13,8615,12,15.11,Approved
785,70127,19360,26,32198,24,15.91,Approved
435,59429,23761,16,22915,60,7.16,Rejected
381,40734,6581,3,35729,60,13.86,Rejected
345,35176,29325,20,25464,24,5.64,Rejected
506,58669,0,20,4643,12,8.46,Rejected
540,50091,1212,13,18857,24,17.05,Rejected
671,55423,0,21,22205,60,11.09,Approved
306,66689,14626,26,5483,36,12.65,Rejected
720,51045,12037,6,18947,60,10.39,Approved
510,58760,9697,27,33620,48,17.81,Rejected
553,41539,10919,13,14474,36,7.95,Rejected
565,35248,6676,28,16547,48,14.16,Rejected
837,48897,15699,28,35669,24,9.14,Approved
621,67348,15142,17,14934,48,16.57,Rejected
351,68260,12887,24,9269,60,11.15,Rejected
566,42566,32306,11,28983,24,11.85,Rejected
691,52216,22936,0,13816,48,9.33,Rejected
529,35817,7426,12,31586,48,17.1,Rejected
616,37626,44605,23,45591,48,6.28,Rejected
590,67188,10948,18,48896,36,7.06,Rejected
594,57101,14593,17,8560,36,14.54,Rejected
599,37209,15139,12,20758,24,12.07,Rejected
567,52584,7526,20,49937,24,6.22,Rejected
700,66675,24960,12,38742,60,7.39,Approved
648,41461,15818,11,11934,36,13.33,Rejected
480,51598,16923,9,23812,48,17.95,Rejected
374,60650,16081,6,47224,24,14.33,Rejected
767,79541,19154,14,30427,60,12.41,Approved
760,50190,19981,6,18929,48,14.25,Approved
546,43571,16256,0,10127,36,7.68,Rejected
430,40164,11223,1,39443,12,8.59,Rejected
783,49188,0,11,48058,24,9.7,Approved
354,47376,22542,29,4420,60,12.14,Rejected
694,56492,24488,11,42649,12,17.85,Approved
384,35550,19416,24,11241,48,10.26,Rejected
754,49999,16112,12,9249,48,8.96,Approved
479,22961,13375,19,30641,36,15.03,Rejected
513,69232,11169,2,32155,12,6.77,Rejected
840,61485,20201,2,26559,60,5.53,Approved
517,59979,17684,4,15703,24,6.76,Rejected
571,47588,10879,24,4881,48,15.1,Rejected
635,59466,21904,1,14957,60,16.1,Rejected
773,21587,2949,4,17560,12,14.89,Approved
520,43611,26707,13,5884,24,9.6,Rejected
723,59886,27425,14,24768,60,17.1,Approved
547,46855,20799,20,39533,36,11.0,Rejected
318,55138,23234,0,36380,36,13.1,Rejected
402,15288,18691,4,2413,48,16.38,Rejected
486,40152,9761,11,30457,48,9.98,Rejected
692,53845,10089,27,21573,12,9.15,Approved
467,51160,12889,5,26223,36,11.95,Rejected
390,29567,8297,11,28823,48,16.73,Rejected
837,54246,21675,21,24489,36,5.76,Approved
400,75801,12405,7,24797,48,15.53,Rejected
440,30337,8957,6,17535,24,13.1,Rejected
677,53142,15784,24,48908,60,7.51,Approved
776,38420,22559,15,43413,48,7.51,Approved
462,54589,16373,8,36656,36,10.66,Rejected
750,83051,18385,22,7209,48,10.42,Approved
591,52361,10483,16,14068,24,14.54,Rejected
720,64886,20317,27,12579,36,8.93,Approved
463,22619,12129,4,17879,24,12.99,Rejected
336,59436,10942,27,17280,12,10.88,Rejected
402,57199,4535,23,20287,60,15.02,Rejected
400,60416,18639,5,12092,12,10.23,Rejected
726,25882,7051,14,1102,24,14.84,Approved
397,38642,8732,26,32437,48,6.0,Rejected
724,33389,16684,9,30816,60,15.53,Approved
637,53470,17678,28,20039,60,7.74,Rejected
583,37161,18554,27,4541,24,15.96,Rejected
676,67701,19388,15,37507,24,13.31,Approved
475,72235,11591,4,46368,24,8.71,Rejected
316,67430,0,23,9059,24,13.58,Rejected
459,34722,4301,7,9973,60,13.74,Rejected
383,72083,11256,3,3563,24,16.02,Rejected
752,52351,8145,26,22898,36,11.68,Approved
446,49887,8763,28,15297,36,13.81,Rejected
398,10000,21614,8,32526,60,12.08,Rejected
661,50046,13206,4,4775,48,16.04,Approved
365,51757,11879,22,6809,12,15.68,Rejected
832,60890,23842,14,1852,12,12.7,Approved
428,46877,16641,2,27922,12,15.56,Rejected
677,48784,20330,3,41389,36,14.48,Approved
467,66057,10400,12,43022,12,7.77,Rejected
743,54243,13135,5,17715,48,6.44,Approved
647,45097,22722,26,2740,36,5.83,Rejected
307,43959,13837,7,16696,12,17.57,Rejected
639,41535,4182,1,6378,36,15.66,Rejected
665,40871,26622,1,33075,36,16.64,Rejected
566,53884,14461,1,6893,60,16.09,Rejected
746,39606,7901,9,3387,36,6.52,Approved
407,55715,3171,7,31407,24,9.88,Rejected
500,63020,6276,16,41472,48,8.76,Rejected
420,67059,8652,23,44426,24,17.8,Rejected
643,55555,0,15,36077,60,5.3,Rejected
539,60577,13835,11,6848,48,13.45,Rejected
681,24299,16551,19,3040,12,5.26,Approved
363,43533,22418,28,14221,48,12.74,Rejected
379,73193,12587,23,41025,12,5.17,Rejected
793,63144,11190,7,9308,24,10.74,Approved
692,37216,25980,26,6394,36,8.26,Approved
332,47595,12361,7,11222,24,11.59,Rejected
647,54319,4886,26,35706,36,6.49,Rejected
849,25484,10323,11,45234,12,6.19,Approved
648,44565,18203,16,14535,48,13.87,Rejected
389,47602,585,11,8553,36,13.25,Rejected
759,68508,22542,12,13680,48,8.71,Approved
691,72689,22102,13,39753,36,9.78,Approved
783,31586,10947,18,37604,24,14.2,Approved
581,48898,28298,9,25493,24,5.64,Rejected
594,46327,4693,22,29649,12,5.36,Rejected
762,81531,11452,16,10270,12,13.2,Approved
836,45160,12992,2,24440,24,15.58,Approved
742,31246,27523,15,17484,60,12.66,Approved
496,42894,5811,3,32414,24,14.7,Rejected
467,73053,16920,3,3223,36,17.02,Rejected
508,33384,0,15,24081,36,15.9,Rejected
433,45809,10627,10,42411,36,11.8,Rejected
764,41813,19963,12,32804,12,15.4,Approved
491,37205,23491,28,24892,24,8.46,Rejected
747,66892,18587,0,5228,60,13.67,Rejected
654,54534,10805,0,20010,36,5.04,Rejected
501,42072,10581,18,22131,36,17.84,Rejected
753,53280,16194,18,23691,60,9.22,Approved
630,31047,19869,7,16891,60,13.86,Rejected
518,30451,18727,25,32416,36,17.09,Rejected
630,39867,16950,16,18441,60,11.92,Rejected
364,54406,24417,14,22585,60,10.66,Rejected
656,65315,21917,15,12477,36,9.75,Approved
317,77739,19210,26,41590,60,8.46,Rejected
521,47196,21199,1,31213,48,10.25,Rejected
576,48737,9625,25,3160,36,12.63,Rejected
370,24957,14910,11,35156,36,11.19,Rejected
334,76242,27549,6,35716,12,5.59,Rejected
830,55210,21981,2,8917,48,7.28,Approved
753,45740,11850,12,28874,60,16.39,Approved
449,70392,22224,16,26779,48,7.05,Rejected
679,41632,8960,29,38229,60,5.55,Approved
356,57478,7685,25,10744,48,10.66,Rejected
701,55446,8801,6,41297,48,5.42,Approved
536,65493,9765,28,23922,24,11.8,Rejected
813,45128,11860,10,32016,36,13.63,Approved
560,78517,14489,25,42452,48,9.03,Rejected
768,59787,19562,14,41013,48,12.3,Approved
642,41538,9257,10,40532,48,5.62,Rejected
608,37733,11936,22,39843,48,15.83,Rejected
494,52548,11062,11,16573,36,14.55,Rejected
622,49643,21531,3,24898,48,16.67,Rejected
435,48574,16994,21,29547,36,15.91,Rejected
386,60791,11491,12,15574,48,6.34,Rejected
804,65720,30120,26,6635,36,9.62,Approved
552,70602,26822,11,41786,48,13.23,Rejected
354,61562,17530,24,2387,36,11.81,Rejected
362,57877,20009,15,23242,48,6.1,Rejected
660,33280,18049,20,36245,48,9.36,Approved
499,17863,3343,22,32245,12,17.98,Rejected
318,46704,24852,27,13392,48,10.07,Rejected
639,66387,3128,17,49023,24,16.91,Rejected
534,30160,25801,1,44093,12,17.41,Rejected
794,46299,11190,24,16219,12,15.52,Approved
785,58327,28630,15,34416,48,16.44,Approved
325,47007,28082,13,38669,36,12.59,Rejected
834,34696,23488,16,20303,60,11.91,Approved
753,39734,5267,18,2056,12,14.41,Approved
692,44679,15077,4,26323,48,9.37,Approved
699,41143,10552,21,28961,24,17.11,Approved
318,61526,28196,12,48869,24,6.19,Rejected
630,47956,22316,26,26800,24,9.15,Rejected
720,65461,28678,22,12240,12,13.82,Approved
378,37466,22134,0,29636,24,9.46,Rejected
382,28597,24301,2,43292,60,16.5,Rejected
773,58415,11785,10,7426,48,9.69,Approved
599,29504,21082,5,23712,60,16.37,Rejected
324,12112,16894,29,20020,24,14.02,Rejected
816,49529,27555,19,1088,48,8.13,Approved
807,47779,15489,22,30407,12,14.58,Approved
567,36211,10029,10,4057,60,9.18,Rejected
798,21209,17603,15,17288,24,15.61,Approved
404,41252,18199,10,26538,12,7.75,Rejected
463,24385,8965,19,49195,12,8.79,Rejected
776,25994,15824,1,27387,24,15.85,Rejected
613,52197,21676,20,29652,24,6.5,Rejected
690,54728,9975,16,11791,12,15.59,Approved
419,49155,25403,22,26234,48,17.55,Rejected
343,40026,11547,28,14762,60,16.48,Rejected
586,66964,18087,20,36045,60,11.67,Rejected
489,55247,4497,6,16014,24,10.91,Rejected
660,63650,9768,25,1066,12,12.16,Approved
365,52175,19843,5,18899,36,6.66,Rejected
636,51046,13543,3,17251,12,7.34,Rejected
725,23759,0,9,15246,36,5.2,Approved
844,40403,15858,27,30984,24,15.64,Approved
835,68466,17312,29,31882,12,12.59,Approved
723,41782,13124,28,7897,60,17.7,Approved
815,79290,8787,22,43478,12,10.06,Approved
442,59251,13778,21,14314,48,14.31,Rejected
393,54355,16812,5,33556,48,16.71,Rejected
343,37209,23586,16,1085,24,7.3,Rejected
517,46312,7821,20,26671,48,16.33,Rejected
597,55127,0,24,20766,12,7.44,Rejected
724,36018,16319,21,18344,36,9.55,Approved
449,10000,16428,9,30253,48,10.07,Rejected
746,36283,15566,10,46297,36,15.11,Approved
553,72091,0,24,14787,48,9.62,Rejected
846,49314,16124,0,48877,12,10.42,Rejected
409,70759,14300,26,49730,24,16.85,Rejected
638,29574,17040,3,44206,48,11.01,Rejected
745,37826,20843,3,41629,12,15.13,Approved
754,31296,14893,28,13298,48,7.96,Approved
509,47754,4597,18,35541,60,16.41,Rejected
323,31637,13864,10,38654,36,16.93,Rejected
452,87720,22180,16,3378,24,5.38,Rejected
676,48749,9958,25,20303,24,16.06,Approved
399,31057,3509,8,48351,48,9.2,Rejected
793,47689,13587,12,6382,24,10.44,Approved
785,40202,18522,24,28200,36,6.2,Approved
359,47606,18149,29,11262,24,11.83,Rejected
652,32291,13224,2,39908,12,16.09,Approved
717,53337,13485,13,22474,24,17.77,Approved
677,35034,14681,4,41356,60,15.15,Approved
591,52744,18065,17,21108,60,12.13,Rejected
837,36860,21200,10,22889,60,9.58,Approved
522,57051,12221,16,27890,48,5.19,Rejected
308,38646,10036,0,38674,24,9.08,Rejected
512,42011,19074,17,30742,36,14.19,Rejected
418,41896,17085,6,48828,60,10.55,Rejected
578,41111,15811,18,2899,60,13.75,Rejected
564,48459,33350,4,30512,48,12.76,Rejected
713,56695,11107,1,48288,48,16.27,Rejected
377,26911,132,2,7696,60,11.88,Rejected
393,51857,16641,19,34207,24,9.69,Rejected
527,76132,22606,7,20564,24,8.67,Rejected
434,81016,9701,19,23363,48,16.87,Rejected
828,42813,28623,7,34163,36,8.66,Approved
349,43859,15670,10,24233,48,8.81,Rejected
698,71097,12678,11,30150,36,14.94,Approved
581,63576,16656,17,6645,48,16.5,Rejected
483,38601,18857,29,27637,48,15.66,Rejected
309,86939,30591,4,29653,24,8.92,Rejected
560,56693,20700,23,5629,12,16.37,Rejected
696,39236,21207,19,27397,12,14.95,Approved
549,41451,21678,6,46030,48,9.84,Rejected
463,38549,21199,2,34729,24,11.59,Rejected
478,43860,1594,28,16791,12,14.25,Rejected
677,41670,6054,9,12210,60,16.09,Approved
437,26707,9856,16,47196,24,14.05,Rejected
784,37166,9381,5,45081,36,8.77,Approved
768,38879,7219,0,24783,36,10.21,Rejected
789,35768,8763,13,34744,48,14.87,Approved
525,39973,23432,24,38474,36,9.16,Rejected
712,55086,13139,15,39984,48,17.66,Approved
765,33952,2940,3,36823,36,11.19,Approved
734,75018,9781,16,49445,60,7.54,Approved
448,58818,10465,16,10460,60,17.4,Rejected
824,80527,22810,12,32048,60,16.67,Approved
711,79509,7186,26,26811,12,8.13,Approved
341,50676,29851,28,45495,60,13.93,Rejected
493,32067,7301,23,10557,60,12.84,Rejected
462,37524,22859,1,30865,48,13.83,Rejected
800,71455,10908,13,24393,60,11.02,Approved
578,28883,11614,17,6965,60,12.78,Rejected
790,61846,6204,14,46341,36,9.18,Approved
550,41562,19446,0,13042,60,9.03,Rejected
365,68321,32917,19,43974,12,7.71,Rejected
736,41957,3436,9,19474,60,5.19,Approved
633,65033,17335,15,1824,12,6.28,Rejected
508,35572,20453,27,41443,48,9.88,Rejected
725,44302,13280,24,4545,48,10.24,Approved
534,61306,11872,12,31531,60,12.71,Rejected
507,69409,22476,1,33271,48,13.81,Rejected
347,43409,18513,20,11194,12,17.51,Rejected
650,49489,10651,3,18700,24,17.31,Approved
444,70397,19160,15,35887,36,6.23,Rejected
845,16419,8391,5,17330,48,5.68,Approved
300,50405,22254,7,29215,60,8.66,Rejected
712,40037,14694,6,6285,60,6.12,Approved
492,30404,21932,26,24748,48,8.54,Rejected
797,20424,21219,16,38087,60,7.1,Rejected
531,50088,8024,7,40583,60,17.64,Rejected
385,62650,21606,5,11264,60,5.67,Rejected
688,61007,4318,12,12231,48,15.78,Approved
373,35985,15574,20,20630,48,11.03,Rejected
628,36162,13603,28,45899,12,6.91,Rejected
721,47749,14721,2,35898,60,14.42,Approved
390,29683,4192,26,13444,48,16.34,Rejected
309,79811,27479,21,44453,60,9.67,Rejected
415,55713,1762,29,5918,24,14.68,Rejected
348,40427,15992,18,17784,24,6.07,Rejected
672,53673,13935,18,27942,48,12.28,Approved
482,67690,19465,28,49167,24,10.38,Rejected
723,68805,33130,13,31782,12,12.36,Approved
406,46553,23021,16,37342,12,8.08,Rejected
495,47956,26766,8,44213,48,12.32,Rejected
598,50810,25072,25,33885,60,11.91,Rejected
781,77201,0,8,3459,24,6.49,Approved
479,53871,18614,14,13757,36,14.09,Rejected
487,56579,10154,24,47538,24,5.3,Rejected
740,40515,17332,6,6230,48,16.79,Approved
462,26573,0,12,2980,36,13.92,Rejected
474,60655,8679,11,18856,36,7.13,Rejected
683,53213,10519,8,26367,12,6.54,Approved
583,33156,17997,10,31869,36,16.9,Rejected
519,57875,18611,27,23664,24,6.83,Rejected
383,58522,22460,10,48280,36,12.3,Rejected
568,35330,21021,10,16729,24,6.78,Rejected
636,54675,20433,28,39293,60,11.71,Rejected
360,34627,14234,0,12457,36,10.95,Rejected
685,53966,3969,23,14685,36,6.62,Approved
512,47020,11813,0,18269,60,10.31,Rejected
773,32924,10319,10,18795,60,11.11,Approved
805,52989,27671,2,9707,36,6.27,Approved
431,31313,22756,20,1060,24,15.33,Rejected
815,57831,28126,1,47272,24,16.3,Rejected
801,30373,13768,19,39264,48,15.31,Approved
615,59961,10222,24,3624,36,13.53,Rejected
656,66459,6244,16,46630,24,13.73,Approved
659,35916,23503,11,30072,36,12.44,Approved
654,51998,12593,20,12560,36,9.25,Approved
310,75089,14255,11,13025,60,5.09,Rejected
476,14964,19483,3,45130,60,14.31,Rejected
388,73976,9255,18,28042,12,11.57,Rejected
811,44237,15841,24,19596,12,11.51,Approved
507,60104,6834,2,5624,12,14.99,Rejected
783,35885,12208,4,39570,12,9.77,Approved
695,71010,5058,27,9381,12,6.17,Approved
789,54148,9122,17,41603,12,10.19,Approved
435,60547,7261,11,44487,60,9.21,Rejected
597,50018,1454,6,47324,48,5.73,Rejected
812,57503,7001,23,1435,12,14.17,Approved
668,30532,18389,1,12780,24,14.31,Rejected
637,37809,5533,13,47125,60,13.46,Rejected
319,54927,31734,0,44774,12,5.38,Rejected
449,56696,18248,18,7422,36,15.25,Rejected
604,29216,11269,28,49432,60,11.89,Rejected
595,35732,7158,18,19376,60,10.21,Rejected
359,30849,10613,24,34827,12,13.44,Rejected
810,58983,5307,21,31025,48,11.31,Approved
721,41452,0,24,29881,12,8.38,Approved
755,53931,5727,22,4851,60,16.26,Approved
484,43393,26698,10,31806,48,8.89,Rejected
725,71700,5094,9,46717,48,8.43,Approved
323,65690,23015,12,42353,12,16.34,Rejected
703,54477,22599,6,20736,60,8.73,Approved
393,42280,11371,25,4734,36,14.68,Rejected
830,70263,22725,1,39222,48,17.23,Rejected
407,56561,14770,9,38609,36,16.28,Rejected
756,10825,7728,20,33958,12,10.12,Approved
839,46753,8114,27,3727,24,15.32,Approved
788,48436,0,20,17709,48,16.99,Approved
442,65914,12646,26,47896,12,6.73,Rejected
391,53937,17978,25,34097,24,7.5,Rejected
416,55891,15748,8,40901,36,9.38,Rejected
611,53845,10417,11,32463,36,11.66,Rejected
701,87537,4458,3,36514,48,11.81,Approved
466,57196,13054,24,14727,36,6.14,Rejected
478,24510,21029,7,3994,48,6.98,Rejected
847,40421,4819,20,6905,36,15.35,Approved
767,39183,23277,18,24502,48,17.95,Approved
521,28956,16207,14,9021,48,14.33,Rejected
838,46825,15514,1,8364,12,16.49,Rejected
801,53315,17128,8,27043,24,13.34,Approved
549,44475,18973,0,6053,12,11.86,Rejected
350,52141,21355,0,32194,48,9.84,Rejected
835,57898,24565,24,26925,36,10.17,Approved
440,64282,4237,25,27698,24,14.41,Rejected
748,45304,17782,2,42328,60,14.56,Approved
394,39341,9172,29,5038,60,13.54,Rejected
330,63971,8392,5,9655,48,14.79,Rejected
658,48506,5838,6,27545,12,15.23,Approved
334,56651,30409,18,47923,36,10.43,Rejected
412,55835,16383,17,13730,36,16.1,Rejected
471,58470,21444,29,12460,24,15.16,Rejected
331,17028,14712,9,14093,60,17.04,Rejected
492,28526,7948,29,3526,36,15.31,Rejected
538,55356,8196,29,33690,60,8.29,Rejected
731,45371,13272,22,8016,60,7.63,Approved
549,29209,19483,17,39821,36,11.55,Rejected
772,85897,19471,27,25718,48,9.43,Approved
525,19812,22902,7,46050,60,13.31,Rejected
347,52678,16981,24,32000,48,8.85,Rejected
547,18292,17540,15,35808,36,8.32,Rejected
375,77951,12454,19,33939,12,14.56,Rejected
794,34539,20197,12,1456,24,11.94,Approved
561,57449,9133,5,10041,24,11.86,Rejected
758,39494,9407,3,41175,36,6.99,Approved
503,38220,17345,18,23538,60,5.36,Rejected
487,30622,19959,18,13058,12,9.86,Rejected
725,18323,10608,19,18474,60,6.53,Approved
602,43719,1765,2,12062,36,6.77,Rejected
396,49910,19372,19,25441,60,7.83,Rejected
492,56040,10374,16,35922,48,7.93,Rejected
398,55010,7564,29,41411,48,16.35,Rejected
584,36805,5684,28,38256,12,12.88,Rejected
712,65033,15154,5,31929,24,14.83,Approved
822,80798,12062,23,32307,60,6.04,Approved
356,52781,27449,7,2105,60,11.38,Rejected
741,57501,6767,20,37507,36,9.1,Approved
763,59558,17524,3,39237,60,6.16,Approved
697,50069,19769,25,16231,48,5.69,Approved
726,24783,26298,2,36168,36,7.15,Rejected
349,36402,1410,28,9904,36,6.62,Rejected
807,39641,15034,5,39134,60,16.55,Approved
410,64621,17295,6,43086,36,13.3,Rejected
339,63912,2890,9,19818,24,12.16,Rejected
363,43685,21755,26,7116,48,14.87,Rejected
394,51171,16682,17,1787,24,7.34,Rejected
437,45084,0,6,2812,60,7.52,Rejected
692,37772,20292,25,40724,24,9.93,Approved
649,28542,6971,14,8973,12,12.38,Rejected
828,26535,15926,22,22739,60,13.86,Approved
689,45988,0,1,25882,12,12.68,Rejected
562,33841,7758,14,5687,12,8.29,Rejected
780,41741,16372,7,40607,12,9.6,Approved
348,73624,12947,4,5801,12,14.95,Rejected
688,64857,20714,9,4061,48,12.7,Approved
632,39717,7279,5,30546,60,7.97,Rejected
404,46423,17075,5,38347,12,7.76,Rejected
626,51008,11570,3,34065,24,6.44,Rejected
321,61996,16148,28,11886,48,15.65,Rejected
381,42327,14179,1,28104,36,10.03,Rejected
675,62530,8531,14,38489,60,13.75,Approved
617,37978,15601,2,2045,48,10.49,Rejected
408,58867,12534,13,49594,24,14.5,Rejected
748,39001,8016,15,44615,12,10.44,Approved
479,48989,14755,0,7592,12,16.11,Rejected
500,47512,18380,19,41155,60,5.78,Rejected
470,62632,0,28,39176,12,6.8,Rejected
764,60338,35324,20,35859,36,10.61,Approved
323,74139,14821,28,22098,36,14.43,Rejected
701,37374,16897,18,18410,36,12.74,Approved
341,12619,0,29,34441,24,7.08,Rejected
702,51343,5071,20,13356,24,9.23,Approved
771,31992,25357,5,13028,12,12.03,Approved
616,36198,10013,28,17905,48,6.06,Rejected
650,45586,3219,11,43261,12,11.64,Approved
733,45236,24303,6,49106,24,11.12,Approved
548,19518,9986,11,37396,12,17.05,Rejected
560,44600,19414,13,3253,24,11.4,Rejected
781,61040,0,17,49533,60,9.15,Approved
538,71243,21093,24,32225,24,7.37,Rejected
795,35456,27582,6,29796,36,10.84,Approved
442,38079,9400,17,6781,60,17.72,Rejected
510,58335,15015,11,34238,24,14.94,Rejected
487,58995,21810,8,12111,12,12.01,Rejected
588,52690,9658,16,13088,60,6.89,Rejected
668,41793,10157,7,37497,24,12.8,Approved
801,71333,11716,21,4538,48,7.75,Approved
509,74711,10337,10,38173,48,11.13,Rejected
525,59181,10933,5,12706,36,16.79,Rejected
400,49192,30708,17,6368,12,14.03,Rejected
375,61200,14481,11,22000,36,13.03,Rejected
575,63569,10830,26,18299,12,16.53,Rejected
708,29930,17787,27,40041,36,17.18,Approved
334,58571,2815,14,14583,48,8.52,Rejected
513,35487,13770,26,40333,24,11.76,Rejected
707,35317,11378,5,12570,12,13.22,Approved
585,69861,19772,26,29388,60,12.39,Rejected
650,45175,14597,10,45757,12,7.62,Approved
468,30416,14327,16,17199,12,15.91,Rejected
752,55650,18592,2,48169,12,13.24,Approved
762,75976,21093,28,5516,36,7.63,Approved
572,54357,18788,21,48924,60,16.24,Rejected
389,57100,13438,8,38312,48,15.12,Rejected
646,48174,10191,12,17036,36,6.13,Rejected
848,55816,0,2,7945,60,12.86,Approved
438,25729,23529,6,10562,36,12.93,Rejected
373,49770,20332,10,38315,60,6.78,Rejected
657,49031,37788,29,21487,24,15.93,Approved
659,84568,27266,28,47338,12,5.93,Approved
644,55020,0,23,31903,60,16.98,Rejected
677,49341,18057,8,23716,60,5.58,Approved
408,11012,16757,8,13640,48,10.71,Rejected
328,15538,12001,5,36917,60,13.6,Rejected
668,36587,10295,23,35653,12,13.04,Approved
335,67657,14507,15,1284,36,7.73,Rejected
634,49508,6355,9,25211,36,14.68,Rejected
577,34694,24879,3,14607,48,8.0,Rejected
643,68197,12295,18,30798,48,8.79,Rejected
734,52990,11013,16,40701,36,12.88,Approved
319,83494,21813,9,48214,36,13.94,Rejected
373,52172,16340,19,41186,12,9.87,Rejected
693,51834,11578,2,22413,24,17.51,Approved
319,34091,19790,8,12952,60,9.96,Rejected
351,28623,23376,11,15469,12,16.72,Rejected
583,31226,23893,7,2936,24,5.55,Rejected
569,36022,23652,16,23649,60,12.51,Rejected
697,40313,38004,28,17844,24,17.54,Approved
696,49847,18890,7,35638,36,12.62,Approved
538,71645,21585,24,27918,60,17.03,Rejected
711,16246,19858,4,28491,36,17.31,Rejected
533,28266,25407,29,39913,60,9.41,Rejected
330,58185,14187,0,7908,12,6.65,Rejected
743,30413,30589,19,12618,12,7.31,Rejected
827,35135,14735,28,3375,24,14.95,Approved
529,45346,18630,22,5432,12,8.93,Rejected
377,67550,11164,10,9955,12,7.44,Rejected
445,50354,21370,29,6230,60,6.28,Rejected
572,46598,9902,27,45322,36,7.5,Rejected
334,48638,6957,24,41264,48,8.07,Rejected
646,55143,23248,15,22705,36,7.67,Rejected
516,47026,9711,3,24409,48,16.7,Rejected
681,31495,9319,29,11712,12,16.65,Approved
790,62934,28029,17,41907,24,17.43,Approved
428,11876,5646,3,33678,24,17.02,Rejected
413,35528,24244,2,6386,36,10.46,Rejected
449,56125,21854,13,30107,12,11.53,Rejected
579,46232,0,8,34364,60,10.7,Rejected
677,51031,17442,15,41000,60,12.53,Approved
628,28874,19181,6,6745,48,15.74,Rejected
458,52900,3252,20,8981,12,6.5,Rejected
643,39799,19058,21,27358,48,17.41,Rejected
733,77893,13006,23,9480,48,17.31,Approved
327,39764,6828,27,23750,24,5.73,Rejected
673,36338,15477,21,18297,24,10.37,Approved
786,59102,9404,29,31179,60,8.85,Approved
573,37291,17257,8,18800,12,13.44,Rejected
378,78989,16606,4,3641,12,16.0,Rejected
606,41170,16317,21,34730,12,17.87,Rejected
363,52740,17629,19,11240,60,10.75,Rejected
767,47805,15895,18,3133,48,15.46,Approved
707,38121,22163,12,46770,36,9.87,Approved
698,45949,16560,28,3201,48,11.9,Approved
836,62220,17390,17,14137,60,11.61,Approved
424,38918,10742,10,23146,24,8.99,Rejected
739,45767,2300,22,23029,60,11.77,Approved
441,46104,19013,29,39511,24,7.15,Rejected
622,46964,9375,11,22221,48,16.2,Rejected
756,54595,3688,27,46194,12,12.64,Approved
348,52309,13121,26,5209,36,6.08,Rejected
320,54530,4975,22,23003,48,9.07,Rejected
606,16856,19599,3,22738,48,17.46,Rejected
466,42721,18284,24,2566,12,14.29,Rejected
319,65655,29225,21,1145,36,9.55,Rejected
662,61677,8127,17,48903,36,9.97,Approved
374,32409,3038,19,34480,48,13.27,Rejected
597,70595,15443,24,7991,60,5.8,Rejected
431,37981,14643,1,43318,36,16.57,Rejected
357,62246,0,15,29995,12,11.11,Rejected
433,44482,14981,24,3174,48,16.18,Rejected
518,41830,11697,20,13774,24,14.43,Rejected
842,30499,17864,26,30744,36,6.92,Approved
582,47126,16182,15,43711,60,11.71,Rejected
659,32110,5512,25,41627,12,6.74,Approved
641,12573,16761,22,42280,60,13.84,Rejected
356,43925,10618,3,4564,48,9.9,Rejected
833,32502,19457,13,3890,60,12.63,Approved
518,25833,18536,17,46072,48,14.79,Rejected
614,40297,21387,16,7655,60,5.92,Rejected
688,46507,9463,17,18526,48,14.15,Approved
340,40993,16599,17,17375,36,5.84,Rejected
329,45180,12117,12,49960,60,7.69,Rejected
678,68714,5780,6,23710,48,10.75,Approved
810,40018,17961,14,22947,36,10.49,Approved
528,38156,3950,28,16779,36,13.76,Rejected
550,57015,24556,7,37899,60,10.02,Rejected
673,66230,17406,12,17519,24,10.71,Approved
443,24533,11868,12,38098,36,11.28,Rejected
491,42918,23462,6,21448,48,9.09,Rejected
606,45494,28362,6,22277,48,16.82,Rejected
505,37555,11857,4,2017,48,10.27,Rejected
648,58393,24136,5,23695,60,13.35,Rejected
414,62554,14318,11,11975,48,12.93,Rejected
737,50108,12371,14,22728,12,8.37,Approved
542,42160,23577,29,31073,36,8.06,Rejected
663,25690,4917,17,12004,48,7.38,Approved
374,37021,29727,25,36223,48,12.86,Rejected
513,33749,0,27,25952,12,10.65,Rejected
755,47662,19703,16,10589,12,11.56,Approved
502,50889,13638,25,2694,48,8.9,Rejected
670,59175,23644,0,2690,36,16.94,Rejected
515,24453,15934,9,47445,60,13.2,Rejected
582,52752,14765,17,45796,36,11.2,Rejected
308,64177,23079,14,14523,60,16.75,Rejected
677,25424,17325,26,24332,48,16.26,Approved
619,39425,2082,25,8755,60,9.54,Rejected
724,49710,28477,26,42813,60,9.24,Approved
824,60917,33197,0,45894,48,6.12,Rejected
748,56024,11751,1,42317,24,8.01,Rejected
532,72420,26493,3,1761,48,6.24,Rejected
646,79523,10033,27,4918,36,10.12,Rejected
667,91499,27301,4,43066,36,7.05,Approved
447,19198,5703,10,8515,48,12.06,Rejected
505,59713,18914,22,7272,48,17.1,Rejected
443,15001,16233,7,29214,36,13.22,Rejected
740,62646,6818,21,34712,48,16.98,Approved
783,63749,11230,17,14996,12,17.17,Approved
346,59088,20142,9,15146,24,11.33,Rejected
348,49355,2727,7,10608,36,14.72,Rejected
661,64387,10541,6,32806,60,6.44,Approved
679,48129,32745,17,25121,60,9.62,Approved
698,50181,11024,9,3984,24,11.8,Approved
610,61550,12378,26,22512,24,14.13,Rejected
838,87012,29785,26,39240,60,5.7,Approved
357,52666,20514,15,17817,24,12.11,Rejected
657,81933,23821,7,20369,24,6.42,Approved
650,18814,13272,26,36796,12,17.37,Approved
518,44993,21870,19,16901,24,10.88,Rejected
356,57395,4048,0,18184,36,6.88,Rejected
725,36253,16349,7,44359,24,12.27,Approved
490,34387,10716,29,19131,36,8.4,Rejected
314,42833,32441,19,17167,36,16.79,Rejected
658,34596,17268,3,11547,24,13.97,Approved
788,33611,7593,3,23839,24,10.41,Approved
750,53457,12838,13,41536,36,14.34,Approved
311,61316,29452,14,1562,60,5.16,Rejected
731,58214,12901,20,48631,60,8.48,Approved
834,53069,11554,3,35537,12,5.89,Approved
633,69575,13166,18,5683,24,14.81,Rejected
725,31384,19392,13,42097,12,10.59,Approved
835,42547,24909,26,26606,36,5.07,Approved
334,55203,18612,16,21418,48,10.68,Rejected
358,48719,1479,13,44557,48,10.24,Rejected
701,67010,28614,14,6367,12,14.92,Approved
600,39467,15354,5,24202,60,7.11,Rejected
412,64725,11265,2,3655,36,13.66,Rejected
