ApplicantID,CreditScore,AnnualIncome,ExistingDebts,EmploymentYears,LoanAmount,LoanTermMonths,LoanPurpose,EmploymentType,HomeOwnership,MaritalStatus,Default
10001,652,630225,109254.06,25,397747,12,Education,Self-Employed,Own,Married,0
10002,699,640972,153934.07,17,2066393,36,Education,Unemployed,Rent,Married,0
10003,680,488866,86307.98,19,1812083,36,Business,Salaried,Rent,Divorced,0
10004,794,460308,187541.83,23,215259,24,Personal,Unemployed,Own,Married,0
10005,385,583146,191496.57,19,2366220,12,Education,Salaried,Mortgage,Single,1
10006,358,596187,102103.97,9,138065,60,Home,Self-Employed,Own,Married,0
10007,515,536065,138726.44,6,1274505,60,Business,Self-Employed,Own,Divorced,0
10008,593,601207,183653.62,2,482702,24,Car,Self-Employed,Mortgage,Married,0
10009,465,862508,110889.49,14,856534,24,Education,Self-Employed,Own,Single,0
10010,611,655714,191338.09,16,309151,60,Personal,Self-Employed,Rent,Divorced,0
10011,371,691975,162799.07,2,2352012,60,Home,Self-Employed,Rent,Single,0
10012,770,370127,175458.66,26,2249917,60,Personal,Self-Employed,Mortgage,Divorced,0
10013,648,651786,155259.49,5,257980,24,Business,Salaried,Mortgage,Divorced,0
10014,558,521093,181395.31,17,1263055,12,Personal,Self-Employed,Own,Divorced,0
10015,487,637088,197848.56,16,1288951,12,Business,Self-Employed,Rent,Single,0
10016,367,632126,97588.56,4,1469011,12,Personal,Unemployed,Mortgage,Divorced,1
10017,848,449740,188025.37,5,2270299,36,Business,Unemployed,Mortgage,Married,0
10018,686,704259,135707.41,24,1065622,12,Education,Unemployed,Rent,Married,0
10019,725,550102,103703.65,7,1096717,36,Personal,Self-Employed,Own,Single,0
10020,715,780206,178760.19,2,2125402,24,Business,Salaried,Own,Divorced,0
10021,373,734360,135973.72,9,936028,24,Education,Self-Employed,Own,Divorced,1
10022,330,613291,237487.45,3,2124643,24,Education,Salaried,Own,Single,1
10023,819,747999,204406.76,2,1533376,36,Personal,Self-Employed,Rent,Single,0
10024,668,673227,267744.37,19,1826775,60,Car,Self-Employed,Own,Divorced,0
10025,341,451608,113181.01,16,505631,12,Education,Salaried,Rent,Single,0
10026,433,601340,124639.38,9,1056570,12,Business,Salaried,Rent,Divorced,0
10027,506,720473,114045.27,18,1516835,36,Business,Self-Employed,Mortgage,Single,1
10028,650,567720,129822.7,29,2359290,60,Business,Salaried,Own,Married,0
10029,493,657101,170804.57,11,642834,12,Personal,Unemployed,Rent,Single,0
10030,834,698032,162389.59,5,1040809,36,Business,Salaried,Mortgage,Married,0
10031,828,624636,147764.55,24,1170329,36,Home,Unemployed,Mortgage,Single,0
10032,823,969122,46034.85,6,2180768,36,Education,Self-Employed,Own,Divorced,0
10033,771,738337,159019.77,15,1750333,24,Business,Salaried,Rent,Divorced,0
10034,483,623678,64005.19,22,1595480,60,Business,Salaried,Mortgage,Divorced,1
10035,683,574313,120685.54,3,2156643,36,Home,Salaried,Rent,Married,0
10036,758,659096,118055.13,12,2008759,60,Home,Salaried,Mortgage,Married,0
10037,375,670911,228619.21,12,2033463,12,Business,Unemployed,Rent,Married,1
10038,618,892163,148515.9,26,1690565,36,Education,Unemployed,Mortgage,Divorced,0
10039,514,660533,73200.27,3,834028,36,Personal,Unemployed,Rent,Single,0
10040,841,617454,120763.49,25,142287,24,Education,Unemployed,Mortgage,Married,0
10041,420,624212,130771.76,25,470303,12,Personal,Salaried,Mortgage,Divorced,0
10042,436,587777,169017.36,19,2197522,36,Business,Salaried,Mortgage,Married,0
10043,755,504688,185954.39,16,1195230,24,Personal,Salaried,Mortgage,Married,0
10044,397,525925,148614.68,21,1998004,36,Personal,Salaried,Rent,Married,1
10045,594,603894,190573.64,2,1237813,12,Business,Salaried,Rent,Single,0
10046,505,600867,182595.43,28,1945470,60,Car,Self-Employed,Mortgage,Single,1
10047,450,326647,160630.22,14,473875,24,Business,Salaried,Own,Married,1
10048,800,502328,214225.06,26,717778,12,Education,Salaried,Mortgage,Married,0
10049,731,525798,271955.07,1,1327416,24,Education,Self-Employed,Rent,Married,0
10050,729,578287,107706.11,19,1243911,24,Business,Self-Employed,Mortgage,Divorced,0
10051,510,535951,172519.83,1,1039882,60,Business,Salaried,Rent,Married,1
10052,455,742402,122278.09,28,2045770,12,Education,Self-Employed,Mortgage,Divorced,0
10053,783,695353,148165.58,3,484641,36,Business,Unemployed,Rent,Married,0
10054,491,568944,154035.28,25,201344,24,Home,Salaried,Rent,Divorced,0
10055,659,696905,167274.98,22,2428109,36,Car,Salaried,Mortgage,Single,0
10056,688,643973,147258.05,17,1087354,36,Education,Unemployed,Own,Married,0
10057,681,679970,225179.65,5,1998261,60,Personal,Self-Employed,Own,Divorced,0
10058,675,695810,163698.23,10,2147494,60,Personal,Unemployed,Rent,Married,0
10059,830,668698,258600.81,24,1238199,60,Car,Salaried,Rent,Single,0
10060,418,557774,220619.68,9,2325673,24,Car,Self-Employed,Rent,Single,1
10061,518,334568,129522.51,22,2218277,60,Personal,Self-Employed,Mortgage,Married,1
10062,305,970173,138660.38,4,2411285,24,Car,Unemployed,Own,Married,1
10063,648,443700,184101.19,26,1779568,36,Car,Unemployed,Mortgage,Divorced,0
10064,680,665010,127105.22,1,830537,24,Home,Unemployed,Mortgage,Married,1
10065,303,721036,216635.34,17,827085,60,Car,Self-Employed,Mortgage,Divorced,0
10066,676,480591,81749.75,19,2441979,24,Education,Self-Employed,Own,Married,0
10067,626,677793,197967.45,0,879065,24,Car,Self-Employed,Rent,Married,1
10068,686,605356,136887.76,12,2468300,24,Education,Unemployed,Rent,Single,0
10069,625,472064,148628.96,1,2119759,12,Education,Unemployed,Own,Married,0
10070,637,897339,150180.41,28,1110196,36,Car,Salaried,Own,Single,0
10071,582,421093,165732.15,24,445829,12,Car,Unemployed,Own,Divorced,0
10072,674,725884,196642.81,7,1831379,36,Education,Salaried,Mortgage,Divorced,0
10073,391,907903,199158.11,17,1716304,24,Personal,Self-Employed,Rent,Single,1
10074,841,584937,136782.83,28,1454165,36,Personal,Unemployed,Rent,Divorced,0
10075,427,800244,170980.52,2,248185,60,Home,Self-Employed,Rent,Single,1
10076,324,479124,148985.6,29,601491,12,Car,Salaried,Mortgage,Single,0
10077,623,493657,180081.51,12,1820954,60,Home,Salaried,Rent,Divorced,0
10078,600,709806,183066.35,22,401126,60,Education,Self-Employed,Mortgage,Married,0
10079,572,635745,106002.11,25,796538,12,Business,Unemployed,Mortgage,Single,0
10080,531,600989,166495.53,10,400434,12,Business,Unemployed,Own,Single,0
10081,390,416622,170753.5,12,1838694,24,Home,Salaried,Rent,Married,0
10082,516,620914,50251.05,24,856066,24,Personal,Self-Employed,Rent,Married,0
10083,461,983803,83994.11,26,2019515,24,Education,Self-Employed,Own,Single,0
10084,815,610963,163326.82,26,2282722,12,Business,Unemployed,Own,Single,0
10085,427,704545,156167.28,25,816622,36,Home,Salaried,Mortgage,Single,0
10086,500,348522,92989.45,23,2186331,36,Car,Self-Employed,Own,Single,0
10087,303,403358,153654.15,17,1749628,12,Education,Self-Employed,Own,Divorced,0
10088,756,639885,139271.98,3,485605,60,Education,Self-Employed,Rent,Divorced,0
10089,612,654576,146136.5,8,1625626,24,Education,Self-Employed,Rent,Divorced,0
10090,512,525343,106530.07,29,2211353,60,Education,Salaried,Rent,Single,1
10091,769,471578,213260.65,16,1452317,12,Education,Unemployed,Rent,Single,0
10092,804,716546,176003.8,23,1787989,60,Business,Unemployed,Own,Divorced,0
10093,746,833538,126036.26,4,687447,36,Car,Unemployed,Mortgage,Single,0
10094,490,778463,195157.81,15,1474494,60,Car,Self-Employed,Mortgage,Single,0
10095,547,918124,203551.07,19,989699,36,Car,Self-Employed,Own,Divorced,0
10096,618,601106,108992.68,4,2174883,12,Home,Unemployed,Mortgage,Single,0
10097,716,251535,215715.93,21,142258,36,Education,Unemployed,Mortgage,Married,1
10098,305,489149,178381.04,21,1531748,12,Personal,Unemployed,Rent,Divorced,0
10099,835,813348,155277.65,25,1092275,12,Personal,Self-Employed,Own,Married,0
10100,632,708946,205606.28,10,1349312,24,Car,Unemployed,Own,Married,0
10101,405,592322,183953.97,13,371465,36,Car,Salaried,Rent,Married,0
10102,601,483669,178836.74,2,2240332,60,Car,Unemployed,Rent,Single,0
10103,330,753223,234930.95,10,794964,36,Personal,Self-Employed,Own,Married,1
10104,535,754205,103460.81,6,1782184,36,Business,Self-Employed,Rent,Single,0
10105,696,587882,157504.08,8,2139109,24,Personal,Salaried,Rent,Married,0
10106,805,624200,105111.27,25,861844,12,Education,Self-Employed,Own,Divorced,0
10107,467,790680,164300.08,29,1320049,24,Home,Self-Employed,Mortgage,Married,0
10108,497,495759,194280.29,7,531707,60,Car,Unemployed,Rent,Divorced,1
10109,341,625750,27222.16,12,2061612,24,Car,Salaried,Rent,Divorced,1
10110,553,634854,121534.45,28,582527,24,Personal,Salaried,Mortgage,Married,1
10111,588,835875,164236.02,17,238670,24,Business,Self-Employed,Mortgage,Divorced,1
10112,708,558097,191189.23,6,1713204,24,Car,Unemployed,Mortgage,Single,0
10113,519,361806,201667.45,18,1415991,60,Business,Salaried,Mortgage,Single,1
10114,392,706631,78869.76,0,2491216,12,Home,Unemployed,Mortgage,Divorced,1
10115,522,612741,158599.68,29,997559,24,Car,Unemployed,Own,Divorced,1
10116,693,552516,88247.55,1,1208574,12,Personal,Self-Employed,Own,Divorced,0
10117,513,404011,149311.37,8,610313,36,Car,Salaried,Own,Divorced,0
10118,450,343462,52551.34,16,1134415,24,Education,Self-Employed,Rent,Divorced,0
10119,554,268474,174094.14,7,697800,24,Education,Salaried,Mortgage,Married,1
10120,426,689360,136288.64,27,306749,12,Home,Salaried,Rent,Married,0
10121,479,461253,110162.15,8,553112,24,Home,Unemployed,Rent,Divorced,0
10122,759,594527,155855.2,1,2151937,36,Car,Unemployed,Mortgage,Divorced,0
10123,318,962625,60494.52,5,1840038,36,Car,Salaried,Rent,Married,0
10124,562,452207,172721.23,12,620636,12,Home,Salaried,Rent,Single,0
10125,704,241690,94035.69,1,357423,24,Personal,Salaried,Own,Married,0
10126,400,366902,205133.39,18,667469,60,Education,Unemployed,Rent,Divorced,1
10127,628,613948,96216.88,18,2144079,36,Car,Salaried,Rent,Single,0
10128,365,563668,133243.41,11,2472987,60,Car,Salaried,Mortgage,Single,0
10129,451,403049,247186.08,15,439206,60,Home,Self-Employed,Own,Married,1
10130,349,456547,69978.1,10,132191,36,Car,Self-Employed,Mortgage,Divorced,1
10131,460,454876,146127.68,22,1394204,24,Car,Self-Employed,Rent,Married,1
10132,434,558636,144942.75,3,1779106,36,Business,Self-Employed,Own,Single,1
10133,466,764876,259439.22,5,543144,36,Education,Salaried,Own,Single,0
10134,849,795159,156803.8,1,1119921,36,Home,Self-Employed,Mortgage,Married,0
10135,487,688893,166452.9,28,2005588,60,Home,Self-Employed,Rent,Married,1
10136,784,698763,163702.58,26,859505,36,Education,Self-Employed,Own,Divorced,0
10137,741,716592,185973.73,18,951574,36,Home,Unemployed,Own,Single,0
10138,311,935049,137921.3,22,1281867,24,Business,Salaried,Rent,Divorced,0
10139,836,522961,164639.33,11,1934580,36,Personal,Salaried,Rent,Divorced,0
10140,425,674451,214206.27,9,1103884,60,Home,Self-Employed,Mortgage,Single,1
10141,370,631375,130474.94,22,1206003,36,Home,Unemployed,Own,Single,0
10142,500,731527,149269.3,27,969442,60,Home,Self-Employed,Rent,Single,0
10143,380,320559,101893.91,12,1970348,36,Education,Salaried,Own,Divorced,1
10144,697,656156,205252.3,16,2378092,24,Car,Salaried,Rent,Divorced,0
10145,314,522110,63038.38,15,1835191,12,Home,Self-Employed,Own,Divorced,1
10146,468,560567,173653.85,15,1980905,60,Home,Unemployed,Rent,Divorced,1
10147,464,866669,120362.81,0,1149029,12,Personal,Unemployed,Own,Divorced,0
10148,622,537947,225757.34,5,1885557,24,Home,Unemployed,Own,Single,1
10149,661,710652,86652.42,9,643880,36,Personal,Unemployed,Own,Single,0
10150,357,426578,153452.62,5,961353,24,Car,Unemployed,Own,Single,1
10151,403,665668,90378.06,15,2287339,12,Education,Self-Employed,Rent,Divorced,1
10152,667,541927,156217.05,26,724120,36,Personal,Salaried,Rent,Divorced,0
10153,594,586579,72771.35,22,452771,24,Education,Unemployed,Mortgage,Divorced,1
10154,496,642812,171546.56,6,2389653,12,Business,Self-Employed,Rent,Divorced,1
10155,749,611616,188381.07,20,2339898,36,Business,Unemployed,Own,Divorced,0
10156,343,535475,125920.56,7,360215,24,Personal,Unemployed,Own,Married,1
10157,321,724719,154798.99,11,1724424,12,Education,Unemployed,Own,Divorced,0
10158,733,648025,167115.51,11,1246157,24,Car,Self-Employed,Mortgage,Divorced,0
10159,681,604968,113130.27,16,1135037,24,Home,Self-Employed,Mortgage,Married,0
10160,697,845682,139967.83,24,1603867,60,Home,Unemployed,Mortgage,Divorced,0
10161,398,492224,110255.18,20,2445122,36,Home,Unemployed,Mortgage,Single,1
10162,673,431322,208234.86,20,2183235,60,Home,Salaried,Rent,Single,0
10163,398,593584,134499.62,19,890679,12,Car,Self-Employed,Mortgage,Single,1
10164,684,745417,159537.39,13,68903,60,Business,Self-Employed,Rent,Divorced,0
10165,465,898112,195851.11,15,2386955,24,Car,Self-Employed,Own,Divorced,1
10166,405,632336,152279.35,22,1144442,36,Car,Unemployed,Own,Single,1
10167,436,835679,134695.32,22,1324280,12,Home,Self-Employed,Rent,Single,0
10168,369,546336,152889.14,28,928186,36,Personal,Salaried,Rent,Married,0
10169,815,414384,220976.09,16,174178,12,Car,Self-Employed,Rent,Married,0
10170,828,430865,161818.37,5,2314722,36,Business,Self-Employed,Own,Married,0
10171,574,544290,164480.88,11,1519120,60,Car,Salaried,Own,Single,1
10172,476,710454,173704.06,0,438658,24,Business,Self-Employed,Own,Single,1
10173,735,565282,206368.03,27,218609,12,Car,Unemployed,Rent,Single,0
10174,413,845906,139626.91,23,238175,24,Car,Salaried,Rent,Single,1
10175,737,753326,149650.58,28,2085934,36,Education,Unemployed,Rent,Single,0
10176,724,511285,102082.45,18,1054731,60,Business,Self-Employed,Mortgage,Married,0
10177,795,413099,108992.16,7,888490,12,Car,Salaried,Own,Divorced,0
10178,673,438405,76576.65,4,1123998,60,Education,Unemployed,Mortgage,Divorced,0
10179,559,982033,64482.59,17,1126211,24,Home,Unemployed,Rent,Divorced,0
10180,844,759271,173142.97,4,2379416,24,Home,Salaried,Mortgage,Married,0
10181,833,512424,156152.04,10,323257,60,Business,Unemployed,Mortgage,Married,0
10182,510,431747,126287.41,12,514262,36,Business,Salaried,Mortgage,Married,0
10183,643,682131,213773.54,12,328231,24,Home,Self-Employed,Own,Divorced,1
10184,387,982250,116128.32,18,589938,60,Personal,Unemployed,Mortgage,Single,1
10185,679,666683,244249.67,12,1191370,24,Education,Salaried,Mortgage,Divorced,0
10186,805,547319,89335.04,16,479433,12,Home,Unemployed,Rent,Married,0
10187,736,720971,168687.87,29,2028132,60,Home,Salaried,Mortgage,Married,0
10188,687,710734,129977.03,9,1894850,60,Business,Self-Employed,Mortgage,Divorced,0
10189,803,427974,138681.68,5,2368278,60,Home,Self-Employed,Rent,Married,0
10190,733,532589,176896.31,25,1813109,12,Personal,Self-Employed,Rent,Divorced,0
10191,453,747574,95820.71,26,2441247,60,Car,Self-Employed,Rent,Single,1
10192,578,667493,209923.01,12,2260819,36,Personal,Salaried,Mortgage,Married,1
10193,387,745771,121365.98,0,1773036,60,Home,Unemployed,Mortgage,Single,1
10194,804,697870,202917.67,28,1167492,24,Business,Self-Employed,Own,Married,1
10195,699,743388,210869.75,8,1657681,36,Business,Unemployed,Rent,Single,0
10196,393,491412,196981.18,19,2276980,24,Home,Unemployed,Own,Divorced,1
10197,352,490759,202127.25,26,655533,12,Education,Salaried,Rent,Single,0
10198,354,923274,72910.99,19,372821,24,Car,Self-Employed,Rent,Single,1
10199,658,748314,123218.41,14,689295,60,Home,Unemployed,Mortgage,Married,0
10200,566,330496,152471.31,15,667617,12,Education,Self-Employed,Mortgage,Divorced,1
10201,435,308843,129877.42,8,745500,12,Home,Unemployed,Own,Divorced,1
10202,531,746240,170200.46,6,2067272,24,Home,Self-Employed,Own,Married,1
10203,414,603034,223721.95,6,1800225,12,Education,Unemployed,Own,Single,0
10204,356,543564,164120.56,0,1300950,24,Business,Unemployed,Own,Married,0
10205,340,683216,99727.33,5,2203225,12,Business,Salaried,Own,Divorced,0
10206,487,640245,208185.73,2,2202722,36,Home,Salaried,Mortgage,Married,1
10207,320,328220,186211.45,1,1493391,12,Car,Self-Employed,Rent,Married,1
10208,604,723658,205585.65,17,1177921,60,Business,Unemployed,Rent,Divorced,0
10209,324,805466,132159.25,5,1828552,36,Home,Salaried,Own,Married,0
10210,521,424802,189347.21,23,1597003,60,Home,Self-Employed,Own,Married,0
10211,710,899361,166493.03,18,1580180,24,Car,Self-Employed,Mortgage,Single,0
10212,344,1010014,201156.08,20,2159046,60,Education,Unemployed,Mortgage,Single,0
10213,744,567035,293822.04,27,343466,12,Car,Self-Employed,Rent,Divorced,0
10214,808,576335,205599.13,5,1873805,24,Personal,Salaried,Mortgage,Married,0
10215,816,793780,123806.75,4,2388497,60,Personal,Salaried,Mortgage,Divorced,0
10216,610,751569,131775.28,20,2269314,36,Car,Self-Employed,Mortgage,Married,0
10217,588,735242,72921.03,15,874187,60,Car,Salaried,Own,Divorced,0
10218,682,561434,99323.41,22,1827708,60,Home,Self-Employed,Mortgage,Married,0
10219,539,371402,224614.02,26,1572090,24,Education,Self-Employed,Own,Divorced,1
10220,543,323800,141525.53,5,1109477,60,Personal,Salaried,Rent,Single,0
10221,340,767891,53788.8,24,987854,36,Education,Unemployed,Mortgage,Divorced,0
10222,730,518748,164473.19,24,927744,36,Car,Salaried,Rent,Married,0
10223,784,334730,115577.47,3,1920900,24,Personal,Unemployed,Own,Single,0
10224,540,428934,155810.47,16,1180286,24,Home,Self-Employed,Rent,Single,0
10225,363,719646,129398.0,24,1668971,12,Car,Salaried,Rent,Single,0
10226,788,437109,183035.23,28,880721,36,Home,Unemployed,Own,Divorced,0
10227,495,954544,186245.68,0,2047685,60,Business,Self-Employed,Own,Married,1
10228,523,691306,194710.92,13,2240648,60,Car,Salaried,Own,Divorced,0
10229,770,592135,100538.14,1,2466519,24,Home,Self-Employed,Rent,Single,0
10230,372,531426,123530.75,13,389421,60,Personal,Unemployed,Rent,Divorced,0
10231,711,512558,149984.96,27,345097,12,Personal,Unemployed,Mortgage,Divorced,0
10232,707,581508,85291.8,16,299171,24,Personal,Unemployed,Own,Married,0
10233,449,727249,143034.42,16,2072625,60,Education,Self-Employed,Own,Married,0
10234,371,444776,172675.31,5,1332467,60,Education,Self-Employed,Own,Married,0
10235,517,603998,238791.03,14,1209419,36,Business,Self-Employed,Rent,Divorced,1
10236,557,625496,97145.33,6,771702,12,Home,Salaried,Own,Single,0
10237,472,745607,127399.62,21,762950,24,Personal,Self-Employed,Mortgage,Divorced,0
10238,784,539292,234276.1,20,1755013,12,Personal,Self-Employed,Rent,Married,0
10239,746,666940,60159.5,23,705208,24,Personal,Salaried,Mortgage,Single,0
10240,370,518368,199553.4,2,1497757,36,Business,Unemployed,Own,Single,1
10241,442,415913,154874.52,21,2356215,36,Education,Self-Employed,Mortgage,Divorced,1
10242,432,613842,119167.57,1,2142244,12,Education,Self-Employed,Own,Married,1
10243,603,716701,127559.3,16,1059787,24,Home,Salaried,Mortgage,Divorced,0
10244,781,577611,132349.76,1,2125524,24,Car,Self-Employed,Rent,Married,1
10245,762,579042,154609.27,1,2311512,60,Personal,Unemployed,Rent,Divorced,0
10246,605,1152271,188932.84,9,231062,60,Education,Salaried,Own,Married,0
10247,826,618163,133926.3,0,528930,36,Personal,Unemployed,Rent,Divorced,0
10248,581,571464,154453.7,22,2423826,12,Home,Salaried,Own,Divorced,0
10249,482,639994,207840.22,2,1248551,12,Home,Self-Employed,Mortgage,Married,1
10250,463,618515,228845.39,4,928048,24,Education,Salaried,Rent,Married,1
10251,355,806611,188484.14,18,87005,60,Education,Self-Employed,Mortgage,Divorced,0
10252,412,731749,98151.23,25,2264888,12,Home,Self-Employed,Own,Single,0
10253,431,527798,36780.94,27,1800326,36,Education,Salaried,Rent,Divorced,0
10254,665,741194,152627.64,25,1012079,12,Home,Self-Employed,Own,Single,0
10255,786,615471,265580.74,5,248873,24,Personal,Self-Employed,Mortgage,Divorced,0
10256,685,378750,78401.96,17,1324435,12,Personal,Unemployed,Mortgage,Single,0
10257,340,536157,196073.82,21,1993093,24,Education,Self-Employed,Rent,Divorced,1
10258,398,553650,116439.11,5,694325,24,Education,Self-Employed,Rent,Divorced,0
10259,670,570568,194177.63,22,2310870,36,Car,Self-Employed,Mortgage,Married,0
10260,541,711885,145207.25,24,1397168,24,Car,Unemployed,Rent,Married,0
10261,512,528915,170613.01,15,1916363,60,Personal,Self-Employed,Rent,Married,1
10262,657,640890,168118.37,0,2403186,36,Business,Self-Employed,Mortgage,Single,0
10263,811,753739,165409.78,7,1152913,60,Education,Self-Employed,Own,Married,0
10264,764,561817,138627.29,8,2478645,24,Personal,Self-Employed,Mortgage,Single,0
10265,521,511774,173107.26,28,2406023,24,Home,Unemployed,Rent,Divorced,0
10266,694,714625,97916.03,14,2473609,60,Personal,Unemployed,Own,Single,0
10267,398,638486,110568.98,15,1147863,12,Home,Unemployed,Mortgage,Married,0
10268,648,606443,143015.64,27,998205,36,Business,Self-Employed,Rent,Married,0
10269,313,649460,59921.93,5,2046880,24,Business,Unemployed,Mortgage,Married,0
10270,779,329703,230251.87,1,1099683,36,Business,Unemployed,Mortgage,Divorced,1
10271,610,579037,173205.96,3,2341785,24,Business,Salaried,Own,Married,0
10272,782,289914,190707.57,13,71234,36,Car,Unemployed,Mortgage,Married,0
10273,497,579756,240578.95,19,462023,36,Education,Salaried,Own,Divorced,0
10274,391,639691,248803.06,25,64516,60,Car,Unemployed,Mortgage,Single,1
10275,744,654852,171348.56,14,1782695,36,Car,Self-Employed,Own,Divorced,0
10276,776,549027,67675.13,18,1386880,60,Car,Salaried,Own,Married,0
10277,489,589032,81715.3,14,1112378,24,Personal,Unemployed,Own,Married,1
10278,575,553753,127100.38,24,373395,36,Car,Salaried,Mortgage,Married,0
10279,748,645898,96432.35,12,1048123,60,Home,Self-Employed,Own,Divorced,0
10280,544,574280,178603.27,12,502380,12,Education,Salaried,Rent,Divorced,0
10281,401,403391,122256.89,9,1165129,36,Car,Self-Employed,Mortgage,Married,0
10282,806,585419,132757.12,25,1992835,60,Personal,Salaried,Rent,Single,0
10283,515,432568,139566.9,6,839232,60,Car,Salaried,Mortgage,Divorced,1
10284,803,306892,99875.61,22,634155,36,Personal,Self-Employed,Own,Married,1
10285,559,578979,106314.23,4,2034913,24,Home,Salaried,Mortgage,Single,0
10286,469,427449,157736.7,20,546079,60,Home,Unemployed,Own,Married,1
10287,393,310475,183294.49,2,1598491,24,Education,Salaried,Rent,Single,1
10288,841,793242,162498.75,3,589411,36,Education,Salaried,Mortgage,Divorced,0
10289,538,732260,138385.12,29,2411615,24,Personal,Unemployed,Own,Divorced,1
10290,628,650210,64498.54,11,1259008,12,Business,Self-Employed,Mortgage,Single,0
10291,527,922545,272447.43,28,2126236,36,Business,Salaried,Own,Divorced,1
10292,648,557515,161258.86,15,1808716,60,Education,Self-Employed,Rent,Divorced,0
10293,336,591142,129586.51,10,2180616,12,Personal,Unemployed,Rent,Married,1
10294,744,620480,136937.97,7,169944,12,Home,Salaried,Mortgage,Married,0
10295,497,486925,140305.71,9,1579243,60,Personal,Salaried,Own,Divorced,0
10296,788,462635,222833.55,3,699927,24,Business,Unemployed,Mortgage,Single,0
10297,700,425409,147982.78,8,178807,60,Business,Unemployed,Rent,Divorced,0
10298,492,592422,134405.31,7,1233291,24,Personal,Salaried,Mortgage,Single,1
10299,425,868930,75999.46,0,1234131,60,Car,Unemployed,Own,Divorced,0
10300,503,481412,172704.3,16,260542,36,Home,Self-Employed,Mortgage,Married,0
10301,730,485223,117176.02,28,1978527,60,Car,Salaried,Rent,Divorced,0
10302,617,577816,255401.53,9,2422112,12,Home,Salaried,Mortgage,Divorced,0
10303,743,496539,182524.11,20,1915594,12,Education,Self-Employed,Mortgage,Divorced,0
10304,576,245190,124499.44,4,1012095,24,Education,Unemployed,Rent,Married,1
10305,680,556668,137116.89,15,1118334,24,Car,Salaried,Rent,Single,0
10306,448,608869,98526.15,13,1147513,24,Personal,Unemployed,Own,Single,0
10307,659,709502,216586.69,26,2077043,60,Business,Unemployed,Rent,Single,0
10308,611,671181,198752.23,5,454150,24,Car,Salaried,Own,Single,0
10309,404,618528,172865.36,17,948192,12,Personal,Unemployed,Mortgage,Divorced,1
10310,440,504639,144446.28,15,2408523,24,Business,Unemployed,Mortgage,Single,1
10311,764,801202,92168.76,18,900792,60,Business,Unemployed,Rent,Single,0
10312,728,557843,201131.69,18,2099545,36,Personal,Salaried,Mortgage,Divorced,0
10313,604,269699,185204.0,5,1369847,36,Car,Salaried,Rent,Married,0
10314,676,870922,78714.44,17,1436497,60,Home,Unemployed,Rent,Married,0
10315,568,762177,165334.05,2,1062681,60,Business,Salaried,Mortgage,Married,0
10316,812,275802,146591.13,13,403239,12,Business,Unemployed,Rent,Married,0
10317,763,521047,159538.84,1,2198658,36,Car,Salaried,Mortgage,Single,0
10318,561,700032,28234.97,4,1834175,60,Education,Self-Employed,Mortgage,Married,1
10319,348,434108,135303.52,11,2347641,12,Personal,Self-Employed,Own,Divorced,1
10320,371,344152,175991.76,9,499299,24,Education,Unemployed,Mortgage,Married,1
10321,613,571575,190316.72,9,326101,60,Education,Unemployed,Mortgage,Married,0
10322,842,712753,71417.93,9,1246208,60,Business,Unemployed,Mortgage,Married,0
10323,724,552066,223158.75,18,1547613,12,Car,Unemployed,Rent,Divorced,0
10324,817,533761,103238.62,15,1758820,36,Home,Salaried,Mortgage,Divorced,0
10325,332,713217,112103.06,13,1515560,12,Car,Self-Employed,Mortgage,Single,0
10326,345,390164,173783.36,17,210529,36,Personal,Self-Employed,Rent,Divorced,1
10327,652,630112,224761.44,17,1388543,12,Home,Unemployed,Mortgage,Married,1
10328,557,624833,283406.04,15,2367557,60,Business,Salaried,Mortgage,Married,1
10329,576,392649,73923.82,18,1180647,36,Education,Unemployed,Own,Single,1
10330,475,565742,86233.33,8,696462,24,Car,Salaried,Rent,Married,1
10331,369,732928,117779.15,24,1272061,36,Education,Self-Employed,Rent,Divorced,0
10332,492,723477,69580.78,16,711569,12,Personal,Self-Employed,Rent,Single,1
10333,692,603706,189327.31,23,1242716,24,Car,Self-Employed,Rent,Divorced,0
10334,578,628237,106047.6,14,323723,36,Car,Salaried,Own,Married,0
10335,346,738429,106609.0,23,2428583,36,Education,Unemployed,Mortgage,Single,1
10336,826,647925,31871.49,5,2289316,24,Car,Self-Employed,Mortgage,Divorced,0
10337,771,459302,165737.45,19,574390,12,Personal,Salaried,Own,Single,0
10338,660,559773,87966.85,2,736797,36,Business,Self-Employed,Rent,Single,0
10339,802,604607,177864.19,17,210888,24,Education,Unemployed,Mortgage,Divorced,0
10340,639,656005,225980.56,24,1576367,24,Home,Self-Employed,Rent,Divorced,0
10341,457,645666,183487.58,27,1429797,60,Home,Salaried,Mortgage,Married,1
10342,609,474190,146674.68,9,2445803,24,Home,Salaried,Own,Divorced,0
10343,468,652136,241675.64,29,844491,60,Car,Unemployed,Own,Married,1
10344,707,667462,81109.66,10,124509,12,Home,Salaried,Own,Married,0
10345,733,561912,173115.87,29,904531,36,Personal,Self-Employed,Own,Divorced,0
10346,311,936059,131115.28,22,901298,60,Home,Unemployed,Own,Divorced,0
10347,641,767179,182159.54,8,1702697,24,Business,Self-Employed,Own,Divorced,0
10348,457,677299,162419.79,25,409206,12,Personal,Salaried,Mortgage,Single,0
10349,433,572277,170784.05,5,252417,60,Car,Salaried,Own,Single,0
10350,429,607077,131017.04,4,1689252,12,Education,Unemployed,Own,Married,0
10351,697,509896,55644.38,17,2449685,24,Car,Salaried,Own,Married,0
10352,668,233847,154671.11,25,1552316,24,Business,Unemployed,Rent,Married,0
10353,557,732405,73245.52,28,1475308,36,Education,Unemployed,Own,Single,0
10354,580,799472,132763.02,26,1301077,24,Car,Salaried,Mortgage,Married,0
10355,603,742645,118114.47,11,1035427,24,Home,Self-Employed,Own,Divorced,0
10356,783,557466,234776.66,19,2399686,36,Business,Unemployed,Mortgage,Married,0
10357,771,735124,159134.81,23,352616,12,Personal,Unemployed,Rent,Single,0
10358,451,506424,107861.09,6,158962,36,Business,Self-Employed,Mortgage,Married,0
10359,595,606053,160344.02,27,361951,60,Business,Salaried,Rent,Single,0
10360,476,517464,21510.71,9,2284072,36,Education,Unemployed,Rent,Married,1
10361,723,649700,158201.21,18,2411336,60,Business,Unemployed,Mortgage,Married,0
10362,670,371284,126399.01,2,980725,36,Home,Salaried,Own,Single,0
10363,776,763100,181212.46,19,1466281,24,Education,Unemployed,Rent,Single,0
10364,714,672470,182044.56,20,1358366,60,Home,Salaried,Rent,Divorced,0
10365,435,764933,176464.26,16,1237956,24,Home,Unemployed,Rent,Divorced,0
10366,364,676198,111866.0,10,252002,12,Education,Unemployed,Own,Single,1
10367,595,707119,192807.4,0,1239870,24,Car,Self-Employed,Own,Married,0
10368,436,716643,166611.13,24,1222477,24,Home,Unemployed,Own,Married,1
10369,364,716695,184512.36,11,1198818,36,Personal,Self-Employed,Own,Married,1
10370,662,423883,138481.7,20,1208346,36,Car,Salaried,Own,Divorced,0
10371,449,383919,177412.1,7,217676,12,Personal,Unemployed,Mortgage,Single,1
10372,649,417680,97017.31,16,996153,24,Business,Salaried,Mortgage,Married,0
10373,808,511947,73538.01,11,983988,24,Education,Unemployed,Mortgage,Married,0
10374,545,651419,164058.52,7,431072,12,Home,Self-Employed,Rent,Single,0
10375,577,597332,213851.97,14,540166,24,Car,Unemployed,Mortgage,Single,1
10376,395,411513,101765.62,10,1139987,36,Home,Unemployed,Own,Married,1
10377,313,719127,159438.42,3,396690,36,Personal,Unemployed,Rent,Divorced,1
10378,315,780463,125719.28,8,933384,36,Car,Salaried,Own,Divorced,0
10379,755,540047,183666.78,8,1447841,24,Personal,Unemployed,Rent,Married,0
10380,745,535418,191896.94,23,192549,12,Education,Salaried,Mortgage,Divorced,0
10381,806,709444,112368.98,15,670037,60,Personal,Self-Employed,Rent,Single,0
10382,310,511691,190645.96,14,248768,24,Home,Self-Employed,Mortgage,Married,0
10383,475,539488,124445.29,28,1938407,12,Car,Unemployed,Rent,Married,0
10384,307,393300,73721.59,28,713277,36,Business,Unemployed,Own,Married,1
10385,700,642578,92286.28,13,534531,36,Home,Self-Employed,Own,Married,0
10386,785,801278,177250.88,26,736376,12,Business,Unemployed,Own,Single,0
10387,435,694297,204762.34,16,943420,12,Home,Salaried,Mortgage,Divorced,0
10388,381,507343,97383.45,3,2382603,36,Business,Self-Employed,Rent,Divorced,1
10389,345,451761,239532.56,20,296147,12,Home,Self-Employed,Mortgage,Married,1
10390,506,686690,46372.62,20,1188010,24,Business,Self-Employed,Mortgage,Single,0
10391,540,600910,63825.5,13,1483908,24,Education,Self-Employed,Own,Single,0
10392,671,654233,51280.77,21,130110,12,Business,Salaried,Own,Married,0
10393,306,766899,147664.82,26,317779,36,Home,Salaried,Mortgage,Divorced,0
10394,720,610452,131486.05,6,2122402,12,Business,Self-Employed,Own,Married,0
10395,510,687605,116859.48,27,1186354,60,Personal,Unemployed,Rent,Divorced,1
10396,553,515391,124496.32,13,1985789,36,Personal,Unemployed,Rent,Married,1
10397,565,452488,97979.7,28,1391965,36,Business,Unemployed,Rent,Divorced,0
10398,837,588970,154372.91,28,1504184,36,Personal,Unemployed,Mortgage,Divorced,0
10399,621,773484,150889.68,17,2293443,12,Education,Unemployed,Mortgage,Divorced,0
10400,351,782604,136794.32,24,1983960,24,Personal,Salaried,Mortgage,Single,0
10401,566,525663,258168.51,11,284277,60,Business,Salaried,Own,Divorced,0
10402,691,622168,199605.17,0,1248951,12,Car,Unemployed,Rent,Divorced,1
10403,529,458173,102664.06,12,2474029,24,Business,Salaried,Own,Divorced,1
10404,616,476265,335036.24,23,1282714,60,Personal,Salaried,Own,Divorced,0
10405,590,771887,124675.67,18,378736,60,Car,Unemployed,Mortgage,Single,1
10406,594,671017,147461.08,17,1095011,60,Education,Self-Employed,Rent,Married,0
10407,599,472097,150872.97,12,2203354,12,Personal,Self-Employed,Rent,Single,1
10408,567,625845,103292.15,20,1211981,60,Business,Unemployed,Mortgage,Married,1
10409,700,766758,212251.96,12,230199,60,Personal,Self-Employed,Mortgage,Single,0
10410,648,514611,155114.67,11,1058840,60,Education,Salaried,Rent,Married,0
10411,480,615984,162020.1,9,913208,36,Business,Self-Employed,Mortgage,Married,1
10412,374,706506,156758.66,6,275244,24,Business,Unemployed,Rent,Married,0
10413,767,895410,175965.59,14,1337476,36,Personal,Self-Employed,Mortgage,Married,0
10414,760,601904,181136.85,6,1347155,60,Personal,Salaried,Rent,Divorced,0
10415,546,535711,157853.39,0,1383432,60,Personal,Unemployed,Own,Single,1
10416,430,501640,126399.29,1,134556,60,Personal,Salaried,Mortgage,Single,1
10417,783,591887,52793.8,11,50088,24,Business,Unemployed,Own,Single,0
10418,354,573768,197142.83,29,1036097,60,Home,Salaried,Rent,Divorced,0
10419,694,664926,209300.67,11,2304611,60,Personal,Salaried,Own,Single,0
10420,384,455503,177602.45,24,2130819,60,Education,Salaried,Mortgage,Single,1
10421,754,599998,156953.94,12,2203970,36,Home,Salaried,Own,Single,0
10422,479,329610,139844.49,19,1286594,60,Car,Self-Employed,Mortgage,Single,1
10423,513,792326,126059.41,2,1568119,36,Business,Unemployed,Rent,Single,1
10424,840,714852,182508.43,2,150581,60,Home,Salaried,Mortgage,Married,0
10425,517,699793,166778.31,4,2147218,60,Personal,Salaried,Rent,Divorced,0
10426,571,575882,124243.79,24,985403,36,Personal,Unemployed,Mortgage,Divorced,0
10427,635,694669,193150.52,1,309865,24,Personal,Unemployed,Own,Divorced,0
10428,773,315874,74686.46,4,1768182,60,Business,Unemployed,Rent,Married,1
10429,520,536113,223169.6,13,1456240,24,Business,Salaried,Own,Single,1
10430,723,698869,227657.87,14,146418,36,Home,Salaried,Rent,Divorced,0
10431,547,568559,186249.32,20,1289123,36,Business,Salaried,Own,Married,1
10432,318,651385,201466.25,0,1629761,60,Education,Self-Employed,Mortgage,Married,1
10433,402,252881,173073.36,4,1832786,60,Personal,Self-Employed,Own,Married,1
10434,486,501524,117259.25,11,1000060,60,Personal,Self-Employed,Own,Single,1
10435,692,638459,119310.97,27,2429062,12,Education,Unemployed,Own,Divorced,0
10436,467,611609,136809.38,5,2403822,60,Personal,Unemployed,Mortgage,Single,1
10437,390,395676,108109.0,11,1819154,24,Car,Self-Employed,Mortgage,Married,1
10438,837,642464,191723.76,21,360021,24,Home,Unemployed,Rent,Divorced,0
10439,400,858018,133785.1,7,2404066,12,Car,Salaried,Mortgage,Divorced,1
10440,440,403377,112232.96,6,238597,24,Car,Self-Employed,Mortgage,Divorced,1
10441,677,631421,154904.61,24,2056709,60,Business,Unemployed,Mortgage,Single,0
10442,776,484201,197249.3,15,1373018,36,Business,Self-Employed,Own,Single,0
10443,462,645891,158584.92,8,611942,12,Business,Salaried,Own,Single,0
10444,750,930510,171158.84,22,2128967,36,Education,Unemployed,Rent,Divorced,0
10445,591,623610,121770.22,16,2349142,24,Education,Unemployed,Rent,Single,1
10446,720,748862,183235.23,27,650086,60,Personal,Unemployed,Own,Single,0
10447,463,326199,132058.3,4,2496306,36,Car,Salaried,Rent,Divorced,0
10448,336,694364,124643.25,27,1880630,12,Home,Unemployed,Own,Single,0
10449,402,671998,84599.71,23,528860,24,Business,Self-Employed,Mortgage,Divorced,0
10450,400,704164,172747.79,5,962666,12,Car,Self-Employed,Own,Married,0
10451,726,358829,100322.54,14,1972433,60,Personal,Unemployed,Own,Divorced,0
10452,397,486424,110830.59,26,2174042,24,Home,Self-Employed,Mortgage,Divorced,1
10453,724,433891,160525.19,9,808570,24,Business,Salaried,Own,Divorced,0
10454,637,634706,166742.69,28,2307966,24,Business,Self-Employed,Mortgage,Married,0
10455,583,471610,172214.24,27,1998372,36,Car,Salaried,Mortgage,Divorced,0
10456,676,777012,177430.93,15,108513,24,Home,Unemployed,Rent,Divorced,0
10457,475,822358,128696.17,4,2345659,12,Home,Salaried,Rent,Married,0
10458,316,774306,42155.07,23,1760632,24,Home,Salaried,Rent,Married,1
10459,459,447223,83134.76,7,2442503,12,Personal,Self-Employed,Mortgage,Divorced,0
10460,383,820830,126602.59,3,400043,60,Home,Self-Employed,Rent,Divorced,0
10461,752,623516,107157.14,26,2311387,60,Car,Self-Employed,Rent,Married,0
10462,446,598870,111018.91,28,144686,60,Personal,Self-Employed,Own,Single,0
10463,398,54442,191339.94,8,369102,24,Personal,Self-Employed,Mortgage,Single,1
10464,661,600466,138792.09,4,1759581,12,Education,Self-Employed,Rent,Single,0
10465,365,617570,130498.47,22,799549,24,Home,Salaried,Rent,Divorced,1
10466,832,708901,205268.39,14,2086245,24,Education,Unemployed,Rent,Single,0
10467,428,568778,160259.34,2,1667894,60,Business,Unemployed,Rent,Single,0
10468,677,587848,183315.58,3,1459985,12,Education,Salaried,Rent,Married,0
10469,467,760574,121253.72,12,1179903,12,Education,Self-Employed,Own,Single,1
10470,743,642438,138349.15,5,126746,24,Business,Unemployed,Own,Divorced,0
10471,647,550972,198267.99,26,2258884,12,Education,Self-Employed,Rent,Married,0
10472,307,539593,142734.9,7,2302007,12,Personal,Self-Employed,Own,Single,0
10473,639,515350,82387.82,1,1880429,24,Car,Self-Employed,Mortgage,Married,0
10474,665,508714,222640.69,1,1596312,24,Home,Salaried,Mortgage,Single,0
10475,566,638840,146632.49,1,610111,12,Car,Unemployed,Mortgage,Divorced,1
10476,746,496067,105633.43,9,1081485,60,Home,Unemployed,Rent,Single,0
10477,407,657153,76070.32,7,845892,12,Personal,Salaried,Mortgage,Single,1
10478,500,730208,95476.26,16,670872,12,Education,Salaried,Own,Single,1
10479,420,770595,110326.37,23,1676821,24,Personal,Salaried,Own,Single,0
10480,643,655550,37504.9,15,1452067,24,Personal,Salaried,Mortgage,Married,0
10481,539,705770,142719.83,11,2126111,24,Home,Unemployed,Rent,Married,1
10482,681,342991,159696.81,19,1304741,36,Education,Self-Employed,Rent,Married,0
10483,363,535333,196368.53,28,1193977,60,Personal,Self-Employed,Own,Single,0
10484,379,831936,134923.46,23,1366685,12,Business,Unemployed,Own,Single,0
10485,793,731447,126193.71,7,1668205,36,Education,Self-Employed,Rent,Single,0
10486,692,472165,218628.78,26,1877227,12,Home,Self-Employed,Rent,Single,0
10487,332,575951,133507.33,7,575112,36,Education,Self-Employed,Rent,Married,0
10488,647,643199,86793.24,26,1597771,24,Personal,Unemployed,Mortgage,Single,0
10489,849,354847,120770.31,11,473747,12,Business,Self-Employed,Mortgage,Single,0
10490,648,545658,170018.81,16,167029,12,Car,Self-Employed,Own,Married,0
10491,389,576028,59910.95,11,1239842,12,Business,Unemployed,Mortgage,Married,0
10492,759,785089,197141.66,12,133236,60,Education,Self-Employed,Rent,Married,0
10493,691,826899,194391.86,13,1264535,60,Home,Self-Employed,Rent,Single,0
10494,783,415869,124671.12,18,394010,24,Education,Salaried,Mortgage,Divorced,0
10495,581,588980,233112.63,9,864647,36,Education,Self-Employed,Rent,Divorced,1
10496,594,563273,85581.77,22,776181,60,Business,Self-Employed,Rent,Single,0
10497,762,915312,127826.71,16,2367508,24,Education,Self-Employed,Mortgage,Married,0
10498,836,551601,137451.89,2,1135663,12,Home,Unemployed,Rent,Married,0
10499,742,412466,228270.85,15,2121199,36,Personal,Unemployed,Own,Single,0
10500,496,528947,92572.94,3,1568559,36,Business,Self-Employed,Mortgage,Single,0
10501,467,830533,162003.16,3,1380350,60,Home,Salaried,Rent,Divorced,0
10502,508,433843,34033.75,15,1667763,36,Education,Unemployed,Own,Divorced,0
10503,433,558098,122669.75,10,2313122,60,Business,Self-Employed,Own,Married,0
10504,764,518130,181023.41,12,783340,36,Business,Self-Employed,Own,Divorced,0
10505,491,472051,203070.69,28,1214329,36,Personal,Self-Employed,Mortgage,Single,1
10506,747,768924,172420.23,0,1873624,60,Home,Unemployed,Rent,Single,1
10507,654,645344,123784.39,0,2399885,12,Personal,Self-Employed,Rent,Married,0
10508,501,520726,122385.19,18,224285,24,Personal,Unemployed,Mortgage,Divorced,0
10509,753,632804,157466.85,18,1655749,60,Home,Unemployed,Rent,Married,0
10510,630,410472,180435.99,7,172024,12,Car,Salaried,Rent,Married,0
10511,518,404511,173299.7,25,693699,60,Car,Salaried,Mortgage,Married,0
10512,630,498674,162188.01,16,2028837,12,Home,Unemployed,Rent,Divorced,0
10513,364,644065,208857.99,14,1538330,60,Business,Unemployed,Mortgage,Divorced,0
10514,656,753151,193233.32,15,2480062,36,Home,Salaried,Rent,Single,0
10515,317,877398,176315.55,26,1362700,24,Personal,Self-Employed,Rent,Divorced,0
10516,521,571962,188748.85,1,2361616,24,Business,Salaried,Mortgage,Divorced,1
10517,576,587379,116407.14,25,1844839,24,Business,Self-Employed,Own,Married,1
10518,370,349571,149440.75,11,1023110,60,Business,Unemployed,Mortgage,Married,1
10519,334,862426,228433.42,6,2327466,36,Car,Self-Employed,Rent,Divorced,0
10520,830,652101,193631.4,2,949248,36,Business,Unemployed,Mortgage,Divorced,0
10521,753,557400,130312.81,12,1246917,24,Education,Unemployed,Mortgage,Married,0
10522,449,803921,195150.77,16,1050835,24,Home,Self-Employed,Mortgage,Divorced,0
10523,679,516322,112253.3,29,451923,36,Personal,Unemployed,Mortgage,Single,0
10524,356,674780,104282.52,25,1033100,24,Business,Salaried,Own,Divorced,0
10525,701,654465,111258.69,6,1625488,60,Education,Salaried,Rent,Divorced,0
10526,536,754937,117285.89,28,619918,12,Car,Unemployed,Mortgage,Single,0
10527,813,551281,130376.43,10,690309,36,Business,Self-Employed,Own,Married,0
10528,560,885178,146809.78,25,1419485,24,Home,Salaried,Own,Divorced,0
10529,768,697874,178515.99,14,1358534,24,Business,Salaried,Rent,Single,0
10530,642,515384,114111.18,10,535794,24,Business,Unemployed,Mortgage,Divorced,0
10531,608,477337,130855.73,22,1117172,12,Personal,Unemployed,Rent,Single,0
10532,494,625480,125393.15,11,1137146,24,Education,Self-Employed,Rent,Married,0
10533,622,596430,190824.79,3,1565709,12,Personal,Unemployed,Own,Divorced,0
10534,435,585749,162462.95,21,287211,24,Home,Self-Employed,Own,Married,0
10535,386,707915,128074.76,12,2125103,24,Home,Salaried,Mortgage,Single,0
10536,804,757209,244501.47,26,620612,12,Home,Self-Employed,Rent,Divorced,0
10537,552,806020,223888.52,11,1682923,60,Home,Self-Employed,Rent,Married,0
10538,354,715621,165813.92,24,2093396,24,Home,Salaried,Mortgage,Divorced,0
10539,362,678777,181309.54,15,1535566,60,Car,Self-Employed,Mortgage,Single,0
10540,660,432801,169062.0,20,515174,24,Home,Self-Employed,Rent,Married,0
10541,499,278633,77145.31,22,1746413,60,Business,Salaried,Mortgage,Divorced,1
10542,318,567042,211577.79,27,636931,36,Car,Unemployed,Own,Married,0
10543,639,763875,75805.81,17,2261120,36,Home,Self-Employed,Mortgage,Divorced,0
10544,534,401605,217506.84,1,2049907,12,Business,Self-Employed,Rent,Divorced,0
10545,794,562997,126192.82,24,1410115,60,Car,Self-Employed,Rent,Divorced,0
10546,785,683279,235190.75,15,2044961,12,Home,Self-Employed,Own,Divorced,0
10547,325,570074,231767.23,13,1823323,60,Home,Salaried,Mortgage,Married,0
10548,834,446967,203054.9,16,1542344,36,Business,Self-Employed,Own,Single,0
10549,753,497349,89173.86,18,882149,60,Home,Unemployed,Own,Divorced,0
10550,692,546793,150482.55,4,91353,60,Car,Unemployed,Rent,Married,0
10551,699,511431,122201.28,21,1809298,12,Home,Unemployed,Rent,Married,0
10552,318,715267,232475.4,12,2459115,36,Home,Salaried,Mortgage,Divorced,1
10553,630,579567,195728.26,26,1298918,24,Home,Salaried,Own,Single,0
10554,720,754616,235491.04,22,1136185,24,Car,Self-Employed,Own,Divorced,1
10555,378,474669,194593.09,0,511479,60,Car,Unemployed,Mortgage,Single,1
10556,382,385972,208132.57,2,1311893,24,Car,Salaried,Rent,Single,1
10557,773,684156,129909.2,10,2325120,36,Home,Salaried,Rent,Single,0
10558,599,395045,188013.03,5,694219,60,Business,Self-Employed,Rent,Married,1
10559,324,221120,161842.53,29,605751,36,Home,Self-Employed,Rent,Single,1
10560,816,595292,228472.3,19,2346754,60,Business,Unemployed,Rent,Married,1
10561,807,577791,153058.25,22,1476675,60,Home,Self-Employed,Mortgage,Single,0
10562,567,462112,118933.51,10,1253150,60,Business,Salaried,Mortgage,Single,0
10563,798,312093,166274.35,15,2394732,24,Home,Salaried,Mortgage,Divorced,0
10564,404,512522,169997.45,10,2351781,12,Business,Self-Employed,Own,Single,0
10565,463,343852,112286.7,19,319508,60,Personal,Salaried,Own,Divorced,1
10566,776,359946,155153.77,1,2304267,12,Business,Unemployed,Own,Single,1
10567,613,621972,191729.93,20,1300237,60,Personal,Self-Employed,Rent,Married,0
10568,690,647289,118595.29,16,119574,24,Education,Salaried,Own,Single,0
10569,419,591554,215024.17,22,2417951,60,Education,Salaried,Own,Married,0
10570,343,500268,128424.52,28,273153,12,Home,Salaried,Rent,Single,1
10571,586,769641,169295.49,20,1503252,12,Car,Unemployed,Own,Single,1
10572,489,652477,84358.95,6,1088392,24,Education,Self-Employed,Own,Married,0
10573,660,736501,117303.14,25,1439349,36,Business,Salaried,Rent,Married,0
10574,365,621756,180272.59,5,1494318,24,Education,Self-Employed,Own,Single,0
10575,636,610467,140895.58,3,2481848,36,Education,Salaried,Rent,Married,0
10576,725,337595,43539.24,9,154357,60,Home,Self-Employed,Own,Single,0
10577,844,504038,155362.73,27,178093,60,Home,Self-Employed,Mortgage,Single,0
10578,835,784661,164450.6,29,402398,60,Business,Salaried,Mortgage,Single,0
10579,723,517826,138279.15,28,422730,36,Business,Self-Employed,Rent,Single,0
10580,815,892902,111169.54,22,1942914,24,Home,Salaried,Rent,Married,0
10581,442,692516,142367.5,21,2049019,60,Car,Unemployed,Rent,Divorced,0
10582,393,643556,161326.78,5,321185,36,Education,Unemployed,Mortgage,Single,0
10583,343,472099,203665.17,16,165772,12,Car,Unemployed,Rent,Single,0
10584,517,563126,105133.46,20,1962602,12,Education,Salaried,Own,Divorced,0
10585,597,651274,54317.77,24,2329106,60,Business,Salaried,Mortgage,Divorced,0
10586,724,460180,158247.78,21,87256,12,Business,Self-Employed,Own,Married,0
10587,449,163240,158929.58,9,2309153,12,Personal,Salaried,Own,Married,0
10588,746,462833,153540.67,10,414187,12,Car,Salaried,Own,Single,0
10589,553,820911,47143.16,24,1221379,12,Personal,Unemployed,Rent,Single,1
10590,846,593148,157028.84,0,2250925,60,Business,Self-Employed,Own,Married,1
10591,409,807598,145631.22,26,1179343,12,Business,Self-Employed,Mortgage,Single,0
10592,638,395740,162752.01,3,216240,12,Education,Salaried,Own,Married,0
10593,745,478268,186523.89,3,2352664,36,Car,Self-Employed,Own,Single,0
10594,754,412968,149334.84,28,1071174,12,Business,Unemployed,Rent,Divorced,0
10595,509,577547,84983.21,18,1075126,12,Education,Self-Employed,Own,Single,0
10596,323,416378,142905.76,10,2406527,60,Car,Unemployed,Own,Single,1
10597,452,977201,194875.06,16,965556,24,Education,Unemployed,Mortgage,Married,1
10598,676,587498,118491.52,25,399419,12,Car,Self-Employed,Own,Divorced,0
10599,399,410575,78182.39,8,2020767,60,Personal,Salaried,Own,Married,0
10600,793,576899,141171.09,12,2055687,12,Home,Self-Employed,Rent,Single,0
10601,785,502027,172016.46,24,1024290,60,Car,Self-Employed,Rent,Married,0
10602,359,576065,169681.78,29,2338915,60,Education,Self-Employed,Mortgage,Single,1
10603,652,422917,138902.63,2,1756997,12,Business,Unemployed,Own,Single,0
10604,717,633379,140531.55,13,427060,60,Business,Unemployed,Own,Married,0
10605,677,450346,148007.75,4,1552222,12,Personal,Unemployed,Rent,Single,0
10606,591,627443,169160.65,17,1977648,24,Car,Salaried,Own,Single,1
10607,837,468606,188752.61,10,2474079,60,Education,Unemployed,Rent,Single,0
10608,522,670514,132632.79,16,1147170,36,Home,Self-Employed,Rent,Single,0
10609,308,486463,118976.72,0,1741716,60,Home,Self-Employed,Own,Divorced,0
10610,512,520113,175467.96,17,1133435,36,Education,Unemployed,Own,Single,1
10611,418,518969,163035.34,6,1836882,24,Business,Unemployed,Own,Divorced,0
10612,578,511115,155069.04,18,2180593,12,Personal,Unemployed,Rent,Single,1
10613,564,584595,264688.0,4,586316,12,Education,Unemployed,Mortgage,Single,0
10614,713,666954,125674.5,1,1212218,60,Business,Self-Employed,Mortgage,Divorced,1
10615,377,369119,57080.28,2,98533,12,Education,Salaried,Rent,Married,1
10616,393,618575,160258.29,19,1550895,24,Personal,Self-Employed,Rent,Divorced,0
10617,527,861328,197537.61,7,1092649,12,Car,Unemployed,Own,Divorced,0
10618,434,910166,116887.12,19,275404,12,Personal,Unemployed,Rent,Married,1
10619,828,528134,235144.67,7,2245926,60,Business,Unemployed,Mortgage,Married,0
10620,349,538591,154193.25,10,426850,60,Home,Salaried,Mortgage,Single,0
10621,698,810974,135493.73,11,2354871,24,Personal,Salaried,Rent,Divorced,0
10622,581,735761,160351.1,17,1045128,12,Home,Unemployed,Own,Married,0
10623,483,486012,174110.65,29,807393,12,Business,Unemployed,Own,Divorced,0
10624,309,969396,247448.15,4,2142515,60,Business,Salaried,Own,Single,1
10625,560,666937,185625.37,23,167562,12,Home,Self-Employed,Own,Married,1
10626,696,492360,188796.44,19,676997,24,Home,Unemployed,Rent,Divorced,0
10627,549,514519,191741.15,6,454922,24,Business,Unemployed,Rent,Married,1
10628,463,485497,188749.15,2,1346617,60,Personal,Salaried,Own,Divorced,0
10629,478,538608,66217.07,28,645192,24,Car,Salaried,Rent,Single,1
10630,677,516706,94089.5,9,2033379,12,Home,Self-Employed,Mortgage,Divorced,0
10631,437,367077,117850.18,16,391263,12,Personal,Unemployed,Mortgage,Married,1
10632,784,471667,114886.18,5,1945662,60,Car,Unemployed,Mortgage,Divorced,0
10633,768,488795,101370.37,0,810229,24,Personal,Salaried,Rent,Married,0
10634,789,457689,111019.08,13,1676133,12,Personal,Salaried,Mortgage,Divorced,0
10635,525,499738,202703.96,24,2209849,24,Home,Salaried,Own,Married,1
10636,712,650862,138371.04,15,1585716,36,Home,Salaried,Rent,Married,0
10637,765,439527,74628.83,3,1670033,36,Business,Salaried,Own,Divorced,0
10638,734,850187,117384.89,16,2217204,24,Car,Unemployed,Rent,Divorced,0
10639,448,688183,121658.6,16,895581,60,Business,Salaried,Rent,Single,0
10640,824,905279,198816.13,12,1987856,36,Business,Salaried,Own,Married,0
10641,711,895091,101164.35,26,2353322,36,Business,Salaried,Own,Single,0
10642,341,606765,242824.5,28,2446611,36,Car,Unemployed,Mortgage,Married,1
10643,493,420670,101884.03,23,1603666,12,Home,Unemployed,Rent,Married,0
10644,462,475242,199120.55,1,203788,36,Car,Unemployed,Own,Married,1
10645,800,814557,124425.08,13,1068957,60,Home,Unemployed,Rent,Divorced,0
10646,578,388839,128837.62,17,2016364,36,Business,Unemployed,Mortgage,Single,1
10647,790,718463,95027.72,14,1843683,36,Home,Unemployed,Mortgage,Married,0
10648,550,515622,177790.74,0,1980342,24,Personal,Unemployed,Mortgage,Married,0
10649,365,783212,261985.11,19,2055781,36,Education,Unemployed,Mortgage,Married,1
10650,736,519572,77728.06,9,1342398,36,Home,Salaried,Own,Single,0
10651,633,750339,164598.0,15,296414,24,Education,Salaried,Rent,Married,0
10652,508,455725,184084.37,27,696426,12,Business,Salaried,Own,Single,1
10653,725,543023,139255.13,24,2430709,36,Home,Self-Employed,Own,Divorced,0
10654,534,713066,130450.07,12,1810586,36,Home,Self-Employed,Mortgage,Divorced,1
10655,507,794093,196730.45,1,2196748,12,Personal,Unemployed,Own,Single,1
10656,347,534092,171957.6,20,1322102,36,Business,Unemployed,Rent,Single,0
10657,650,594895,122820.37,3,208563,12,Business,Self-Employed,Mortgage,Single,0
10658,444,803977,176005.46,15,515660,36,Home,Salaried,Rent,Single,0
10659,845,264193,108694.73,5,1428631,24,Personal,Salaried,Mortgage,Married,0
10660,300,604054,195338.96,7,1959499,24,Home,Salaried,Rent,Single,1
10661,712,500370,148092.04,6,2395348,60,Car,Self-Employed,Rent,Divorced,0
10662,492,404046,193330.23,26,2121880,36,Education,Salaried,Rent,Single,0
10663,797,304243,188870.83,16,2299929,36,Business,Unemployed,Rent,Divorced,1
10664,531,600883,106404.93,7,847144,24,Business,Salaried,Mortgage,Divorced,1
10665,385,726504,191289.45,5,1139483,36,Car,Unemployed,Mortgage,Divorced,0
10666,688,710078,83243.23,12,1786614,36,Home,Self-Employed,Mortgage,Single,0
10667,373,459852,153592.88,20,1925008,12,Personal,Unemployed,Rent,Single,0
10668,628,461628,141270.95,28,1892989,12,Car,Unemployed,Mortgage,Single,0
10669,721,577493,148261.45,2,1190470,24,Home,Self-Employed,Own,Divorced,0
10670,390,396838,82456.05,26,496598,12,Education,Self-Employed,Own,Married,1
10671,309,898118,227998.86,21,435073,12,Education,Self-Employed,Own,Divorced,1
10672,415,657137,67265.77,29,1836769,12,Home,Self-Employed,Rent,Divorced,0
10673,348,504277,156204.8,18,2177331,12,Business,Unemployed,Own,Single,1
10674,672,636737,143349.06,18,657624,36,Home,Self-Employed,Rent,Married,0
10675,482,776903,177910.54,28,380321,12,Home,Unemployed,Own,Married,0
10676,723,788053,263313.26,13,2336949,12,Business,Salaried,Mortgage,Divorced,0
10677,406,565534,200137.02,16,673554,24,Car,Self-Employed,Mortgage,Married,1
10678,495,579563,223540.3,8,2419536,12,Personal,Unemployed,Mortgage,Single,0
10679,598,608100,212953.95,25,379813,60,Home,Salaried,Mortgage,Single,0
10680,781,872012,54489.53,8,226842,12,Car,Unemployed,Mortgage,Single,0
10681,479,638714,172587.67,14,1231849,24,Education,Salaried,Rent,Divorced,1
10682,487,665797,119713.84,24,1055186,24,Car,Self-Employed,Rent,Single,0
10683,740,505152,164575.42,6,2120127,12,Home,Unemployed,Mortgage,Divorced,0
10684,462,365731,36855.23,12,1185333,60,Home,Self-Employed,Own,Single,1
10685,474,706554,110494.04,11,1274842,24,Education,Self-Employed,Mortgage,Married,0
10686,683,632132,121996.79,8,1644867,24,Car,Unemployed,Own,Married,0
10687,583,431567,168734.89,10,1675126,12,Education,Salaried,Rent,Divorced,0
10688,519,678751,172570.62,27,2103354,36,Business,Unemployed,Own,Married,0
10689,383,685227,196627.77,10,1688545,36,Business,Salaried,Rent,Divorced,0
10690,568,453300,187632.57,10,622191,36,Business,Unemployed,Rent,Single,1
10691,636,646757,183961.84,28,521526,12,Personal,Salaried,Own,Divorced,0
10692,360,446272,145216.12,0,1128320,12,Business,Unemployed,Rent,Single,0
10693,685,639662,81059.13,23,1862183,12,Business,Salaried,Rent,Single,0
10694,512,570208,130083.93,0,2056707,60,Business,Unemployed,Mortgage,Single,0
10695,773,429248,120749.15,10,2150042,60,Home,Unemployed,Own,Single,0
10696,805,629890,229193.92,2,2022735,12,Business,Salaried,Rent,Married,1
10697,431,413137,198477.94,20,1489742,12,Home,Salaried,Rent,Single,1
10698,815,678310,232041.62,1,950928,24,Business,Self-Employed,Mortgage,Single,0
10699,801,403737,142302.47,19,203782,60,Education,Salaried,Rent,Married,0
10700,615,699618,120138.23,24,1813237,60,Home,Salaried,Rent,Single,0
10701,656,764596,95280.61,16,1618348,60,Home,Unemployed,Own,Divorced,0
10702,659,459163,203147.95,11,1069939,12,Personal,Unemployed,Rent,Single,0
10703,654,619987,134956.62,20,656343,12,Home,Self-Employed,Rent,Divorced,0
10704,310,850895,145345.38,11,676922,36,Business,Self-Employed,Rent,Single,1
10705,476,249641,178022.26,3,201520,60,Home,Unemployed,Own,Single,0
10706,388,839763,114097.68,18,2137881,36,Business,Salaried,Own,Married,0
10707,811,542376,155257.5,24,174016,12,Education,Salaried,Rent,Single,0
10708,507,701046,98964.0,2,1878110,24,Home,Self-Employed,Rent,Married,0
10709,783,458857,132555.83,4,1427273,60,Education,Self-Employed,Mortgage,Married,0
10710,695,810100,87862.76,27,888331,60,Education,Salaried,Own,Single,0
10711,789,641480,113263.58,17,2234416,12,Education,Self-Employed,Rent,Divorced,0
10712,435,705475,101632.41,11,473289,24,Home,Salaried,Own,Divorced,1
10713,597,600183,65343.74,6,1502796,36,Personal,Unemployed,Mortgage,Married,0
10714,812,675038,100007.3,23,1395943,60,Business,Self-Employed,Rent,Single,0
10715,668,405323,171186.64,1,2041032,24,Education,Self-Employed,Mortgage,Married,1
10716,637,478091,90833.82,13,1100266,60,Personal,Salaried,Mortgage,Divorced,0
10717,319,649274,254587.61,0,1281801,60,Home,Salaried,Rent,Divorced,1
10718,449,666966,170303.41,18,981027,60,Personal,Self-Employed,Rent,Married,0
10719,604,392164,126686.61,28,2320037,36,Education,Unemployed,Rent,Married,0
10720,595,457324,100993.59,18,1139893,60,Car,Self-Employed,Rent,Married,1
10721,359,408491,122583.49,24,1033801,60,Education,Unemployed,Own,Single,0
10722,810,689836,89421.34,21,2478750,24,Home,Salaried,Mortgage,Divorced,0
10723,721,514525,47835.51,24,354210,60,Business,Self-Employed,Mortgage,Single,0
10724,755,639317,92046.37,22,777168,24,Education,Unemployed,Own,Single,0
10725,484,533935,223117.2,10,995718,36,Education,Self-Employed,Own,Married,1
10726,725,817006,88093.65,9,2423292,36,Business,Salaried,Own,Divorced,0
10727,323,756902,200094.96,12,1440402,36,Business,Self-Employed,Own,Single,1
10728,703,644778,197496.64,6,868238,36,Business,Self-Employed,Mortgage,Divorced,0
10729,393,522806,127321.0,25,1712521,60,Personal,Unemployed,Mortgage,Married,1
10730,830,802638,198284.09,1,1618504,24,Education,Self-Employed,Rent,Married,0
10731,407,665615,148565.27,9,1082216,36,Personal,Self-Employed,Rent,Married,0
10732,756,208257,104550.58,20,726872,60,Business,Salaried,Rent,Married,0
10733,839,567539,106964.83,27,1923248,60,Education,Unemployed,Mortgage,Married,0
10734,788,584360,28980.89,20,659193,24,Personal,Unemployed,Mortgage,Single,0
10735,442,759145,135293.35,26,1396516,60,Car,Salaried,Mortgage,Single,0
10736,391,639378,168616.97,25,1356116,12,Personal,Self-Employed,Own,Married,0
10737,416,658916,154676.03,8,1966445,24,Education,Unemployed,Own,Single,0
10738,611,638453,121358.64,11,1443440,12,Home,Salaried,Rent,Divorced,0
10739,701,975372,84115.64,3,107563,60,Education,Salaried,Rent,Divorced,0
10740,466,671964,137842.41,24,564618,60,Car,Unemployed,Rent,Divorced,1
10741,478,345101,187687.13,7,2190511,36,Home,Salaried,Mortgage,Single,1
10742,847,504219,86368.85,20,1772067,24,Car,Self-Employed,Mortgage,Divorced,0
10743,767,491830,201733.78,18,636608,24,Education,Salaried,Mortgage,Divorced,0
10744,521,389567,157548.27,14,1114743,12,Home,Salaried,Rent,Divorced,1
10745,838,568259,153215.73,1,1935958,12,Home,Self-Employed,Own,Single,1
10746,801,633151,163302.61,8,1426818,60,Education,Self-Employed,Mortgage,Single,0
10747,549,544751,174836.28,0,2181689,60,Education,Unemployed,Mortgage,Married,1
10748,350,621411,189720.19,0,2434902,12,Education,Unemployed,Rent,Divorced,1
10749,835,678980,209787.09,24,1152830,36,Personal,Salaried,Own,Divorced,0
10750,440,742826,82731.97,25,2411951,36,Home,Self-Employed,Rent,Single,1
10751,748,553046,167388.38,2,1452416,60,Car,Salaried,Mortgage,Married,0
10752,394,493417,113578.55,29,910870,24,Personal,Unemployed,Rent,Married,1
10753,330,739714,108704.34,5,1168166,12,Home,Salaried,Mortgage,Married,0
10754,658,585064,92743.22,6,1864875,36,Home,Unemployed,Mortgage,Married,0
10755,334,666513,246308.79,18,1859973,12,Personal,Salaried,Own,Single,1
10756,412,658357,158647.7,17,1698446,36,Education,Self-Employed,Own,Divorced,1
10757,471,684709,190278.6,29,746395,12,Home,Unemployed,Rent,Married,0
10758,331,270282,148201.23,9,1721999,36,Home,Salaried,Mortgage,Divorced,1
10759,492,385260,105930.64,29,426084,24,Car,Salaried,Own,Single,0
10760,538,653569,107478.23,29,635153,36,Home,Unemployed,Mortgage,Single,0
10761,731,553717,139204.79,22,1355632,60,Business,Unemployed,Own,Married,0
10762,549,392092,178023.32,17,431072,12,Personal,Unemployed,Rent,Divorced,1
10763,772,958975,177944.03,27,1165552,60,Car,Salaried,Mortgage,Married,0
10764,525,298123,199389.69,7,1257270,36,Education,Salaried,Own,Single,1
10765,347,626788,162386.42,24,894869,24,Home,Salaried,Mortgage,Divorced,1
10766,547,282925,165880.0,15,1967729,60,Business,Salaried,Mortgage,Single,1
10767,375,879513,134092.33,19,1680605,36,Business,Unemployed,Mortgage,Single,0
10768,794,445398,182486.12,12,217447,60,Personal,Salaried,Mortgage,Married,0
10769,561,674491,113336.85,5,899297,12,Education,Salaried,Rent,Single,0
10770,758,494941,115048.94,3,719402,24,Car,Unemployed,Mortgage,Divorced,0
10771,503,482209,164662.39,18,1530755,24,Education,Unemployed,Rent,Married,1
10772,487,406228,180999.67,18,1746402,24,Personal,Salaried,Mortgage,Single,0
10773,725,283234,122555.31,19,1925420,36,Home,Salaried,Mortgage,Divorced,1
10774,602,537190,67281.54,2,1034137,12,Personal,Self-Employed,Rent,Divorced,0
10775,396,599101,177325.15,19,564753,12,Car,Unemployed,Rent,Married,1
10776,492,660407,121092.56,16,1058532,24,Personal,Salaried,Rent,Single,0
10777,398,650108,103528.45,29,2334061,60,Business,Unemployed,Rent,Single,0
10778,584,468051,91777.28,28,745847,12,Home,Unemployed,Rent,Single,0
10779,712,750331,150963.5,5,212185,36,Business,Salaried,Rent,Divorced,0
10780,822,907980,131642.37,23,1545603,36,Home,Self-Employed,Rent,Married,0
10781,356,627815,227807.11,7,934605,36,Education,Self-Employed,Own,Single,0
10782,741,675019,98545.04,20,98186,12,Car,Salaried,Mortgage,Divorced,0
10783,763,695585,165777.43,3,422932,36,Business,Self-Employed,Mortgage,Married,0
10784,697,600699,179808.08,25,1373610,60,Personal,Unemployed,Rent,Divorced,0
10785,726,347833,220614.93,2,2022511,60,Business,Unemployed,Rent,Married,0
10786,349,464027,65064.96,28,442955,24,Education,Self-Employed,Rent,Married,0
10787,807,496416,150214.16,5,1874794,36,Home,Unemployed,Mortgage,Divorced,0
10788,410,746217,164345.4,6,185061,60,Home,Salaried,Mortgage,Divorced,0
10789,339,739128,74317.31,9,1449926,60,Home,Self-Employed,Rent,Single,0
10790,363,536852,192222.15,26,1041880,24,Home,Unemployed,Own,Divorced,0
10791,394,611711,160513.0,17,1409251,12,Car,Self-Employed,Own,Married,1
10792,437,550843,55041.8,6,1371747,24,Personal,Salaried,Own,Single,0
10793,692,477727,183077.03,25,375541,12,Personal,Unemployed,Own,Divorced,0
10794,649,385423,99822.65,14,849873,36,Car,Salaried,Rent,Single,0
10795,828,365354,155791.93,22,2420540,12,Education,Self-Employed,Rent,Married,0
10796,689,559888,48394.61,1,1353266,36,Home,Salaried,Mortgage,Single,0
10797,562,438418,104743.64,14,1297582,12,Personal,Self-Employed,Own,Divorced,1
10798,780,517411,158578.98,7,1601646,24,Business,Self-Employed,Mortgage,Married,0
10799,348,836240,137171.63,4,2352825,36,Business,Unemployed,Mortgage,Single,0
10800,688,748573,185715.84,9,61956,60,Car,Salaried,Rent,Married,0
10801,632,497173,101744.49,5,1549387,36,Car,Unemployed,Rent,Married,0
10802,404,564232,162973.16,5,1412578,36,Car,Salaried,Mortgage,Divorced,1
10803,626,610087,128566.56,3,1283433,12,Business,Self-Employed,Rent,Single,0
10804,321,719964,157178.17,28,148510,36,Education,Salaried,Rent,Divorced,1
10805,381,523275,144871.22,1,2465759,36,Business,Unemployed,Rent,Single,1
10806,675,725301,109573.53,14,132635,60,Education,Self-Employed,Own,Married,0
10807,617,479785,153758.29,2,2123372,24,Business,Salaried,Mortgage,Divorced,0
10808,408,688679,134588.43,13,291044,60,Education,Unemployed,Mortgage,Married,0
10809,748,490015,106351.8,15,476014,24,Car,Self-Employed,Own,Married,0
10810,479,589891,148471.42,0,1696291,12,Home,Unemployed,Own,Married,1
10811,500,575120,171128.5,19,2474841,24,Personal,Salaried,Mortgage,Single,0
10812,470,726326,55724.37,28,2248527,12,Personal,Self-Employed,Own,Divorced,0
10813,764,703387,277025.39,20,1517475,12,Education,Self-Employed,Own,Married,0
10814,323,841394,148887.4,28,1381396,12,Car,Salaried,Rent,Single,1
10815,701,473741,161859.49,18,1115048,12,Business,Self-Employed,Own,Married,0
10816,341,226194,44739.34,29,1302837,12,Education,Self-Employed,Rent,Married,1
10817,702,613431,87945.67,20,1145238,12,Home,Unemployed,Rent,Single,0
10818,771,419929,214733.59,5,1263543,60,Personal,Salaried,Rent,Single,0
10819,616,461985,118837.49,28,2418256,12,Home,Salaried,Own,Married,0
10820,650,555869,76372.69,11,1964452,12,Education,Self-Employed,Rent,Divorced,0
10821,733,552368,208146.52,6,1852344,24,Personal,Salaried,Own,Divorced,0
10822,548,295180,118664.08,11,2363668,60,Personal,Unemployed,Mortgage,Married,0
10823,560,546002,177589.62,13,1588977,36,Car,Salaried,Rent,Married,0
10824,781,710401,36049.69,17,1804947,60,Business,Unemployed,Mortgage,Single,0
10825,538,812434,188083.07,24,113625,12,Education,Self-Employed,Own,Married,1
10826,795,454566,228642.76,6,1462866,60,Home,Unemployed,Rent,Divorced,0
10827,442,480797,115001.27,17,1595010,60,Business,Self-Employed,Mortgage,Single,0
10828,510,683355,150095.81,11,1135069,36,Education,Salaried,Rent,Single,1
10829,487,689957,192567.6,8,142127,24,Business,Salaried,Rent,Single,1
10830,588,626903,116615.14,16,2261936,12,Home,Salaried,Own,Divorced,1
10831,668,517930,119735.8,7,1553558,12,Car,Salaried,Rent,Single,0
10832,801,813331,129477.92,21,1649439,60,Car,Unemployed,Mortgage,Married,0
10833,509,847117,120857.4,10,50721,12,Education,Salaried,Rent,Single,0
10834,525,691819,124581.28,5,801120,36,Car,Self-Employed,Rent,Married,1
10835,400,591921,248175.52,17,1462763,12,Car,Unemployed,Mortgage,Divorced,0
10836,375,712000,146758.28,11,297240,36,Car,Salaried,Mortgage,Single,1
10837,575,735699,123938.61,26,1286237,36,Personal,Unemployed,Rent,Married,0
10838,708,399308,167419.68,27,2147708,24,Personal,Salaried,Mortgage,Married,0
10839,334,685718,73844.54,14,418913,36,Car,Self-Employed,Own,Married,0
10840,513,454871,142317.51,26,1078198,36,Car,Unemployed,Mortgage,Married,0
10841,707,453176,127363.33,5,1618815,24,Home,Unemployed,Own,Divorced,0
10842,585,798617,179827.55,26,290582,24,Car,Unemployed,Mortgage,Single,1
10843,650,551757,147485.05,10,1474868,24,Personal,Unemployed,Own,Single,0
10844,468,404161,145797.76,16,1946283,36,Personal,Salaried,Rent,Divorced,1
10845,752,656504,172450.04,2,977152,12,Business,Salaried,Mortgage,Married,0
10846,762,859768,188084.61,28,733055,60,Education,Self-Employed,Mortgage,Single,0
10847,572,643578,173675.74,21,324403,12,Car,Self-Employed,Own,Divorced,0
10848,389,671006,140239.69,8,1959430,24,Personal,Salaried,Own,Single,1
10849,646,581740,119946.63,12,363372,12,Personal,Unemployed,Own,Married,0
10850,848,658167,38285.25,2,568640,36,Personal,Unemployed,Own,Single,0
10851,438,357293,203308.75,6,2105099,24,Personal,Salaried,Mortgage,Single,1
10852,373,597705,183328.87,10,2046896,12,Business,Salaried,Own,Single,0
10853,657,590318,292427.3,29,1030504,36,Personal,Salaried,Mortgage,Married,1
10854,659,945683,226667.54,28,2326369,24,Personal,Self-Employed,Rent,Divorced,0
10855,644,650203,43711.55,23,1447478,36,Education,Self-Employed,Rent,Single,0
10856,677,593412,169111.84,8,1705161,12,Personal,Salaried,Own,Divorced,0
10857,408,210129,160981.62,8,885360,36,Education,Self-Employed,Own,Single,1
10858,328,255389,131257.88,5,1969656,24,Education,Salaried,Own,Married,0
10859,668,465871,120599.8,23,1246570,12,Business,Self-Employed,Rent,Single,0
10860,335,776571,146919.95,15,833869,60,Home,Salaried,Rent,Married,1
10861,634,595088,95974.64,9,2461365,36,Education,Self-Employed,Mortgage,Divorced,0
10862,577,446943,211745.64,3,669245,12,Education,Self-Employed,Mortgage,Single,1
10863,643,781970,133098.45,18,286106,24,Personal,Salaried,Own,Married,0
10864,734,629901,125084.14,16,1969824,60,Home,Self-Employed,Rent,Divorced,0
10865,319,934949,192587.22,9,2299683,60,Home,Self-Employed,Rent,Single,0
10866,373,621724,158380.22,19,648472,36,Education,Unemployed,Mortgage,Married,0
10867,693,618346,128618.19,2,713296,36,Education,Salaried,Rent,Single,0
10868,319,440915,179939.4,8,1607199,36,Education,Self-Employed,Mortgage,Divorced,1
10869,351,386239,202355.69,11,924686,36,Home,Salaried,Own,Single,1
10870,583,412266,205586.59,7,292987,60,Education,Self-Employed,Mortgage,Divorced,0
10871,569,460223,204080.72,16,2138171,24,Business,Self-Employed,Own,Single,1
10872,697,503132,293776.73,28,832972,60,Home,Unemployed,Mortgage,Divorced,1
10873,696,598479,174317.14,7,1629349,60,Business,Salaried,Mortgage,Married,0
10874,538,816456,191160.5,24,266606,36,Car,Unemployed,Own,Single,0
10875,711,262462,180366.72,4,1538807,12,Personal,Unemployed,Mortgage,Single,0
10876,533,382661,215046.46,29,90143,60,Personal,Unemployed,Rent,Divorced,1
10877,330,681851,144920.36,0,2138747,36,Business,Self-Employed,Rent,Married,1
10878,743,404131,247435.92,19,367534,24,Personal,Salaried,Rent,Married,0
10879,827,451357,148349.83,28,1822195,36,Car,Salaried,Rent,Divorced,0
10880,529,553469,172689.89,22,1230865,12,Education,Salaried,Mortgage,Married,0
10881,377,775503,126028.26,10,1380102,36,Education,Unemployed,Own,Divorced,1
10882,445,603545,189817.97,29,1940603,60,Personal,Salaried,Own,Single,1
10883,572,565988,118137.8,27,1446238,24,Home,Unemployed,Rent,Divorced,0
10884,334,586382,99735.73,24,835761,12,Home,Self-Employed,Rent,Divorced,1
10885,646,651438,201551.44,15,2262218,36,Business,Unemployed,Rent,Divorced,0
10886,516,570260,116943.97,3,1342021,60,Education,Unemployed,Mortgage,Married,0
10887,681,414958,114495.46,29,426890,12,Education,Salaried,Rent,Married,0
10888,790,729344,231432.84,17,1411888,12,Personal,Salaried,Rent,Single,0
10889,428,218762,91541.46,3,1797256,12,Home,Self-Employed,Own,Married,1
10890,413,455284,207777.25,2,125528,12,Education,Salaried,Own,Married,1
10891,449,661256,192843.29,13,78804,36,Business,Self-Employed,Rent,Divorced,1
10892,579,562322,53409.37,8,1770541,12,Home,Self-Employed,Own,Single,0
10893,677,610314,165264.45,15,1476526,60,Home,Unemployed,Rent,Divorced,0
10894,628,388740,176135.76,6,699551,36,Education,Salaried,Rent,Single,0
10895,458,629008,76578.24,20,1162944,12,Car,Self-Employed,Own,Married,0
10896,643,497990,175366.75,21,325012,36,Home,Unemployed,Mortgage,Married,0
10897,733,878939,137543.68,23,1821063,24,Personal,Salaried,Own,Divorced,0
10898,327,497640,98930.91,27,271171,36,Personal,Salaried,Mortgage,Single,0
10899,673,463381,152981.5,21,628509,12,Car,Self-Employed,Mortgage,Married,0
10900,786,691028,115027.38,29,1437579,24,Business,Self-Employed,Own,Divorced,0
10901,573,472918,164108.99,8,2021509,36,Personal,Unemployed,Mortgage,Single,1
10902,378,889892,160042.47,4,899815,12,Education,Salaried,Mortgage,Married,1
10903,606,511704,158231.33,21,206217,60,Car,Salaried,Rent,Married,0
10904,363,627407,166431.57,19,391095,12,Home,Salaried,Mortgage,Divorced,0
10905,767,578053,155599.58,18,2380347,12,Car,Salaried,Rent,Single,0
10906,707,481213,194774.29,12,590095,36,Business,Self-Employed,Own,Divorced,0
10907,698,559492,159754.92,28,1550664,60,Car,Self-Employed,Mortgage,Divorced,0
10908,836,722204,164938.99,17,783525,12,Personal,Unemployed,Own,Single,0
10909,424,489188,123389.31,10,507823,12,Car,Unemployed,Mortgage,Married,0
10910,739,557676,70627.93,22,549017,60,Business,Salaried,Mortgage,Divorced,0
10911,441,561041,175085.44,29,2058392,60,Car,Self-Employed,Rent,Married,0
10912,622,569641,114845.85,11,333483,36,Home,Unemployed,Rent,Married,0
10913,756,645953,79302.51,27,1608660,36,Business,Self-Employed,Mortgage,Single,0
10914,348,623099,138257.21,26,773613,24,Car,Unemployed,Own,Single,0
10915,320,645300,87348.82,22,1099941,60,Business,Salaried,Mortgage,Single,1
10916,606,268563,178749.5,3,1174609,60,Personal,Salaried,Own,Single,0
10917,466,527218,170528.94,24,1189219,36,Personal,Salaried,Mortgage,Divorced,1
10918,319,756556,238907.22,21,2366567,36,Education,Salaried,Rent,Divorced,1
10919,662,716774,107049.17,17,734745,12,Education,Salaried,Own,Divorced,0
10920,374,424092,75241.06,19,856592,24,Home,Self-Employed,Rent,Divorced,0
10921,597,805957,152771.77,24,1415926,60,Business,Unemployed,Mortgage,Single,0
10922,431,479816,147773.82,1,272758,60,Education,Unemployed,Rent,Divorced,0
10923,357,722461,49287.88,15,242985,24,Car,Salaried,Own,Divorced,1
10924,433,544828,149885.85,24,1324687,24,Car,Unemployed,Own,Divorced,0
10925,518,518304,129359.28,20,394646,12,Car,Unemployed,Rent,Divorced,0
10926,842,404992,167902.4,26,462447,12,Business,Salaried,Own,Married,0
10927,582,571267,157392.5,15,2379531,24,Personal,Salaried,Rent,Single,0
10928,659,421102,90703.57,25,1986982,24,Personal,Unemployed,Rent,Married,0
10929,641,225732,161011.9,22,889888,12,Education,Unemployed,Mortgage,Divorced,1
10930,356,539256,122617.65,3,1371091,24,Business,Unemployed,Rent,Married,0
10931,833,425020,177857.84,13,2350240,36,Education,Self-Employed,Own,Married,0
10932,518,358334,172103.92,17,330389,12,Car,Self-Employed,Mortgage,Divorced,1
10933,614,502978,189919.71,16,2033232,60,Business,Salaried,Mortgage,Married,0
10934,688,565074,115397.93,17,752790,36,Home,Self-Employed,Rent,Single,0
10935,340,509934,159994.14,17,1036265,12,Business,Unemployed,Mortgage,Married,0
10936,329,551804,131985.26,12,324978,12,Car,Salaried,Mortgage,Married,0
10937,678,787140,92377.51,6,1825420,12,Education,Unemployed,Rent,Divorced,0
10938,810,500184,168511.79,14,2380760,24,Home,Unemployed,Own,Single,0
10939,528,481568,80940.52,28,1547670,12,Car,Unemployed,Own,Married,1
10940,550,670154,209730.82,7,1658865,36,Business,Unemployed,Rent,Divorced,1
10941,673,762302,165039.97,12,888008,12,Business,Self-Employed,Mortgage,Divorced,0
10942,443,345333,130427.87,12,1354602,24,Business,Unemployed,Rent,Single,1
10943,491,529185,202890.22,6,747361,24,Home,Self-Employed,Own,Divorced,1
10944,606,554941,233514.29,6,1138054,36,Education,Self-Employed,Own,Single,0
10945,505,475559,130358.21,4,2354086,60,Personal,Unemployed,Mortgage,Single,0
10946,648,683939,207102.24,5,1506321,36,Education,Salaried,Own,Married,0
10947,414,725542,145739.77,11,217375,36,Business,Salaried,Rent,Single,1
10948,737,601081,133570.63,14,298972,12,Education,Self-Employed,Mortgage,Single,0
10949,542,521607,203611.9,29,423895,36,Personal,Self-Employed,Own,Married,1
10950,663,356905,86987.43,17,1406506,24,Car,Unemployed,Rent,Divorced,0
10951,374,470215,242045.84,25,1871624,36,Personal,Salaried,Rent,Divorced,1
10952,513,437495,41638.0,27,626606,36,Home,Salaried,Mortgage,Divorced,0
10953,755,576620,179398.85,16,1402047,60,Personal,Salaried,Own,Divorced,0
10954,502,608899,141487.59,25,1905739,36,Personal,Salaried,Own,Divorced,0
10955,670,691755,204026.69,0,1406039,36,Car,Salaried,Rent,Divorced,0
10956,515,344532,155842.72,9,958402,60,Car,Unemployed,Mortgage,Divorced,1
10957,582,627527,148536.72,17,198675,36,Business,Unemployed,Own,Single,0
10958,308,741776,200494.1,14,2387536,12,Business,Self-Employed,Rent,Married,1
10959,677,354242,164537.01,26,2468891,24,Education,Self-Employed,Own,Single,0
10960,619,494258,69268.11,25,1933789,24,Business,Unemployed,Own,Married,0
10961,724,597105,234232.8,26,1407949,24,Personal,Salaried,Rent,Single,0
10962,824,709179,263733.47,0,1256446,36,Home,Self-Employed,Rent,Single,0
10963,748,660249,129695.34,1,1923674,12,Personal,Salaried,Rent,Divorced,0
10964,532,824203,221834.55,3,2412046,12,Home,Unemployed,Rent,Divorced,1
10965,646,895230,118957.45,27,1150945,12,Education,Salaried,Rent,Married,0
10966,667,1014994,226882.4,4,1208587,24,Home,Unemployed,Own,Married,0
10967,447,291988,91896.7,10,2084134,60,Home,Self-Employed,Rent,Single,0
10968,505,697137,174468.51,22,2081702,60,Car,Self-Employed,Rent,Married,1
10969,443,250015,157708.87,7,516304,12,Business,Self-Employed,Mortgage,Single,0
10970,740,726462,98864.44,21,995599,60,Business,Self-Employed,Own,Married,0
10971,783,737499,126442.2,17,2100208,60,Car,Self-Employed,Rent,Married,0
10972,346,690888,182141.88,9,370372,24,Home,Salaried,Own,Married,0
10973,348,593557,73298.44,7,65268,36,Home,Unemployed,Rent,Married,0
10974,661,743871,122131.57,6,2129103,24,Business,Salaried,Own,Divorced,0
10975,679,581290,260910.3,17,1869656,60,Personal,Unemployed,Rent,Single,0
10976,698,601810,125153.43,9,1670918,24,Home,Self-Employed,Own,Divorced,0
10977,610,715506,133617.45,26,1307835,12,Car,Self-Employed,Mortgage,Married,0
10978,838,970126,242407.23,26,409482,60,Car,Unemployed,Own,Divorced,1
10979,357,626668,184465.09,15,1149059,12,Home,Self-Employed,Own,Married,0
10980,657,919330,205134.86,7,328398,60,Car,Unemployed,Mortgage,Single,0
10981,650,288146,139202.73,26,1104657,12,Business,Unemployed,Rent,Married,0
10982,518,549938,192943.17,19,1754439,12,Personal,Self-Employed,Mortgage,Married,0
10983,356,673959,81555.33,0,479658,36,Business,Self-Employed,Rent,Married,1
10984,725,462531,158433.5,7,1540388,60,Education,Self-Employed,Own,Single,0
10985,490,443877,123226.24,29,1401059,12,Education,Self-Employed,Own,Married,1
10986,314,528336,259010.8,19,2221489,36,Business,Unemployed,Rent,Divorced,1
10987,658,445964,164178.09,3,1267961,60,Business,Salaried,Mortgage,Married,0
10988,788,436111,103708.45,3,2339756,36,Home,Unemployed,Mortgage,Married,0
10989,750,634579,136492.42,13,886358,60,Education,Self-Employed,Own,Divorced,0
10990,311,713163,240325.41,14,746832,36,Business,Unemployed,Mortgage,Divorced,1
10991,731,682144,136887.46,20,2206979,12,Business,Salaried,Own,Divorced,0
10992,834,630699,128466.95,3,1764073,24,Personal,Self-Employed,Mortgage,Single,0
10993,633,795752,138541.88,18,2485531,12,Car,Self-Employed,Mortgage,Married,0
10994,725,413845,177453.76,13,2149641,24,Car,Salaried,Rent,Divorced,0
10995,835,525475,211932.06,26,2187908,60,Personal,Salaried,Mortgage,Divorced,0
10996,334,652035,172580.09,16,1256693,12,Business,Unemployed,Own,Single,0
10997,358,587199,65498.35,13,2396349,36,Personal,Unemployed,Rent,Divorced,0
10998,701,770109,235092.1,14,762683,60,Education,Unemployed,Rent,Single,0
10999,600,494675,152216.3,5,1228671,60,Home,Unemployed,Mortgage,Divorced,0
11000,412,747255,126661.35,2,530842,12,Education,Self-Employed,Rent,Divorced,0
