applicant_id,credit_score,annual_income,existing_debts,employment_years,employment_type,financial_goal,age,predicted_loan_amount
1,629.0,718468.76,147096.62,17,Unemployed,Vehicle,23,110382.25
2,639.0,495889.82,11009.27,6,Unemployed,Business,28,56497.02
3,788.0,754166.78,184369.68,18,Salaried,Business,25,254465.3
4,686.0,627023.66,74031.65,4,Self-Employed,Home,58,124435.3
5,691.0,312488.31,74005.02,1,Unemployed,Education,49,56315.84
6,716.0,417327.84,166191.26,2,Salaried,Other,45,101111.35
7,720.0,541201.57,0.0,19,Self-Employed,Home,58,133597.44
8,715.0,757841.16,114815.82,7,Salaried,Education,30,191169.69
9,621.0,541265.65,89533.87,19,Salaried,Other,51,135228.37
10,587.0,763495.33,38326.07,7,Salaried,Education,34,137898.35
11,588.0,312990.03,129375.74,10,Self-Employed,Business,50,50553.39
12,724.0,301558.97,85694.19,11,Salaried,Other,32,58514.09
13,646.0,593341.72,154380.03,17,Salaried,Business,52,100350.6
14,722.0,729878.89,77196.49,29,Salaried,Other,48,195823.37
15,700.0,515568.28,129011.4,4,Self-Employed,Home,35,96293.17
16,591.0,872918.15,122232.5,23,Self-Employed,Home,25,104247.15
17,636.0,548750.47,113741.11,19,Salaried,Education,45,146071.74
18,684.0,589675.84,96059.29,6,Self-Employed,Home,50,132860.62
19,697.0,524805.95,128061.79,2,Salaried,Home,47,123289.49
20,725.0,754646.38,75991.53,28,Salaried,Other,29,227101.13
21,720.0,557700.55,28673.36,9,Salaried,Business,21,157158.74
22,636.0,605632.93,120078.52,16,Salaried,Vehicle,28,140424.92
23,659.0,887074.08,206580.53,5,Salaried,Business,46,187379.41
24,602.0,762035.64,78399.9,0,Salaried,Vehicle,52,134291.9
25,710.0,658876.56,154332.57,13,Salaried,Home,51,145877.21
26,698.0,305129.33,109536.66,24,Salaried,Education,40,50000.0
27,701.0,450372.2,134282.09,15,Salaried,Education,44,92088.12
28,702.0,625374.79,137151.03,3,Self-Employed,Business,58,110154.85
29,683.0,753912.94,114514.21,16,Salaried,Home,56,156921.11
30,695.0,659767.91,142755.94,16,Self-Employed,Other,46,149719.04
31,673.0,404571.44,137711.8,12,Self-Employed,Other,26,66428.82
32,668.0,651660.9,85096.3,26,Salaried,Vehicle,51,105485.59
33,730.0,680986.19,150253.04,28,Salaried,Home,34,206124.74
34,665.0,657298.41,49719.11,23,Salaried,Vehicle,53,167227.8
35,690.0,338846.24,101517.74,1,Salaried,Vehicle,40,95606.0
36,690.0,592875.41,112775.8,13,Self-Employed,Education,22,133475.58
37,639.0,456838.75,117927.47,17,Self-Employed,Education,59,50000.0
38,543.0,434185.11,151853.31,14,Salaried,Other,46,50000.0
39,632.0,574103.46,155049.39,0,Self-Employed,Home,22,69719.74
40,720.0,576196.4,120166.24,19,Salaried,Home,40,144675.3
41,640.0,756660.83,65374.96,9,Salaried,Home,33,188726.72
42,715.0,629774.98,117353.78,15,Unemployed,Other,23,98569.91
43,676.0,425310.38,122767.99,27,Self-Employed,Vehicle,58,50000.0
44,584.0,265387.89,110985.1,24,Self-Employed,Business,55,50000.0
45,633.0,639670.62,83771.63,12,Salaried,Vehicle,35,123408.1
46,694.0,650441.47,121197.7,1,Salaried,Other,24,101633.92
47,752.0,996186.36,69758.8,20,Salaried,Education,21,311686.15
48,725.0,652331.13,77483.82,3,Self-Employed,Other,51,142701.58
49,594.0,619148.22,128966.14,15,Self-Employed,Education,40,63252.57
50,763.0,436019.97,177938.55,5,Salaried,Vehicle,42,115666.15
51,676.0,481692.97,86328.07,7,Salaried,Home,24,91729.18
52,709.0,496455.25,141129.8,6,Salaried,Business,57,107767.76
53,646.0,548141.58,68673.45,26,Self-Employed,Vehicle,25,70555.67
54,729.0,572556.6,49136.65,16,Salaried,Vehicle,32,156611.32
55,680.0,483264.03,92351.09,7,Salaried,Home,49,98767.8
56,605.0,507650.82,9546.37,5,Salaried,Business,50,109137.01
57,690.0,452648.07,132574.75,12,Self-Employed,Business,35,79810.24
58,590.0,582326.81,35790.74,20,Salaried,Vehicle,28,110482.6
59,748.0,664069.57,91409.14,28,Salaried,Other,45,230886.45
60,687.0,482560.91,15914.6,2,Unemployed,Business,50,80476.48
61,720.0,602116.86,102852.74,26,Unemployed,Home,35,96973.4
62,701.0,571492.65,65837.87,21,Salaried,Vehicle,41,97758.07
63,659.0,541778.98,122757.41,29,Self-Employed,Education,26,117629.74
64,610.0,947469.66,142457.93,18,Self-Employed,Business,46,167087.35
65,683.0,553783.76,216660.37,18,Salaried,Other,52,119112.18
66,678.0,271379.32,87470.91,28,Unemployed,Home,26,50000.0
67,688.0,471802.11,154167.41,13,Self-Employed,Other,34,96093.45
68,673.0,469484.43,112794.44,16,Salaried,Vehicle,28,93050.86
69,641.0,625267.58,157830.67,8,Salaried,Other,48,124455.06
70,582.0,781204.11,0.0,25,Salaried,Vehicle,42,184464.61
71,642.0,618679.11,32664.03,8,Self-Employed,Other,34,74296.17
72,719.0,633534.56,40816.74,14,Salaried,Vehicle,36,214248.21
73,650.0,694239.54,145289.6,24,Salaried,Business,48,129907.37
74,658.0,775824.99,37878.73,6,Salaried,Other,50,209727.51
75,657.0,396671.09,183396.84,12,Self-Employed,Vehicle,40,76125.5
76,684.0,706815.78,116014.48,11,Self-Employed,Business,51,176924.49
77,682.0,739714.11,72448.1,8,Salaried,Business,23,154667.88
78,735.0,494575.36,164648.19,10,Self-Employed,Other,38,110738.55
79,766.0,530559.89,125052.79,27,Self-Employed,Education,45,147472.78
80,668.0,544278.29,133515.6,10,Salaried,Business,26,97200.39
81,641.0,651052.57,94737.38,10,Unemployed,Vehicle,26,124261.8
82,689.0,749748.56,211794.76,28,Self-Employed,Vehicle,34,147062.4
83,725.0,751219.94,176044.79,0,Salaried,Vehicle,29,173112.8
84,744.0,458120.5,202659.09,23,Salaried,Other,33,106878.39
85,670.0,638534.74,156046.28,0,Unemployed,Vehicle,34,68606.29
86,627.0,439714.69,8185.4,10,Salaried,Home,41,71480.87
87,705.0,520501.63,101256.26,2,Salaried,Business,33,133965.09
88,693.0,740362.08,126372.17,20,Salaried,Vehicle,31,150708.95
89,654.0,859314.8,114234.89,1,Salaried,Vehicle,54,159328.28
90,593.0,507665.02,124219.32,19,Salaried,Home,49,58553.64
91,741.0,685953.45,164443.74,24,Salaried,Home,41,188727.51
92,696.0,610761.42,164123.19,16,Salaried,Vehicle,25,138488.35
93,686.0,561638.9,68292.63,11,Salaried,Business,44,132311.8
94,632.0,424028.71,87046.45,20,Salaried,Other,33,50000.0
95,677.0,494236.7,189050.57,11,Salaried,Business,43,134974.69
96,724.0,977156.48,159658.87,3,Unemployed,Other,27,161067.35
97,705.0,550524.03,112595.74,18,Salaried,Vehicle,45,166209.13
98,681.0,420906.66,132949.04,24,Salaried,Other,33,79471.22
99,666.0,827302.12,3881.64,2,Salaried,Other,32,211697.03
100,705.0,668466.69,165188.25,4,Self-Employed,Vehicle,49,138638.14
101,647.0,744936.45,0.0,27,Unemployed,Education,48,79626.31
102,787.0,1040706.41,142152.27,17,Salaried,Vehicle,52,336870.34
103,625.0,503620.39,59079.83,11,Salaried,Business,49,129833.61
104,649.0,594961.7,155947.34,6,Unemployed,Business,37,120060.3
105,737.0,827006.73,82982.5,23,Self-Employed,Vehicle,50,208496.8
106,628.0,723380.85,102603.85,1,Salaried,Vehicle,50,130924.65
107,707.0,433239.4,96018.34,13,Salaried,Business,34,123933.24
108,677.0,562097.02,71396.57,0,Salaried,Vehicle,29,137479.46
109,726.0,240708.07,0.0,18,Unemployed,Home,56,50000.0
110,707.0,586576.48,86625.72,28,Salaried,Education,50,116771.36
111,729.0,467923.3,53293.68,18,Salaried,Business,49,102454.69
112,640.0,471286.73,146421.82,24,Salaried,Other,28,84706.1
113,683.0,316971.93,42239.55,21,Unemployed,Other,31,50000.0
114,673.0,493706.35,118426.36,24,Self-Employed,Education,43,74895.8
115,682.0,878964.93,117577.72,22,Salaried,Education,55,204586.05
116,675.0,536770.43,135980.43,10,Salaried,Other,54,65675.07
117,724.0,490364.18,109775.26,9,Self-Employed,Education,52,136033.3
118,650.0,664387.37,25096.02,12,Self-Employed,Education,54,175446.12
119,662.0,561030.76,44269.84,6,Self-Employed,Home,50,129672.63
120,655.0,722844.21,100299.17,25,Self-Employed,Education,35,159289.71
121,668.0,658929.72,155303.97,1,Salaried,Business,36,119445.53
122,627.0,601200.93,134980.09,9,Salaried,Education,21,87316.89
123,664.0,498930.99,34309.1,20,Salaried,Business,35,108728.16
124,654.0,530401.92,109645.57,27,Salaried,Business,36,124944.08
125,604.0,551667.31,173995.6,20,Salaried,Education,37,83184.87
126,650.0,752258.26,115017.56,26,Salaried,Education,32,160363.36
127,692.0,292110.13,151138.44,25,Self-Employed,Business,51,50000.0
128,641.0,721860.51,167349.92,8,Self-Employed,Other,33,118621.84
129,716.0,777457.02,105422.5,11,Self-Employed,Other,55,197086.18
130,680.0,550070.63,138169.57,3,Salaried,Home,27,160583.83
131,568.0,746881.62,105181.32,24,Unemployed,Education,41,82093.15
132,656.0,733292.94,21572.68,7,Salaried,Home,58,196422.29
133,715.0,677534.03,61717.77,20,Salaried,Business,28,193974.17
134,613.0,705225.25,97485.96,18,Self-Employed,Vehicle,42,72015.35
135,717.0,369366.12,157395.52,14,Unemployed,Vehicle,56,50000.0
136,561.0,536038.27,112904.57,1,Self-Employed,Home,51,70545.8
137,600.0,683531.46,114049.47,8,Salaried,Other,37,151615.2
138,738.0,676514.42,189118.59,0,Salaried,Business,34,141509.71
139,718.0,573357.95,47242.13,0,Unemployed,Vehicle,24,90076.43
140,742.0,493546.65,170757.98,24,Self-Employed,Home,54,104261.56
141,707.0,760976.43,64386.39,25,Salaried,Education,21,184293.19
142,627.0,713431.38,147916.99,2,Unemployed,Business,59,80948.45
143,788.0,738003.49,143992.81,29,Salaried,Business,43,214196.37
144,655.0,300111.69,160360.0,5,Salaried,Business,40,50000.0
145,689.0,608637.69,187455.73,6,Self-Employed,Business,47,106586.65
146,712.0,615142.14,126494.97,18,Self-Employed,Business,59,132034.15
147,734.0,509684.89,215.44,17,Salaried,Vehicle,44,146772.32
148,765.0,732787.54,68344.84,29,Salaried,Education,27,220623.59
149,701.0,648625.4,79215.48,9,Salaried,Education,46,129183.21
150,608.0,169377.32,119855.96,29,Salaried,Education,31,50000.0
151,653.0,587063.88,35052.36,29,Salaried,Home,35,155549.22
152,590.0,522486.86,88883.7,22,Salaried,Business,46,89696.46
153,681.0,749381.69,138211.29,17,Salaried,Other,46,172895.42
154,656.0,380181.98,202499.02,27,Self-Employed,Other,43,86915.14
155,622.0,541252.35,144790.66,7,Salaried,Education,36,117152.91
156,756.0,663293.52,135167.72,24,Self-Employed,Education,28,203178.59
157,747.0,364614.65,61762.61,15,Salaried,Education,39,70413.57
158,542.0,700583.68,50398.13,19,Salaried,Other,36,106474.63
159,728.0,451858.77,75865.46,12,Self-Employed,Vehicle,22,91127.48
160,704.0,770340.96,195447.11,5,Salaried,Other,30,195446.31
161,648.0,844924.48,84914.36,3,Salaried,Business,21,186216.85
162,726.0,684832.35,137647.94,18,Self-Employed,Home,31,140305.76
163,715.0,615172.23,64115.25,18,Self-Employed,Education,28,178551.01
164,619.0,779316.5,66258.14,19,Self-Employed,Education,41,142199.17
165,721.0,870770.67,52522.8,2,Self-Employed,Other,25,200786.06
166,684.0,690031.75,70491.44,19,Self-Employed,Vehicle,21,168802.68
167,637.0,807495.17,75708.81,16,Self-Employed,Education,39,122802.25
168,735.0,672249.02,105172.03,29,Self-Employed,Vehicle,57,147148.05
169,717.0,707409.27,156383.17,28,Unemployed,Home,38,102124.11
170,652.0,658790.21,107908.93,5,Salaried,Education,29,135198.83
171,661.0,536570.46,66918.57,23,Salaried,Other,46,113930.4
172,651.0,653768.22,172835.72,7,Salaried,Education,36,155076.59
173,648.0,375679.55,140855.14,20,Self-Employed,Business,49,77090.33
174,645.0,604706.08,0.0,3,Unemployed,Business,32,102611.72
175,683.0,453334.67,127079.3,25,Unemployed,Home,40,50000.0
176,739.0,673324.37,81983.88,2,Self-Employed,Home,58,200203.12
177,672.0,452319.39,208524.15,28,Self-Employed,Education,58,83894.69
178,755.0,639230.38,88643.39,5,Unemployed,Education,56,141243.29
179,615.0,605175.39,0.0,6,Salaried,Home,21,138625.73
180,655.0,561842.42,186430.18,9,Salaried,Other,56,142671.55
181,701.0,792837.42,87058.99,26,Salaried,Business,29,167823.13
182,650.0,599440.37,137387.46,17,Self-Employed,Education,39,126493.77
183,691.0,784323.34,91436.15,6,Salaried,Education,32,142746.05
184,583.0,814165.19,188136.35,25,Self-Employed,Home,55,145778.96
185,626.0,750265.31,125511.81,14,Salaried,Education,23,182608.14
186,648.0,686599.87,197693.59,22,Self-Employed,Education,24,132657.69
187,724.0,513755.86,174588.55,1,Self-Employed,Vehicle,31,88610.8
188,662.0,435778.86,63406.13,14,Salaried,Business,31,75038.53
189,753.0,643839.07,110006.79,7,Salaried,Home,32,166703.1
190,523.0,509403.08,89045.73,4,Self-Employed,Home,22,51475.49
191,681.0,649965.08,8777.24,9,Self-Employed,Business,53,157451.62
192,693.0,769837.61,88438.49,5,Salaried,Home,30,159514.42
193,733.0,775235.43,132928.41,5,Salaried,Vehicle,51,233112.47
194,815.0,715410.58,55127.48,3,Salaried,Other,50,215372.85
195,701.0,505308.06,163579.37,28,Salaried,Home,40,107635.69
196,654.0,517335.01,70855.9,1,Salaried,Home,30,138928.76
197,623.0,541069.39,98912.25,14,Unemployed,Home,51,104844.08
198,730.0,686432.57,80016.15,2,Salaried,Business,33,218944.86
199,680.0,709177.5,111580.78,13,Salaried,Education,50,184002.41
200,672.0,773839.96,67734.31,15,Self-Employed,Home,38,183920.86
201,594.0,675952.89,83607.21,0,Self-Employed,Home,46,89659.15
202,610.0,588511.26,118364.72,19,Unemployed,Other,43,50000.0
203,623.0,734591.59,91016.67,28,Salaried,Home,41,176037.89
204,573.0,574802.54,77744.57,20,Salaried,Other,48,111594.8
205,679.0,834056.9,57434.13,28,Self-Employed,Education,30,208471.12
206,718.0,488046.15,31020.75,18,Unemployed,Business,33,76869.88
207,758.0,340752.26,96085.9,29,Salaried,Other,38,68747.87
208,685.0,780919.73,174247.68,20,Self-Employed,Business,25,183742.55
209,702.0,407130.09,87734.09,5,Self-Employed,Vehicle,39,145470.67
210,672.0,556723.2,122947.32,28,Salaried,Vehicle,23,110743.29
211,664.0,874501.82,80967.21,11,Salaried,Other,21,223404.64
212,727.0,358090.3,141803.29,6,Salaried,Business,39,63749.93
213,719.0,554555.68,0.0,11,Salaried,Education,21,123514.07
214,645.0,450186.8,124347.04,13,Salaried,Home,42,151326.0
215,765.0,610829.77,69395.14,17,Salaried,Home,40,176871.05
216,734.0,430613.8,87618.61,24,Salaried,Home,30,121500.01
217,677.0,716504.18,127769.76,6,Salaried,Home,52,158345.72
218,700.0,641829.45,77119.44,17,Salaried,Education,35,161707.1
219,657.0,749700.59,158757.71,11,Salaried,Vehicle,46,142983.87
220,595.0,353605.23,60889.33,8,Self-Employed,Education,39,50000.0
221,717.0,630378.73,91984.08,16,Unemployed,Education,38,90771.02
222,687.0,472255.77,113636.6,7,Self-Employed,Home,47,81433.97
223,834.0,456070.38,5631.14,21,Self-Employed,Other,50,132607.13
224,716.0,551546.51,129578.54,10,Salaried,Education,31,126097.77
225,692.0,640963.06,91610.14,5,Salaried,Vehicle,31,147807.71
226,641.0,393576.49,177740.7,17,Salaried,Education,25,50000.0
227,650.0,492954.73,124220.56,11,Salaried,Vehicle,56,123084.48
228,750.0,912745.45,25630.78,26,Self-Employed,Education,51,268734.5
229,668.0,640542.67,17835.93,27,Self-Employed,Education,56,166841.76
230,664.0,743226.25,138675.19,14,Salaried,Business,42,155793.25
231,693.0,670661.13,63484.99,26,Salaried,Vehicle,31,159586.33
232,648.0,714230.43,96041.43,5,Salaried,Education,57,189355.94
233,659.0,462178.82,91704.2,26,Self-Employed,Business,58,51180.5
234,664.0,750665.37,94538.05,10,Salaried,Home,52,155888.38
235,634.0,645261.6,144583.8,16,Self-Employed,Home,34,119946.81
236,702.0,586293.99,164240.12,2,Self-Employed,Vehicle,36,163840.96
237,703.0,737649.31,174570.77,28,Salaried,Vehicle,48,163362.93
238,717.0,565315.59,207568.86,21,Salaried,Home,25,128722.21
239,680.0,633900.5,41815.22,8,Salaried,Other,26,135782.75
240,577.0,591100.21,98036.87,12,Salaried,Business,24,134347.53
241,773.0,660056.11,94082.17,2,Salaried,Home,52,210041.5
242,659.0,555146.09,106208.07,6,Self-Employed,Home,57,109035.26
243,605.0,546373.39,151504.03,10,Salaried,Vehicle,58,101428.88
244,680.0,620108.36,4507.75,29,Unemployed,Home,56,82417.56
245,646.0,492802.18,68128.96,28,Self-Employed,Other,35,98995.19
246,614.0,447919.13,47109.31,23,Salaried,Education,56,69067.19
247,731.0,790753.02,124860.47,8,Salaried,Other,39,196771.69
248,679.0,408143.29,182924.6,8,Self-Employed,Home,26,73879.25
249,700.0,458352.09,128648.6,5,Salaried,Vehicle,41,129768.72
250,666.0,774667.18,38054.39,23,Self-Employed,Vehicle,34,181139.87
251,710.0,698178.27,149813.2,15,Unemployed,Home,56,87450.89
252,673.0,759246.21,133257.81,9,Salaried,Business,41,158297.16
253,697.0,680252.05,127158.97,3,Salaried,Education,39,180657.61
254,713.0,647684.71,111236.41,18,Unemployed,Home,49,134298.71
255,691.0,409730.93,51902.59,16,Salaried,Business,50,96605.63
256,670.0,422387.73,105663.46,9,Salaried,Home,25,98125.92
257,664.0,289443.27,81592.1,19,Self-Employed,Home,50,68008.53
258,606.0,583975.98,27281.84,2,Self-Employed,Business,28,142318.19
259,759.0,391338.95,214712.74,8,Salaried,Vehicle,41,54283.17
260,653.0,606274.71,56714.95,11,Self-Employed,Vehicle,36,135701.79
261,654.0,853375.68,124468.96,7,Salaried,Home,30,200231.5
262,698.0,547157.55,151358.24,16,Salaried,Education,42,129488.0
263,679.0,612059.19,174214.4,28,Self-Employed,Vehicle,40,129158.24
264,670.0,507123.79,159961.91,7,Self-Employed,Home,30,100611.4
265,639.0,595150.26,115210.41,24,Salaried,Home,34,61190.55
266,735.0,475942.57,41588.8,4,Salaried,Education,38,102622.82
267,665.0,390752.2,60740.05,29,Salaried,Business,50,123969.2
268,735.0,491965.94,147648.15,0,Salaried,Education,55,109608.75
269,662.0,791277.46,189799.65,19,Salaried,Other,43,179061.68
270,758.0,515664.45,140988.05,28,Salaried,Other,26,103085.68
271,725.0,757075.87,125207.11,22,Salaried,Education,55,237756.23
272,714.0,628463.35,110288.49,10,Salaried,Education,47,122270.9
273,703.0,603701.41,71566.63,29,Salaried,Home,25,159260.73
274,703.0,901948.73,124814.92,27,Salaried,Business,47,230074.96
275,760.0,406288.07,75235.71,24,Self-Employed,Other,25,85864.84
276,738.0,569050.72,64123.45,15,Unemployed,Business,38,90887.45
277,656.0,609821.32,167129.07,3,Salaried,Education,43,112480.85
278,650.0,240969.34,24964.59,29,Self-Employed,Other,32,62072.39
279,697.0,726898.13,19337.35,17,Self-Employed,Home,44,179602.25
280,651.0,567022.37,28319.13,3,Salaried,Education,50,145540.4
281,671.0,395406.54,144631.86,2,Self-Employed,Home,49,50000.0
282,699.0,371580.08,95901.88,13,Salaried,Vehicle,21,100383.69
283,697.0,365616.82,116267.55,8,Salaried,Education,22,66514.58
284,738.0,556292.75,54176.75,15,Salaried,Home,56,149436.8
285,644.0,507750.75,10316.73,6,Self-Employed,Other,59,119460.11
286,663.0,420253.9,134642.98,20,Salaried,Other,29,69746.72
287,656.0,350388.98,116175.76,21,Self-Employed,Other,48,50000.0
288,698.0,871037.75,190827.36,23,Self-Employed,Business,31,200140.32
289,685.0,734149.47,84327.91,27,Unemployed,Business,29,126519.23
290,702.0,519423.85,67478.49,21,Salaried,Vehicle,31,147136.37
291,738.0,441587.26,38123.16,29,Salaried,Home,55,73307.17
292,752.0,505541.77,233754.57,8,Self-Employed,Other,25,125524.45
293,663.0,665885.14,176961.33,4,Self-Employed,Other,35,174387.84
294,702.0,787914.21,100343.91,21,Salaried,Other,38,186961.53
295,655.0,576224.79,34057.54,19,Self-Employed,Vehicle,41,107534.67
296,706.0,616521.88,15648.55,18,Self-Employed,Business,37,185358.82
297,666.0,516681.25,25734.0,12,Unemployed,Business,46,50000.0
298,747.0,925241.02,89741.73,28,Salaried,Home,43,269429.39
299,741.0,368477.1,47840.12,17,Salaried,Education,28,131938.33
300,696.0,692037.6,82691.41,10,Self-Employed,Other,31,100189.44
301,604.0,347976.11,85364.0,22,Self-Employed,Business,59,53535.8
302,689.0,755540.69,39117.11,29,Unemployed,Other,35,139844.74
303,708.0,579631.99,187879.53,11,Salaried,Home,36,156906.58
304,672.0,473133.74,102247.08,27,Self-Employed,Home,44,88928.54
305,650.0,584161.09,168918.69,26,Unemployed,Business,57,52019.3
306,709.0,555238.8,145240.18,22,Salaried,Business,29,148395.84
307,654.0,534654.12,52175.56,3,Self-Employed,Home,27,124591.09
308,659.0,497939.91,121252.55,24,Self-Employed,Business,53,97254.14
309,712.0,776184.34,132297.45,21,Salaried,Home,31,231194.88
310,711.0,627883.53,108309.5,17,Self-Employed,Other,28,131481.54
311,767.0,450597.87,135141.63,19,Salaried,Other,43,89907.23
312,698.0,579080.03,52156.48,24,Salaried,Business,24,167980.7
313,657.0,480465.14,4623.05,1,Self-Employed,Business,51,154018.14
314,621.0,624953.8,147661.69,15,Salaried,Education,32,54717.05
315,710.0,601084.94,38170.65,24,Salaried,Education,56,169809.25
316,666.0,739188.84,73447.66,20,Salaried,Other,23,156909.04
317,706.0,518498.59,21697.71,26,Salaried,Vehicle,34,124594.8
318,735.0,521307.54,72653.14,15,Self-Employed,Business,36,104129.12
319,690.0,484379.58,152197.73,25,Self-Employed,Other,21,117595.96
320,698.0,548417.39,137504.67,22,Salaried,Home,32,140532.58
321,698.0,726727.25,30686.5,3,Salaried,Other,34,215258.33
322,626.0,625361.66,159101.98,13,Salaried,Home,30,114081.86
323,652.0,624767.38,172846.49,17,Salaried,Vehicle,29,105465.5
324,755.0,682581.45,195210.63,16,Self-Employed,Vehicle,51,173416.69
325,711.0,241222.0,88677.06,17,Self-Employed,Vehicle,54,50000.0
326,661.0,620123.09,71966.9,17,Salaried,Vehicle,29,128831.22
327,664.0,640740.55,129505.11,12,Salaried,Education,47,121217.07
328,671.0,931700.33,132140.5,6,Salaried,Business,36,221038.61
329,640.0,702848.49,93787.83,14,Salaried,Education,28,163233.88
330,657.0,761213.1,120017.65,28,Salaried,Education,25,185113.58
331,600.0,792696.8,53255.16,7,Self-Employed,Education,33,106147.05
332,613.0,573004.14,87946.21,12,Salaried,Other,35,106390.19
333,674.0,357761.66,114667.8,12,Salaried,Education,37,96294.5
334,689.0,545583.19,142765.63,6,Salaried,Home,22,143862.75
335,645.0,463551.97,107871.26,6,Self-Employed,Business,47,82024.48
336,673.0,683749.6,105449.15,4,Self-Employed,Education,44,138370.0
337,641.0,470181.82,30772.89,5,Salaried,Other,46,115437.89
338,544.0,526315.57,130248.12,11,Salaried,Education,37,50000.0
339,648.0,846132.1,113726.77,14,Self-Employed,Other,28,148144.78
340,715.0,473465.21,92588.35,29,Salaried,Home,35,102382.93
341,691.0,623602.69,88601.21,17,Salaried,Home,51,202982.09
342,586.0,513172.46,28764.96,25,Self-Employed,Business,24,75882.25
343,587.0,567108.38,71279.45,27,Salaried,Business,27,101223.2
344,676.0,621214.66,199922.37,16,Self-Employed,Other,46,104726.74
345,714.0,392642.63,43377.45,25,Salaried,Vehicle,44,124288.88
346,658.0,736442.75,127050.75,0,Unemployed,Vehicle,52,53237.16
347,744.0,701927.48,0.0,9,Salaried,Business,51,245179.6
348,688.0,713036.67,57663.44,17,Salaried,Other,54,224345.72
349,660.0,539589.07,138043.33,14,Salaried,Home,40,57626.18
350,635.0,599758.7,192786.09,26,Salaried,Other,45,81423.72
351,660.0,735950.08,112231.6,25,Salaried,Vehicle,51,171381.71
352,628.0,572680.21,158735.51,26,Salaried,Vehicle,24,134135.7
353,649.0,702645.25,59802.04,0,Salaried,Other,28,100478.42
354,670.0,451062.88,98462.81,1,Salaried,Education,59,79272.77
355,588.0,567354.1,70234.49,3,Salaried,Home,53,58407.11
356,646.0,275843.8,149825.96,27,Self-Employed,Education,39,50000.0
357,620.0,477304.69,76991.49,4,Self-Employed,Home,58,84508.1
358,715.0,767699.47,68328.88,10,Self-Employed,Business,49,178304.46
359,590.0,559006.53,79696.1,22,Salaried,Business,47,107322.63
360,616.0,443413.37,131492.51,7,Salaried,Education,27,50000.0
361,670.0,830449.58,84390.39,21,Salaried,Other,22,229060.42
362,698.0,763434.04,34257.87,17,Self-Employed,Vehicle,51,240288.59
363,778.0,680583.68,0.0,9,Salaried,Education,55,227898.16
364,719.0,952082.9,106859.21,7,Self-Employed,Other,47,236996.02
365,637.0,817543.2,114795.13,6,Salaried,Vehicle,31,188269.09
366,731.0,768005.04,74372.97,17,Salaried,Vehicle,33,197392.55
367,616.0,669055.98,147470.98,9,Salaried,Other,26,134352.56
368,673.0,322799.52,179860.98,26,Self-Employed,Education,59,50000.0
369,767.0,458810.99,164172.06,26,Self-Employed,Home,26,125151.14
370,710.0,722017.32,42733.88,15,Salaried,Vehicle,34,209530.92
371,651.0,607620.11,124577.19,7,Salaried,Vehicle,32,150410.07
372,694.0,638992.71,67603.14,26,Salaried,Education,30,125246.8
373,552.0,725024.31,127152.18,19,Unemployed,Business,41,88157.65
374,725.0,620481.62,96550.34,0,Self-Employed,Other,50,128272.33
375,625.0,557619.46,135651.67,7,Self-Employed,Business,24,100143.72
376,687.0,693580.45,144018.26,29,Salaried,Business,59,157785.87
377,744.0,311012.31,87927.59,19,Salaried,Vehicle,59,92049.04
378,690.0,365928.17,23133.83,3,Salaried,Education,51,88151.57
379,676.0,558307.77,85580.69,3,Salaried,Home,33,124846.86
380,775.0,586152.64,76452.79,13,Self-Employed,Education,41,155577.91
381,704.0,430241.91,117426.5,14,Self-Employed,Other,31,71862.69
382,713.0,765817.23,90766.34,20,Salaried,Home,26,231458.21
383,710.0,458154.06,34155.28,3,Salaried,Vehicle,46,118497.0
384,707.0,662034.68,87179.83,18,Salaried,Business,40,188372.13
385,684.0,600138.21,119976.2,13,Self-Employed,Education,47,101324.73
386,686.0,635406.37,96517.94,26,Salaried,Business,57,121074.91
387,574.0,596617.53,137729.96,16,Salaried,Other,36,90818.24
388,651.0,532230.45,105196.08,13,Self-Employed,Education,29,111426.0
389,649.0,845975.78,40890.81,14,Salaried,Education,23,167815.03
390,691.0,509392.31,87152.51,5,Salaried,Business,44,121925.01
391,637.0,868338.33,103267.69,2,Self-Employed,Education,49,165684.02
392,556.0,935684.0,176469.83,21,Salaried,Other,47,142385.5
393,655.0,430076.12,111134.4,23,Salaried,Vehicle,33,82560.83
394,670.0,745757.07,84758.23,3,Self-Employed,Business,48,187620.76
395,656.0,735521.54,88697.13,8,Salaried,Home,47,207844.04
396,606.0,805726.45,116218.08,9,Salaried,Home,41,176705.92
397,762.0,513064.42,98934.69,0,Salaried,Home,57,160820.35
398,606.0,603316.38,135235.53,3,Salaried,Education,35,123813.76
399,619.0,716351.43,126454.3,3,Salaried,Home,47,155656.92
400,640.0,607692.8,104025.35,15,Self-Employed,Other,49,91666.31
401,748.0,550868.95,174603.33,11,Self-Employed,Home,29,137635.63
402,771.0,227145.48,161199.6,2,Salaried,Vehicle,40,50000.0
403,667.0,591889.09,92357.95,28,Unemployed,Other,32,74969.7
404,656.0,560792.12,33978.3,1,Salaried,Education,56,68821.25
405,710.0,574054.84,137129.73,25,Self-Employed,Business,51,118523.11
406,710.0,464196.47,53644.32,6,Self-Employed,Education,23,132353.49
407,632.0,559459.72,163834.67,15,Salaried,Vehicle,39,91081.38
408,696.0,669169.19,35241.52,20,Salaried,Business,21,170651.46
409,682.0,694354.86,26635.68,11,Salaried,Education,22,164360.06
410,789.0,599816.41,83372.12,28,Salaried,Home,54,198042.91
411,746.0,548790.16,95476.93,27,Salaried,Vehicle,27,139010.6
412,703.0,771378.6,148777.07,13,Salaried,Other,43,222595.96
413,646.0,546738.36,85851.93,21,Self-Employed,Vehicle,51,115494.36
414,714.0,679229.85,67148.57,12,Unemployed,Vehicle,22,106566.46
415,749.0,456616.44,73086.31,5,Unemployed,Business,26,77294.33
416,675.0,565738.2,125904.61,23,Salaried,Vehicle,58,131379.11
417,671.0,594471.39,105445.57,12,Self-Employed,Home,57,128146.13
418,708.0,573365.91,158188.18,24,Salaried,Business,37,170093.39
419,747.0,835546.35,92240.53,7,Salaried,Home,41,281172.97
420,716.0,472617.08,107061.84,3,Self-Employed,Home,54,118830.68
421,745.0,758283.51,179096.09,11,Unemployed,Business,36,91811.87
422,743.0,458701.81,143651.43,28,Self-Employed,Education,58,104922.5
423,682.0,502383.79,139243.42,6,Self-Employed,Home,38,77574.3
424,712.0,578830.28,107459.46,29,Self-Employed,Other,28,134702.59
425,651.0,726788.87,233134.1,10,Salaried,Education,57,160178.22
426,776.0,495337.72,91603.56,27,Unemployed,Other,47,71644.45
427,689.0,543374.76,94573.88,12,Self-Employed,Vehicle,57,124428.45
428,624.0,446755.16,59971.73,19,Salaried,Business,42,75035.98
429,682.0,785641.0,153776.59,7,Salaried,Home,42,197281.97
430,572.0,628008.2,98147.83,16,Unemployed,Education,42,64105.74
431,707.0,771028.24,97118.59,9,Salaried,Home,41,237557.86
432,632.0,613944.31,139393.66,7,Salaried,Other,27,134294.86
433,724.0,426618.57,95925.81,15,Salaried,Education,29,130688.12
434,687.0,542883.49,37817.83,29,Salaried,Other,21,113423.46
435,687.0,783725.29,79799.68,23,Self-Employed,Business,25,123566.11
436,689.0,426370.67,148582.16,10,Salaried,Other,33,65159.57
437,653.0,866677.27,23485.36,13,Salaried,Home,44,188847.01
438,673.0,969345.4,205059.01,19,Salaried,Education,59,205230.2
439,694.0,623641.9,67941.03,10,Unemployed,Vehicle,22,127851.3
440,691.0,488988.07,101669.88,2,Salaried,Home,27,172072.33
441,726.0,605014.84,78468.45,25,Salaried,Vehicle,40,134062.25
442,656.0,688596.23,109366.34,10,Self-Employed,Home,52,84424.9
443,677.0,726138.15,115226.57,0,Salaried,Vehicle,43,199724.8
444,632.0,707149.27,88305.72,9,Salaried,Home,42,122003.15
445,768.0,548313.46,61624.35,16,Salaried,Vehicle,50,187896.19
446,652.0,621551.49,129865.81,13,Salaried,Business,48,101917.87
447,719.0,473334.28,124204.89,1,Salaried,Vehicle,32,73878.96
448,674.0,663193.71,74173.95,8,Salaried,Home,51,187295.12
449,686.0,351723.65,54576.11,20,Salaried,Vehicle,36,100322.62
450,693.0,776742.31,0.0,19,Self-Employed,Other,42,224822.43
451,593.0,609407.99,149242.98,7,Unemployed,Other,29,56620.1
452,670.0,474446.77,193035.16,7,Salaried,Vehicle,24,74838.04
453,629.0,561099.64,89041.68,21,Salaried,Other,50,114062.93
454,679.0,605297.12,107153.31,28,Self-Employed,Business,23,94239.99
455,667.0,800727.46,173641.7,15,Self-Employed,Other,34,163348.05
456,708.0,712568.32,120662.12,2,Salaried,Vehicle,49,163726.35
457,719.0,756609.14,132714.38,14,Unemployed,Education,50,72465.54
458,667.0,771765.89,151365.96,4,Salaried,Vehicle,54,162580.95
459,736.0,708465.12,64654.38,17,Self-Employed,Other,50,172430.56
460,621.0,565313.49,73124.32,27,Salaried,Education,34,103890.57
461,637.0,429229.98,7908.56,5,Salaried,Business,52,96996.4
462,745.0,441130.68,34038.48,14,Salaried,Other,59,93106.63
463,690.0,441364.35,107974.04,7,Salaried,Vehicle,29,84556.17
464,659.0,434168.86,105202.25,23,Salaried,Other,23,64920.83
465,740.0,464846.57,129299.44,3,Self-Employed,Business,43,154109.0
466,669.0,587549.38,112010.94,27,Self-Employed,Vehicle,50,112177.73
467,697.0,661231.36,0.0,2,Salaried,Vehicle,33,168147.27
468,683.0,962400.01,58296.81,8,Salaried,Other,56,264849.03
469,623.0,594198.29,145573.05,7,Self-Employed,Other,34,85887.61
470,738.0,766320.58,121833.82,5,Salaried,Other,42,200457.51
471,736.0,762956.51,54767.81,17,Self-Employed,Other,43,219481.59
472,757.0,871324.71,155952.13,23,Salaried,Vehicle,25,199911.61
473,679.0,612018.33,72632.37,1,Salaried,Home,21,159730.66
474,691.0,481486.74,124864.1,26,Unemployed,Other,35,50000.0
475,605.0,581680.16,93538.11,10,Self-Employed,Business,30,97636.01
476,703.0,583171.38,99865.14,19,Self-Employed,Home,33,132342.93
477,705.0,612304.03,24035.85,20,Self-Employed,Education,44,157959.68
478,660.0,657637.76,152067.44,15,Salaried,Vehicle,59,146779.42
479,754.0,411442.57,112270.32,9,Salaried,Home,38,101945.76
480,686.0,676071.13,140964.99,6,Salaried,Other,26,168529.66
481,749.0,643079.38,26223.59,26,Salaried,Other,50,206925.03
482,737.0,789203.86,115406.47,17,Unemployed,Other,41,104743.68
483,591.0,761398.21,143400.56,16,Salaried,Vehicle,54,145212.47
484,707.0,574316.0,71931.75,29,Salaried,Vehicle,38,109627.1
485,787.0,782688.67,76483.83,10,Salaried,Home,21,240539.75
486,655.0,392519.53,69981.61,5,Salaried,Vehicle,50,75465.54
487,624.0,522675.29,101266.76,22,Self-Employed,Business,50,126693.94
488,739.0,585720.13,70357.55,7,Unemployed,Other,54,76500.74
489,759.0,385133.7,0.0,1,Salaried,Other,52,144749.39
490,676.0,605950.64,78907.09,25,Salaried,Business,53,164202.89
491,656.0,768883.84,81140.52,17,Self-Employed,Other,58,165907.93
492,687.0,694598.41,151864.84,21,Salaried,Education,24,148726.07
493,687.0,549902.72,85298.94,5,Salaried,Home,31,193848.13
494,694.0,788172.81,143332.04,1,Self-Employed,Education,44,147337.29
495,733.0,821552.16,109780.66,0,Unemployed,Education,39,138884.64
496,720.0,637746.62,97715.26,22,Salaried,Vehicle,29,235343.39
497,691.0,607321.35,56890.95,25,Self-Employed,Vehicle,45,164975.86
498,686.0,711140.93,93393.17,11,Salaried,Vehicle,38,190042.29
499,679.0,420418.11,12681.91,8,Self-Employed,Business,43,110928.53
500,610.0,362444.4,47804.31,29,Unemployed,Business,24,76052.68
501,666.0,571388.87,142919.34,11,Self-Employed,Other,36,127020.22
502,668.0,425128.86,24903.1,9,Salaried,Education,33,99692.0
503,715.0,525040.2,150816.92,9,Self-Employed,Home,25,88841.88
504,663.0,537666.15,252431.5,28,Salaried,Vehicle,30,76786.21
505,662.0,999265.56,52430.71,0,Salaried,Education,29,261520.3
506,626.0,579485.78,165480.23,18,Salaried,Other,54,96770.77
507,661.0,676937.73,62758.78,4,Salaried,Home,41,145257.33
508,722.0,463773.76,126005.86,21,Salaried,Vehicle,31,129008.83
509,682.0,750264.84,88540.96,3,Self-Employed,Vehicle,26,167257.22
510,760.0,820849.11,131512.98,0,Salaried,Education,49,211337.29
511,660.0,654041.61,86041.04,4,Self-Employed,Home,53,139741.28
512,621.0,633926.88,94492.18,5,Self-Employed,Home,57,98164.72
513,731.0,519203.12,129991.4,25,Salaried,Home,23,116740.46
514,633.0,1018384.73,107418.91,13,Salaried,Other,58,211077.73
515,688.0,530266.91,112292.87,9,Self-Employed,Home,29,115241.64
516,629.0,593962.25,172977.02,3,Salaried,Education,40,89882.27
517,638.0,855700.5,45964.2,18,Unemployed,Other,42,151740.4
518,644.0,821242.02,64535.29,10,Unemployed,Other,26,74171.45
519,650.0,740475.88,78882.58,22,Salaried,Business,24,149242.41
520,691.0,629672.96,154610.9,10,Salaried,Home,54,178162.48
521,709.0,718172.79,167097.25,0,Salaried,Business,33,112121.82
522,713.0,610075.15,104663.45,2,Salaried,Vehicle,51,177517.56
523,632.0,646777.4,51011.47,22,Self-Employed,Business,44,130240.65
524,659.0,603631.25,144044.58,18,Self-Employed,Business,35,102900.94
525,782.0,531110.31,133424.67,7,Self-Employed,Vehicle,32,179295.52
526,655.0,554462.54,116262.25,0,Salaried,Business,38,149910.33
527,650.0,685986.51,102156.87,14,Unemployed,Other,33,73953.7
528,743.0,792857.26,100158.57,11,Self-Employed,Education,47,202431.35
529,671.0,624025.0,12387.81,18,Salaried,Home,38,80868.11
530,647.0,867426.48,198357.5,7,Salaried,Education,52,184740.37
531,599.0,342301.99,150340.86,11,Salaried,Home,37,66820.31
532,685.0,544313.15,105325.58,12,Self-Employed,Other,43,86676.26
533,695.0,688654.29,166754.15,21,Salaried,Business,31,187154.65
534,710.0,767964.3,145739.61,6,Salaried,Other,58,169132.4
535,721.0,773314.94,153824.82,20,Salaried,Other,48,210457.29
536,714.0,684340.25,129941.78,10,Salaried,Home,49,179704.43
537,657.0,658040.81,98252.77,9,Salaried,Business,40,139826.41
538,691.0,584814.64,62714.37,8,Salaried,Other,52,121838.28
539,699.0,639927.88,78348.34,13,Salaried,Vehicle,31,204458.8
540,619.0,726242.51,18806.46,5,Salaried,Business,35,192757.15
541,699.0,546149.74,101636.59,7,Salaried,Home,23,131437.09
542,666.0,389458.23,162538.18,11,Unemployed,Business,27,50000.0
543,701.0,559500.19,62231.7,14,Salaried,Other,51,157221.18
544,651.0,733566.68,128116.08,19,Salaried,Vehicle,47,210385.59
545,654.0,495068.01,73772.79,19,Self-Employed,Education,24,89753.72
546,638.0,825393.14,147626.59,2,Self-Employed,Vehicle,33,125053.53
547,772.0,683706.42,46942.03,20,Self-Employed,Business,56,186566.72
548,761.0,447924.73,2268.69,3,Self-Employed,Home,55,148757.43
549,669.0,452066.67,155131.78,16,Salaried,Business,51,127092.45
550,678.0,605996.27,121382.14,25,Salaried,Business,36,154685.38
551,692.0,785726.0,59339.88,21,Salaried,Vehicle,48,233508.67
552,643.0,600280.78,96892.86,21,Salaried,Business,53,103711.67
553,709.0,714901.33,83267.03,4,Salaried,Home,25,185078.83
554,735.0,476753.72,159227.14,28,Salaried,Other,48,69319.45
555,741.0,660147.8,139647.74,4,Unemployed,Vehicle,47,85432.93
556,766.0,587828.55,91858.44,24,Salaried,Home,51,159905.97
557,737.0,538333.98,109137.79,6,Salaried,Business,45,123748.38
558,756.0,693816.4,0.0,21,Unemployed,Vehicle,46,130340.98
559,726.0,555610.34,91887.8,18,Self-Employed,Vehicle,29,94243.89
560,639.0,668515.28,59911.84,4,Salaried,Other,39,133350.77
561,643.0,890931.77,94026.12,26,Salaried,Home,45,208069.63
562,693.0,779046.84,134719.96,17,Salaried,Other,41,244436.7
563,637.0,1032670.57,98874.41,1,Salaried,Other,32,229031.01
564,629.0,623176.42,84822.75,11,Self-Employed,Home,37,56393.96
565,694.0,556482.36,144302.11,25,Salaried,Education,56,157602.23
566,609.0,759583.47,102591.52,16,Salaried,Education,53,124162.24
567,630.0,613083.14,70627.15,25,Self-Employed,Home,49,117359.43
568,632.0,529017.27,117411.27,21,Salaried,Vehicle,43,112320.22
569,740.0,792148.64,118203.21,28,Salaried,Home,48,202451.12
570,677.0,692476.33,120653.42,15,Salaried,Other,51,183528.77
571,667.0,570205.55,10065.04,26,Salaried,Vehicle,43,176437.38
572,680.0,703126.16,126631.51,13,Salaried,Vehicle,31,119157.62
573,685.0,579016.51,86371.58,4,Self-Employed,Vehicle,52,129478.38
574,783.0,511016.26,25929.78,4,Unemployed,Education,36,63662.05
575,652.0,615808.72,127975.33,7,Salaried,Vehicle,59,139327.48
576,703.0,594476.81,140445.0,0,Salaried,Business,48,112136.05
577,666.0,556310.33,114026.68,7,Self-Employed,Home,45,132964.16
578,686.0,442309.57,122977.11,14,Salaried,Other,54,86827.0
579,669.0,540420.25,93275.62,25,Self-Employed,Vehicle,47,98666.28
580,755.0,733931.74,21486.29,24,Self-Employed,Business,59,179207.92
581,718.0,501649.01,110066.14,13,Salaried,Education,36,119838.1
582,642.0,826356.62,86729.88,8,Self-Employed,Vehicle,33,151416.0
583,655.0,616973.08,81850.72,2,Unemployed,Home,56,84595.56
584,633.0,585248.16,53824.45,17,Self-Employed,Vehicle,28,106042.22
585,572.0,664092.8,114700.97,22,Salaried,Vehicle,45,62463.63
586,657.0,615327.4,79471.79,5,Salaried,Other,49,131693.26
587,658.0,725247.85,80362.1,12,Salaried,Business,32,183574.81
588,659.0,614054.03,146263.45,29,Salaried,Other,48,90641.41
589,723.0,500967.82,53908.41,11,Self-Employed,Home,30,141724.93
590,666.0,783887.63,172752.74,22,Salaried,Home,25,155626.98
591,716.0,442079.91,116210.64,6,Salaried,Home,40,140012.61
592,626.0,508280.17,128173.48,21,Salaried,Home,56,67949.29
593,721.0,605196.93,117597.95,15,Salaried,Home,39,152540.16
594,685.0,305262.29,191760.87,12,Salaried,Education,38,51157.96
595,723.0,778041.39,194530.67,18,Unemployed,Home,22,107181.2
596,655.0,650119.0,89148.84,24,Unemployed,Vehicle,46,117658.61
597,674.0,693638.85,73286.39,17,Self-Employed,Education,48,208521.2
598,662.0,617211.76,103447.51,1,Self-Employed,Home,46,167061.01
599,685.0,477579.75,91354.18,17,Salaried,Vehicle,40,116767.84
600,654.0,585511.57,76098.01,4,Salaried,Education,50,130297.72
601,709.0,671116.09,88564.86,1,Salaried,Home,33,194332.84
602,614.0,618655.94,80956.94,6,Salaried,Home,46,101609.86
603,793.0,620900.26,213387.95,11,Salaried,Vehicle,28,136623.85
604,717.0,544206.77,102794.03,29,Salaried,Home,29,188401.74
605,811.0,661265.99,0.0,14,Self-Employed,Education,27,221442.92
606,719.0,716869.81,91702.26,17,Self-Employed,Home,25,203819.04
607,668.0,578640.06,18659.83,27,Self-Employed,Home,52,150200.99
608,719.0,435447.32,167616.55,4,Unemployed,Home,27,50000.0
609,697.0,439379.64,106044.97,28,Self-Employed,Education,27,50642.17
610,661.0,753641.84,141025.41,15,Self-Employed,Education,57,131208.28
611,707.0,787173.54,121725.36,3,Self-Employed,Education,47,196262.95
612,690.0,406495.73,35102.81,17,Salaried,Home,56,117589.33
613,706.0,475142.48,152465.62,14,Salaried,Vehicle,49,124254.18
614,613.0,671012.11,174445.32,18,Salaried,Home,30,87549.19
615,778.0,823606.0,49434.7,28,Salaried,Vehicle,24,279710.83
616,668.0,662388.8,23108.23,28,Self-Employed,Home,52,95818.88
617,653.0,669336.19,123762.44,2,Salaried,Vehicle,45,143946.16
618,630.0,574847.68,146967.57,18,Salaried,Home,42,87970.67
619,633.0,383492.38,146780.78,7,Self-Employed,Vehicle,50,66004.09
620,675.0,749089.22,143495.65,25,Salaried,Other,39,95966.04
621,709.0,590995.36,116182.73,21,Self-Employed,Vehicle,30,139655.49
622,704.0,587980.15,182727.2,5,Salaried,Other,26,169697.33
623,725.0,448845.26,148495.72,24,Self-Employed,Business,33,73619.46
624,685.0,892411.58,55255.67,25,Salaried,Business,35,265417.71
625,617.0,527988.76,130378.7,27,Salaried,Home,48,87559.69
626,714.0,494190.55,62446.33,15,Salaried,Education,24,140614.57
627,594.0,518653.05,69391.8,24,Unemployed,Business,21,91020.82
628,633.0,487840.93,152535.84,4,Salaried,Vehicle,32,59684.85
629,734.0,866235.29,118731.42,8,Salaried,Business,46,214014.58
630,644.0,393398.84,156574.43,19,Salaried,Business,51,70485.15
631,660.0,634950.47,122399.69,7,Salaried,Home,38,111733.99
632,644.0,796147.14,120486.9,5,Self-Employed,Home,31,166579.64
633,674.0,503484.48,55135.58,10,Salaried,Vehicle,21,150619.83
634,683.0,414478.45,88755.62,7,Salaried,Vehicle,51,53008.91
635,665.0,818698.26,127135.03,24,Salaried,Home,42,208907.25
636,741.0,918552.14,108105.8,14,Salaried,Education,49,259632.71
637,659.0,732777.85,106655.69,29,Salaried,Business,30,159259.08
638,682.0,375822.73,170451.86,16,Self-Employed,Education,30,69255.23
639,628.0,387967.85,124131.79,13,Self-Employed,Business,31,50000.0
640,704.0,668684.8,118015.76,8,Salaried,Vehicle,54,167903.44
641,602.0,556045.47,50195.69,11,Salaried,Vehicle,55,116565.31
642,709.0,730156.04,68480.05,18,Salaried,Other,45,210250.55
643,728.0,777283.72,90452.37,1,Salaried,Education,58,216280.22
644,646.0,849245.63,192966.0,19,Salaried,Other,28,160522.14
645,712.0,718774.44,40635.63,7,Salaried,Vehicle,55,204488.86
646,641.0,534904.77,40010.27,21,Unemployed,Vehicle,49,79148.44
647,652.0,321702.31,149970.51,23,Self-Employed,Business,50,50000.0
648,694.0,744863.07,159278.1,27,Unemployed,Education,21,101301.56
649,699.0,829282.94,49953.3,27,Salaried,Vehicle,57,214531.07
650,646.0,528608.48,60393.21,10,Salaried,Business,36,85239.17
651,777.0,870394.0,6955.77,0,Unemployed,Education,54,152101.71
652,670.0,441053.08,214109.5,8,Salaried,Business,50,59601.44
653,635.0,539951.91,142444.74,3,Salaried,Education,33,93750.7
654,614.0,604781.22,54429.24,10,Self-Employed,Other,36,111672.17
655,597.0,501203.6,73409.08,2,Salaried,Home,56,99036.64
656,676.0,677963.43,189944.82,18,Salaried,Education,54,114077.1
657,719.0,520681.63,53021.05,18,Salaried,Business,33,149214.18
658,718.0,685533.9,68043.82,0,Self-Employed,Vehicle,55,234674.82
659,724.0,595884.17,153653.2,1,Salaried,Vehicle,49,122991.32
660,601.0,463453.29,24503.05,18,Self-Employed,Other,28,113584.79
661,648.0,614458.27,142477.28,1,Self-Employed,Education,27,90428.37
662,710.0,463055.69,210797.58,15,Self-Employed,Business,24,80587.64
663,674.0,500371.39,166292.67,0,Salaried,Home,51,68344.28
664,581.0,360676.63,129688.26,14,Self-Employed,Home,44,50000.0
665,682.0,512633.97,132080.86,27,Salaried,Business,21,133738.19
666,662.0,837735.66,95561.43,26,Self-Employed,Vehicle,37,189060.27
667,691.0,620978.28,121310.71,29,Salaried,Other,51,142575.28
668,694.0,393215.55,158183.01,14,Salaried,Business,23,102276.98
669,648.0,635995.37,196647.71,19,Self-Employed,Vehicle,43,112509.72
670,754.0,812446.04,56451.7,8,Self-Employed,Business,52,204003.07
671,688.0,468631.07,70468.59,9,Salaried,Other,32,106727.48
672,735.0,851144.52,55118.61,6,Salaried,Education,44,233811.09
673,665.0,613852.67,169773.18,7,Self-Employed,Other,47,134259.86
674,648.0,531268.85,64216.41,17,Salaried,Vehicle,49,161199.59
675,737.0,560958.16,31231.07,23,Salaried,Home,31,184460.79
676,766.0,520542.82,97758.08,0,Unemployed,Other,27,121810.29
677,758.0,403426.32,33199.32,2,Salaried,Home,25,139761.86
678,647.0,648722.22,58370.1,25,Salaried,Vehicle,56,110239.85
679,753.0,699558.63,32939.85,26,Salaried,Vehicle,22,266327.57
680,634.0,394085.14,63660.51,26,Salaried,Home,27,50000.0
681,645.0,640073.86,89808.62,2,Salaried,Home,25,122369.8
682,669.0,628736.24,72277.75,5,Unemployed,Vehicle,48,125027.57
683,680.0,551231.35,104497.22,25,Self-Employed,Other,29,140499.66
684,700.0,737430.07,34981.62,20,Salaried,Education,26,189619.5
685,702.0,966255.87,105062.51,15,Salaried,Home,30,235350.01
686,715.0,631328.54,61135.04,18,Salaried,Other,29,172229.49
687,697.0,786675.74,227279.78,5,Salaried,Education,44,158824.46
688,651.0,577486.16,159865.59,0,Self-Employed,Other,30,83025.96
689,617.0,717273.26,186231.83,5,Salaried,Other,40,112939.77
690,676.0,387529.96,138092.75,4,Salaried,Home,28,85653.94
691,609.0,445858.88,50611.19,1,Self-Employed,Home,24,112172.82
692,702.0,589155.47,98932.81,8,Self-Employed,Vehicle,29,133326.64
693,706.0,716568.85,114499.86,6,Salaried,Education,42,146496.89
694,657.0,872567.0,90867.14,5,Unemployed,Vehicle,24,123292.8
695,700.0,359496.39,69607.12,15,Self-Employed,Vehicle,25,107445.9
696,657.0,385009.46,43210.87,5,Salaried,Vehicle,55,79939.32
697,711.0,516514.72,145343.03,3,Salaried,Education,49,128874.88
698,677.0,770420.1,121507.5,9,Salaried,Home,46,208350.12
699,641.0,788985.56,124819.3,11,Self-Employed,Education,38,153121.77
700,660.0,525338.21,146922.81,28,Self-Employed,Home,30,124184.02
701,703.0,691171.54,75021.29,23,Unemployed,Vehicle,43,100021.31
702,681.0,670130.95,93878.62,20,Unemployed,Home,44,69321.26
703,672.0,454552.7,61913.43,1,Unemployed,Other,51,66496.6
704,676.0,967029.7,115776.65,4,Salaried,Business,25,235663.22
705,655.0,624070.87,21360.83,11,Salaried,Home,26,146885.8
706,734.0,501464.59,31215.08,6,Self-Employed,Business,37,128445.18
707,751.0,676251.14,77328.34,13,Salaried,Vehicle,26,148498.96
708,659.0,601679.12,119478.52,1,Salaried,Home,44,143609.66
709,658.0,434484.1,77700.65,29,Self-Employed,Home,32,76990.53
710,642.0,728115.2,123549.29,29,Salaried,Other,46,91573.59
711,640.0,527108.63,202505.61,18,Self-Employed,Vehicle,32,82234.34
712,687.0,607152.73,89791.69,24,Salaried,Vehicle,43,110949.3
713,644.0,661122.21,61526.61,7,Self-Employed,Home,33,150211.29
714,775.0,499081.89,180494.63,29,Salaried,Other,42,130926.4
715,603.0,624185.51,48991.29,5,Salaried,Home,40,124603.31
716,717.0,554537.04,93131.12,22,Salaried,Education,44,156792.73
717,734.0,442069.54,45757.02,17,Salaried,Business,58,106962.95
718,747.0,729571.68,188780.06,12,Self-Employed,Vehicle,38,163371.09
719,759.0,741729.1,34927.95,24,Self-Employed,Vehicle,42,194320.31
720,655.0,587902.79,146360.33,13,Self-Employed,Education,47,114130.04
721,632.0,632839.83,21224.87,16,Salaried,Home,37,145153.93
722,609.0,556143.07,134778.84,0,Salaried,Other,39,90719.28
723,596.0,546559.45,71686.47,17,Self-Employed,Education,41,73665.37
724,650.0,793484.79,131225.12,6,Salaried,Home,23,198538.42
725,726.0,190984.7,137209.62,9,Self-Employed,Business,56,68413.85
726,639.0,704660.57,23682.67,18,Salaried,Business,42,135876.68
727,678.0,600347.65,163744.0,0,Salaried,Home,23,135977.52
728,741.0,768373.5,115881.1,17,Salaried,Vehicle,34,179871.96
729,669.0,484053.11,127763.63,4,Salaried,Home,29,134925.57
730,621.0,586544.99,168381.13,24,Unemployed,Home,41,78848.32
731,666.0,594147.6,60247.83,27,Unemployed,Vehicle,45,80292.52
732,720.0,689690.58,129838.65,16,Salaried,Education,37,155616.57
733,791.0,551023.28,125459.33,4,Salaried,Other,47,159092.72
734,678.0,506437.66,109149.44,22,Self-Employed,Home,32,50000.0
735,647.0,692529.98,49598.26,8,Salaried,Education,40,159038.62
736,627.0,598182.43,82166.39,26,Salaried,Business,48,129495.35
737,706.0,525746.11,78251.23,29,Unemployed,Education,58,105917.98
738,682.0,659368.03,0.0,20,Self-Employed,Home,21,163707.76
739,733.0,636732.7,80435.41,22,Self-Employed,Home,28,136567.42
740,773.0,387837.88,68403.51,1,Salaried,Business,47,105778.69
741,721.0,784514.44,122122.63,18,Unemployed,Education,57,161126.04
742,613.0,538517.62,139274.63,3,Salaried,Business,54,125283.48
743,607.0,436957.76,94346.77,27,Salaried,Vehicle,51,67540.96
744,678.0,610154.78,125659.11,12,Self-Employed,Vehicle,28,121474.55
745,621.0,677895.77,197161.78,11,Salaried,Vehicle,48,137111.61
746,682.0,495495.9,128951.7,3,Salaried,Other,51,110371.17
747,659.0,310000.6,82280.68,10,Self-Employed,Vehicle,47,50000.0
748,652.0,441914.24,104352.57,14,Self-Employed,Vehicle,49,87046.82
749,643.0,597339.63,0.0,10,Unemployed,Vehicle,36,50000.0
750,689.0,394631.81,95531.81,18,Salaried,Home,50,126389.17
751,662.0,631185.56,174340.64,21,Salaried,Vehicle,44,179438.31
752,759.0,635318.05,68967.28,10,Unemployed,Home,29,113074.5
753,651.0,624042.29,23982.66,0,Self-Employed,Vehicle,59,169590.66
754,617.0,487621.16,68709.13,16,Salaried,Business,31,61428.03
755,716.0,311128.38,90032.12,20,Self-Employed,Home,57,50000.0
756,752.0,513531.8,136968.06,14,Salaried,Home,21,155464.27
757,811.0,552127.65,84543.91,5,Self-Employed,Other,25,154817.5
758,673.0,760183.96,147426.42,27,Unemployed,Home,34,100795.51
759,743.0,542383.92,75880.05,1,Salaried,Vehicle,53,127250.42
760,634.0,932049.21,113230.4,13,Salaried,Home,42,226712.42
761,735.0,740772.34,99661.56,13,Salaried,Vehicle,25,167178.49
762,686.0,227848.23,131071.91,27,Self-Employed,Business,48,50000.0
763,600.0,419255.98,94018.74,22,Salaried,Home,56,60351.2
764,686.0,556200.44,108259.27,21,Unemployed,Business,50,94481.09
765,705.0,685114.74,115592.67,24,Self-Employed,Business,53,137363.22
766,644.0,805961.21,194739.53,28,Self-Employed,Business,54,119206.84
767,642.0,598891.3,84208.8,7,Salaried,Home,42,150745.05
768,584.0,537271.91,117968.33,29,Self-Employed,Other,33,95153.45
769,622.0,768599.7,179875.21,25,Salaried,Vehicle,34,140633.57
770,655.0,523692.88,72099.02,14,Salaried,Business,21,89862.86
771,684.0,601540.86,49459.37,19,Self-Employed,Other,48,159438.79
772,711.0,544945.01,42984.92,19,Salaried,Home,42,169522.1
773,620.0,337040.23,97584.25,1,Salaried,Other,22,77630.4
774,693.0,691898.83,131497.99,9,Salaried,Business,35,179762.09
775,646.0,767413.68,98638.09,3,Salaried,Education,25,152667.13
776,678.0,363661.97,64588.59,5,Salaried,Business,27,97601.71
777,598.0,476016.43,111550.45,27,Salaried,Home,27,50000.0
778,624.0,454131.14,140225.72,6,Self-Employed,Vehicle,34,86180.38
779,772.0,650395.26,32443.21,5,Self-Employed,Business,24,229879.16
780,603.0,613993.48,86495.63,22,Salaried,Business,37,84067.55
781,761.0,571626.73,120538.36,8,Salaried,Vehicle,25,153481.93
782,753.0,687274.65,105774.83,3,Salaried,Vehicle,28,198647.2
783,756.0,685148.86,117332.34,21,Self-Employed,Vehicle,23,154137.32
784,594.0,557868.59,101384.09,8,Self-Employed,Other,44,90142.26
785,620.0,552601.91,30526.66,9,Self-Employed,Business,59,125628.43
786,709.0,714128.69,114940.05,13,Salaried,Other,44,227913.67
787,716.0,666220.06,15432.31,7,Salaried,Vehicle,52,149200.53
788,673.0,496481.25,106144.96,20,Unemployed,Business,31,72875.95
789,743.0,813474.05,94065.81,27,Unemployed,Other,25,120637.18
790,663.0,523935.77,129553.23,4,Self-Employed,Education,21,69770.89
791,694.0,632443.22,182527.23,8,Salaried,Other,38,106971.8
792,656.0,303504.01,139826.28,6,Salaried,Business,41,50000.0
793,727.0,659082.7,128570.5,18,Salaried,Home,50,191261.64
794,620.0,932454.5,184790.8,4,Salaried,Business,32,134971.26
795,732.0,488546.64,94345.86,2,Salaried,Education,42,165719.86
796,699.0,529262.87,0.0,20,Salaried,Home,56,194499.1
797,607.0,744505.93,79345.08,23,Salaried,Education,46,145538.24
798,604.0,791373.2,65913.2,20,Salaried,Business,44,140013.33
799,695.0,726702.4,96099.84,0,Self-Employed,Home,29,157344.49
800,688.0,399119.96,70082.5,13,Salaried,Home,57,85390.75
801,711.0,805229.19,101924.86,0,Self-Employed,Business,23,212169.3
802,642.0,559453.18,122446.67,8,Self-Employed,Business,48,118074.19
803,633.0,541104.35,79586.37,22,Self-Employed,Business,21,77348.25
804,692.0,571728.65,7100.43,25,Salaried,Other,25,162610.65
805,715.0,649222.0,62037.29,9,Salaried,Home,29,170412.42
806,670.0,630932.39,157740.97,8,Salaried,Education,54,94023.37
807,673.0,607882.18,71049.13,9,Self-Employed,Other,51,110848.63
808,651.0,319177.15,161002.02,3,Self-Employed,Home,39,78359.73
809,634.0,375052.87,71499.26,26,Salaried,Home,36,64166.6
810,774.0,754563.92,192054.16,21,Self-Employed,Other,32,201175.87
811,688.0,566614.59,141334.57,10,Salaried,Business,31,146026.29
812,595.0,570055.91,190594.33,5,Salaried,Home,30,86150.83
813,649.0,649997.43,180011.38,8,Unemployed,Home,43,79011.71
814,639.0,698336.21,87549.22,6,Self-Employed,Education,45,128416.75
815,639.0,672841.03,120025.08,0,Salaried,Home,41,88799.91
816,745.0,450428.9,173418.5,10,Salaried,Vehicle,21,127168.16
817,710.0,790712.77,105395.22,27,Salaried,Other,35,198683.22
818,644.0,552533.22,70288.44,21,Salaried,Education,33,111122.19
819,754.0,403309.84,84403.26,2,Salaried,Business,43,90056.93
820,697.0,496071.0,135880.5,1,Salaried,Home,21,103062.12
821,701.0,515530.63,91306.88,5,Unemployed,Vehicle,59,83206.78
822,760.0,643801.68,154348.48,4,Salaried,Vehicle,35,150881.35
823,580.0,632575.45,85792.82,25,Salaried,Other,58,85531.18
824,603.0,730941.42,66193.82,23,Self-Employed,Business,58,109942.66
825,675.0,827378.13,161970.17,21,Salaried,Education,44,146127.0
826,665.0,589138.96,65812.21,25,Salaried,Business,24,165253.42
827,646.0,703063.46,137446.45,7,Salaried,Other,39,118388.88
828,693.0,513739.46,84793.02,28,Salaried,Home,51,88399.53
829,718.0,489333.01,23427.77,13,Unemployed,Other,56,67615.73
830,630.0,539211.28,191524.88,16,Salaried,Education,47,90231.5
831,684.0,677170.47,151255.07,23,Salaried,Other,24,146559.54
832,656.0,719434.01,74022.57,19,Salaried,Vehicle,22,221229.51
833,651.0,597718.0,123760.28,9,Unemployed,Home,55,58378.68
834,784.0,622248.43,195460.05,2,Salaried,Vehicle,22,185962.97
835,656.0,586943.66,54142.13,18,Salaried,Home,31,122359.07
836,661.0,441863.45,148558.07,23,Unemployed,Business,32,50000.0
837,616.0,261081.28,156701.76,15,Salaried,Education,29,50000.0
838,738.0,628796.27,96201.29,20,Salaried,Vehicle,29,173222.95
839,650.0,487153.67,77314.18,23,Salaried,Other,34,97278.98
840,700.0,690865.1,169556.42,16,Unemployed,Vehicle,42,101595.59
841,645.0,587564.71,126005.7,10,Unemployed,Business,33,50000.0
842,710.0,716160.95,139369.76,3,Salaried,Home,41,170849.15
843,697.0,825566.58,124037.84,17,Unemployed,Home,52,62868.47
844,679.0,401017.44,0.0,11,Unemployed,Home,21,65323.2
845,697.0,671508.84,47760.58,28,Self-Employed,Home,28,132553.94
846,736.0,751810.25,123525.23,10,Salaried,Education,26,163118.08
847,691.0,588023.46,74466.2,25,Self-Employed,Other,50,98724.48
848,630.0,733768.44,43794.96,19,Salaried,Other,35,150886.46
849,735.0,443255.52,142270.02,16,Salaried,Education,45,105440.2
850,724.0,573120.45,139598.57,14,Salaried,Business,42,137150.12
851,670.0,815604.83,154643.2,2,Salaried,Home,33,186450.75
852,632.0,857869.65,93580.15,27,Salaried,Other,47,155556.38
853,673.0,628601.69,92965.57,17,Salaried,Vehicle,21,116683.45
854,736.0,596658.63,93186.28,2,Salaried,Vehicle,22,177160.57
855,725.0,639185.25,130952.15,29,Salaried,Education,30,178194.88
856,631.0,712510.54,191888.44,15,Self-Employed,Education,26,144225.75
857,693.0,741265.26,0.0,11,Salaried,Education,50,148891.68
858,730.0,829385.04,200660.38,7,Salaried,Vehicle,33,206417.8
859,723.0,609269.45,34417.28,19,Salaried,Business,31,174572.89
860,734.0,586112.25,51345.76,3,Unemployed,Vehicle,40,86495.89
861,691.0,816332.3,127610.46,15,Salaried,Business,58,200144.47
862,677.0,633112.0,142995.02,16,Self-Employed,Vehicle,30,113732.6
863,637.0,818876.79,25931.03,12,Self-Employed,Business,38,183978.13
864,636.0,396818.91,89753.75,28,Self-Employed,Education,56,50000.0
865,776.0,636380.0,121624.66,24,Self-Employed,Home,31,213151.04
866,757.0,575816.31,84394.04,15,Self-Employed,Other,42,129566.25
867,683.0,471389.21,141853.75,1,Salaried,Other,22,96040.21
868,666.0,693177.17,0.0,25,Salaried,Business,26,151392.45
869,671.0,492953.84,39628.85,8,Salaried,Education,51,144541.85
870,667.0,636121.88,124611.19,27,Self-Employed,Vehicle,32,129381.51
871,735.0,593916.97,102124.54,9,Salaried,Business,27,152499.7
872,598.0,708911.6,137907.01,7,Salaried,Home,59,123249.52
873,572.0,754959.83,19347.72,7,Self-Employed,Other,34,68938.01
874,608.0,750933.21,144927.58,16,Salaried,Home,33,134684.61
875,703.0,607361.34,72720.37,27,Salaried,Business,44,141703.03
876,737.0,494302.13,79204.67,1,Self-Employed,Other,32,154550.1
877,680.0,407622.66,164500.67,21,Unemployed,Other,40,50000.0
878,658.0,412656.97,141976.07,3,Salaried,Education,56,83216.41
879,649.0,582049.05,19904.89,27,Unemployed,Vehicle,36,90523.69
880,683.0,388425.85,87544.39,12,Unemployed,Business,45,77225.4
881,825.0,552903.44,0.0,2,Self-Employed,Home,32,236916.78
882,643.0,824901.99,114087.27,27,Salaried,Vehicle,35,116127.27
883,685.0,615020.82,139815.0,13,Self-Employed,Business,51,128312.32
884,591.0,603837.46,72520.2,18,Salaried,Vehicle,44,108437.24
885,713.0,576584.5,121174.42,14,Salaried,Home,35,154894.21
886,574.0,681291.09,178187.02,13,Self-Employed,Education,40,111331.24
887,678.0,646174.36,87239.64,15,Salaried,Education,50,117662.89
888,714.0,536381.15,33928.17,16,Salaried,Business,49,121152.38
889,664.0,469648.55,88985.26,26,Self-Employed,Education,52,79052.58
890,678.0,552660.73,152628.63,15,Salaried,Education,52,163761.56
891,676.0,456199.82,61797.5,24,Salaried,Education,30,136128.13
892,696.0,801614.01,142144.96,6,Salaried,Other,50,171246.59
893,659.0,773287.26,0.0,8,Salaried,Other,45,186551.57
894,601.0,756199.87,166700.29,14,Salaried,Education,35,119337.26
895,619.0,690033.6,77303.49,9,Salaried,Education,49,142382.55
896,623.0,570939.69,19898.72,14,Salaried,Home,45,119938.17
897,608.0,584611.51,150019.82,3,Salaried,Education,31,119380.6
898,648.0,566923.51,62978.89,22,Salaried,Other,37,116152.19
899,682.0,678744.4,127138.65,28,Salaried,Other,30,147338.71
900,681.0,594186.39,1319.51,16,Salaried,Vehicle,28,172391.24
901,652.0,596532.59,131938.49,19,Self-Employed,Business,35,95670.33
902,677.0,535155.28,73923.98,27,Salaried,Education,28,127441.72
903,674.0,540033.22,68291.56,8,Salaried,Other,40,92912.57
904,660.0,534327.06,113132.39,9,Self-Employed,Other,39,75367.51
905,600.0,471380.3,194078.1,7,Salaried,Other,25,50000.0
906,695.0,608806.96,41565.92,11,Salaried,Other,22,121028.03
907,661.0,454975.22,112861.55,18,Salaried,Vehicle,48,61132.31
908,678.0,604056.68,60465.17,9,Self-Employed,Other,24,142018.77
909,741.0,366249.53,131258.24,28,Salaried,Other,55,94188.12
910,725.0,579489.66,84186.61,17,Salaried,Business,22,152563.42
911,713.0,905732.39,146192.61,27,Salaried,Other,32,216274.4
912,636.0,664204.84,182603.3,1,Salaried,Business,28,109971.22
913,743.0,919092.98,128469.47,25,Salaried,Business,33,299202.5
914,678.0,420376.99,108399.96,9,Salaried,Vehicle,46,86130.46
915,640.0,489810.1,115094.8,19,Salaried,Home,37,75773.89
916,642.0,688049.42,133041.16,23,Salaried,Business,54,188550.64
917,680.0,1035693.7,53496.11,18,Salaried,Business,34,291123.95
918,750.0,360402.02,135980.64,15,Salaried,Other,55,96033.97
919,629.0,503009.82,170600.4,9,Self-Employed,Home,35,71086.02
920,716.0,704357.01,0.0,19,Salaried,Home,51,223804.93
921,572.0,623956.86,94054.28,5,Salaried,Business,29,124736.21
922,713.0,613252.74,137101.52,16,Salaried,Business,22,106883.4
923,696.0,598704.91,86885.07,13,Unemployed,Business,39,100077.89
924,616.0,629606.61,147305.62,20,Salaried,Home,34,148476.33
925,698.0,448658.86,103497.29,17,Self-Employed,Business,59,104570.0
926,701.0,609562.65,106569.14,24,Salaried,Vehicle,28,158922.94
927,672.0,575084.0,57553.38,5,Self-Employed,Home,27,113970.97
928,683.0,749242.79,157674.38,20,Unemployed,Vehicle,32,97552.21
929,621.0,551916.97,0.0,5,Self-Employed,Education,38,104873.35
930,755.0,603536.68,10296.45,17,Self-Employed,Other,56,204013.26
931,725.0,681135.83,23975.58,29,Unemployed,Other,23,124064.01
932,732.0,666742.73,96360.33,2,Salaried,Vehicle,57,192581.83
933,667.0,684808.96,150462.94,7,Salaried,Other,59,166775.54
934,600.0,712640.51,10653.95,15,Self-Employed,Education,48,127854.31
935,792.0,771970.61,139459.99,28,Unemployed,Business,51,135387.49
936,706.0,927536.81,86817.65,24,Self-Employed,Business,58,215324.4
937,679.0,469248.39,130116.82,1,Salaried,Other,43,88021.23
938,638.0,442899.85,168568.73,21,Self-Employed,Home,34,69864.06
939,615.0,744884.66,98146.04,23,Unemployed,Home,28,67495.05
940,702.0,738999.42,106502.95,4,Self-Employed,Vehicle,42,135288.2
941,688.0,425749.7,135563.4,13,Salaried,Business,47,114184.27
942,577.0,872491.47,79328.67,8,Salaried,Business,25,127980.09
943,594.0,532686.03,145214.98,1,Self-Employed,Other,56,54534.36
944,707.0,687569.18,179371.43,12,Salaried,Home,38,123634.98
945,677.0,485460.77,65948.92,27,Salaried,Business,42,116295.95
946,676.0,594742.11,102034.56,15,Salaried,Vehicle,24,110097.5
947,737.0,638116.28,106747.51,9,Salaried,Home,46,157007.07
948,680.0,989740.09,26984.75,24,Self-Employed,Home,59,239820.3
949,695.0,579344.19,98239.2,23,Unemployed,Business,33,90920.6
950,680.0,480948.66,150492.97,20,Salaried,Education,55,77206.29
951,697.0,445319.21,87537.93,6,Self-Employed,Home,37,118160.55
952,666.0,585546.22,154164.95,21,Salaried,Other,38,65481.48
953,699.0,809108.01,109348.5,13,Self-Employed,Other,53,197508.26
954,773.0,463342.46,130700.12,5,Self-Employed,Education,49,121724.83
955,790.0,867718.29,135317.74,24,Self-Employed,Vehicle,36,248455.31
956,644.0,676390.45,13480.03,21,Salaried,Other,23,165165.54
957,701.0,507002.8,154059.52,27,Self-Employed,Business,24,131534.24
958,650.0,473509.6,95409.74,24,Salaried,Education,46,85383.27
959,590.0,797216.34,51080.65,27,Self-Employed,Home,27,124143.63
960,648.0,554320.97,128922.32,3,Salaried,Education,36,125087.84
961,704.0,748616.03,0.0,13,Salaried,Vehicle,36,209147.33
962,677.0,415043.96,23056.86,3,Self-Employed,Education,42,158269.79
963,670.0,777147.13,132342.69,2,Unemployed,Other,43,85590.8
964,680.0,628226.21,51830.21,10,Self-Employed,Education,50,133230.31
965,733.0,725423.45,94625.06,25,Self-Employed,Vehicle,54,202427.97
966,588.0,554775.85,40816.45,6,Salaried,Education,57,93016.81
967,745.0,816536.94,38376.55,1,Salaried,Home,43,199104.17
968,601.0,600980.14,17439.29,17,Salaried,Vehicle,24,121436.41
969,723.0,680358.7,115897.9,20,Self-Employed,Education,37,156850.76
970,671.0,482636.2,152318.05,10,Self-Employed,Vehicle,54,71716.37
971,698.0,579381.41,65460.59,29,Salaried,Other,28,126936.75
972,690.0,624932.36,103636.81,5,Self-Employed,Other,50,133718.08
973,620.0,779457.23,135291.75,6,Self-Employed,Business,46,140208.13
974,626.0,695977.15,173772.53,11,Salaried,Business,39,167711.18
975,550.0,834624.2,43255.01,12,Salaried,Home,48,122034.2
976,680.0,675720.66,126669.13,12,Unemployed,Vehicle,51,94951.96
977,693.0,722162.99,25773.75,16,Salaried,Business,28,153197.99
978,678.0,420055.99,114700.6,2,Self-Employed,Education,50,96235.44
979,666.0,610307.52,55287.24,11,Salaried,Education,53,116878.14
980,661.0,748234.02,64076.8,28,Salaried,Education,50,161102.38
981,688.0,720249.74,118824.93,5,Salaried,Vehicle,57,140416.11
982,664.0,785301.95,134077.14,19,Salaried,Other,58,130699.34
983,628.0,435260.57,82355.6,7,Unemployed,Other,34,82882.09
984,718.0,473481.19,134087.69,22,Salaried,Business,52,92008.03
985,717.0,628523.24,61740.65,24,Salaried,Vehicle,24,137423.03
986,675.0,544737.99,0.0,2,Salaried,Business,37,169438.08
987,675.0,508522.87,112826.52,5,Salaried,Education,23,98849.06
988,624.0,462904.04,71166.02,5,Self-Employed,Vehicle,59,97854.26
989,680.0,792394.52,132596.11,15,Salaried,Home,40,151286.21
990,680.0,543699.84,139665.62,24,Salaried,Vehicle,23,121995.66
991,716.0,616078.03,166378.44,24,Salaried,Education,47,110996.53
992,674.0,416833.55,68434.54,5,Unemployed,Business,51,55316.45
993,737.0,767444.25,32617.57,25,Self-Employed,Home,27,192608.5
994,615.0,637758.56,148827.4,14,Salaried,Education,41,97319.53
995,614.0,584641.24,179446.22,20,Self-Employed,Vehicle,36,50000.0
996,695.0,767700.04,167080.01,18,Self-Employed,Vehicle,21,162708.27
997,583.0,511032.69,197908.75,14,Salaried,Vehicle,42,60255.5
998,684.0,898718.97,54429.37,29,Self-Employed,Home,22,220387.84
999,580.0,726624.28,125078.82,18,Self-Employed,Business,34,89413.03
1000,743.0,633266.77,105465.72,10,Salaried,Other,30,200207.74
