machine_type,machine_age_years,avg_operating_hours_per_day,daily_cycles,fault_count_last_year,previous_year_maintenance_cost,vibration_level,temperature_spike_frequency,downtime_days_last_year,predicted_maintenance_cost
CNC Lathe,11,9.46,53,3,15485.29,0.93,4,8,45487.09
3D Printer,17,8.95,48,5,24203.84,1.02,7,9,64267.77
CNC Lathe,18,8.25,54,6,29981.58,0.81,1,7,51816.66
Conveyor Belt,14,6.73,45,1,20674.85,1.24,8,5,47885.85
CNC Lathe,13,10.68,48,4,25106.37,0.45,4,10,56130.28
Conveyor Belt,3,7.44,48,0,26491.89,1.47,3,13,36457.43
CNC Lathe,2,3.6,61,4,22193.52,0.58,2,11,39675.43
CNC Lathe,5,11.61,46,4,16908.95,0.43,2,6,36601.21
3D Printer,17,10.16,47,2,31207.31,1.22,4,14,62729.0
CNC Lathe,6,3.68,55,2,35201.56,0.36,5,11,39310.07
Hydraulic Press,1,6.95,51,6,27815.92,0.78,4,6,37129.19
Conveyor Belt,3,9.33,47,6,25109.61,0.61,3,7,43353.56
3D Printer,3,5.79,45,4,19274.88,0.34,6,7,38605.65
Hydraulic Press,8,4.59,44,3,14771.68,0.46,1,6,38383.21
Conveyor Belt,9,7.62,48,1,19954.11,0.46,5,4,36908.17
CNC Lathe,8,9.5,42,1,22256.56,0.94,9,6,45995.67
Hydraulic Press,19,7.36,55,3,18434.33,1.3,5,10,56605.57
Hydraulic Press,11,7.12,60,4,31870.37,0.52,5,10,46933.69
Hydraulic Press,12,9.51,49,2,17291.91,1.33,10,8,52444.9
CNC Lathe,14,5.2,48,4,26097.2,0.51,3,6,43974.81
3D Printer,15,8.4,39,1,28548.31,1.41,5,7,44480.27
Hydraulic Press,9,8.33,62,6,26468.25,0.88,4,5,49411.25
Conveyor Belt,6,5.24,53,2,22104.67,1.16,5,7,32786.15
Conveyor Belt,11,7.54,43,3,31259.89,0.17,2,7,40045.8
Conveyor Belt,6,9.77,50,3,28273.93,0.49,3,7,39806.04
3D Printer,9,9.65,49,5,31244.34,0.77,8,8,53336.34
Conveyor Belt,16,8.05,54,7,21003.01,0.55,5,5,55039.6
CNC Lathe,8,8.38,39,3,18942.53,1.19,3,4,26070.3
Conveyor Belt,19,9.85,48,2,31985.2,1.25,7,7,58431.22
3D Printer,7,8.64,35,3,26371.2,0.68,7,4,43059.83
CNC Lathe,11,6.12,42,2,34742.55,0.63,6,9,40830.62
3D Printer,2,7.46,53,5,26716.92,1.09,8,7,46457.88
Conveyor Belt,16,8.06,47,4,32191.24,1.47,5,6,48800.67
3D Printer,5,8.75,43,2,25341.92,0.67,4,8,38121.84
Conveyor Belt,15,8.61,51,3,32803.25,1.38,2,8,46823.12
CNC Lathe,12,6.32,47,4,30547.84,1.48,8,12,59908.48
3D Printer,11,8.7,36,3,14899.77,0.87,5,9,49599.37
Conveyor Belt,1,8.9,57,2,40258.52,0.24,2,12,42653.88
CNC Lathe,19,7.49,56,3,20629.23,0.97,9,8,59851.66
Hydraulic Press,12,12.48,44,3,38828.4,0.25,2,7,42269.03
3D Printer,19,10.23,53,3,19614.45,0.93,3,3,51573.08
Hydraulic Press,5,9.03,46,2,22884.08,1.25,4,10,43825.86
Conveyor Belt,19,7.63,49,2,24912.39,0.6,6,4,53356.85
3D Printer,12,8.09,49,1,35384.14,0.63,5,6,39708.48
Hydraulic Press,19,6.8,44,4,11653.49,0.96,6,5,48442.25
3D Printer,9,3.12,51,1,18432.74,0.26,6,6,36253.76
Conveyor Belt,4,9.77,51,6,18851.87,0.78,3,7,45214.39
Conveyor Belt,7,10.66,64,2,35465.25,1.31,3,6,39337.42
CNC Lathe,12,9.9,50,2,16971.1,0.64,8,6,54948.08
3D Printer,12,7.43,49,1,21971.9,0.91,8,4,34514.82
Hydraulic Press,11,9.8,34,2,17660.82,0.24,6,5,38393.86
Hydraulic Press,9,6.75,39,3,44316.18,0.51,5,6,41726.5
3D Printer,15,8.08,50,6,14162.11,0.98,8,8,61057.29
3D Printer,7,6.9,55,3,25122.96,0.28,2,6,35423.3
CNC Lathe,15,8.66,35,2,20944.16,0.56,7,8,48662.36
Hydraulic Press,11,4.95,51,6,21649.21,0.19,9,5,47106.77
3D Printer,13,10.17,53,2,31551.99,1.2,6,6,50916.81
CNC Lathe,2,8.97,39,2,39153.4,0.45,4,6,32272.03
Hydraulic Press,1,10.2,58,3,24691.66,0.49,3,7,39534.46
Hydraulic Press,17,9.02,40,1,30883.43,0.95,7,6,52209.32
Conveyor Belt,10,9.43,40,1,28137.9,0.22,4,6,36630.33
Conveyor Belt,1,9.56,46,2,23156.81,0.99,3,11,41760.14
Conveyor Belt,13,9.56,52,3,27330.58,1.47,3,11,51570.32
Conveyor Belt,8,5.65,56,2,36643.1,1.1,6,8,39316.8
CNC Lathe,4,5.12,42,3,13499.61,0.34,6,5,34292.43
Hydraulic Press,16,5.57,46,1,21428.31,0.59,10,6,49313.88
Conveyor Belt,14,6.83,55,2,24569.69,1.13,1,5,40137.15
Conveyor Belt,10,8.69,40,1,40830.8,1.02,6,10,46845.74
Conveyor Belt,19,7.96,61,3,26031.3,1.47,3,10,59591.88
3D Printer,15,5.49,64,4,33509.12,1.47,8,5,52223.76
3D Printer,8,9.59,57,6,10345.41,1.45,5,13,63426.53
Hydraulic Press,13,10.41,41,7,23221.77,1.22,10,8,61674.69
Conveyor Belt,14,7.2,52,3,12142.91,1.48,9,6,53210.61
Hydraulic Press,13,7.14,45,1,31701.42,1.37,8,9,48416.18
Conveyor Belt,12,9.46,61,8,34434.03,0.63,2,8,56397.49
3D Printer,7,6.82,58,3,25502.79,1.09,4,10,44003.75
3D Printer,17,7.19,47,5,29126.41,1.42,3,10,58336.05
Hydraulic Press,2,5.24,48,2,14100.09,0.75,6,8,30899.21
3D Printer,8,8.57,56,5,33685.46,0.96,6,6,48357.59
CNC Lathe,10,10.68,45,3,21438.43,1.25,2,7,46513.13
CNC Lathe,9,9.26,48,1,13541.26,0.93,3,10,46640.81
Hydraulic Press,3,6.76,58,3,40317.49,0.92,3,5,31159.27
Hydraulic Press,14,6.02,62,4,24820.99,1.23,7,11,59732.12
Conveyor Belt,19,9.16,46,3,10474.52,0.74,2,9,54472.41
Conveyor Belt,7,8.01,49,5,27866.49,1.1,1,6,43089.39
Hydraulic Press,4,8.72,53,2,21394.4,1.19,3,5,33333.72
Conveyor Belt,9,10.23,39,3,30284.07,0.95,3,7,40578.49
3D Printer,18,8.14,47,2,34589.42,1.18,2,10,57988.82
CNC Lathe,8,9.17,48,8,22829.31,1.41,3,9,56802.46
Hydraulic Press,6,6.87,60,2,20689.66,0.14,4,7,36370.31
3D Printer,19,6.03,44,2,27476.84,1.39,4,8,52674.5
CNC Lathe,4,7.85,47,0,18214.76,1.22,11,9,43150.27
3D Printer,14,10.31,56,3,29857.25,1.12,7,8,54317.28
CNC Lathe,6,10.43,40,8,24023.22,0.37,5,8,53639.97
CNC Lathe,1,7.01,43,6,17258.72,0.92,6,9,41018.02
Conveyor Belt,2,8.3,55,0,15871.85,0.45,2,7,34438.14
Hydraulic Press,7,6.11,70,2,20981.14,0.32,6,9,38953.47
3D Printer,4,6.35,52,4,32385.91,0.93,10,5,44330.73
Hydraulic Press,5,10.29,46,3,35261.61,0.49,8,11,50834.47
CNC Lathe,5,8.95,48,1,18445.27,1.43,4,8,38298.77
Conveyor Belt,16,6.29,44,2,24203.87,0.32,4,11,50062.55
3D Printer,9,8.34,45,1,21273.71,0.11,4,7,41708.84
Conveyor Belt,9,10.22,48,1,28593.18,0.74,7,9,50328.65
Conveyor Belt,15,6.86,47,3,17455.19,0.6,6,19,71746.39
CNC Lathe,17,8.21,57,2,34904.74,0.71,6,11,61233.69
Conveyor Belt,14,9.42,53,2,23285.42,0.76,4,10,56559.94
Conveyor Belt,19,11.94,43,1,10258.93,0.89,5,6,49665.53
CNC Lathe,4,8.03,64,5,7764.78,0.78,4,9,49242.09
CNC Lathe,7,7.14,54,1,30917.19,0.87,3,8,34824.33
Conveyor Belt,17,6.69,58,2,21096.64,0.25,5,9,52404.63
CNC Lathe,18,7.89,50,7,19599.88,0.34,2,6,54544.66
Hydraulic Press,15,7.65,52,4,21798.47,0.78,2,7,48502.3
3D Printer,1,8.87,59,2,21954.21,1.35,6,10,38118.33
CNC Lathe,3,6.07,40,4,26107.71,1.46,3,4,31584.82
CNC Lathe,10,8.0,44,1,21829.29,0.21,2,9,34485.05
Conveyor Belt,5,4.39,44,1,32520.91,1.32,2,8,28512.7
CNC Lathe,13,10.56,48,1,21349.73,1.1,5,13,55754.74
3D Printer,4,9.53,43,1,28273.16,1.4,5,6,37542.63
Hydraulic Press,19,9.33,41,3,15522.74,0.36,5,6,52558.22
3D Printer,6,7.68,52,2,30271.17,0.4,4,7,35180.44
3D Printer,10,9.26,54,3,30458.74,0.15,5,7,40810.6
Hydraulic Press,11,4.21,51,4,23109.83,0.31,9,10,52699.68
CNC Lathe,5,7.15,53,3,20057.25,1.26,2,8,43592.15
Conveyor Belt,10,9.32,53,2,21841.32,0.52,15,4,45165.45
CNC Lathe,6,7.58,55,1,7217.3,0.25,4,6,30594.22
CNC Lathe,2,8.69,57,3,32588.18,0.75,8,5,34511.42
Conveyor Belt,18,3.37,52,5,24233.4,0.44,6,9,53137.27
CNC Lathe,19,6.69,50,3,25209.55,0.55,5,4,45261.88
3D Printer,13,8.51,55,3,26894.88,0.46,2,5,41722.5
3D Printer,10,8.15,54,1,40478.54,0.76,6,2,37857.7
3D Printer,10,5.28,55,6,23176.45,0.38,3,7,43416.16
Hydraulic Press,2,8.57,59,1,25161.99,0.93,1,15,42280.18
Hydraulic Press,7,11.44,39,1,26934.92,1.22,7,9,45291.31
CNC Lathe,14,5.38,56,5,14996.01,0.79,8,10,53964.62
Hydraulic Press,3,8.42,34,3,20614.83,0.71,2,10,37932.81
Hydraulic Press,7,6.46,59,1,38953.79,0.39,3,10,41672.05
Hydraulic Press,7,8.61,51,3,23228.09,0.8,6,9,48539.58
Conveyor Belt,11,12.41,45,7,27472.62,0.47,2,7,49123.16
3D Printer,2,8.31,42,6,16071.74,1.33,4,8,49870.73
3D Printer,2,9.98,48,3,28810.76,0.76,4,4,32975.31
CNC Lathe,15,4.35,43,4,14250.03,0.47,10,6,48146.22
Hydraulic Press,15,9.26,56,3,16248.79,1.14,8,12,59428.01
Conveyor Belt,7,8.96,47,6,20825.23,1.14,4,6,47625.06
CNC Lathe,13,9.39,67,2,11332.79,0.69,5,6,47364.35
Hydraulic Press,14,4.78,38,1,26434.46,0.27,7,10,51851.6
Conveyor Belt,5,6.49,39,3,26829.39,1.46,4,8,40547.4
Conveyor Belt,17,5.79,61,4,17318.22,0.32,2,7,47220.87
Conveyor Belt,5,8.46,46,4,40477.41,1.06,6,12,50018.13
Hydraulic Press,10,6.29,50,4,30457.8,0.24,4,7,45326.81
Conveyor Belt,11,10.36,50,3,27538.27,0.43,5,8,56304.02
Conveyor Belt,16,10.96,69,2,16464.62,1.37,5,3,43103.62
CNC Lathe,16,10.32,50,4,33587.81,0.2,5,6,49632.64
Conveyor Belt,17,5.96,49,1,32799.93,0.63,2,11,47730.69
CNC Lathe,2,10.94,45,5,21709.66,0.66,2,7,33961.85
CNC Lathe,1,8.31,64,3,18073.3,0.12,6,7,35677.7
CNC Lathe,12,7.98,49,4,12342.39,1.17,6,4,49445.64
Conveyor Belt,1,1.0,43,4,26272.7,1.01,5,12,41676.21
3D Printer,18,8.01,58,1,33471.17,0.14,3,10,50293.17
Hydraulic Press,8,8.23,61,3,10523.43,1.38,5,4,42422.83
3D Printer,5,9.45,46,2,23184.9,1.41,8,7,44049.02
CNC Lathe,16,7.58,56,4,40789.54,1.42,7,4,56537.56
CNC Lathe,10,7.84,49,2,33552.14,1.4,5,14,62108.52
Hydraulic Press,9,10.14,50,2,21014.05,1.25,5,6,40428.42
Conveyor Belt,12,8.57,46,3,35056.42,0.41,0,11,43723.53
Conveyor Belt,3,7.35,50,4,23781.31,0.95,6,8,43837.89
CNC Lathe,14,7.19,56,1,35156.81,0.37,7,2,32520.83
Hydraulic Press,6,6.87,58,2,21241.4,1.39,3,14,46231.04
Conveyor Belt,9,6.78,54,3,28186.31,1.26,1,9,43131.47
3D Printer,4,8.52,56,3,31812.53,0.71,5,8,36176.36
Hydraulic Press,17,6.61,55,1,16301.16,0.6,3,6,41380.28
CNC Lathe,10,8.76,58,4,19785.52,0.44,6,6,49891.53
CNC Lathe,18,9.74,48,2,26791.0,0.49,1,9,44882.2
Conveyor Belt,10,10.27,43,6,26531.96,1.24,4,9,53395.46
CNC Lathe,10,8.74,45,2,27792.05,1.29,7,12,55644.03
Hydraulic Press,5,9.41,48,4,23214.79,0.85,7,4,42334.5
Hydraulic Press,9,4.57,48,3,24966.18,0.5,9,6,42142.5
CNC Lathe,10,7.14,66,2,25174.93,0.89,8,8,46135.82
Conveyor Belt,17,11.09,57,0,20049.17,0.29,4,14,55975.57
3D Printer,8,9.75,53,4,39281.69,1.21,9,12,61790.75
3D Printer,11,6.3,55,1,14202.85,0.41,9,11,48689.82
Hydraulic Press,4,7.68,43,4,23813.93,0.87,6,9,41875.47
Conveyor Belt,11,8.58,38,2,19364.8,0.7,6,6,45595.38
3D Printer,2,4.73,53,4,25717.86,1.31,9,8,46649.03
3D Printer,3,7.28,49,0,18768.43,1.33,5,5,27681.48
Conveyor Belt,15,7.68,61,3,30063.26,1.31,10,9,60754.84
Conveyor Belt,5,10.47,38,1,34491.87,1.49,5,2,34619.95
3D Printer,19,11.03,53,1,22315.43,0.61,3,10,52360.94
CNC Lathe,8,5.54,57,2,20655.76,1.43,3,7,40078.42
Hydraulic Press,14,7.85,56,5,34413.85,0.12,7,9,57946.02
Conveyor Belt,7,7.51,62,1,25619.07,0.74,5,7,37040.96
3D Printer,13,12.2,44,3,16751.79,1.29,3,4,41440.8
CNC Lathe,17,7.35,46,6,34026.59,1.08,4,8,55704.11
CNC Lathe,6,5.5,45,4,19928.7,1.21,6,11,49354.45
Hydraulic Press,12,7.05,46,6,23240.66,0.28,6,9,56888.89
Hydraulic Press,2,11.07,43,5,25726.83,0.96,5,8,44492.01
3D Printer,12,5.78,48,1,29069.65,0.48,3,7,34696.18
Hydraulic Press,4,7.44,41,4,19568.61,0.11,9,6,41072.1
Hydraulic Press,4,6.91,39,6,29055.22,1.31,8,12,54358.02
CNC Lathe,3,6.29,53,1,21544.37,0.17,4,5,33046.86
Conveyor Belt,5,10.25,54,2,17639.3,0.3,9,11,42731.2
Conveyor Belt,13,8.6,64,5,25557.51,0.18,4,10,60103.77
CNC Lathe,8,6.94,48,1,12061.17,1.37,6,6,40477.78
Hydraulic Press,17,8.44,42,2,25937.44,0.16,2,8,47502.36
Conveyor Belt,3,5.47,71,4,24125.86,1.34,5,13,46844.76
3D Printer,3,5.39,47,2,38279.5,1.49,7,8,40609.59
Conveyor Belt,11,6.65,45,2,19699.3,0.6,7,7,44274.28
Hydraulic Press,17,8.59,55,3,30283.61,1.07,4,6,49437.3
Hydraulic Press,14,10.04,49,1,21113.37,1.37,2,6,45303.75
Conveyor Belt,17,11.7,48,3,21056.47,1.19,6,8,64588.03
Conveyor Belt,18,7.63,55,4,25616.03,0.65,6,8,57970.16
3D Printer,11,7.83,54,3,33327.95,1.23,2,10,48455.8
3D Printer,5,4.66,36,3,36022.74,1.44,6,9,48966.07
Hydraulic Press,13,11.5,54,4,18399.76,0.92,8,12,66562.2
3D Printer,16,8.69,47,4,16112.79,0.45,1,7,48779.05
Hydraulic Press,7,7.43,42,4,17124.17,0.38,4,9,47826.49
Conveyor Belt,4,10.72,40,4,34548.53,0.71,4,14,56281.48
3D Printer,1,6.88,43,3,32490.37,1.38,5,14,53876.34
Hydraulic Press,12,9.0,44,4,16797.1,1.09,3,11,50915.48
CNC Lathe,10,8.73,48,2,32454.53,0.29,8,6,45152.75
CNC Lathe,8,10.07,43,4,24768.89,1.19,2,13,54077.6
Conveyor Belt,10,7.35,51,2,28387.74,1.26,6,9,50770.55
CNC Lathe,1,11.8,42,4,11642.18,0.61,5,7,34821.16
Conveyor Belt,17,9.3,43,5,14115.72,1.12,9,14,70309.76
Conveyor Belt,17,6.87,49,2,37051.51,1.25,3,9,49700.94
CNC Lathe,18,6.36,47,3,16407.5,0.49,3,8,51043.61
Conveyor Belt,17,8.34,55,3,12419.31,0.78,6,9,57268.58
Conveyor Belt,17,7.95,58,5,12107.42,0.42,4,12,66807.89
3D Printer,13,7.81,39,4,46656.3,1.48,10,8,57294.84
3D Printer,8,9.44,48,8,14577.48,0.12,8,13,69786.36
3D Printer,4,10.1,59,3,30780.68,1.27,5,5,40640.66
Conveyor Belt,4,10.75,58,3,17679.95,1.08,7,8,51430.48
Hydraulic Press,6,9.54,59,2,10062.5,0.37,6,7,39355.75
Hydraulic Press,9,9.05,49,2,8468.67,0.34,8,11,50170.95
CNC Lathe,5,5.77,44,1,17753.43,0.52,3,5,35675.4
Hydraulic Press,19,3.72,51,1,14416.18,1.33,7,11,50937.1
Hydraulic Press,8,7.56,58,3,30808.41,1.38,4,13,55872.94
3D Printer,10,10.19,46,2,16895.65,1.22,8,12,51292.2
Conveyor Belt,13,5.35,40,3,23268.35,0.6,1,5,37297.28
3D Printer,5,7.51,44,0,30224.99,0.44,4,5,25990.59
3D Printer,19,9.11,50,8,37472.48,0.94,5,7,68833.02
Conveyor Belt,15,7.6,50,1,22210.8,0.25,8,9,51239.19
Conveyor Belt,13,5.96,45,5,19493.94,1.47,3,4,51471.08
3D Printer,17,6.63,63,2,9208.71,1.2,5,7,49984.81
3D Printer,8,7.29,57,2,12717.13,0.66,1,9,38531.42
CNC Lathe,12,6.82,64,2,33965.92,0.94,6,6,45637.28
CNC Lathe,13,9.54,60,0,19800.63,0.63,4,7,40847.55
3D Printer,4,7.73,44,1,31029.11,0.93,7,8,37764.11
CNC Lathe,1,10.06,61,4,27229.58,0.16,4,16,54096.94
Hydraulic Press,16,6.33,45,4,26217.25,1.34,8,5,52766.63
Conveyor Belt,9,5.15,43,3,13205.8,0.99,9,11,50633.24
CNC Lathe,14,9.12,57,7,11816.97,0.74,5,8,54034.95
CNC Lathe,9,5.27,65,4,24833.4,0.97,4,8,40104.94
CNC Lathe,9,2.95,45,4,31983.9,0.69,5,11,44947.5
3D Printer,1,7.94,48,4,30744.2,0.26,7,4,35553.83
Hydraulic Press,15,7.7,60,3,16008.97,0.45,4,10,49985.03
Conveyor Belt,3,6.16,48,4,27424.12,0.57,5,7,36096.52
CNC Lathe,18,4.16,40,2,25992.29,0.23,4,10,49807.4
CNC Lathe,7,6.83,52,1,30778.35,1.42,5,8,41649.62
Hydraulic Press,7,4.58,46,6,15429.25,0.81,6,10,53705.18
Hydraulic Press,19,4.8,43,3,6157.23,1.05,7,10,59157.25
CNC Lathe,4,8.29,65,4,11090.01,0.88,5,11,45989.2
3D Printer,8,8.63,46,4,40015.64,1.04,4,9,45855.51
3D Printer,10,7.89,51,3,26296.43,1.19,8,4,46427.97
Hydraulic Press,17,6.67,61,6,26838.48,1.2,8,5,54079.7
CNC Lathe,19,10.26,52,4,32695.95,1.29,6,8,55281.83
3D Printer,13,8.7,53,3,18355.73,0.96,5,10,54148.22
3D Printer,1,9.82,38,5,19474.27,0.48,6,10,40992.22
Conveyor Belt,16,8.29,50,4,31263.66,1.25,4,12,62034.43
CNC Lathe,7,8.14,46,4,23597.9,0.31,5,16,51688.3
3D Printer,3,4.5,50,4,16030.95,0.21,5,3,28589.84
Hydraulic Press,17,6.72,46,6,24038.93,0.41,6,13,61075.24
CNC Lathe,5,10.46,53,3,9094.25,0.67,8,7,48796.17
Conveyor Belt,12,6.9,45,0,26569.21,1.34,3,7,36516.4
Hydraulic Press,5,11.91,47,1,21730.94,1.47,5,1,34734.16
Conveyor Belt,16,9.23,36,5,28731.25,1.12,3,4,50767.73
Conveyor Belt,1,8.58,47,1,24787.26,1.05,4,6,28630.85
CNC Lathe,1,6.29,54,1,14912.25,0.71,6,12,38046.42
3D Printer,12,7.51,50,2,14748.35,0.69,4,10,47505.65
3D Printer,8,8.68,45,3,23998.71,1.01,6,7,49188.24
CNC Lathe,12,6.14,45,3,29096.67,0.74,4,5,45187.51
CNC Lathe,15,2.18,44,3,19195.54,0.1,5,8,41554.52
CNC Lathe,16,6.17,50,2,32887.83,1.21,3,13,59838.03
Hydraulic Press,8,10.95,55,1,11925.04,0.63,10,4,39529.55
CNC Lathe,2,7.91,49,3,33867.59,0.75,6,6,37810.93
3D Printer,14,10.77,58,3,33612.34,1.22,5,9,58763.08
CNC Lathe,13,5.28,37,2,35174.78,0.28,10,5,44337.48
CNC Lathe,14,6.38,59,2,18341.75,0.97,4,10,51399.96
Hydraulic Press,16,5.51,46,6,25991.11,0.97,7,8,53199.85
CNC Lathe,12,7.7,40,0,24125.17,1.49,5,5,41453.1
Conveyor Belt,15,5.55,47,5,16929.49,1.07,8,7,59918.78
CNC Lathe,8,13.03,54,2,27878.79,1.42,5,8,49339.27
3D Printer,6,7.83,50,3,28341.43,0.87,8,10,49176.36
CNC Lathe,11,5.47,50,5,30572.55,0.94,2,8,49856.48
Hydraulic Press,12,7.69,38,4,29746.25,0.49,0,8,44911.55
CNC Lathe,12,6.69,49,6,15057.54,1.46,6,9,59819.87
CNC Lathe,10,7.68,54,2,22785.15,0.93,3,6,40894.93
Hydraulic Press,15,5.64,40,1,17746.9,1.16,4,9,43956.64
3D Printer,15,8.45,52,5,21481.74,1.2,3,7,56613.16
Hydraulic Press,16,6.0,43,4,26158.28,0.57,5,5,48688.8
3D Printer,5,8.37,59,8,21268.13,0.69,4,11,54758.24
Conveyor Belt,1,6.25,54,2,17866.77,0.39,3,7,28955.68
Hydraulic Press,1,8.94,51,2,15621.3,0.7,4,8,34465.74
Conveyor Belt,3,6.49,58,3,11523.43,1.41,2,9,44396.66
Conveyor Belt,8,6.93,41,0,14750.5,1.05,8,6,39525.17
CNC Lathe,11,6.92,56,1,18926.06,0.94,8,4,40369.16
Conveyor Belt,5,6.81,54,1,30955.2,0.26,3,11,40208.1
3D Printer,16,7.79,58,4,26546.51,1.04,4,6,50420.26
CNC Lathe,19,8.89,43,2,24790.78,0.99,4,6,49208.21
3D Printer,14,4.92,46,1,20460.33,1.26,5,7,44096.74
CNC Lathe,11,8.25,54,3,28374.73,0.94,6,4,38027.11
3D Printer,18,11.48,54,2,20718.09,0.18,7,9,54793.51
Hydraulic Press,12,12.14,47,4,33831.14,0.29,3,6,42257.21
Hydraulic Press,15,7.04,60,3,26609.74,0.64,6,11,54163.02
3D Printer,8,7.18,60,1,13190.3,1.25,5,2,34321.59
Conveyor Belt,8,10.81,52,5,28661.85,0.59,4,9,48483.3
Conveyor Belt,10,9.81,41,2,33728.74,0.13,6,6,43555.9
Hydraulic Press,6,6.48,36,3,39704.76,0.17,9,5,40087.67
Hydraulic Press,3,12.93,53,2,20213.99,0.78,4,8,38535.74
Hydraulic Press,9,8.89,63,4,17256.89,1.28,3,5,46459.18
Hydraulic Press,17,6.56,61,4,25721.13,0.43,7,3,50862.74
Hydraulic Press,6,6.86,61,2,17174.85,1.07,9,10,45453.1
CNC Lathe,19,6.47,45,6,29739.73,0.6,4,7,54062.16
Hydraulic Press,16,7.18,42,3,19382.63,0.21,5,9,56635.46
Hydraulic Press,7,6.89,49,5,25052.1,0.64,4,8,46065.68
3D Printer,1,4.89,53,3,17711.55,0.19,4,8,23772.6
Hydraulic Press,17,6.29,55,2,8974.57,0.86,4,1,38879.98
CNC Lathe,5,6.52,45,3,18655.09,0.45,3,12,44473.22
Hydraulic Press,13,6.1,43,3,30182.16,0.34,4,6,46168.14
3D Printer,9,6.66,50,5,23827.45,0.14,6,9,48362.9
CNC Lathe,7,8.68,71,6,26439.7,1.15,4,6,42347.93
Hydraulic Press,15,5.86,57,2,18337.13,1.29,5,11,52119.01
Hydraulic Press,18,11.34,42,1,13099.48,0.49,1,11,49512.32
CNC Lathe,3,9.18,37,1,11558.17,1.14,5,7,33229.81
Hydraulic Press,13,12.07,44,6,27053.17,1.25,3,3,48653.89
Conveyor Belt,5,11.93,64,3,25176.17,0.33,1,7,40709.64
CNC Lathe,1,8.09,40,3,26644.69,1.49,1,8,34523.67
3D Printer,19,5.61,38,6,48970.01,0.35,6,5,51705.85
3D Printer,7,6.34,41,3,32675.25,0.24,0,5,31667.87
CNC Lathe,8,10.86,52,3,22041.92,0.85,5,14,54544.37
3D Printer,10,5.18,53,4,21123.31,1.41,7,11,50136.15
3D Printer,13,9.58,41,1,16168.49,0.98,5,8,50767.43
Conveyor Belt,9,6.87,53,4,27961.14,1.48,5,5,45874.91
Hydraulic Press,11,10.44,58,2,28759.36,0.93,6,8,48464.91
Hydraulic Press,17,6.93,46,3,27291.78,0.47,3,4,42166.53
3D Printer,5,10.0,49,1,11789.83,1.49,7,9,41482.58
Hydraulic Press,18,6.08,47,2,14223.12,0.2,5,4,41549.99
CNC Lathe,13,7.24,51,4,17781.87,0.34,9,10,58447.54
Hydraulic Press,11,9.51,60,4,31895.34,0.45,1,11,54480.78
3D Printer,10,10.59,44,1,22076.16,0.22,5,9,44088.58
Conveyor Belt,19,7.12,51,3,29860.91,0.49,4,8,52714.53
Conveyor Belt,10,7.93,56,6,35508.94,0.38,4,10,53001.29
Hydraulic Press,18,10.72,55,1,30864.07,0.57,6,13,59214.99
Conveyor Belt,4,3.52,53,1,26810.35,0.79,5,8,38589.99
Hydraulic Press,6,8.05,40,4,29715.13,0.49,5,5,38612.15
Conveyor Belt,5,6.67,58,3,13837.58,1.18,3,7,41149.47
3D Printer,18,5.39,60,3,22488.6,0.88,4,7,52725.08
CNC Lathe,2,4.06,48,3,18843.17,0.24,4,12,41110.29
Conveyor Belt,2,8.01,62,2,24759.87,1.01,8,13,48824.74
Hydraulic Press,15,9.69,49,4,31735.28,0.15,4,3,44572.46
3D Printer,5,9.47,62,1,27955.63,0.96,5,14,46175.58
Conveyor Belt,16,6.13,54,2,22392.62,0.72,4,10,52570.47
CNC Lathe,15,6.16,56,3,22711.79,0.58,1,6,46651.52
Conveyor Belt,19,7.7,61,2,21781.72,0.78,2,11,52220.66
3D Printer,5,5.29,58,6,24240.17,1.44,2,6,39778.94
Conveyor Belt,9,11.97,51,4,21873.17,0.32,3,6,47230.52
Conveyor Belt,1,8.76,53,5,15627.16,0.17,7,12,43766.8
Hydraulic Press,13,6.72,40,1,5000.0,1.25,4,10,49715.75
3D Printer,17,8.49,55,7,38307.74,1.46,2,10,58555.02
CNC Lathe,15,10.36,39,5,34518.44,1.01,4,10,62380.15
Hydraulic Press,5,10.51,62,4,35299.73,0.4,6,6,44750.34
Conveyor Belt,12,7.54,52,1,19429.69,1.15,4,6,41656.3
Conveyor Belt,18,7.73,52,3,17845.91,0.87,6,3,46759.24
Hydraulic Press,2,8.11,56,2,24684.42,1.48,3,10,39182.34
Hydraulic Press,5,11.63,48,4,39281.72,0.81,3,6,40504.11
3D Printer,6,8.52,48,5,7113.41,1.26,4,4,42074.39
CNC Lathe,10,8.88,56,2,27424.06,1.4,7,6,47863.07
CNC Lathe,12,6.74,54,1,13445.0,1.33,6,9,48075.77
Conveyor Belt,16,4.88,51,2,16508.17,1.04,4,7,48062.67
CNC Lathe,3,9.42,56,5,14135.64,1.37,2,3,37432.03
CNC Lathe,8,8.43,39,8,33729.62,1.18,5,9,57738.23
3D Printer,4,5.75,44,3,11865.94,1.22,4,7,39402.42
Conveyor Belt,9,9.05,52,6,25380.09,1.28,4,6,51624.17
CNC Lathe,7,9.14,51,0,31238.41,0.26,2,8,32921.31
Hydraulic Press,5,6.04,47,3,18937.37,0.37,3,9,37166.83
Conveyor Belt,10,8.62,63,3,35415.07,0.56,3,5,43554.67
Hydraulic Press,17,5.95,62,4,32927.37,0.55,3,4,43909.53
CNC Lathe,15,8.53,44,1,22392.44,0.73,6,12,55258.65
Conveyor Belt,17,7.6,46,3,33580.88,0.72,3,7,49989.45
CNC Lathe,5,5.72,48,0,29404.51,0.31,4,10,36444.96
Hydraulic Press,11,8.4,39,1,31465.34,1.01,4,8,41177.44
Conveyor Belt,10,5.51,58,3,28565.47,0.73,8,8,45740.32
3D Printer,6,9.04,56,3,13403.12,1.01,3,7,41994.83
3D Printer,8,5.38,34,3,31295.63,1.11,7,8,47463.4
Hydraulic Press,13,9.33,44,6,29316.08,0.98,5,9,53379.14
3D Printer,18,10.19,53,1,14500.21,1.14,10,10,66567.61
Conveyor Belt,13,6.12,52,3,11401.19,1.24,9,10,59645.61
CNC Lathe,17,8.27,53,1,38382.22,0.91,5,6,57512.28
Conveyor Belt,19,11.35,54,2,33310.12,0.79,9,8,58895.77
3D Printer,11,3.33,59,2,22204.2,1.33,2,5,37346.18
Hydraulic Press,5,11.2,47,2,28902.4,1.46,6,11,48871.65
Hydraulic Press,17,7.23,62,3,35887.23,0.58,3,7,49761.95
CNC Lathe,4,9.35,69,6,21187.38,0.23,5,7,42908.61
CNC Lathe,15,6.12,57,9,24612.81,0.38,9,14,70818.79
Conveyor Belt,12,10.8,52,3,23927.11,0.69,4,5,42093.6
CNC Lathe,19,8.55,48,3,24556.26,0.11,7,8,54427.18
CNC Lathe,8,9.41,40,2,20951.45,0.56,4,8,48506.89
Conveyor Belt,10,8.0,50,3,12963.59,1.3,7,6,43171.64
3D Printer,3,9.0,46,4,20458.23,1.25,2,6,41349.41
Conveyor Belt,10,5.4,50,3,29581.69,1.05,9,9,51297.17
CNC Lathe,17,6.37,40,0,17739.42,0.36,5,8,39894.97
Hydraulic Press,12,8.66,45,1,27252.71,0.71,3,10,49023.88
3D Printer,10,8.89,66,6,21526.23,0.2,5,7,48863.16
CNC Lathe,18,5.23,51,1,31042.3,1.19,6,8,52154.04
CNC Lathe,14,6.1,57,3,12769.83,1.4,4,10,57478.86
Hydraulic Press,14,5.45,53,6,35457.81,0.58,9,10,63316.37
3D Printer,13,9.2,48,0,27415.71,0.48,6,6,42315.35
Hydraulic Press,3,6.86,52,3,29185.32,1.04,5,6,37227.62
Conveyor Belt,15,8.52,51,2,22834.98,0.51,3,17,62217.41
CNC Lathe,10,7.12,51,1,30194.07,1.08,4,4,35329.58
CNC Lathe,13,10.89,51,5,38597.27,1.44,3,8,60136.92
Hydraulic Press,16,10.09,51,3,27509.2,1.28,8,9,58403.58
CNC Lathe,9,8.6,46,1,25256.5,0.86,5,5,35249.48
3D Printer,16,6.97,62,3,28360.91,1.44,5,4,48665.52
CNC Lathe,6,10.7,47,3,10816.75,0.36,4,6,39089.73
3D Printer,14,8.87,39,4,28647.79,0.32,3,9,54002.55
Conveyor Belt,16,2.78,44,1,22926.89,0.51,7,5,45492.42
Conveyor Belt,18,7.57,52,4,35414.62,0.17,11,4,52327.17
Conveyor Belt,16,7.79,55,3,26998.27,0.27,7,8,52960.23
Conveyor Belt,17,10.12,56,5,33222.71,1.12,7,5,57377.86
CNC Lathe,3,8.53,54,1,29468.87,0.54,9,6,40570.35
Conveyor Belt,11,8.79,61,2,43789.39,1.02,3,8,44330.35
CNC Lathe,1,8.51,42,1,27689.26,0.99,5,9,38215.6
Conveyor Belt,18,13.0,49,5,34381.18,0.76,10,15,76683.35
3D Printer,4,8.96,52,2,33445.98,0.97,8,6,41260.67
3D Printer,17,4.6,52,4,25725.96,0.96,8,4,51264.49
3D Printer,9,6.72,43,2,23452.0,1.13,7,10,51197.36
3D Printer,4,6.56,52,4,16033.06,1.2,10,10,51168.98
CNC Lathe,7,5.19,65,4,28580.45,0.66,4,7,42099.21
Hydraulic Press,18,7.58,50,2,40779.18,0.33,3,6,46282.78
CNC Lathe,5,8.44,50,1,24046.61,1.07,3,9,36130.3
CNC Lathe,7,7.26,42,2,38722.74,1.27,6,9,43618.84
Conveyor Belt,8,8.29,54,1,22399.12,0.6,4,5,38530.27
Hydraulic Press,18,9.05,56,4,37732.88,0.46,6,5,51941.89
3D Printer,16,9.9,40,4,31406.76,0.74,8,13,68579.83
Hydraulic Press,7,7.37,43,5,32028.79,1.33,6,12,56065.44
CNC Lathe,18,6.58,46,1,14690.09,1.41,7,14,57448.83
Hydraulic Press,15,9.86,39,5,29323.5,0.97,4,4,49764.03
CNC Lathe,19,7.8,46,2,27909.37,1.25,4,10,57591.99
CNC Lathe,2,8.89,53,1,14782.85,1.45,1,12,42605.12
Conveyor Belt,5,8.78,55,1,33174.87,0.78,8,5,35006.41
3D Printer,15,9.13,47,3,21169.15,0.35,2,8,44601.9
CNC Lathe,16,3.6,48,5,30106.57,0.72,3,9,54677.3
Conveyor Belt,14,5.14,57,3,18090.41,0.47,2,10,47388.56
Conveyor Belt,3,8.71,49,2,31414.77,0.24,3,10,41431.83
3D Printer,9,7.38,51,0,14027.05,1.1,3,9,39800.53
CNC Lathe,6,5.23,42,2,16638.65,1.0,7,16,54651.37
CNC Lathe,9,12.79,38,1,11179.21,0.79,3,9,48675.97
Conveyor Belt,17,3.97,51,3,23764.01,1.16,5,8,53834.42
Conveyor Belt,17,8.36,50,3,35559.87,0.23,2,6,47458.42
Hydraulic Press,5,3.77,58,3,31177.16,1.22,6,3,31752.25
Conveyor Belt,2,11.73,47,2,7167.2,0.24,4,7,37279.9
3D Printer,19,5.94,36,2,31951.43,0.38,8,9,55409.6
Hydraulic Press,18,8.99,57,5,24259.56,1.26,3,8,54649.37
Hydraulic Press,11,6.6,36,1,21608.61,1.41,6,4,37977.42
CNC Lathe,7,6.43,43,2,32445.15,0.51,4,10,43121.9
CNC Lathe,11,5.42,45,1,33557.81,0.17,2,7,37355.59
Conveyor Belt,11,3.78,53,1,29167.12,1.36,4,6,40031.96
CNC Lathe,10,7.16,43,4,39618.69,0.34,1,3,35528.12
CNC Lathe,15,7.99,52,2,20573.01,0.99,3,10,47728.49
CNC Lathe,4,8.81,47,0,30775.49,1.22,3,10,39580.64
Hydraulic Press,4,8.67,54,2,27447.77,0.81,5,9,43212.88
3D Printer,5,6.24,46,4,33138.99,0.28,4,8,41868.2
3D Printer,6,10.0,49,3,13258.58,1.25,3,6,37816.59
3D Printer,17,12.11,51,2,31621.18,1.37,7,9,62478.66
CNC Lathe,18,8.37,48,3,26411.35,0.75,3,8,58823.57
3D Printer,8,9.0,61,5,27659.53,1.4,5,9,57562.55
CNC Lathe,3,9.27,52,2,10150.43,0.27,10,9,41930.33
Conveyor Belt,5,8.01,51,2,31868.06,0.53,5,11,46221.66
Conveyor Belt,6,4.64,42,1,16869.04,0.31,6,9,34821.35
3D Printer,9,6.19,43,6,13974.7,0.74,5,11,59724.66
Hydraulic Press,13,6.62,49,2,28125.19,0.48,9,7,41748.38
3D Printer,4,9.95,42,1,29379.81,0.98,4,10,39761.37
Hydraulic Press,19,9.86,69,5,25099.92,1.41,2,7,54771.09
Hydraulic Press,5,7.16,46,1,29682.24,0.83,8,6,37652.65
Hydraulic Press,18,8.16,61,2,28242.29,0.31,5,7,47243.45
3D Printer,4,7.34,47,2,18135.56,1.45,9,5,39451.97
3D Printer,13,6.37,56,4,18848.66,0.72,7,10,59847.08
Hydraulic Press,15,5.14,58,2,17705.57,0.56,2,10,46476.18
3D Printer,16,4.87,46,1,9276.38,0.12,4,5,39934.2
Conveyor Belt,19,7.47,54,2,29224.69,1.31,4,8,61672.64
Hydraulic Press,14,5.85,50,3,11223.1,1.07,4,3,39546.76
Conveyor Belt,19,6.9,53,4,33536.06,1.49,2,15,62654.79
3D Printer,4,11.15,50,5,35831.15,0.54,6,12,48203.07
Conveyor Belt,19,9.98,53,1,6620.09,0.63,5,4,43918.82
Hydraulic Press,6,6.63,67,5,38146.85,0.32,8,4,36866.99
CNC Lathe,12,7.52,56,1,22348.62,1.36,3,9,42616.35
Conveyor Belt,11,8.13,52,1,29504.67,0.51,1,9,43726.8
Hydraulic Press,16,9.6,48,7,20384.68,0.67,3,11,62789.73
Conveyor Belt,5,6.98,49,3,30524.06,0.29,4,7,38114.69
Hydraulic Press,13,9.67,48,0,21550.93,1.05,12,6,55135.63
3D Printer,8,6.4,41,1,26384.57,1.0,4,8,37614.26
Hydraulic Press,11,9.18,63,2,42301.09,0.37,2,5,45447.83
CNC Lathe,19,6.53,47,5,23906.13,0.61,12,9,64606.94
Conveyor Belt,4,7.87,52,2,18936.31,0.63,2,8,39725.61
3D Printer,19,7.67,52,2,25796.03,0.37,3,7,49144.09
3D Printer,9,9.68,46,1,32288.71,0.2,9,8,43048.54
3D Printer,9,9.38,52,3,23887.35,1.27,6,11,55352.54
3D Printer,5,11.22,47,2,5000.0,0.8,12,6,42115.12
CNC Lathe,13,6.32,45,2,17579.17,0.84,7,7,39386.29
Hydraulic Press,1,3.02,46,1,19097.52,0.29,3,6,24097.06
CNC Lathe,9,8.18,59,2,24674.88,0.41,6,8,46172.93
CNC Lathe,11,5.6,48,1,24517.36,1.32,9,8,43613.71
Hydraulic Press,16,6.16,54,4,10874.16,0.84,8,6,53841.0
CNC Lathe,14,7.41,34,0,23652.02,0.3,6,12,53928.76
Conveyor Belt,17,7.36,54,4,26767.28,0.35,10,8,61038.19
CNC Lathe,16,3.94,51,6,24947.99,0.68,9,8,59518.4
Hydraulic Press,4,7.28,48,3,24227.03,1.0,6,7,44010.41
Conveyor Belt,15,9.47,49,2,24111.31,1.03,2,13,54806.39
3D Printer,17,10.83,56,3,26209.53,0.35,6,10,60381.39
3D Printer,10,6.06,50,2,29175.96,1.38,7,10,49016.29
CNC Lathe,15,6.41,50,2,15032.22,1.06,2,7,45811.72
Conveyor Belt,6,9.11,41,5,19330.65,0.46,3,2,36024.05
3D Printer,7,9.2,44,3,25227.29,1.32,4,7,39675.33
Hydraulic Press,8,8.36,46,5,31186.81,1.12,10,10,61309.33
Conveyor Belt,4,6.91,45,4,31372.7,1.11,2,10,44210.61
3D Printer,10,10.84,50,2,12902.18,1.28,9,8,55060.82
3D Printer,1,11.29,52,3,20320.69,0.35,2,13,45546.37
Hydraulic Press,15,9.22,58,2,33023.61,0.38,3,5,38990.86
Conveyor Belt,7,7.89,51,1,29314.41,1.01,4,7,40038.09
Hydraulic Press,9,9.49,52,2,15344.71,1.17,2,5,37257.15
CNC Lathe,19,9.81,52,5,21068.13,0.55,7,7,54066.12
CNC Lathe,3,5.32,54,3,31769.86,0.12,3,4,34604.5
Conveyor Belt,12,9.14,47,2,22440.44,0.35,4,11,48315.96
CNC Lathe,12,6.06,56,3,17460.33,0.8,0,8,44416.64
Hydraulic Press,16,6.04,46,6,15773.88,0.86,3,10,58487.61
Conveyor Belt,14,10.65,54,1,27241.97,0.52,5,10,53258.84
Hydraulic Press,10,7.36,57,0,8295.28,1.01,4,11,41196.07
Hydraulic Press,2,5.39,34,1,31821.07,1.03,6,9,29808.6
CNC Lathe,3,8.75,42,2,25992.06,1.23,2,6,36766.83
CNC Lathe,1,11.46,56,1,38099.14,0.77,8,4,37619.15
CNC Lathe,7,8.58,48,1,31742.62,0.75,4,7,38320.51
3D Printer,18,8.95,57,3,20598.22,0.97,4,6,52903.74
Hydraulic Press,13,7.76,48,5,23048.31,1.08,6,8,55144.55
3D Printer,17,8.78,47,2,17107.33,1.4,9,7,56656.7
3D Printer,14,4.76,50,2,30410.83,0.71,2,11,45974.2
Conveyor Belt,4,7.97,45,2,35642.93,0.95,7,12,49659.59
Conveyor Belt,1,7.87,52,3,26260.94,0.45,4,10,40143.2
3D Printer,7,12.61,40,2,15607.97,1.14,6,4,43637.82
Conveyor Belt,4,8.67,50,1,38733.63,0.93,6,12,44646.42
Hydraulic Press,19,7.91,62,1,27852.1,0.89,8,5,52497.95
Conveyor Belt,19,2.8,48,2,43874.56,0.67,0,7,44529.64
CNC Lathe,16,3.41,46,4,13910.72,0.81,6,10,54595.13
3D Printer,17,6.21,49,6,28726.93,1.28,2,9,58797.98
3D Printer,13,10.35,59,3,19179.83,0.75,5,10,55000.2
Conveyor Belt,16,7.93,41,3,25588.56,1.23,5,9,52468.34
Hydraulic Press,17,5.96,52,1,26426.71,0.75,8,10,52371.73
Conveyor Belt,5,10.43,53,2,30610.11,1.49,4,7,47127.83
Hydraulic Press,9,8.4,60,1,33319.04,1.42,7,6,47359.84
Hydraulic Press,9,12.47,61,2,16885.93,1.31,8,10,56608.0
3D Printer,10,8.29,52,4,18818.44,0.4,3,8,41037.44
CNC Lathe,1,8.24,51,3,31583.48,1.04,7,9,41020.18
Conveyor Belt,12,5.88,38,3,30641.9,1.02,7,9,50902.18
CNC Lathe,10,5.15,59,5,6912.22,0.97,6,10,52292.73
Conveyor Belt,1,5.5,45,4,25048.09,0.51,6,4,28023.27
CNC Lathe,9,6.14,48,2,34781.27,0.84,6,9,39882.61
Conveyor Belt,10,6.71,49,1,26641.99,0.76,6,10,38260.49
CNC Lathe,15,7.98,45,1,9273.13,0.65,4,7,40980.11
CNC Lathe,10,10.89,54,2,28385.14,0.12,4,8,40402.09
Hydraulic Press,10,3.5,41,1,37940.0,1.26,10,9,48942.37
Hydraulic Press,18,5.1,41,2,8657.4,1.24,3,10,49508.11
CNC Lathe,16,9.09,53,5,31103.81,0.89,7,10,61319.39
Hydraulic Press,10,5.39,63,2,17862.14,0.31,6,8,42350.75
CNC Lathe,9,6.02,55,3,31752.78,0.55,8,11,50315.43
Conveyor Belt,5,7.38,56,4,34150.22,1.21,10,10,49603.41
Conveyor Belt,11,10.34,41,2,26479.01,1.36,7,9,52073.72
CNC Lathe,10,8.05,49,4,13602.66,0.2,6,11,52146.2
CNC Lathe,13,7.55,56,4,25684.55,1.44,9,9,60986.57
CNC Lathe,17,7.82,48,1,31840.19,0.56,5,6,46882.39
3D Printer,2,8.69,57,4,26381.96,0.33,0,7,34097.85
Hydraulic Press,19,7.6,48,9,6662.09,1.31,5,3,67708.82
Conveyor Belt,17,5.53,45,3,18465.39,0.66,2,11,54027.27
Conveyor Belt,8,9.72,62,3,17841.23,1.48,9,8,51337.95
CNC Lathe,15,2.92,48,3,22370.78,0.63,8,6,44062.53
Hydraulic Press,14,6.07,51,2,22626.9,1.07,3,9,53776.15
3D Printer,15,8.82,46,5,22583.3,1.04,2,5,48342.93
Hydraulic Press,19,7.5,42,1,25163.52,0.85,4,10,56306.3
Conveyor Belt,2,8.14,59,1,26899.29,1.21,10,10,39521.4
CNC Lathe,16,5.18,55,3,14180.67,0.79,3,16,58369.27
CNC Lathe,17,8.39,54,5,29955.03,0.73,5,7,58602.7
CNC Lathe,13,6.64,53,5,23037.87,0.17,3,10,54868.98
CNC Lathe,2,11.72,48,3,30320.09,0.1,2,9,39878.24
Conveyor Belt,4,6.64,41,7,22309.03,0.17,5,11,51764.28
CNC Lathe,5,6.18,54,3,40673.33,0.94,5,8,41469.74
3D Printer,4,9.21,52,2,22179.67,0.23,5,10,44687.87
3D Printer,19,6.31,48,2,19771.81,0.18,5,10,50307.02
Conveyor Belt,2,11.87,60,7,36225.99,0.51,3,4,41485.53
CNC Lathe,12,6.82,42,1,21624.04,0.37,6,10,44570.76
Conveyor Belt,11,8.37,53,2,28300.33,0.74,5,7,44675.12
Conveyor Belt,14,7.71,46,3,28583.38,1.47,3,1,44632.3
Conveyor Belt,15,6.42,48,4,30307.56,1.38,6,9,54731.98
CNC Lathe,8,7.46,45,2,26769.55,0.2,9,4,36518.74
CNC Lathe,3,9.63,57,2,27571.6,0.73,2,7,34812.42
CNC Lathe,16,6.52,49,0,24438.85,0.85,8,6,45956.6
CNC Lathe,6,7.44,54,3,24533.84,0.82,1,6,34432.3
Conveyor Belt,10,7.48,48,4,21212.3,1.28,4,11,54189.49
CNC Lathe,10,7.6,51,4,21727.8,1.42,2,7,47357.27
CNC Lathe,2,8.61,38,1,18864.08,1.01,2,16,45919.25
Hydraulic Press,3,8.31,48,2,5708.88,0.87,4,7,34899.28
Conveyor Belt,1,8.6,38,4,37728.04,1.24,6,6,43716.26
CNC Lathe,3,3.58,44,1,31844.65,0.17,6,10,38868.71
CNC Lathe,2,7.03,49,4,17587.82,1.3,6,7,39066.86
CNC Lathe,5,10.09,54,4,19053.16,0.51,2,11,45710.22
CNC Lathe,12,9.56,49,5,25423.99,0.7,13,7,60788.71
CNC Lathe,13,5.65,61,5,15627.28,0.64,9,8,60211.0
Conveyor Belt,3,10.75,48,3,18593.25,0.81,4,13,50873.07
3D Printer,4,6.4,59,5,35849.77,0.61,2,7,38513.74
3D Printer,10,9.63,55,3,14833.62,1.0,9,8,52732.72
Conveyor Belt,15,7.26,52,2,20569.23,0.57,2,4,40010.47
Hydraulic Press,14,6.91,53,3,33786.51,1.14,3,15,57536.7
Hydraulic Press,6,5.4,56,7,17912.18,0.13,5,13,53231.61
Hydraulic Press,1,7.62,53,1,19224.44,0.74,1,6,25022.63
CNC Lathe,13,5.61,54,4,17356.76,1.08,2,7,46922.85
Conveyor Belt,18,3.01,43,3,20292.41,1.44,6,9,51775.42
Hydraulic Press,12,7.19,42,2,16237.7,0.3,6,8,39967.01
3D Printer,17,5.67,51,0,35648.75,0.45,2,11,43843.19
CNC Lathe,6,4.78,39,2,23760.67,1.45,11,12,44097.41
Hydraulic Press,11,6.71,60,3,21008.37,0.75,7,16,58703.81
Hydraulic Press,3,7.53,40,4,13674.89,0.69,4,8,44459.59
CNC Lathe,15,6.8,44,3,5000.0,0.85,5,8,47965.14
CNC Lathe,6,7.36,62,2,35639.11,0.97,5,7,34031.12
Hydraulic Press,15,10.5,50,2,33091.25,0.67,6,6,51130.59
3D Printer,2,6.67,48,6,22534.43,0.37,8,7,41749.95
CNC Lathe,18,6.42,54,3,31020.15,0.83,5,7,50537.23
Hydraulic Press,11,8.94,52,4,25168.3,0.8,6,3,45287.88
CNC Lathe,6,10.16,66,4,19007.13,1.23,2,6,43211.25
Hydraulic Press,5,4.6,43,3,25780.82,1.45,4,13,47256.51
Conveyor Belt,10,7.06,44,1,13065.63,1.23,5,9,46957.68
Conveyor Belt,6,7.4,40,2,36735.8,1.35,5,8,44231.48
3D Printer,12,6.34,52,3,34877.78,1.26,1,7,44382.16
Conveyor Belt,14,9.12,63,1,20939.78,0.42,7,12,53775.33
Hydraulic Press,4,9.67,48,2,9737.16,0.83,6,5,40783.02
Conveyor Belt,4,8.01,51,4,36544.05,0.83,7,5,38487.08
CNC Lathe,3,6.95,47,2,36420.43,0.9,9,10,45522.48
CNC Lathe,1,4.76,52,1,31996.41,0.93,5,12,39899.7
Conveyor Belt,9,6.27,41,2,16262.4,1.17,9,8,47519.72
Hydraulic Press,18,5.83,38,9,25729.16,1.48,5,14,80270.5
3D Printer,10,7.69,49,3,19461.24,1.1,10,2,45753.68
3D Printer,8,8.12,63,1,27241.85,1.46,4,9,43814.24
3D Printer,8,9.22,41,1,25262.24,1.21,5,8,44914.19
Conveyor Belt,8,4.59,54,3,10750.09,0.67,5,7,42573.03
Hydraulic Press,1,8.37,66,0,15316.83,1.19,9,6,28417.19
Conveyor Belt,4,9.89,37,4,23919.62,0.31,3,7,39772.78
CNC Lathe,11,4.72,52,6,11741.62,1.24,6,7,56842.18
3D Printer,19,6.59,45,3,35096.69,0.83,1,7,47383.25
CNC Lathe,7,7.96,56,3,33228.6,0.54,6,9,49038.95
3D Printer,14,9.46,32,2,42282.69,1.02,6,8,50905.05
3D Printer,11,8.8,49,2,29041.63,0.31,8,8,47666.73
Conveyor Belt,6,10.99,50,1,21237.29,0.29,5,8,39541.9
Hydraulic Press,8,11.94,56,0,21221.63,0.45,5,9,42478.54
Hydraulic Press,18,13.53,46,1,31257.54,0.83,8,9,54682.19
CNC Lathe,14,3.89,55,3,26066.6,0.9,5,9,47912.44
3D Printer,14,9.3,42,0,29553.25,1.27,9,6,44975.53
3D Printer,14,3.33,55,4,23758.78,0.15,3,12,51814.16
CNC Lathe,18,9.69,41,3,27880.16,0.81,3,8,58666.71
Conveyor Belt,7,9.83,48,4,20103.73,0.42,7,10,55084.49
CNC Lathe,11,9.21,48,3,28998.79,1.23,3,3,33837.21
Hydraulic Press,16,7.91,41,4,31860.25,0.16,4,6,41285.49
Hydraulic Press,10,9.92,50,3,34855.76,0.12,5,7,45840.23
Conveyor Belt,1,7.75,42,3,28393.96,0.64,8,10,39886.76
CNC Lathe,13,8.02,59,5,17185.11,0.23,6,12,64725.94
Conveyor Belt,13,9.54,45,3,20665.09,0.47,6,8,51393.24
Hydraulic Press,12,12.94,39,2,23727.17,1.36,9,7,57205.82
Hydraulic Press,11,8.36,48,1,32388.84,1.14,6,10,48984.18
Conveyor Belt,14,12.26,49,4,30876.46,0.33,6,6,52859.97
CNC Lathe,5,3.84,42,1,30756.63,1.43,1,10,36134.9
Hydraulic Press,8,7.33,42,3,28607.94,1.02,4,6,38919.32
Hydraulic Press,18,8.99,48,7,29516.77,0.91,4,11,64433.55
Conveyor Belt,4,6.17,44,3,14115.23,1.04,4,4,35620.37
Hydraulic Press,16,5.92,46,1,26446.79,0.28,3,8,44141.74
Hydraulic Press,5,7.04,58,3,41966.71,0.19,6,5,40390.96
Hydraulic Press,17,5.95,45,3,15127.28,0.16,2,6,42579.33
3D Printer,11,5.81,44,3,19754.79,0.48,2,10,47399.01
Hydraulic Press,17,8.46,50,2,24505.6,0.74,6,7,54763.08
CNC Lathe,15,9.51,41,2,29464.26,0.26,5,8,48826.68
Hydraulic Press,16,9.1,51,1,18191.23,0.59,4,8,50570.66
Conveyor Belt,15,8.41,53,2,23758.74,1.19,3,4,45742.24
CNC Lathe,3,10.61,44,2,26591.14,1.27,1,6,29709.73
Hydraulic Press,12,5.52,39,4,16724.77,0.88,5,10,54522.73
3D Printer,14,7.01,51,5,5000.0,0.1,8,5,48260.59
CNC Lathe,16,8.69,48,5,23821.54,0.52,2,12,59683.69
Conveyor Belt,10,7.83,57,5,39035.33,0.93,7,7,50997.6
3D Printer,7,10.27,43,5,23354.98,0.99,11,5,51982.28
Conveyor Belt,11,6.6,45,4,18335.35,1.28,5,5,45474.7
Conveyor Belt,7,9.96,49,3,9481.07,0.45,2,6,35794.57
Conveyor Belt,7,6.37,47,1,19474.2,0.87,4,9,41114.0
Conveyor Belt,15,8.16,56,5,21013.44,0.19,3,12,60961.01
CNC Lathe,15,5.45,50,1,32508.91,0.87,10,6,46726.26
Conveyor Belt,1,9.5,56,0,15631.4,1.12,6,10,38079.64
3D Printer,13,9.66,38,6,31298.58,0.34,9,7,55009.51
Conveyor Belt,18,6.08,57,2,24957.08,0.15,7,4,45681.23
Conveyor Belt,16,7.55,63,5,23807.74,1.29,4,8,56256.24
3D Printer,12,9.35,53,3,16562.09,0.79,6,8,53536.86
CNC Lathe,13,6.44,56,4,16048.74,1.22,6,8,55442.61
Hydraulic Press,2,9.65,61,5,38504.92,0.83,3,5,34328.42
3D Printer,7,8.51,45,2,27302.59,0.91,5,9,41400.26
3D Printer,3,9.02,58,1,32683.34,0.12,2,7,23799.36
3D Printer,7,8.21,49,3,15719.5,0.92,7,6,44142.46
Conveyor Belt,7,9.26,55,4,22336.97,0.5,5,10,49046.49
CNC Lathe,17,9.91,55,0,20687.43,0.43,4,8,47464.08
3D Printer,10,5.9,48,1,26639.94,0.64,7,11,41974.78
Conveyor Belt,3,9.52,57,3,32559.38,1.36,7,11,50575.28
Conveyor Belt,14,7.43,60,4,33200.03,0.49,5,11,56705.32
CNC Lathe,9,6.15,57,2,32578.22,0.79,4,11,48754.75
Conveyor Belt,11,9.15,44,6,35741.46,1.26,7,5,53575.79
CNC Lathe,17,7.44,51,4,35129.03,0.86,5,11,57751.12
CNC Lathe,17,11.5,54,3,15227.55,1.36,4,5,49988.93
3D Printer,2,10.18,46,1,20700.57,0.78,5,6,31000.34
Hydraulic Press,5,12.71,53,6,30083.84,0.48,2,6,42333.4
Hydraulic Press,7,6.53,54,1,39955.56,0.84,7,10,47990.94
Conveyor Belt,14,6.99,45,4,23590.68,1.01,3,6,46108.68
3D Printer,6,6.56,45,3,16796.42,1.49,8,11,51026.35
Hydraulic Press,17,7.19,55,2,23151.02,0.37,4,12,57664.87
Conveyor Belt,3,8.83,47,3,32017.1,1.37,3,8,41327.96
CNC Lathe,12,8.5,38,2,36860.53,0.71,4,8,47470.46
Hydraulic Press,2,7.91,37,9,20899.85,0.48,2,6,48374.1
Hydraulic Press,5,3.84,43,4,17352.73,0.8,7,8,41432.85
Conveyor Belt,3,8.36,50,4,25574.42,1.47,6,4,37565.74
3D Printer,2,4.56,42,2,23235.5,1.44,8,6,38302.03
Hydraulic Press,4,6.83,53,4,33784.84,0.86,6,4,32829.23
Conveyor Belt,12,6.72,49,3,20326.65,0.81,5,5,45120.72
Conveyor Belt,5,11.14,41,2,20852.49,0.29,3,12,43819.09
Hydraulic Press,11,7.94,63,3,25510.99,1.11,7,7,51310.19
Conveyor Belt,9,4.93,50,5,29763.96,0.43,3,13,45594.11
Conveyor Belt,1,6.83,62,3,24467.25,1.25,5,6,32633.0
Hydraulic Press,4,7.23,50,0,23383.94,0.11,2,13,39005.41
3D Printer,1,8.76,48,4,15579.45,1.25,4,7,38992.66
3D Printer,8,9.44,43,3,21855.73,0.34,9,5,40094.23
3D Printer,9,7.94,48,3,18971.6,0.53,7,11,47296.44
Hydraulic Press,15,9.62,46,2,5000.0,1.25,6,9,56517.49
Conveyor Belt,3,9.3,55,3,26936.22,0.73,2,8,36458.99
CNC Lathe,16,8.43,56,3,9613.08,1.46,5,4,48127.78
Conveyor Belt,4,10.57,48,3,25124.12,1.33,3,9,39656.49
Conveyor Belt,2,12.88,48,5,18662.49,1.23,7,8,52842.22
CNC Lathe,13,6.31,46,3,30716.68,0.8,5,13,58035.04
Hydraulic Press,12,8.9,45,3,36186.13,0.27,9,10,53327.61
Conveyor Belt,10,6.89,55,2,26622.69,1.29,5,8,39329.35
Conveyor Belt,15,7.93,53,2,16343.57,1.22,4,6,46074.23
3D Printer,4,8.16,47,4,26130.03,1.05,2,18,57071.63
Conveyor Belt,12,8.69,48,2,24281.69,1.24,3,6,40103.61
Conveyor Belt,12,7.89,56,2,23320.44,1.02,5,13,55142.63
Hydraulic Press,9,11.01,43,3,17398.06,0.67,4,7,43120.06
Hydraulic Press,16,8.55,43,2,20579.6,1.09,8,6,48069.91
3D Printer,10,12.34,67,3,26020.46,1.2,7,13,61914.7
CNC Lathe,4,10.82,56,3,29374.92,1.03,9,10,51165.35
Conveyor Belt,3,7.18,47,3,25627.56,0.55,6,11,42253.16
Conveyor Belt,3,7.55,53,2,35557.04,1.1,5,9,40469.01
3D Printer,15,9.36,37,6,19482.9,0.29,6,9,64446.73
Hydraulic Press,1,7.08,40,1,26053.35,1.41,4,9,35497.81
CNC Lathe,2,10.67,51,1,8078.62,0.37,3,9,34446.59
3D Printer,5,5.27,40,2,34016.94,0.23,4,5,28218.96
3D Printer,12,9.92,45,4,30082.2,0.18,4,12,53310.17
3D Printer,11,7.48,54,2,34036.38,0.32,3,11,47161.43
Hydraulic Press,11,7.95,48,2,27824.78,0.51,3,9,46414.44
Conveyor Belt,6,8.01,49,2,23842.4,1.04,4,8,40385.42
Hydraulic Press,9,8.63,49,0,30534.31,1.11,5,11,43056.24
3D Printer,19,9.87,43,1,18484.42,1.49,3,10,58506.39
3D Printer,14,9.97,57,1,28227.25,0.16,4,8,44264.26
Hydraulic Press,12,7.47,55,4,17596.66,0.97,4,13,57464.26
3D Printer,5,8.84,54,0,23495.41,1.42,3,12,45402.8
CNC Lathe,2,7.96,51,5,19769.07,0.29,4,9,40684.69
Hydraulic Press,3,9.2,38,5,19090.71,1.08,6,10,54160.97
Conveyor Belt,13,9.32,44,3,14321.07,1.17,8,10,55671.05
CNC Lathe,8,6.24,44,4,25037.41,1.02,2,4,40808.31
3D Printer,6,8.66,51,1,33025.68,1.25,9,3,36675.31
CNC Lathe,18,8.83,65,4,26809.47,1.35,3,4,45509.07
Conveyor Belt,14,4.01,45,2,25947.61,1.1,4,8,40369.44
Hydraulic Press,9,5.36,43,1,21857.41,0.46,6,17,52926.51
CNC Lathe,5,8.53,46,7,22614.08,0.96,3,13,56000.63
CNC Lathe,6,8.25,52,2,35457.76,0.6,6,6,33050.9
CNC Lathe,18,5.72,44,3,19605.91,1.44,3,10,55711.89
3D Printer,16,8.15,53,2,20295.15,0.22,9,9,48703.68
3D Printer,1,7.57,54,6,26010.64,1.48,6,5,48994.17
Conveyor Belt,13,7.85,52,0,28337.44,0.65,3,13,51771.58
Conveyor Belt,14,6.26,39,3,20611.68,0.36,6,8,52083.81
Conveyor Belt,11,10.53,52,5,37852.12,1.29,5,7,50001.9
Conveyor Belt,11,9.04,52,3,23489.7,0.99,3,11,54594.11
Hydraulic Press,7,7.04,53,2,31033.39,1.23,3,9,39173.37
CNC Lathe,1,9.81,59,2,11407.72,1.02,2,7,34013.12
CNC Lathe,18,10.14,40,3,37511.46,0.22,4,11,56526.56
CNC Lathe,4,6.36,58,4,12661.29,0.35,7,10,43792.47
CNC Lathe,15,10.63,50,2,13130.92,0.53,1,4,36087.77
3D Printer,10,9.14,50,2,23470.07,1.04,5,7,47441.98
Hydraulic Press,19,8.21,38,2,32077.09,0.83,1,7,45699.63
Hydraulic Press,14,10.22,56,2,24627.83,1.36,5,4,44916.94
Conveyor Belt,1,9.36,53,7,16149.73,0.75,6,12,51238.55
3D Printer,11,9.15,49,8,21079.13,0.67,4,2,47815.43
3D Printer,16,11.4,44,0,25238.02,1.19,10,13,67472.53
CNC Lathe,8,6.14,55,4,15257.26,0.55,7,3,35080.03
3D Printer,3,8.3,54,1,22364.16,1.32,3,8,35713.98
CNC Lathe,15,6.2,59,3,18540.67,0.11,3,10,47162.44
3D Printer,6,8.57,51,2,17923.92,0.16,6,8,40800.81
Hydraulic Press,17,9.77,51,4,52852.58,0.13,4,11,58326.74
Hydraulic Press,7,3.09,61,3,24422.0,0.35,4,8,29403.09
Conveyor Belt,8,6.86,47,3,22756.24,1.37,6,10,48765.79
Hydraulic Press,4,8.57,57,2,39226.26,1.12,5,9,38863.22
3D Printer,5,9.65,58,2,20432.47,0.47,6,6,37750.27
Conveyor Belt,11,10.07,53,9,34974.96,0.46,4,10,64761.01
CNC Lathe,14,5.15,45,3,25693.5,1.15,4,10,50521.38
Conveyor Belt,2,8.34,48,1,30390.4,0.25,6,4,28183.84
3D Printer,18,5.53,47,3,32374.85,0.48,4,8,45216.03
CNC Lathe,6,7.97,49,4,27424.07,0.4,3,8,44573.54
CNC Lathe,7,4.1,61,1,24876.45,0.62,6,13,39889.87
3D Printer,19,8.96,41,2,26761.48,0.95,8,5,53120.88
CNC Lathe,7,7.45,63,2,13768.94,0.14,6,9,40646.62
3D Printer,18,6.41,55,3,8709.34,0.2,3,6,47677.3
Conveyor Belt,2,8.23,40,0,13447.82,0.83,3,8,36849.79
Hydraulic Press,18,4.42,46,5,30577.95,0.41,7,11,62379.87
Conveyor Belt,15,8.91,48,1,17421.26,0.11,7,14,58520.06
CNC Lathe,5,5.76,42,4,31921.69,0.56,6,9,43594.58
Hydraulic Press,5,10.21,39,2,24931.52,0.2,2,4,30118.11
3D Printer,14,5.85,55,1,23936.96,0.42,9,6,43820.64
Conveyor Belt,19,7.33,49,2,39025.46,0.7,5,5,45953.9
CNC Lathe,19,11.89,45,4,26500.02,0.15,1,12,64002.56
Conveyor Belt,17,4.8,55,1,28465.42,0.41,5,5,45445.73
CNC Lathe,16,7.85,46,3,29419.5,0.73,0,9,49795.36
Hydraulic Press,14,7.8,52,1,31688.19,1.46,6,8,55965.62
3D Printer,18,12.38,51,2,28168.22,0.83,5,10,58017.75
Hydraulic Press,8,8.27,57,5,30640.78,0.35,8,4,47795.87
Conveyor Belt,7,8.66,31,1,11320.11,1.46,5,10,39303.01
Conveyor Belt,15,8.55,45,2,35325.29,1.16,5,6,46187.37
CNC Lathe,17,9.44,60,2,9805.28,0.78,5,10,59022.71
Conveyor Belt,10,7.52,36,2,22505.83,1.34,3,10,49823.31
3D Printer,2,8.59,58,1,24475.07,0.2,5,9,35037.09
Conveyor Belt,10,10.57,49,3,25235.7,0.82,4,8,46447.77
3D Printer,15,7.22,52,3,23018.05,0.89,8,9,49664.06
3D Printer,8,7.97,58,1,12699.27,0.96,11,7,40931.31
Hydraulic Press,9,6.08,53,2,38891.3,0.76,10,6,39836.43
Conveyor Belt,12,10.21,46,3,10694.13,0.83,1,11,50233.05
3D Printer,5,4.52,59,2,31554.46,0.15,5,8,31793.4
3D Printer,14,8.95,43,0,25146.69,0.12,6,7,42822.26
CNC Lathe,19,6.81,45,3,33348.06,0.53,3,5,49481.94
Conveyor Belt,8,11.03,48,7,24330.71,1.31,5,5,48814.13
Conveyor Belt,3,5.47,52,1,10735.53,0.57,4,3,22341.57
3D Printer,5,8.14,40,3,31024.13,1.17,2,4,31039.11
Hydraulic Press,16,5.62,43,1,26855.31,1.3,3,6,45169.76
3D Printer,4,8.25,48,0,19950.34,0.61,5,8,35377.13
CNC Lathe,15,4.91,51,1,28561.87,0.94,3,6,41390.17
3D Printer,18,8.86,48,3,28165.84,0.83,7,4,52529.58
Conveyor Belt,3,9.54,55,3,19070.77,0.71,4,10,39858.75
Conveyor Belt,15,7.04,41,3,21598.14,1.47,3,15,64384.36
3D Printer,17,8.19,45,4,33468.25,1.25,6,1,48494.21
Hydraulic Press,19,8.68,67,2,32316.49,1.35,6,11,62535.32
CNC Lathe,14,6.53,46,2,19202.87,0.2,7,10,49146.21
Conveyor Belt,9,7.6,59,5,8214.57,1.22,9,9,56121.22
CNC Lathe,16,6.41,58,3,12917.32,1.4,4,14,64099.61
Conveyor Belt,14,10.33,43,5,28553.0,1.13,6,6,52703.35
CNC Lathe,6,7.38,43,2,20229.84,0.62,3,8,38872.5
Conveyor Belt,16,8.38,48,0,25330.11,1.13,3,13,54825.49
3D Printer,14,9.83,55,2,36020.76,1.37,5,5,49891.1
CNC Lathe,7,8.09,52,1,33466.0,0.41,6,12,45214.51
Hydraulic Press,15,7.39,40,7,19201.85,0.78,6,8,58730.48
Hydraulic Press,8,8.12,59,1,19794.31,0.34,8,10,41430.63
Hydraulic Press,6,10.84,41,2,34091.62,0.19,7,6,40303.27
Conveyor Belt,14,8.47,45,6,24479.82,0.57,5,7,53739.23
Conveyor Belt,7,8.58,50,7,29725.04,0.38,4,9,52395.69
3D Printer,13,8.95,43,3,29190.24,0.98,4,7,52354.25
3D Printer,6,10.25,59,6,21798.11,0.99,7,5,47598.05
3D Printer,1,7.59,49,4,31741.97,1.44,8,7,42929.68
Hydraulic Press,16,7.99,46,2,24911.07,0.67,6,8,49762.62
CNC Lathe,14,6.08,56,5,27181.41,0.42,11,4,51144.89
CNC Lathe,18,6.36,52,5,19118.41,1.1,4,5,54386.86
3D Printer,8,5.06,76,7,34632.3,0.86,4,10,56268.78
Hydraulic Press,13,4.58,44,3,24788.16,0.2,6,5,40297.48
3D Printer,2,8.93,47,4,39982.71,0.75,5,11,45019.67
Conveyor Belt,12,8.25,47,3,24567.09,0.57,3,9,48450.52
3D Printer,17,7.05,47,5,17687.4,0.36,4,9,58110.43
Conveyor Belt,12,10.55,56,3,29514.33,1.46,8,4,56188.55
3D Printer,4,6.65,54,3,26900.4,0.62,6,7,39244.73
CNC Lathe,3,11.77,47,3,29248.37,0.65,10,6,42941.74
Conveyor Belt,16,5.57,57,2,25564.7,1.19,4,4,47359.29
CNC Lathe,17,8.75,53,2,32626.42,0.58,4,9,50042.47
3D Printer,1,7.2,49,1,33956.56,1.28,2,11,34393.34
CNC Lathe,8,7.55,55,3,36482.17,0.86,3,5,36362.14
3D Printer,9,9.08,43,3,29479.75,0.77,1,9,41704.34
Conveyor Belt,2,5.83,51,2,24865.48,0.24,3,10,31271.54
CNC Lathe,10,10.4,56,1,20433.83,0.68,5,5,39986.01
3D Printer,3,6.85,47,2,18271.39,1.35,2,7,36142.19
Hydraulic Press,13,10.12,45,1,34509.31,0.77,8,6,45496.59
Conveyor Belt,10,10.43,44,2,27078.7,0.7,3,10,48738.24
CNC Lathe,13,9.88,52,6,25612.46,0.14,3,8,52808.18
Hydraulic Press,8,10.09,49,3,28296.23,1.11,4,6,43778.3
Hydraulic Press,1,4.92,54,3,27056.73,0.58,5,12,40310.81
Conveyor Belt,19,6.93,50,1,28666.9,0.68,6,10,52654.49
Conveyor Belt,15,8.1,32,3,15029.35,0.14,9,6,47637.11
CNC Lathe,2,7.2,56,3,27489.69,1.16,4,8,39192.52
Conveyor Belt,19,8.81,52,6,11721.31,0.42,2,11,65949.04
CNC Lathe,18,10.95,45,7,28932.97,0.77,2,9,61220.23
3D Printer,4,8.56,55,5,36762.03,0.42,4,9,42923.06
Conveyor Belt,4,5.99,46,2,17204.21,1.1,6,9,38695.96
Conveyor Belt,8,10.33,54,6,31342.08,0.44,6,8,54171.93
CNC Lathe,8,9.45,47,1,29630.78,0.17,5,8,42508.5
3D Printer,12,10.22,52,1,22559.33,0.8,9,7,49379.24
CNC Lathe,8,7.29,51,4,25746.48,1.15,7,12,51499.81
3D Printer,2,9.57,47,1,10106.56,0.24,6,9,40737.14
CNC Lathe,3,8.66,41,4,28443.84,0.54,1,9,33884.77
Hydraulic Press,19,10.05,52,0,26851.71,1.44,3,11,56006.84
Hydraulic Press,7,13.75,55,3,36233.27,1.29,2,6,44911.1
3D Printer,18,10.22,54,2,29502.98,0.72,5,9,57178.68
CNC Lathe,13,6.95,63,2,7530.88,0.22,4,11,51229.18
CNC Lathe,18,7.27,44,3,30388.7,1.27,3,6,48012.86
Hydraulic Press,18,4.92,68,1,13532.6,1.35,8,7,54322.31
3D Printer,8,5.97,42,2,26841.41,0.21,5,5,38284.06
Conveyor Belt,8,10.98,45,1,9857.95,0.27,4,6,35297.53
Conveyor Belt,10,7.66,38,3,26189.53,0.99,5,12,53882.48
Conveyor Belt,11,4.15,50,3,25770.51,1.33,7,6,42365.42
Conveyor Belt,4,8.58,59,5,25118.93,1.23,5,11,50048.58
Conveyor Belt,7,6.62,48,5,29022.65,0.83,7,3,44111.14
Hydraulic Press,13,8.23,41,2,26862.99,1.04,6,1,41229.24
3D Printer,4,7.18,38,2,33052.82,0.82,5,3,25647.15
3D Printer,19,9.32,48,3,29072.76,0.17,2,6,48008.93
Hydraulic Press,18,9.45,56,0,26523.68,1.05,7,7,49608.79
Conveyor Belt,4,9.79,37,3,19748.4,0.35,3,6,33296.65
CNC Lathe,17,6.02,49,4,26121.71,0.89,5,8,53324.65
Conveyor Belt,14,6.94,41,2,26926.6,0.78,4,8,51015.4
CNC Lathe,10,8.0,60,5,28120.04,0.73,2,3,44001.57
CNC Lathe,14,5.41,47,4,30160.29,1.49,5,10,54825.05
Conveyor Belt,8,7.72,42,5,34334.15,0.52,3,8,41372.43
Conveyor Belt,6,8.91,39,2,16456.63,1.08,5,6,39885.7
Hydraulic Press,18,11.55,65,3,12490.99,1.3,4,7,53262.4
CNC Lathe,14,5.89,58,4,24443.97,1.16,5,11,61127.85
Conveyor Belt,16,7.1,45,3,32856.42,0.33,7,11,57586.81
Conveyor Belt,5,11.37,45,2,29008.62,0.7,1,8,40314.53
Conveyor Belt,4,4.41,45,2,15245.74,0.75,6,5,24575.95
3D Printer,3,9.98,43,2,25715.47,0.22,7,10,35679.62
Conveyor Belt,8,8.19,61,2,9515.21,0.56,6,13,46333.23
Conveyor Belt,16,6.77,51,2,18915.9,0.44,5,10,52846.39
Hydraulic Press,14,7.1,42,5,21535.28,0.76,3,9,57232.51
CNC Lathe,2,7.29,47,1,27803.07,1.41,2,11,37558.72
CNC Lathe,9,8.18,46,0,26738.17,0.29,9,11,51132.7
3D Printer,2,9.56,49,2,6441.57,1.48,6,7,41241.82
Conveyor Belt,14,7.36,46,3,11495.11,1.37,6,8,49581.07
Hydraulic Press,11,8.18,42,3,30685.42,0.25,2,8,46438.28
Hydraulic Press,19,10.31,47,4,25584.15,1.4,5,4,57244.11
CNC Lathe,12,11.15,43,3,33681.08,0.2,1,7,40814.71
CNC Lathe,10,9.54,58,1,33805.06,0.78,4,2,31233.97
Hydraulic Press,9,5.93,42,2,5221.2,1.28,6,11,43112.49
Conveyor Belt,16,3.47,50,4,27711.89,0.7,8,7,52663.15
Conveyor Belt,14,8.11,67,2,28777.1,0.5,6,10,56662.65
Conveyor Belt,2,12.62,45,3,14848.36,0.28,5,13,47887.63
Hydraulic Press,19,5.14,45,3,15989.71,0.15,4,3,39476.72
Hydraulic Press,5,9.84,53,1,37035.0,0.92,4,9,42310.02
3D Printer,11,6.66,55,2,32367.11,1.11,2,8,38066.77
3D Printer,9,9.77,46,3,34543.0,1.23,2,8,40551.73
Hydraulic Press,15,7.81,60,3,13062.94,0.59,1,8,49781.63
Hydraulic Press,14,8.82,38,3,30261.31,0.27,1,5,42037.99
3D Printer,5,8.72,45,2,22816.44,0.44,9,7,45461.07
CNC Lathe,1,8.62,41,0,28408.0,1.2,3,8,25661.18
CNC Lathe,3,7.55,63,2,15334.62,1.34,5,8,37813.86
Hydraulic Press,19,8.92,48,2,14635.58,0.97,3,7,55956.91
Conveyor Belt,7,5.92,57,1,29541.99,1.19,1,10,40863.53
Conveyor Belt,6,6.42,54,3,19524.05,1.39,7,9,44678.97
3D Printer,18,7.72,43,1,20849.8,0.76,5,9,49491.44
CNC Lathe,11,4.4,51,6,34682.56,1.36,7,10,58615.66
3D Printer,1,11.21,47,2,16248.71,1.37,2,9,37877.07
Conveyor Belt,5,8.93,45,3,41400.58,0.99,3,9,45255.49
CNC Lathe,3,9.63,43,3,13434.17,0.57,6,11,48227.06
Hydraulic Press,18,11.62,58,3,13228.83,0.86,4,7,55644.36
Hydraulic Press,9,11.95,45,6,13259.09,0.13,3,7,45405.87
CNC Lathe,14,8.85,43,2,41342.4,0.73,3,10,49287.93
CNC Lathe,16,4.71,45,3,19503.41,0.52,4,10,49445.57
Conveyor Belt,2,5.27,64,2,25693.82,1.45,5,7,35733.27
Hydraulic Press,12,7.08,44,8,20107.58,0.91,2,13,63206.42
CNC Lathe,15,5.86,57,0,34700.42,0.85,7,7,47208.48
Conveyor Belt,3,9.14,53,0,24696.31,0.35,3,9,37546.41
Conveyor Belt,7,6.89,57,2,25475.67,0.27,6,5,34378.41
3D Printer,6,7.31,43,4,26942.99,1.21,0,12,41299.8
Hydraulic Press,7,7.58,43,1,28545.04,0.77,6,10,43170.18
Hydraulic Press,14,6.0,47,5,32817.06,0.85,6,3,51741.56
3D Printer,1,6.25,62,5,35809.76,1.45,6,8,45074.76
Hydraulic Press,16,8.31,54,3,21818.46,0.96,1,2,40193.43
3D Printer,14,9.33,44,3,31391.81,0.58,6,7,49311.53
3D Printer,16,8.5,43,1,12465.07,1.07,3,6,42098.81
3D Printer,3,7.54,45,6,18914.65,0.82,5,9,43608.48
3D Printer,19,4.58,56,0,32409.26,1.29,3,6,42803.81
CNC Lathe,13,12.9,63,3,25999.99,1.49,5,8,55621.09
CNC Lathe,5,8.45,56,1,25804.69,0.52,6,14,45184.66
Hydraulic Press,2,7.18,51,1,28959.35,0.13,4,8,34256.8
Hydraulic Press,10,7.48,44,3,28351.28,0.69,7,5,41490.83
CNC Lathe,1,7.61,52,1,18838.89,0.73,4,5,28023.51
3D Printer,8,10.91,40,2,23875.16,0.55,8,11,50380.51
3D Printer,13,7.92,45,2,18773.33,0.62,1,9,47086.71
3D Printer,14,7.38,41,3,19977.49,1.47,3,7,44053.44
3D Printer,4,5.04,50,3,20187.13,0.44,7,8,41420.39
Conveyor Belt,17,8.91,51,5,37820.99,0.19,9,6,58143.89
3D Printer,16,6.69,46,3,30604.51,1.42,4,13,55723.18
Hydraulic Press,19,12.22,59,2,17781.14,0.7,6,5,49798.58
Hydraulic Press,3,9.3,45,1,20035.71,0.45,5,7,28099.64
CNC Lathe,19,6.98,38,2,26668.5,1.38,5,8,60262.44
Hydraulic Press,12,7.48,38,3,39042.31,0.32,6,9,52023.53
Conveyor Belt,4,5.94,66,2,25771.23,0.29,10,10,45605.1
