Crop Type,Pest Type,Pest Size (mm),Pest Color,Affected Area (%),Crop Stage,Pest Behavior,Detection Time (Days Since Sowing),Previous Infestation,"Pest Detected (1=Yes, 0=No)"
Tomato,None,0.5,Green,48.15,Vegetative,Slow-moving,16,0,0
Wheat,Aphids,1.6,White,24.43,Seedling,Fast-moving,3,1,1
Rice,Thrips,1.07,Brown,89.49,Flowering,Clustered,4,1,1
Rice,Thrips,3.23,Yellow,64.17,Seedling,Clustered,22,1,1
Tomato,Thrips,2.29,Yellow,54.54,Flowering,Fast-moving,24,1,1
Rice,None,0.5,Black,45.61,Maturity,Clustered,11,1,0
Potato,None,3.06,Green,6.13,Vegetative,Scattered,7,1,0
Tomato,Aphids,2.2,Yellow,25.01,Flowering,Clustered,15,1,1
Chili,None,2.25,Green,71.63,Vegetative,Slow-moving,28,1,0
Maize,Aphids,1.61,White,23.65,Vegetative,Scattered,14,1,1
Wheat,Leafhoppers,3.01,White,13.28,Seedling,Fast-moving,19,0,1
Cotton,None,0.5,Brown,20.31,Vegetative,Clustered,24,1,0
Tomato,Leafhoppers,0.51,White,16.62,Maturity,Scattered,4,1,1
Chili,Whiteflies,2.1,Black,2.29,Vegetative,Scattered,22,0,1
Chili,Leafhoppers,2.41,White,8.1,Vegetative,Scattered,4,0,1
Cotton,Mites,2.59,Yellow,44.94,Maturity,Fast-moving,9,1,1
Tomato,None,1.41,Black,62.45,Seedling,Slow-moving,18,1,0
Wheat,Aphids,3.3,White,67.91,Vegetative,Slow-moving,9,1,1
Chili,Caterpillars,2.45,Black,11.97,Seedling,Scattered,12,0,1
Potato,None,2.99,Brown,2.93,Maturity,Clustered,8,1,0
Maize,Aphids,2.49,Brown,5.33,Maturity,Slow-moving,19,1,1
Rice,Caterpillars,2.85,Brown,43.01,Vegetative,Scattered,10,1,1
Wheat,Whiteflies,1.34,Green,20.86,Flowering,Fast-moving,6,1,1
Rice,Leafhoppers,2.92,Black,31.92,Flowering,Slow-moving,5,0,1
Wheat,Caterpillars,2.59,White,89.16,Flowering,Slow-moving,29,1,1
Maize,Thrips,3.27,Yellow,76.31,Maturity,Slow-moving,24,0,1
Wheat,Mites,0.5,White,22.12,Maturity,Scattered,20,1,1
Maize,Mites,1.41,Yellow,7.41,Maturity,Fast-moving,25,0,1
Rice,Leafhoppers,3.56,Black,22.7,Seedling,Clustered,19,1,1
Wheat,Thrips,3.91,Black,77.03,Maturity,Clustered,11,0,1
Tomato,Caterpillars,3.9,Yellow,64.09,Seedling,Scattered,24,0,1
Cotton,Mites,2.25,Brown,29.62,Flowering,Fast-moving,26,0,1
Potato,Whiteflies,2.16,Brown,84.03,Maturity,Slow-moving,13,1,1
Cotton,Caterpillars,2.84,Brown,10.65,Vegetative,Clustered,27,0,1
Potato,Leafhoppers,0.83,Yellow,1.98,Maturity,Clustered,21,1,1
Cotton,Caterpillars,0.63,Green,34.23,Seedling,Slow-moving,23,0,1
Potato,Leafhoppers,2.28,White,42.47,Flowering,Clustered,21,0,1
Maize,Whiteflies,4.05,White,61.39,Vegetative,Slow-moving,11,0,1
Tomato,Thrips,0.51,Black,70.91,Maturity,Scattered,7,0,1
Wheat,Thrips,2.09,Green,47.04,Seedling,Slow-moving,28,0,1
Cotton,Caterpillars,2.29,Yellow,48.36,Flowering,Scattered,29,0,1
Chili,Leafhoppers,1.27,Green,47.95,Flowering,Scattered,24,1,1
Potato,Caterpillars,1.15,Black,31.86,Maturity,Clustered,20,0,1
Potato,Thrips,3.55,White,8.87,Vegetative,Slow-moving,3,1,1
Rice,Caterpillars,1.78,Yellow,66.96,Flowering,Slow-moving,16,0,1
Cotton,Whiteflies,2.93,Black,41.25,Vegetative,Scattered,17,1,1
Potato,None,0.5,Green,4.95,Maturity,Slow-moving,22,1,0
Tomato,Thrips,1.04,Black,62.58,Maturity,Scattered,2,0,1
Chili,Thrips,1.62,Green,30.55,Maturity,Slow-moving,26,1,1
Cotton,Caterpillars,3.29,White,11.86,Maturity,Slow-moving,3,1,1
Maize,Mites,0.71,Black,22.68,Maturity,Fast-moving,29,1,1
Tomato,Caterpillars,1.3,Black,52.62,Maturity,Scattered,25,1,1
Cotton,Caterpillars,2.29,Green,81.67,Seedling,Slow-moving,6,1,1
Maize,None,3.95,Black,17.58,Seedling,Slow-moving,13,0,0
Maize,Leafhoppers,1.64,Brown,82.26,Seedling,Fast-moving,15,0,1
Potato,Aphids,2.08,Green,88.78,Seedling,Slow-moving,23,0,1
Wheat,Whiteflies,0.5,Black,77.11,Maturity,Clustered,19,0,1
Chili,None,0.78,Green,89.43,Vegetative,Fast-moving,13,1,0
Maize,Thrips,2.69,Brown,54.27,Vegetative,Slow-moving,7,0,1
Cotton,None,2.37,Black,89.85,Seedling,Scattered,8,1,0
Potato,None,0.5,Black,33.79,Maturity,Fast-moving,24,0,0
Potato,Whiteflies,2.98,Green,77.13,Flowering,Clustered,22,0,1
Chili,Whiteflies,1.79,Green,22.91,Maturity,Slow-moving,7,0,1
Potato,Caterpillars,2.21,Black,63.58,Vegetative,Clustered,12,0,1
Tomato,Caterpillars,2.72,Brown,62.53,Maturity,Fast-moving,12,1,1
Tomato,None,2.92,Black,3.24,Maturity,Clustered,14,0,0
Cotton,None,2.03,Brown,27.14,Seedling,Fast-moving,9,0,0
Cotton,None,2.5,Green,49.43,Maturity,Fast-moving,2,1,0
Cotton,Thrips,1.79,Green,46.98,Vegetative,Fast-moving,13,1,1
Maize,Thrips,1.79,Green,75.99,Vegetative,Clustered,15,0,1
Potato,Leafhoppers,1.99,Brown,63.51,Maturity,Slow-moving,29,1,1
Tomato,Thrips,1.91,Green,12.61,Maturity,Scattered,11,0,1
Chili,Aphids,2.03,Brown,9.79,Seedling,Clustered,29,1,1
Potato,Thrips,2.83,Yellow,69.58,Flowering,Slow-moving,14,0,1
Tomato,Caterpillars,1.14,Brown,56.74,Maturity,Slow-moving,7,1,1
Potato,Whiteflies,2.0,Yellow,62.65,Vegetative,Scattered,4,1,1
Rice,None,2.77,Brown,44.61,Flowering,Clustered,19,1,0
Rice,Aphids,3.0,Yellow,87.64,Flowering,Scattered,3,0,1
Chili,Mites,2.16,White,42.43,Vegetative,Scattered,13,0,1
Wheat,Caterpillars,2.51,Green,76.22,Maturity,Slow-moving,15,1,1
Chili,Aphids,2.79,White,27.01,Seedling,Clustered,3,0,1
Tomato,Mites,2.51,Yellow,19.12,Flowering,Fast-moving,24,1,1
Maize,Thrips,0.92,Green,28.78,Maturity,Slow-moving,10,0,1
Potato,Aphids,1.35,White,89.41,Seedling,Scattered,28,0,1
Maize,Caterpillars,0.5,Brown,22.08,Flowering,Clustered,10,1,1
Maize,Mites,2.11,Green,28.99,Seedling,Clustered,5,0,1
Tomato,Leafhoppers,1.77,Green,71.25,Flowering,Clustered,26,1,1
Rice,Caterpillars,1.02,Green,64.03,Vegetative,Scattered,9,0,1
Rice,Leafhoppers,3.48,Black,37.42,Flowering,Fast-moving,29,1,1
Maize,Thrips,1.3,Green,61.42,Maturity,Scattered,25,1,1
Rice,Caterpillars,1.25,Green,29.39,Flowering,Scattered,1,0,1
Chili,None,3.65,Yellow,32.18,Seedling,Clustered,17,1,0
Wheat,Aphids,2.24,Yellow,51.41,Seedling,Scattered,25,0,1
Rice,Mites,2.28,Yellow,79.13,Maturity,Scattered,20,0,1
Tomato,Whiteflies,2.52,White,6.97,Maturity,Scattered,29,1,1
Tomato,Leafhoppers,0.5,White,80.56,Seedling,Clustered,1,0,1
Wheat,Leafhoppers,1.04,Green,65.98,Vegetative,Slow-moving,18,0,1
Chili,Aphids,0.99,Green,20.12,Maturity,Fast-moving,4,0,1
Potato,Mites,0.5,Black,83.8,Maturity,Clustered,3,1,1
Wheat,Aphids,2.46,White,53.45,Flowering,Clustered,16,1,1
Chili,Leafhoppers,2.74,Black,22.5,Vegetative,Scattered,29,0,1
Rice,Caterpillars,1.98,Brown,29.89,Seedling,Clustered,12,1,1
Maize,Thrips,0.82,White,89.13,Vegetative,Fast-moving,23,0,1
Rice,Caterpillars,2.41,Brown,86.44,Maturity,Clustered,2,0,1
Rice,Caterpillars,0.55,Green,88.77,Vegetative,Fast-moving,25,0,1
Maize,Leafhoppers,1.31,Black,12.71,Vegetative,Clustered,17,1,1
Tomato,Whiteflies,1.39,Yellow,37.5,Flowering,Slow-moving,29,1,1
Potato,Caterpillars,4.46,Brown,6.3,Vegetative,Clustered,7,0,1
Wheat,Leafhoppers,1.57,Brown,48.84,Maturity,Fast-moving,17,0,1
Potato,Thrips,0.87,Yellow,2.01,Maturity,Slow-moving,3,1,1
Chili,Aphids,0.88,Yellow,16.12,Flowering,Clustered,14,1,1
Chili,Caterpillars,1.78,Green,57.98,Maturity,Slow-moving,11,0,1
Rice,Whiteflies,4.29,Brown,1.83,Vegetative,Slow-moving,11,1,1
Cotton,Mites,0.63,White,70.54,Maturity,Slow-moving,10,1,1
Cotton,Aphids,3.61,Black,80.68,Vegetative,Slow-moving,18,1,1
Cotton,None,0.77,Brown,83.97,Seedling,Fast-moving,15,0,0
Maize,Thrips,1.94,Green,64.77,Vegetative,Slow-moving,9,1,1
Wheat,None,3.07,Black,81.52,Seedling,Fast-moving,12,0,0
Potato,Whiteflies,2.37,White,50.0,Vegetative,Scattered,25,1,1
Tomato,None,2.12,Black,81.59,Seedling,Fast-moving,10,0,0
Cotton,Mites,1.2,Brown,69.07,Vegetative,Fast-moving,25,1,1
Maize,Whiteflies,2.74,Green,12.23,Seedling,Clustered,15,1,1
Tomato,Caterpillars,1.88,Brown,88.4,Vegetative,Scattered,2,0,1
Cotton,Mites,0.5,Black,24.56,Vegetative,Slow-moving,5,1,1
Maize,Mites,1.76,Green,38.48,Vegetative,Slow-moving,7,0,1
Maize,Aphids,0.9,Green,17.52,Flowering,Scattered,18,0,1
Chili,Whiteflies,1.18,Black,85.0,Maturity,Fast-moving,19,1,1
Maize,None,3.77,Black,15.44,Maturity,Clustered,5,1,0
Tomato,Thrips,1.82,White,66.95,Seedling,Clustered,15,1,1
Maize,Whiteflies,1.27,Black,41.14,Seedling,Scattered,18,0,1
Rice,Leafhoppers,4.4,Black,19.23,Vegetative,Fast-moving,1,0,1
Tomato,Mites,1.25,Green,16.87,Flowering,Fast-moving,16,1,1
Tomato,Mites,0.52,Yellow,86.08,Vegetative,Scattered,23,1,1
Wheat,Mites,3.99,Yellow,57.04,Maturity,Fast-moving,21,1,1
Chili,None,2.19,Black,20.35,Seedling,Scattered,18,1,0
Wheat,Thrips,3.38,Green,64.36,Flowering,Scattered,8,0,1
Rice,Aphids,0.5,Yellow,49.85,Vegetative,Fast-moving,24,1,1
Tomato,Thrips,0.94,Black,27.15,Seedling,Scattered,15,1,1
Cotton,Leafhoppers,3.27,White,34.96,Vegetative,Scattered,15,1,1
Maize,Mites,2.2,Green,17.67,Seedling,Scattered,20,0,1
Tomato,Caterpillars,1.28,Black,80.15,Maturity,Slow-moving,22,1,1
Cotton,Thrips,0.76,White,45.48,Maturity,Clustered,12,1,1
Maize,Mites,2.77,Yellow,29.36,Vegetative,Clustered,19,0,1
Wheat,Caterpillars,1.82,Black,87.15,Seedling,Slow-moving,9,1,1
Cotton,Caterpillars,1.04,Green,18.21,Maturity,Clustered,24,1,1
Tomato,Mites,1.73,Black,72.56,Seedling,Fast-moving,3,1,1
Tomato,Mites,1.25,Yellow,14.3,Flowering,Scattered,6,1,1
Maize,Whiteflies,1.13,Yellow,14.6,Vegetative,Fast-moving,17,0,1
Rice,Leafhoppers,0.54,Green,49.35,Vegetative,Clustered,3,0,1
Chili,Whiteflies,2.9,Green,7.66,Vegetative,Slow-moving,12,0,1
Cotton,Whiteflies,1.87,White,60.72,Seedling,Scattered,10,1,1
Tomato,Mites,3.03,Brown,69.87,Maturity,Fast-moving,9,0,1
Wheat,Thrips,3.73,Green,76.22,Vegetative,Scattered,15,1,1
Potato,Thrips,2.05,White,23.45,Maturity,Fast-moving,16,1,1
Cotton,Aphids,3.99,Black,70.94,Seedling,Clustered,13,1,1
Wheat,Whiteflies,3.0,Green,89.94,Maturity,Slow-moving,9,0,1
Potato,Whiteflies,1.61,Yellow,83.32,Maturity,Slow-moving,17,0,1
Potato,Whiteflies,3.17,Green,84.69,Maturity,Fast-moving,25,1,1
Tomato,Aphids,0.99,Green,82.1,Vegetative,Slow-moving,11,0,1
Chili,Leafhoppers,2.1,Black,11.94,Maturity,Scattered,29,0,1
Wheat,Aphids,2.93,Black,7.46,Flowering,Fast-moving,28,0,1
Rice,Caterpillars,2.36,Green,8.2,Flowering,Fast-moving,27,0,1
Rice,None,2.6,Green,66.19,Vegetative,Scattered,5,1,0
Cotton,Whiteflies,3.22,Green,14.2,Flowering,Clustered,15,1,1
Chili,Aphids,4.21,White,4.22,Maturity,Scattered,22,0,1
Potato,Thrips,1.76,Green,54.94,Vegetative,Scattered,27,0,1
Cotton,Caterpillars,2.69,Yellow,16.13,Vegetative,Fast-moving,21,0,1
Cotton,Thrips,0.61,Green,58.15,Seedling,Slow-moving,10,1,1
Rice,None,1.94,Yellow,30.88,Flowering,Scattered,25,0,0
Maize,Mites,1.73,Brown,12.3,Vegetative,Clustered,24,0,1
Rice,Aphids,2.83,Yellow,71.01,Vegetative,Clustered,5,1,1
Cotton,Mites,1.95,Green,59.65,Flowering,Fast-moving,13,0,1
Wheat,Caterpillars,2.32,Green,54.46,Maturity,Fast-moving,20,1,1
Chili,Caterpillars,2.57,Brown,74.72,Seedling,Scattered,5,1,1
Chili,Aphids,0.79,Brown,35.45,Seedling,Scattered,17,0,1
Maize,Mites,3.59,Yellow,3.65,Seedling,Clustered,16,0,1
Wheat,Aphids,1.62,Green,34.65,Flowering,Scattered,27,1,1
Wheat,Aphids,2.68,White,28.41,Maturity,Fast-moving,19,0,1
Cotton,Caterpillars,0.5,Brown,60.04,Seedling,Scattered,6,1,1
Wheat,Aphids,2.2,Black,41.01,Vegetative,Scattered,28,0,1
Chili,Mites,4.01,Black,49.32,Maturity,Clustered,20,0,1
Wheat,Leafhoppers,2.82,Green,34.23,Maturity,Fast-moving,11,1,1
Cotton,Aphids,2.49,Brown,84.42,Flowering,Slow-moving,27,1,1
Tomato,Thrips,3.08,Black,49.06,Seedling,Scattered,1,1,1
Tomato,Mites,2.55,Black,78.43,Flowering,Scattered,10,1,1
Rice,Mites,2.62,Black,79.96,Vegetative,Clustered,24,0,1
Maize,Thrips,1.84,Black,44.5,Vegetative,Slow-moving,14,0,1
Rice,Mites,2.09,White,23.15,Maturity,Fast-moving,22,1,1
Maize,Mites,0.86,White,49.52,Maturity,Slow-moving,5,1,1
Wheat,Mites,3.45,Green,50.32,Seedling,Clustered,9,0,1
Potato,Mites,3.27,White,49.07,Seedling,Fast-moving,6,1,1
Wheat,None,1.11,White,70.03,Vegetative,Clustered,10,0,0
Cotton,Leafhoppers,3.67,Green,38.57,Vegetative,Scattered,29,0,1
Cotton,Aphids,1.97,Yellow,66.25,Flowering,Scattered,2,1,1
Rice,Thrips,1.03,White,37.12,Seedling,Scattered,11,0,1
Chili,Whiteflies,2.47,White,10.89,Flowering,Slow-moving,5,1,1
Chili,Aphids,1.41,Brown,84.5,Flowering,Clustered,16,1,1
Potato,Caterpillars,1.27,Yellow,74.16,Vegetative,Slow-moving,27,0,1
Potato,Thrips,1.41,Green,82.45,Flowering,Clustered,21,1,1
Potato,Thrips,2.73,Brown,57.11,Flowering,Slow-moving,9,0,1
Maize,Mites,2.37,Green,17.94,Maturity,Slow-moving,1,0,1
Maize,Leafhoppers,1.94,Green,11.82,Vegetative,Slow-moving,10,1,1
Wheat,Leafhoppers,0.59,White,50.58,Seedling,Slow-moving,9,0,1
Wheat,Whiteflies,2.32,Green,76.12,Vegetative,Clustered,15,1,1
Rice,None,2.64,Yellow,23.06,Seedling,Fast-moving,9,1,0
Rice,Thrips,3.03,Black,80.39,Vegetative,Slow-moving,14,1,1
Potato,Aphids,5.28,Brown,14.48,Vegetative,Clustered,6,1,1
Rice,Leafhoppers,3.16,Brown,37.69,Flowering,Clustered,15,1,1
Cotton,Mites,1.69,Yellow,24.01,Seedling,Fast-moving,29,1,1
Maize,Thrips,2.39,White,82.76,Seedling,Scattered,23,1,1
Rice,Mites,1.87,Green,72.78,Seedling,Clustered,11,1,1
Tomato,None,3.39,Yellow,42.83,Seedling,Clustered,4,0,0
Tomato,Aphids,2.32,Brown,57.43,Flowering,Fast-moving,19,0,1
Wheat,Aphids,1.29,Yellow,84.66,Maturity,Slow-moving,15,1,1
Cotton,Mites,3.18,Yellow,88.12,Vegetative,Scattered,12,1,1
Rice,Leafhoppers,3.34,Brown,82.76,Maturity,Slow-moving,1,0,1
Rice,Aphids,2.02,Yellow,76.29,Seedling,Slow-moving,18,0,1
Cotton,Aphids,2.09,Green,63.66,Seedling,Slow-moving,2,1,1
Chili,Aphids,2.68,Green,42.28,Seedling,Scattered,19,0,1
Tomato,None,0.67,Green,70.22,Flowering,Clustered,17,0,0
Potato,Whiteflies,2.33,Brown,60.96,Maturity,Slow-moving,5,1,1
Potato,Mites,3.27,Yellow,80.97,Maturity,Clustered,21,1,1
Chili,Thrips,1.81,Green,36.58,Maturity,Scattered,16,0,1
Rice,Caterpillars,2.52,Black,76.04,Seedling,Scattered,28,1,1
Potato,None,2.05,Black,2.99,Seedling,Scattered,1,0,0
Wheat,None,4.85,Black,48.88,Vegetative,Clustered,20,0,0
Maize,Whiteflies,1.19,Yellow,18.05,Vegetative,Slow-moving,28,0,1
Rice,Mites,2.43,White,57.76,Vegetative,Scattered,22,0,1
Potato,Mites,1.01,Black,42.49,Flowering,Slow-moving,15,0,1
Cotton,Mites,1.58,Black,11.84,Vegetative,Scattered,26,0,1
Rice,Caterpillars,2.29,Black,55.81,Seedling,Fast-moving,16,0,1
Cotton,Mites,2.1,Black,64.61,Seedling,Slow-moving,26,0,1
Maize,Aphids,1.25,White,42.64,Seedling,Fast-moving,13,1,1
Maize,Leafhoppers,2.92,Green,9.83,Maturity,Clustered,16,1,1
Rice,Whiteflies,4.21,Green,23.78,Vegetative,Clustered,17,0,1
Potato,Leafhoppers,2.0,Brown,83.09,Flowering,Slow-moving,24,0,1
Wheat,Caterpillars,1.38,White,29.81,Maturity,Clustered,17,0,1
Tomato,Whiteflies,3.46,Green,55.37,Vegetative,Fast-moving,17,1,1
Rice,Thrips,1.8,Green,72.57,Seedling,Scattered,23,1,1
Rice,Aphids,2.49,Brown,53.0,Vegetative,Scattered,24,1,1
Chili,Leafhoppers,3.11,Green,38.06,Flowering,Clustered,21,1,1
Rice,None,2.18,White,3.57,Seedling,Clustered,7,1,0
Potato,None,1.68,White,49.48,Seedling,Slow-moving,4,1,0
Tomato,None,1.83,Brown,79.0,Seedling,Fast-moving,11,1,0
Tomato,Whiteflies,1.79,Black,89.6,Vegetative,Scattered,20,0,1
Chili,Aphids,0.5,White,68.62,Seedling,Slow-moving,23,0,1
Tomato,Thrips,3.57,Black,54.54,Maturity,Slow-moving,13,0,1
Maize,Mites,0.74,White,4.36,Maturity,Slow-moving,10,1,1
Rice,Thrips,2.36,Brown,87.0,Vegetative,Scattered,29,0,1
Potato,Aphids,3.53,Yellow,37.72,Flowering,Slow-moving,18,0,1
Rice,Aphids,1.6,Brown,84.09,Flowering,Clustered,12,1,1
Cotton,Mites,0.71,Brown,38.62,Seedling,Scattered,9,1,1
Tomato,Mites,1.25,Yellow,20.91,Vegetative,Slow-moving,27,1,1
Rice,Mites,2.22,Green,69.07,Maturity,Clustered,4,0,1
Chili,None,2.76,Brown,68.25,Flowering,Scattered,28,0,0
Wheat,Thrips,3.29,Yellow,61.94,Maturity,Clustered,25,1,1
Cotton,None,3.03,Brown,48.53,Flowering,Slow-moving,3,1,0
Wheat,Caterpillars,2.05,White,49.52,Maturity,Fast-moving,6,0,1
Cotton,Mites,2.39,White,56.97,Flowering,Slow-moving,22,0,1
Maize,Aphids,2.05,Green,69.66,Vegetative,Scattered,15,0,1
Tomato,Caterpillars,2.15,White,42.07,Vegetative,Slow-moving,27,0,1
Wheat,Leafhoppers,1.09,Black,79.87,Seedling,Clustered,28,1,1
Tomato,Thrips,2.87,Green,82.95,Maturity,Slow-moving,6,0,1
Potato,Leafhoppers,1.53,Green,9.71,Vegetative,Slow-moving,5,1,1
Rice,Mites,1.39,Green,79.52,Seedling,Scattered,19,0,1
Potato,None,3.51,Green,20.52,Maturity,Fast-moving,9,1,0
Cotton,Leafhoppers,2.62,Green,11.29,Seedling,Slow-moving,28,0,1
Chili,None,0.5,Green,52.71,Vegetative,Clustered,26,1,0
Wheat,Whiteflies,2.44,Green,63.18,Maturity,Fast-moving,11,1,1
Maize,Whiteflies,1.34,Yellow,50.66,Vegetative,Slow-moving,24,1,1
Chili,Mites,3.09,Green,39.78,Flowering,Clustered,5,0,1
Chili,Mites,0.52,White,32.83,Vegetative,Slow-moving,22,1,1
Cotton,Mites,3.27,Yellow,40.16,Seedling,Clustered,25,0,1
Chili,Caterpillars,3.11,White,84.06,Maturity,Scattered,21,0,1
Chili,None,1.57,Green,61.46,Maturity,Fast-moving,16,1,0
Tomato,Mites,0.5,White,72.4,Vegetative,Scattered,8,1,1
Cotton,None,2.0,Green,84.84,Flowering,Fast-moving,4,1,0
Cotton,Thrips,2.17,Black,82.89,Vegetative,Slow-moving,5,0,1
Wheat,Aphids,2.77,Brown,57.7,Maturity,Fast-moving,12,1,1
Chili,Aphids,1.97,Green,23.25,Seedling,Fast-moving,5,0,1
Rice,Aphids,0.5,Black,56.02,Seedling,Fast-moving,4,1,1
Chili,Thrips,2.71,Yellow,75.06,Seedling,Fast-moving,19,0,1
Wheat,Whiteflies,2.1,Black,77.52,Seedling,Scattered,21,1,1
Tomato,Thrips,1.51,Yellow,3.97,Flowering,Scattered,28,0,1
Chili,Thrips,1.42,Green,27.32,Maturity,Clustered,3,0,1
Cotton,Thrips,1.45,Brown,18.92,Seedling,Slow-moving,11,0,1
Tomato,Whiteflies,1.92,Green,88.36,Seedling,Clustered,5,0,1
Chili,Aphids,1.94,Yellow,27.99,Seedling,Clustered,2,1,1
Maize,Mites,2.89,Yellow,3.65,Maturity,Fast-moving,11,1,1
Tomato,Mites,2.37,Yellow,38.09,Vegetative,Slow-moving,22,1,1
Wheat,Caterpillars,3.09,Black,74.76,Seedling,Scattered,28,0,1
Potato,Thrips,3.62,Green,1.94,Flowering,Scattered,24,1,1
Tomato,Whiteflies,1.48,Yellow,33.39,Maturity,Fast-moving,12,0,1
Potato,Leafhoppers,2.88,Green,9.9,Maturity,Fast-moving,6,1,1
Potato,Whiteflies,3.52,Green,24.69,Maturity,Scattered,6,1,1
Maize,Caterpillars,2.48,Black,11.17,Flowering,Scattered,12,0,1
Cotton,Leafhoppers,0.5,Black,85.68,Seedling,Scattered,8,1,1
Cotton,Mites,1.53,Yellow,75.62,Flowering,Fast-moving,29,1,1
Wheat,Mites,2.23,White,73.74,Flowering,Slow-moving,28,1,1
Chili,None,2.13,Green,70.04,Maturity,Slow-moving,25,1,0
Tomato,None,1.62,Yellow,67.54,Flowering,Slow-moving,3,1,0
Cotton,Caterpillars,0.5,Green,5.29,Flowering,Clustered,12,1,1
Wheat,Thrips,2.11,Yellow,25.92,Vegetative,Slow-moving,20,1,1
Maize,Leafhoppers,1.94,Green,22.44,Flowering,Clustered,17,0,1
Cotton,Mites,0.5,Green,19.5,Flowering,Fast-moving,9,0,1
Maize,Whiteflies,1.22,Brown,59.32,Maturity,Fast-moving,4,0,1
Chili,Aphids,3.08,White,3.15,Vegetative,Fast-moving,3,0,1
Maize,Leafhoppers,2.52,Yellow,55.3,Maturity,Clustered,15,1,1
Wheat,Aphids,1.62,Black,29.03,Flowering,Scattered,15,0,1
Tomato,Leafhoppers,0.5,Brown,56.64,Seedling,Slow-moving,13,0,1
Chili,Whiteflies,0.88,Black,39.48,Seedling,Slow-moving,15,0,1
Wheat,None,3.58,White,25.66,Flowering,Clustered,15,1,0
Tomato,None,1.51,Brown,89.63,Maturity,Scattered,19,0,0
Wheat,Aphids,0.77,White,89.36,Vegetative,Slow-moving,22,0,1
Maize,Aphids,1.07,Yellow,50.71,Seedling,Clustered,21,1,1
Cotton,Thrips,2.45,Green,61.87,Flowering,Clustered,20,1,1
Potato,Mites,3.02,Yellow,1.61,Flowering,Clustered,23,0,1
Rice,Thrips,1.13,Green,77.5,Seedling,Fast-moving,24,1,1
Chili,Aphids,1.33,White,34.32,Vegetative,Scattered,29,0,1
Maize,None,1.69,Black,31.72,Maturity,Clustered,13,1,0
Cotton,None,1.21,Yellow,85.69,Flowering,Scattered,22,1,0
Cotton,Leafhoppers,2.55,Brown,1.27,Seedling,Slow-moving,4,0,1
Potato,Caterpillars,0.5,Brown,72.13,Flowering,Clustered,10,1,1
Rice,Mites,2.86,Green,82.16,Vegetative,Clustered,12,0,1
Rice,Aphids,1.28,Black,12.28,Flowering,Fast-moving,27,0,1
Tomato,Leafhoppers,1.39,White,86.65,Vegetative,Slow-moving,27,1,1
Tomato,Whiteflies,2.75,Brown,44.32,Maturity,Clustered,12,0,1
Wheat,Thrips,2.19,Black,89.55,Vegetative,Fast-moving,6,0,1
Rice,Thrips,1.94,Yellow,25.4,Flowering,Clustered,15,1,1
Cotton,Leafhoppers,0.93,Black,74.12,Vegetative,Slow-moving,4,0,1
Chili,Aphids,1.0,Green,69.86,Flowering,Scattered,27,0,1
Rice,Whiteflies,2.85,White,54.28,Flowering,Fast-moving,28,1,1
Rice,None,4.98,Yellow,30.62,Maturity,Slow-moving,1,1,0
Cotton,Leafhoppers,1.15,Black,38.95,Vegetative,Fast-moving,10,0,1
Potato,Mites,1.52,Brown,23.4,Flowering,Fast-moving,11,1,1
Potato,Caterpillars,2.26,White,79.9,Vegetative,Scattered,13,0,1
Chili,Thrips,2.22,Black,82.86,Flowering,Slow-moving,7,0,1
Wheat,Whiteflies,2.27,Black,18.73,Flowering,Clustered,7,0,1
Rice,Aphids,3.41,Brown,83.02,Maturity,Fast-moving,21,1,1
Wheat,Whiteflies,1.69,Yellow,11.97,Maturity,Clustered,18,0,1
Chili,Aphids,2.32,Yellow,34.02,Flowering,Clustered,18,0,1
Cotton,Thrips,1.7,White,43.67,Seedling,Scattered,21,0,1
Tomato,Caterpillars,3.49,Green,54.47,Flowering,Scattered,26,1,1
Tomato,Thrips,2.94,Green,28.25,Seedling,Scattered,2,1,1
Maize,Whiteflies,0.5,Yellow,40.82,Flowering,Fast-moving,7,0,1
Rice,Caterpillars,1.81,Yellow,47.62,Seedling,Scattered,25,1,1
Tomato,Whiteflies,2.34,Brown,57.49,Flowering,Fast-moving,26,0,1
Maize,Caterpillars,3.26,White,1.64,Seedling,Clustered,19,0,1
Potato,Thrips,3.31,Yellow,5.24,Flowering,Fast-moving,23,0,1
Maize,None,1.43,Green,11.19,Vegetative,Scattered,26,0,0
Tomato,Caterpillars,3.45,Black,36.85,Flowering,Fast-moving,11,1,1
Chili,Mites,3.39,White,26.72,Flowering,Fast-moving,23,1,1
Wheat,Leafhoppers,2.92,Black,76.89,Vegetative,Fast-moving,3,0,1
Rice,Aphids,2.4,Green,85.57,Flowering,Slow-moving,2,0,1
Rice,Thrips,1.76,Black,51.83,Seedling,Clustered,2,1,1
Cotton,Caterpillars,4.2,Yellow,49.07,Vegetative,Slow-moving,11,0,1
Potato,Caterpillars,0.7,White,27.62,Maturity,Clustered,21,1,1
Chili,Caterpillars,0.9,Black,73.42,Seedling,Fast-moving,6,0,1
Maize,None,2.65,Green,8.0,Seedling,Clustered,8,1,0
Rice,Thrips,2.24,Black,56.66,Seedling,Scattered,14,0,1
Tomato,None,1.24,Black,77.42,Maturity,Slow-moving,5,0,0
Chili,Whiteflies,1.62,Brown,36.64,Seedling,Scattered,25,1,1
Rice,Thrips,0.5,Brown,5.84,Maturity,Scattered,10,1,1
Potato,Aphids,1.36,Yellow,86.19,Maturity,Slow-moving,17,1,1
Tomato,Mites,1.67,White,82.0,Vegetative,Slow-moving,11,1,1
Potato,Aphids,1.2,Black,56.4,Flowering,Fast-moving,28,0,1
Maize,Thrips,2.56,Green,67.9,Flowering,Fast-moving,22,1,1
Rice,Aphids,1.65,White,75.69,Vegetative,Fast-moving,28,0,1
Maize,Whiteflies,0.5,White,74.84,Vegetative,Slow-moving,23,1,1
Tomato,Leafhoppers,1.6,White,48.04,Vegetative,Clustered,24,0,1
Potato,None,0.7,Yellow,28.94,Vegetative,Clustered,9,1,0
Potato,Aphids,1.38,White,16.13,Vegetative,Slow-moving,29,1,1
Potato,Thrips,1.97,Brown,77.59,Flowering,Scattered,22,0,1
Potato,Mites,4.46,Green,50.58,Flowering,Fast-moving,11,1,1
Rice,Caterpillars,1.14,Black,53.01,Vegetative,Scattered,20,1,1
Cotton,Caterpillars,1.78,Black,50.35,Maturity,Slow-moving,25,0,1
Rice,Thrips,0.5,Brown,69.22,Flowering,Scattered,2,1,1
Tomato,Leafhoppers,0.5,Black,66.28,Seedling,Clustered,24,0,1
Chili,Caterpillars,2.76,Green,85.82,Vegetative,Scattered,24,1,1
Wheat,Mites,1.65,Brown,50.65,Maturity,Clustered,3,0,1
Cotton,Mites,1.79,Yellow,22.36,Vegetative,Slow-moving,3,0,1
Tomato,Mites,2.94,Brown,27.87,Seedling,Clustered,15,0,1
Chili,Aphids,1.62,Black,49.69,Flowering,Slow-moving,11,1,1
Tomato,Whiteflies,1.93,Black,83.0,Seedling,Slow-moving,3,0,1
Tomato,Leafhoppers,2.41,White,52.48,Maturity,Fast-moving,8,1,1
Wheat,Mites,1.83,Brown,33.63,Vegetative,Clustered,3,0,1
Tomato,Leafhoppers,1.75,White,69.27,Vegetative,Scattered,4,1,1
Maize,None,2.12,Brown,9.87,Seedling,Clustered,16,0,0
Potato,Aphids,1.2,Yellow,17.38,Seedling,Clustered,2,1,1
Tomato,None,1.93,Green,88.92,Vegetative,Fast-moving,23,0,0
Rice,Thrips,2.23,Black,46.68,Maturity,Slow-moving,2,0,1
Maize,Caterpillars,3.21,Green,2.87,Maturity,Fast-moving,6,1,1
Chili,Aphids,1.72,Yellow,78.79,Vegetative,Scattered,15,1,1
Potato,None,2.49,Yellow,21.4,Vegetative,Fast-moving,2,0,0
Cotton,Aphids,3.55,Yellow,34.25,Vegetative,Fast-moving,25,0,1
Cotton,Caterpillars,2.05,Brown,54.53,Vegetative,Fast-moving,19,0,1
Rice,Whiteflies,3.38,White,25.59,Vegetative,Fast-moving,5,0,1
Tomato,Caterpillars,0.86,Yellow,65.37,Flowering,Scattered,5,1,1
Maize,Thrips,1.66,Yellow,31.64,Flowering,Slow-moving,16,0,1
Rice,Mites,1.97,Black,71.0,Maturity,Fast-moving,18,0,1
Rice,Whiteflies,2.62,Green,25.58,Flowering,Slow-moving,10,1,1
Rice,Caterpillars,2.98,Green,61.41,Seedling,Clustered,22,0,1
Chili,Leafhoppers,1.77,Brown,8.52,Maturity,Fast-moving,7,0,1
Potato,Leafhoppers,2.81,White,89.15,Seedling,Fast-moving,10,1,1
Potato,Thrips,1.75,White,79.43,Vegetative,Slow-moving,13,1,1
Potato,Aphids,4.27,Green,8.34,Flowering,Fast-moving,24,0,1
Tomato,Caterpillars,1.42,Green,80.53,Maturity,Clustered,20,0,1
Potato,Caterpillars,0.5,Yellow,81.85,Vegetative,Clustered,5,0,1
Rice,Thrips,1.43,Brown,4.71,Maturity,Slow-moving,27,1,1
Potato,Aphids,3.2,Brown,16.97,Flowering,Fast-moving,25,0,1
Cotton,Whiteflies,0.67,Yellow,66.04,Seedling,Scattered,26,1,1
Potato,Whiteflies,2.76,Green,41.82,Maturity,Clustered,24,0,1
Cotton,Thrips,1.21,Brown,78.14,Flowering,Scattered,18,0,1
Cotton,Thrips,1.68,Brown,85.3,Maturity,Scattered,5,1,1
Chili,Thrips,1.95,Yellow,86.8,Vegetative,Clustered,20,0,1
Potato,Leafhoppers,2.06,Brown,54.86,Maturity,Fast-moving,22,1,1
Wheat,Aphids,1.74,Green,18.32,Seedling,Clustered,7,0,1
Cotton,Aphids,0.5,Green,52.71,Maturity,Clustered,18,0,1
Potato,Mites,1.78,Green,12.86,Maturity,Clustered,4,1,1
Chili,Mites,2.05,Yellow,17.69,Seedling,Scattered,22,0,1
Maize,None,1.9,White,25.13,Vegetative,Clustered,7,1,0
Wheat,Leafhoppers,1.03,Black,53.78,Flowering,Clustered,9,1,1
Cotton,Leafhoppers,1.63,Green,58.34,Maturity,Fast-moving,16,1,1
Tomato,Mites,0.85,White,85.33,Flowering,Clustered,6,1,1
Maize,Aphids,2.11,White,52.04,Maturity,Scattered,2,1,1
Chili,Thrips,1.28,Black,43.95,Flowering,Clustered,5,1,1
Chili,Whiteflies,2.24,Yellow,26.56,Seedling,Scattered,18,1,1
Potato,Mites,0.83,Brown,47.34,Vegetative,Clustered,23,0,1
Cotton,Caterpillars,2.36,Brown,14.2,Flowering,Fast-moving,16,1,1
Tomato,Whiteflies,1.26,Brown,17.14,Vegetative,Slow-moving,3,0,1
Maize,Caterpillars,1.58,Yellow,66.51,Seedling,Scattered,11,1,1
Wheat,Mites,1.56,Green,63.44,Vegetative,Slow-moving,1,0,1
Potato,Aphids,2.5,White,13.5,Flowering,Fast-moving,24,0,1
Wheat,Mites,0.5,Brown,70.41,Maturity,Clustered,25,0,1
Wheat,Mites,2.33,Brown,67.3,Flowering,Fast-moving,26,0,1
Tomato,Caterpillars,0.52,White,11.77,Seedling,Slow-moving,10,0,1
Cotton,Caterpillars,0.59,Yellow,13.23,Flowering,Clustered,23,1,1
Rice,Mites,2.25,White,19.82,Vegetative,Fast-moving,17,1,1
Rice,Leafhoppers,2.4,Green,29.7,Vegetative,Slow-moving,21,1,1
Chili,Leafhoppers,0.98,Green,27.6,Vegetative,Clustered,11,0,1
Tomato,Thrips,2.71,Yellow,37.67,Maturity,Fast-moving,18,1,1
Tomato,Aphids,3.63,White,10.38,Seedling,Slow-moving,8,0,1
Chili,Whiteflies,0.84,Black,58.86,Maturity,Fast-moving,22,1,1
Wheat,None,1.91,Yellow,30.26,Vegetative,Fast-moving,2,0,0
Wheat,Mites,1.17,White,46.51,Flowering,Scattered,23,1,1
Rice,Caterpillars,2.57,Green,56.56,Flowering,Clustered,25,0,1
Potato,None,1.35,Brown,11.73,Seedling,Scattered,6,0,0
Chili,Thrips,1.57,Green,67.8,Seedling,Slow-moving,10,0,1
Potato,Mites,1.42,Yellow,59.01,Maturity,Scattered,26,1,1
Wheat,Aphids,0.62,Black,32.9,Flowering,Fast-moving,4,1,1
Chili,Leafhoppers,0.99,Brown,76.72,Vegetative,Clustered,3,1,1
Maize,Thrips,1.27,Brown,36.72,Flowering,Slow-moving,25,0,1
Chili,Leafhoppers,3.0,White,70.49,Seedling,Clustered,17,1,1
Rice,Caterpillars,0.91,White,73.24,Maturity,Slow-moving,19,1,1
Tomato,Aphids,2.32,White,46.03,Seedling,Clustered,17,0,1
Maize,Whiteflies,1.22,Green,42.23,Seedling,Scattered,24,0,1
Rice,Whiteflies,3.03,Brown,69.92,Seedling,Fast-moving,28,0,1
Chili,Aphids,1.71,White,52.15,Vegetative,Slow-moving,5,1,1
Maize,Leafhoppers,2.27,Black,58.27,Vegetative,Fast-moving,9,0,1
Cotton,Whiteflies,2.7,Yellow,17.02,Vegetative,Clustered,17,0,1
Chili,Aphids,2.3,White,45.32,Vegetative,Scattered,1,0,1
Tomato,Caterpillars,5.08,White,8.71,Vegetative,Slow-moving,19,1,1
Tomato,Mites,0.91,Black,59.3,Maturity,Scattered,2,1,1
Rice,Leafhoppers,3.23,Green,51.06,Maturity,Fast-moving,1,0,1
Wheat,Aphids,2.75,Green,16.94,Seedling,Fast-moving,25,0,1
Chili,Mites,1.44,Black,47.4,Seedling,Scattered,13,1,1
Wheat,Caterpillars,1.77,Brown,20.6,Vegetative,Clustered,9,1,1
Potato,Aphids,1.26,Brown,74.44,Seedling,Fast-moving,13,0,1
Maize,Mites,0.61,Yellow,9.82,Seedling,Scattered,14,0,1
Wheat,None,2.79,Green,33.63,Seedling,Fast-moving,14,0,0
Chili,Caterpillars,1.55,Brown,52.91,Flowering,Slow-moving,18,1,1
Tomato,None,3.12,Green,6.59,Seedling,Scattered,11,0,0
Wheat,Thrips,1.33,Brown,14.5,Seedling,Scattered,13,1,1
Wheat,Whiteflies,2.91,Black,8.61,Vegetative,Scattered,19,1,1
Maize,None,2.64,Brown,81.31,Vegetative,Slow-moving,23,1,0
Cotton,Caterpillars,2.38,Green,73.48,Flowering,Scattered,20,1,1
Maize,Caterpillars,1.13,Brown,67.9,Vegetative,Clustered,12,1,1
Chili,Mites,0.5,White,6.87,Flowering,Scattered,15,0,1
Chili,Leafhoppers,2.55,Green,55.45,Flowering,Fast-moving,13,1,1
Potato,None,2.52,Yellow,19.29,Seedling,Clustered,19,1,0
Tomato,Caterpillars,2.87,Brown,59.23,Seedling,Fast-moving,10,0,1
Tomato,None,0.5,Brown,26.67,Flowering,Slow-moving,7,1,0
Maize,Whiteflies,0.97,Brown,39.4,Vegetative,Fast-moving,1,0,1
Tomato,Caterpillars,1.56,Brown,59.24,Maturity,Scattered,25,1,1
Maize,Mites,1.74,Brown,68.28,Maturity,Slow-moving,23,0,1
Rice,Mites,1.61,White,19.59,Maturity,Slow-moving,24,0,1
Rice,Thrips,2.01,White,36.95,Seedling,Fast-moving,1,0,1
Chili,None,0.5,Brown,54.27,Maturity,Slow-moving,9,1,0
Cotton,Aphids,3.1,Yellow,45.79,Maturity,Fast-moving,24,0,1
Rice,Thrips,1.13,Yellow,32.6,Seedling,Slow-moving,22,0,1
Chili,Leafhoppers,1.26,Black,86.63,Vegetative,Clustered,22,1,1
Tomato,Whiteflies,2.89,Green,60.46,Flowering,Slow-moving,10,1,1
Rice,Aphids,1.19,Brown,50.36,Flowering,Scattered,28,1,1
Tomato,Mites,1.4,Yellow,30.86,Vegetative,Clustered,2,1,1
Tomato,Leafhoppers,4.14,Brown,64.29,Maturity,Scattered,2,1,1
Potato,Aphids,0.5,Brown,39.84,Seedling,Fast-moving,17,0,1
Chili,Aphids,3.16,Brown,4.2,Seedling,Scattered,29,0,1
Maize,Aphids,3.28,Green,3.45,Flowering,Slow-moving,24,0,1
Tomato,Thrips,2.25,Black,50.65,Vegetative,Fast-moving,26,0,1
Chili,Thrips,1.4,Black,51.88,Maturity,Scattered,15,1,1
Potato,Caterpillars,1.77,Brown,69.57,Maturity,Clustered,20,1,1
Chili,Whiteflies,2.08,Brown,36.45,Maturity,Scattered,8,0,1
Maize,Caterpillars,1.12,Yellow,71.35,Vegetative,Scattered,10,0,1
Rice,Whiteflies,1.16,Yellow,81.85,Vegetative,Fast-moving,16,0,1
Rice,None,2.2,Black,18.17,Maturity,Scattered,28,1,0
Tomato,Mites,1.61,Green,52.38,Vegetative,Clustered,26,0,1
Rice,Whiteflies,2.92,Brown,59.58,Flowering,Clustered,10,0,1
Maize,Whiteflies,2.01,Brown,49.7,Seedling,Fast-moving,11,1,1
Rice,Caterpillars,1.11,Yellow,65.43,Vegetative,Fast-moving,20,1,1
Wheat,None,2.93,Green,15.68,Vegetative,Slow-moving,18,1,0
Potato,Leafhoppers,3.74,Brown,30.31,Seedling,Clustered,3,0,1
Rice,Mites,0.72,Yellow,20.04,Flowering,Scattered,7,0,1
Rice,Mites,2.23,Black,50.4,Maturity,Scattered,25,1,1
Tomato,Caterpillars,2.67,White,40.14,Flowering,Fast-moving,17,0,1
Tomato,Thrips,1.49,Yellow,49.93,Flowering,Scattered,28,1,1
Rice,Leafhoppers,1.5,Brown,14.67,Vegetative,Slow-moving,28,1,1
Tomato,Whiteflies,1.17,Black,59.03,Flowering,Fast-moving,1,0,1
Rice,Whiteflies,2.42,White,86.74,Maturity,Scattered,6,1,1
Chili,Aphids,0.71,Black,9.61,Flowering,Scattered,13,0,1
Maize,None,2.48,Green,29.21,Vegetative,Clustered,19,1,0
Rice,None,2.15,Yellow,35.34,Seedling,Slow-moving,1,0,0
Tomato,Aphids,2.96,White,81.56,Vegetative,Fast-moving,9,1,1
Tomato,Whiteflies,2.35,White,29.94,Vegetative,Slow-moving,28,1,1
Rice,Caterpillars,0.98,Green,32.03,Maturity,Fast-moving,9,1,1
Tomato,Thrips,2.55,Green,36.46,Maturity,Clustered,16,1,1
Wheat,Leafhoppers,0.79,Yellow,1.4,Flowering,Clustered,5,0,1
Potato,Aphids,1.22,Black,69.35,Maturity,Slow-moving,18,1,1
Maize,Leafhoppers,0.94,Black,70.57,Flowering,Fast-moving,24,0,1
Cotton,Whiteflies,2.94,Yellow,24.42,Vegetative,Fast-moving,29,0,1
Chili,Whiteflies,2.86,Green,75.08,Maturity,Scattered,1,0,1
Chili,Whiteflies,1.27,Brown,49.67,Maturity,Scattered,12,1,1
Tomato,Thrips,2.03,Green,28.22,Flowering,Clustered,28,1,1
Cotton,Leafhoppers,2.13,Black,25.0,Seedling,Slow-moving,8,1,1
Potato,Aphids,3.2,White,64.05,Vegetative,Slow-moving,6,0,1
Tomato,Thrips,1.0,Black,51.45,Seedling,Fast-moving,25,1,1
Chili,Leafhoppers,1.85,Black,44.74,Maturity,Scattered,11,0,1
Chili,Aphids,3.0,Brown,13.36,Vegetative,Slow-moving,23,1,1
Tomato,Mites,0.95,Yellow,60.1,Flowering,Clustered,18,1,1
Rice,None,2.76,Brown,48.98,Vegetative,Slow-moving,25,1,0
Chili,Whiteflies,1.74,White,43.79,Flowering,Fast-moving,24,1,1
Wheat,Whiteflies,2.18,White,79.95,Seedling,Slow-moving,11,0,1
Tomato,None,2.06,Green,59.21,Flowering,Fast-moving,25,0,0
Cotton,Leafhoppers,1.35,Black,24.88,Maturity,Fast-moving,22,0,1
Rice,Thrips,2.0,White,86.25,Vegetative,Clustered,14,0,1
Chili,Thrips,1.21,Green,56.62,Maturity,Fast-moving,1,1,1
Potato,None,1.41,Black,70.94,Flowering,Scattered,3,0,0
Maize,Caterpillars,1.37,Yellow,11.79,Seedling,Clustered,4,0,1
Chili,Caterpillars,3.24,White,55.54,Seedling,Scattered,22,1,1
Tomato,Whiteflies,2.92,White,59.38,Vegetative,Fast-moving,4,1,1
Tomato,Mites,0.56,White,1.41,Flowering,Fast-moving,9,0,1
Maize,Thrips,2.72,Brown,46.36,Flowering,Scattered,18,0,1
Cotton,Leafhoppers,0.95,Brown,37.01,Seedling,Slow-moving,14,0,1
Potato,None,2.14,Brown,60.95,Vegetative,Clustered,28,0,0
Potato,Whiteflies,1.79,Yellow,41.01,Vegetative,Fast-moving,1,1,1
Potato,Leafhoppers,3.8,Black,58.98,Flowering,Clustered,17,1,1
Maize,Leafhoppers,0.55,White,35.43,Flowering,Fast-moving,18,0,1
Cotton,Thrips,2.39,Yellow,30.79,Seedling,Clustered,27,0,1
Tomato,Whiteflies,2.5,Black,14.46,Flowering,Clustered,26,0,1
Potato,Leafhoppers,0.56,Green,33.95,Flowering,Scattered,22,1,1
Tomato,None,0.5,Green,18.93,Seedling,Clustered,8,0,0
Wheat,Mites,1.16,Yellow,89.9,Maturity,Scattered,14,0,1
Potato,Whiteflies,2.03,Yellow,84.15,Seedling,Fast-moving,6,0,1
Maize,Leafhoppers,2.23,Yellow,88.4,Vegetative,Clustered,22,0,1
Chili,Mites,1.03,Black,33.63,Seedling,Scattered,5,1,1
Chili,Thrips,2.4,Yellow,39.11,Maturity,Slow-moving,13,1,1
Tomato,Whiteflies,2.56,Green,54.06,Maturity,Clustered,18,0,1
Potato,Leafhoppers,2.05,Yellow,71.0,Flowering,Scattered,16,0,1
Potato,Thrips,2.96,Brown,55.82,Flowering,Scattered,2,0,1
Tomato,Leafhoppers,3.06,Green,33.51,Flowering,Clustered,24,0,1
Tomato,Thrips,2.29,Yellow,30.0,Flowering,Fast-moving,14,0,1
Cotton,Whiteflies,1.82,White,25.88,Flowering,Scattered,1,1,1
Cotton,Leafhoppers,1.09,Black,53.93,Flowering,Fast-moving,19,1,1
Maize,Whiteflies,0.97,Yellow,67.89,Vegetative,Clustered,13,1,1
Rice,Leafhoppers,1.11,White,34.91,Flowering,Fast-moving,11,0,1
Chili,Mites,3.36,Black,7.42,Maturity,Slow-moving,22,0,1
Chili,Whiteflies,1.35,White,24.99,Seedling,Clustered,18,0,1
Maize,None,2.48,White,38.87,Vegetative,Scattered,16,1,0
Rice,Whiteflies,1.07,Brown,27.26,Maturity,Slow-moving,5,0,1
Cotton,Aphids,1.31,Yellow,59.48,Vegetative,Slow-moving,6,0,1
Chili,Caterpillars,2.32,Brown,78.95,Maturity,Scattered,9,0,1
Maize,Leafhoppers,1.51,Brown,14.25,Maturity,Fast-moving,2,0,1
Chili,Thrips,0.5,Brown,37.36,Vegetative,Scattered,25,1,1
Chili,Thrips,1.6,Green,36.39,Maturity,Fast-moving,4,0,1
Cotton,Aphids,3.03,Green,60.53,Seedling,Scattered,23,0,1
Potato,Thrips,4.45,Green,15.99,Seedling,Clustered,2,1,1
Chili,Thrips,3.2,Green,5.21,Flowering,Scattered,17,0,1
Tomato,Aphids,1.35,White,5.26,Maturity,Slow-moving,21,1,1
Cotton,Aphids,1.38,Brown,86.95,Flowering,Slow-moving,24,1,1
Tomato,Whiteflies,0.91,Yellow,55.5,Maturity,Fast-moving,13,1,1
Cotton,Whiteflies,0.5,Brown,62.17,Flowering,Fast-moving,13,0,1
Wheat,Mites,0.5,White,75.25,Seedling,Fast-moving,3,1,1
Tomato,Leafhoppers,2.42,White,48.52,Maturity,Scattered,3,0,1
Potato,Leafhoppers,0.81,White,31.87,Seedling,Fast-moving,28,0,1
Maize,Aphids,2.05,Black,35.88,Seedling,Slow-moving,7,1,1
Tomato,Caterpillars,1.87,Yellow,50.86,Seedling,Fast-moving,14,1,1
Potato,Aphids,2.74,Green,52.9,Seedling,Scattered,1,0,1
Maize,Mites,0.97,Yellow,89.59,Vegetative,Clustered,29,0,1
Wheat,None,2.43,Brown,41.3,Maturity,Clustered,13,1,0
Rice,Aphids,1.56,White,18.36,Flowering,Scattered,21,0,1
Cotton,Aphids,2.65,Green,69.45,Maturity,Scattered,12,1,1
Potato,Leafhoppers,1.55,Brown,30.34,Maturity,Slow-moving,15,1,1
Potato,Caterpillars,0.5,Black,44.77,Vegetative,Clustered,3,0,1
Wheat,Mites,2.57,White,47.14,Flowering,Scattered,24,1,1
Rice,None,1.99,Brown,45.25,Maturity,Slow-moving,16,0,0
Potato,Leafhoppers,1.71,Brown,68.25,Vegetative,Fast-moving,7,0,1
Maize,Mites,1.77,Green,12.93,Flowering,Scattered,19,0,1
Maize,None,3.29,White,2.12,Seedling,Scattered,22,0,0
Tomato,Whiteflies,3.51,White,21.59,Seedling,Slow-moving,9,0,1
Tomato,Caterpillars,0.5,Green,61.15,Seedling,Clustered,16,0,1
Tomato,Leafhoppers,2.73,White,30.63,Maturity,Slow-moving,10,1,1
Wheat,None,2.04,Brown,7.63,Flowering,Clustered,5,0,0
Chili,None,4.12,Brown,25.46,Vegetative,Slow-moving,11,0,0
Chili,Whiteflies,1.94,Yellow,11.49,Flowering,Scattered,24,1,1
Maize,Leafhoppers,2.32,Brown,44.94,Seedling,Clustered,29,0,1
Wheat,Aphids,3.07,Green,68.71,Vegetative,Fast-moving,17,0,1
Cotton,Mites,1.34,Brown,53.9,Maturity,Clustered,24,1,1
Maize,Caterpillars,0.99,Black,23.63,Vegetative,Slow-moving,14,1,1
Rice,None,0.72,Brown,75.53,Flowering,Fast-moving,17,1,0
Chili,Aphids,0.51,Brown,71.09,Seedling,Clustered,6,0,1
Chili,None,2.76,Yellow,52.06,Seedling,Clustered,6,1,0
Wheat,None,1.23,Green,56.45,Maturity,Fast-moving,11,1,0
Chili,Aphids,0.5,Yellow,54.63,Seedling,Slow-moving,3,0,1
Chili,Whiteflies,1.28,Green,59.85,Seedling,Clustered,17,0,1
Maize,Whiteflies,0.8,Black,54.99,Maturity,Fast-moving,16,0,1
Maize,Whiteflies,2.44,Yellow,35.59,Seedling,Fast-moving,27,0,1
Cotton,Mites,0.78,Black,62.05,Flowering,Scattered,14,0,1
Wheat,Mites,0.89,Brown,23.93,Maturity,Fast-moving,16,1,1
Wheat,None,3.37,Black,32.61,Flowering,Scattered,25,0,0
Potato,Leafhoppers,3.25,White,75.0,Flowering,Slow-moving,5,1,1
Chili,Aphids,2.13,Green,69.25,Vegetative,Clustered,23,1,1
Tomato,Caterpillars,1.3,Black,31.01,Seedling,Scattered,13,0,1
Tomato,Caterpillars,2.77,Black,28.56,Seedling,Fast-moving,27,0,1
Chili,Whiteflies,3.37,White,33.6,Vegetative,Slow-moving,8,0,1
Potato,Aphids,1.21,Yellow,62.26,Vegetative,Scattered,11,1,1
Maize,None,1.83,Yellow,42.57,Flowering,Slow-moving,6,1,0
Maize,Leafhoppers,0.66,White,73.62,Seedling,Fast-moving,8,1,1
Cotton,Whiteflies,3.66,Yellow,11.92,Vegetative,Fast-moving,18,0,1
Chili,Mites,1.38,Yellow,5.2,Vegetative,Clustered,10,0,1
Potato,Leafhoppers,0.5,Yellow,49.13,Maturity,Fast-moving,29,1,1
Tomato,Caterpillars,3.74,Black,15.55,Vegetative,Fast-moving,12,1,1
Maize,Thrips,0.8,Yellow,6.06,Vegetative,Clustered,3,0,1
Potato,Aphids,1.9,Brown,89.21,Seedling,Slow-moving,29,1,1
Chili,Leafhoppers,0.5,Yellow,45.37,Vegetative,Clustered,16,1,1
Rice,Thrips,2.19,Yellow,87.71,Flowering,Scattered,1,1,1
Potato,Mites,1.64,Black,22.89,Flowering,Clustered,13,0,1
Wheat,Aphids,1.21,Black,69.24,Maturity,Scattered,16,1,1
Potato,None,3.04,Green,9.94,Seedling,Clustered,17,1,0
Chili,Mites,1.93,White,35.41,Vegetative,Fast-moving,12,1,1
Maize,None,0.96,Brown,15.06,Maturity,Scattered,20,1,0
Cotton,None,0.57,Yellow,73.68,Flowering,Fast-moving,8,1,0
Wheat,Leafhoppers,3.08,Green,66.74,Flowering,Slow-moving,28,1,1
Wheat,Mites,2.94,Green,35.34,Vegetative,Fast-moving,12,0,1
Cotton,Whiteflies,2.45,White,60.98,Flowering,Fast-moving,22,1,1
Wheat,None,0.89,Green,34.56,Vegetative,Clustered,18,1,0
Tomato,Mites,3.46,Yellow,51.73,Seedling,Clustered,19,1,1
Cotton,Whiteflies,0.5,Black,44.67,Seedling,Slow-moving,18,1,1
Maize,Whiteflies,2.32,Green,53.18,Maturity,Fast-moving,2,1,1
Rice,Aphids,2.16,White,25.22,Flowering,Fast-moving,10,0,1
Wheat,Thrips,0.5,Brown,12.42,Vegetative,Slow-moving,13,0,1
Rice,Thrips,1.74,Black,56.35,Maturity,Fast-moving,10,0,1
Chili,Caterpillars,0.9,Brown,70.35,Maturity,Clustered,22,1,1
Rice,Aphids,2.51,Brown,87.47,Flowering,Clustered,17,1,1
Rice,Aphids,3.14,White,81.49,Vegetative,Clustered,19,1,1
Rice,Thrips,3.04,White,10.56,Flowering,Fast-moving,26,1,1
Wheat,Aphids,3.23,White,34.96,Vegetative,Slow-moving,8,0,1
Potato,None,1.28,Yellow,46.03,Vegetative,Scattered,29,0,0
Maize,Aphids,3.64,Yellow,43.46,Seedling,Fast-moving,24,1,1
Maize,Thrips,1.44,Yellow,82.32,Vegetative,Slow-moving,22,0,1
Cotton,Mites,2.95,Black,39.29,Maturity,Clustered,18,1,1
Tomato,Caterpillars,2.12,Black,37.69,Vegetative,Clustered,6,0,1
Tomato,Aphids,1.96,Green,30.06,Seedling,Slow-moving,21,1,1
Rice,Caterpillars,0.5,White,30.66,Seedling,Slow-moving,9,1,1
Rice,Mites,2.67,Green,2.14,Vegetative,Clustered,17,1,1
Wheat,Mites,0.69,Black,1.28,Seedling,Slow-moving,16,1,1
Cotton,Caterpillars,2.58,Black,66.4,Seedling,Fast-moving,19,1,1
Chili,Aphids,2.0,Yellow,39.54,Seedling,Fast-moving,24,1,1
Maize,Mites,1.76,Black,71.26,Vegetative,Slow-moving,19,0,1
Wheat,Mites,3.25,Yellow,78.85,Flowering,Clustered,21,0,1
Wheat,Aphids,1.99,Brown,51.99,Maturity,Slow-moving,20,0,1
Rice,Caterpillars,2.38,Green,12.71,Flowering,Scattered,20,1,1
Wheat,Mites,2.39,White,16.42,Maturity,Clustered,27,1,1
Tomato,None,1.99,Brown,56.26,Vegetative,Clustered,13,1,0
Potato,Caterpillars,1.26,Brown,84.21,Flowering,Clustered,17,1,1
Chili,Caterpillars,1.66,White,57.78,Maturity,Slow-moving,29,0,1
Chili,Whiteflies,4.88,Green,4.64,Seedling,Fast-moving,20,1,1
Maize,Caterpillars,1.36,White,79.7,Seedling,Scattered,20,1,1
Chili,Caterpillars,2.03,Brown,53.05,Vegetative,Slow-moving,21,1,1
Wheat,Aphids,3.25,Green,81.85,Vegetative,Fast-moving,15,1,1
Tomato,Thrips,1.12,White,51.21,Seedling,Scattered,22,1,1
Maize,Leafhoppers,2.34,Green,53.14,Maturity,Scattered,2,0,1
Potato,Leafhoppers,0.5,White,54.15,Maturity,Scattered,9,0,1
Tomato,Whiteflies,2.69,Green,54.93,Flowering,Slow-moving,26,1,1
Rice,Caterpillars,0.69,White,86.73,Vegetative,Scattered,25,1,1
Wheat,Leafhoppers,1.03,Brown,12.83,Flowering,Scattered,3,1,1
Rice,Thrips,2.59,White,84.45,Flowering,Scattered,27,0,1
Potato,Thrips,1.41,White,49.86,Flowering,Clustered,10,0,1
Maize,Aphids,0.5,Yellow,62.17,Flowering,Fast-moving,5,1,1
Chili,None,1.86,Black,8.13,Vegetative,Clustered,20,1,0
Rice,Caterpillars,0.56,Brown,78.16,Seedling,Scattered,18,1,1
Cotton,Whiteflies,1.64,Black,49.4,Vegetative,Scattered,13,1,1
Potato,Thrips,0.52,Green,88.88,Seedling,Scattered,28,1,1
Tomato,Aphids,3.51,White,78.87,Vegetative,Fast-moving,24,1,1
Tomato,None,2.02,White,67.82,Seedling,Scattered,4,1,0
Cotton,Leafhoppers,0.88,Green,26.97,Flowering,Scattered,21,0,1
Potato,Leafhoppers,1.57,Brown,57.1,Flowering,Scattered,16,0,1
Cotton,None,2.84,Brown,36.78,Seedling,Clustered,6,0,0
Rice,None,2.24,White,10.9,Flowering,Scattered,10,0,0
Potato,Whiteflies,2.62,Yellow,3.66,Maturity,Clustered,25,1,1
Wheat,Caterpillars,1.79,White,13.57,Vegetative,Scattered,20,1,1
Potato,Aphids,0.5,Green,42.88,Seedling,Scattered,28,0,1
Chili,Aphids,0.5,Black,28.17,Flowering,Clustered,18,0,1
Maize,Thrips,1.54,White,24.32,Maturity,Fast-moving,19,1,1
Potato,Caterpillars,1.19,Green,39.57,Seedling,Scattered,7,1,1
Wheat,Caterpillars,2.03,White,61.18,Maturity,Fast-moving,13,1,1
Tomato,Mites,2.64,Yellow,68.2,Flowering,Clustered,19,1,1
Maize,Thrips,2.18,Black,12.29,Flowering,Clustered,27,0,1
Wheat,Mites,1.91,Black,28.44,Seedling,Scattered,4,0,1
Chili,Whiteflies,2.61,Green,12.88,Seedling,Scattered,18,0,1
Potato,Caterpillars,2.18,White,52.28,Maturity,Scattered,16,1,1
Rice,Caterpillars,2.37,Black,56.92,Vegetative,Slow-moving,17,0,1
Potato,Mites,2.54,Yellow,37.1,Vegetative,Scattered,18,1,1
Maize,Whiteflies,0.9,Yellow,68.61,Seedling,Fast-moving,13,0,1
Maize,Leafhoppers,3.97,White,75.02,Maturity,Fast-moving,17,1,1
Wheat,Thrips,1.04,Yellow,83.54,Flowering,Slow-moving,7,1,1
Cotton,None,2.92,Brown,72.64,Flowering,Fast-moving,20,1,0
Rice,Leafhoppers,1.82,White,54.02,Maturity,Scattered,14,1,1
Maize,Aphids,0.55,Green,87.29,Seedling,Clustered,3,1,1
Tomato,None,0.76,Black,66.45,Seedling,Slow-moving,7,0,0
Maize,None,1.95,Green,58.03,Vegetative,Clustered,22,1,0
Tomato,Mites,1.93,Brown,69.17,Vegetative,Fast-moving,6,1,1
Maize,Leafhoppers,2.16,Yellow,71.89,Vegetative,Scattered,2,0,1
Wheat,Leafhoppers,1.68,Yellow,12.58,Flowering,Clustered,14,0,1
Rice,Whiteflies,1.81,Brown,8.92,Seedling,Slow-moving,8,0,1
Chili,Leafhoppers,2.57,White,40.22,Flowering,Fast-moving,11,0,1
Cotton,Mites,3.3,White,86.9,Vegetative,Slow-moving,14,0,1
Chili,Leafhoppers,2.08,Brown,48.58,Flowering,Scattered,22,1,1
Maize,Caterpillars,0.75,Black,86.4,Vegetative,Fast-moving,5,0,1
Wheat,Caterpillars,1.26,Black,68.68,Vegetative,Fast-moving,15,0,1
Wheat,Caterpillars,0.86,White,15.66,Vegetative,Fast-moving,26,0,1
Potato,Whiteflies,3.44,Green,36.2,Flowering,Clustered,18,0,1
Chili,Whiteflies,1.11,Green,35.33,Maturity,Fast-moving,14,1,1
Rice,Aphids,3.21,White,73.92,Maturity,Slow-moving,7,1,1
Rice,Whiteflies,1.69,Green,41.87,Seedling,Fast-moving,19,1,1
Wheat,Caterpillars,2.42,Black,3.02,Flowering,Slow-moving,8,0,1
Chili,Thrips,0.93,Brown,76.64,Vegetative,Scattered,23,1,1
Wheat,Mites,1.63,Black,36.47,Vegetative,Scattered,6,0,1
Potato,Thrips,3.02,Black,43.93,Flowering,Scattered,2,0,1
Maize,Thrips,1.85,White,24.89,Seedling,Fast-moving,21,1,1
Potato,Whiteflies,1.95,Green,21.42,Vegetative,Slow-moving,15,1,1
Rice,Whiteflies,3.16,Brown,82.99,Flowering,Fast-moving,28,1,1
Maize,Leafhoppers,0.5,Brown,55.71,Vegetative,Fast-moving,19,1,1
Rice,None,0.88,Green,38.68,Vegetative,Scattered,15,1,0
Potato,Mites,0.5,Black,10.0,Flowering,Slow-moving,25,1,1
Rice,Caterpillars,0.83,Yellow,49.19,Vegetative,Slow-moving,1,0,1
Potato,Leafhoppers,1.77,White,44.25,Maturity,Fast-moving,17,0,1
Maize,None,1.54,Yellow,28.21,Vegetative,Slow-moving,2,0,0
Tomato,None,1.71,Yellow,8.45,Flowering,Slow-moving,25,1,0
Wheat,Leafhoppers,1.2,Black,62.54,Vegetative,Fast-moving,21,0,1
Cotton,Leafhoppers,2.76,Green,84.08,Maturity,Fast-moving,9,1,1
Tomato,Leafhoppers,2.99,Brown,16.12,Flowering,Slow-moving,28,1,1
Cotton,Aphids,1.58,Brown,6.86,Flowering,Scattered,5,0,1
Cotton,Leafhoppers,1.04,Black,77.55,Flowering,Slow-moving,26,0,1
Maize,Thrips,0.52,Green,28.24,Vegetative,Slow-moving,19,1,1
Tomato,Thrips,2.58,Yellow,65.15,Maturity,Fast-moving,2,0,1
Tomato,Caterpillars,1.71,Brown,23.33,Seedling,Fast-moving,6,1,1
Potato,Mites,1.4,Yellow,63.58,Seedling,Fast-moving,24,0,1
Maize,Aphids,2.01,Yellow,75.04,Maturity,Clustered,22,1,1
Rice,Leafhoppers,0.68,Black,59.95,Flowering,Scattered,23,1,1
Wheat,Whiteflies,1.8,White,73.91,Maturity,Slow-moving,4,0,1
Tomato,Whiteflies,2.36,Brown,35.6,Flowering,Clustered,22,1,1
Wheat,None,0.5,Yellow,65.4,Flowering,Slow-moving,3,0,0
Rice,Aphids,1.51,Green,12.48,Seedling,Clustered,2,1,1
Cotton,Thrips,3.09,White,58.99,Maturity,Fast-moving,25,0,1
Cotton,None,0.81,Brown,63.72,Maturity,Slow-moving,4,0,0
Potato,None,2.95,Green,55.59,Seedling,Slow-moving,5,1,0
Rice,Leafhoppers,2.18,Yellow,56.17,Seedling,Slow-moving,20,1,1
Tomato,None,0.5,Yellow,67.49,Flowering,Scattered,12,1,0
Cotton,Caterpillars,3.56,Yellow,36.37,Seedling,Scattered,22,0,1
Potato,Thrips,2.32,White,88.78,Maturity,Fast-moving,11,0,1
Maize,Caterpillars,1.85,Brown,79.99,Flowering,Clustered,20,1,1
Maize,Whiteflies,3.59,Yellow,17.29,Flowering,Scattered,16,0,1
Maize,Thrips,1.93,White,16.21,Vegetative,Fast-moving,17,1,1
Chili,Thrips,2.84,Black,45.98,Maturity,Slow-moving,19,1,1
Wheat,Leafhoppers,4.62,Black,60.13,Seedling,Clustered,9,1,1
Potato,Thrips,4.87,Yellow,4.84,Flowering,Clustered,1,0,1
Chili,Caterpillars,2.99,Brown,30.7,Vegetative,Scattered,7,1,1
Maize,Leafhoppers,2.63,White,81.53,Maturity,Clustered,24,1,1
Rice,Mites,1.78,Yellow,87.73,Maturity,Scattered,27,1,1
Maize,Leafhoppers,2.13,Yellow,26.44,Seedling,Clustered,2,0,1
Tomato,Mites,3.2,Yellow,88.6,Maturity,Clustered,23,1,1
Tomato,Leafhoppers,3.59,Yellow,81.71,Maturity,Scattered,17,0,1
Chili,Aphids,1.21,Brown,37.4,Seedling,Slow-moving,21,0,1
Rice,Mites,4.83,Brown,39.01,Flowering,Fast-moving,14,1,1
Maize,Thrips,0.95,Green,24.77,Seedling,Scattered,10,0,1
Wheat,Whiteflies,4.09,White,31.4,Vegetative,Slow-moving,29,1,1
Maize,Aphids,2.37,Black,73.16,Vegetative,Scattered,8,0,1
Chili,Caterpillars,0.5,Yellow,50.35,Seedling,Slow-moving,12,0,1
Tomato,Aphids,3.53,Brown,43.28,Flowering,Scattered,27,1,1
Tomato,Caterpillars,0.75,Yellow,10.59,Vegetative,Clustered,23,0,1
Wheat,Aphids,1.06,Green,85.52,Maturity,Fast-moving,17,1,1
Maize,Whiteflies,1.19,Green,74.24,Maturity,Fast-moving,10,1,1
Chili,Caterpillars,2.4,Brown,63.51,Maturity,Fast-moving,25,0,1
Chili,Aphids,1.77,Yellow,14.59,Seedling,Scattered,21,0,1
Rice,Mites,2.64,Brown,37.34,Vegetative,Clustered,18,0,1
Tomato,Whiteflies,1.46,Green,26.03,Seedling,Clustered,5,1,1
Cotton,Whiteflies,1.15,Yellow,2.24,Maturity,Fast-moving,8,0,1
Maize,Leafhoppers,2.56,Yellow,34.5,Seedling,Fast-moving,3,1,1
Maize,None,1.73,Black,51.7,Vegetative,Clustered,13,1,0
Chili,None,3.5,Black,43.11,Flowering,Fast-moving,17,1,0
Cotton,Leafhoppers,3.16,Yellow,8.86,Flowering,Scattered,18,1,1
Potato,Whiteflies,1.8,Brown,20.92,Vegetative,Slow-moving,20,1,1
Potato,Leafhoppers,2.57,Black,36.73,Seedling,Clustered,24,1,1
Cotton,Caterpillars,3.19,Yellow,47.72,Vegetative,Fast-moving,15,1,1
Chili,Mites,2.73,Brown,8.86,Maturity,Fast-moving,25,1,1
Potato,Whiteflies,2.22,Black,47.65,Seedling,Fast-moving,28,1,1
Tomato,Leafhoppers,1.8,Brown,22.33,Maturity,Slow-moving,25,1,1
Tomato,Leafhoppers,3.5,Green,16.36,Vegetative,Fast-moving,12,0,1
Cotton,Leafhoppers,1.86,Yellow,39.95,Flowering,Slow-moving,17,1,1
Maize,Mites,3.02,Yellow,8.05,Vegetative,Fast-moving,28,1,1
Maize,Caterpillars,1.21,White,61.91,Vegetative,Fast-moving,16,1,1
Wheat,None,2.06,Green,70.08,Flowering,Slow-moving,3,1,0
Rice,Caterpillars,2.68,Brown,42.79,Flowering,Scattered,8,0,1
Potato,Whiteflies,2.22,Black,43.3,Maturity,Fast-moving,23,1,1
Tomato,Thrips,1.36,Yellow,81.12,Seedling,Scattered,20,1,1
Cotton,Thrips,1.27,Yellow,43.57,Flowering,Fast-moving,17,0,1
Chili,Thrips,1.42,White,35.63,Seedling,Scattered,16,0,1
Tomato,Caterpillars,1.91,White,9.26,Seedling,Clustered,22,1,1
Rice,Aphids,1.86,Black,78.81,Flowering,Clustered,12,0,1
Maize,Thrips,2.89,White,30.25,Seedling,Slow-moving,16,1,1
Cotton,Thrips,1.67,White,66.61,Flowering,Scattered,29,0,1
Tomato,Mites,2.34,White,30.44,Vegetative,Slow-moving,21,1,1
Wheat,Whiteflies,1.8,Brown,61.98,Seedling,Scattered,28,1,1
Cotton,Leafhoppers,2.24,White,82.13,Seedling,Clustered,15,0,1
Cotton,Thrips,2.11,Brown,56.38,Seedling,Scattered,29,0,1
Potato,None,0.5,Black,34.17,Seedling,Scattered,11,1,0
Chili,Leafhoppers,2.55,Brown,59.28,Seedling,Slow-moving,8,0,1
Wheat,Caterpillars,1.02,White,51.86,Vegetative,Clustered,8,0,1
Wheat,Leafhoppers,3.33,Yellow,71.01,Vegetative,Fast-moving,21,0,1
Wheat,Mites,2.31,Yellow,29.14,Seedling,Fast-moving,12,0,1
Wheat,Caterpillars,2.63,Brown,59.76,Seedling,Scattered,18,1,1
Tomato,Thrips,2.59,White,15.11,Vegetative,Fast-moving,4,0,1
Rice,Caterpillars,1.18,Yellow,61.7,Seedling,Clustered,14,1,1
Cotton,Aphids,4.39,Yellow,74.86,Vegetative,Scattered,16,0,1
Chili,Whiteflies,0.98,Yellow,17.7,Maturity,Clustered,21,0,1
Rice,Aphids,0.5,Yellow,58.83,Flowering,Scattered,16,1,1
Potato,None,2.29,Black,14.92,Maturity,Scattered,2,1,0
Wheat,Leafhoppers,1.49,White,66.45,Maturity,Scattered,3,0,1
Wheat,Thrips,1.17,Green,50.38,Seedling,Fast-moving,5,0,1
Wheat,None,2.36,Black,7.41,Maturity,Slow-moving,4,0,0
Wheat,Whiteflies,1.43,Black,9.38,Maturity,Scattered,29,0,1
Chili,Mites,1.72,Yellow,44.62,Maturity,Slow-moving,27,0,1
Chili,Leafhoppers,2.66,Yellow,79.01,Flowering,Scattered,8,0,1
Tomato,Aphids,0.5,Yellow,58.07,Seedling,Fast-moving,28,0,1
Chili,Leafhoppers,1.97,Yellow,88.75,Flowering,Scattered,16,0,1
Maize,Caterpillars,0.6,Black,88.99,Seedling,Slow-moving,7,0,1
Tomato,None,2.11,Black,11.08,Maturity,Slow-moving,4,1,0
Wheat,None,1.97,Black,41.19,Vegetative,Fast-moving,29,0,0
Tomato,Whiteflies,0.5,Yellow,21.86,Maturity,Clustered,24,1,1
Potato,Leafhoppers,2.56,Brown,2.76,Vegetative,Fast-moving,29,1,1
Cotton,None,2.43,Green,82.53,Flowering,Clustered,13,1,0
Chili,Thrips,1.84,Brown,37.18,Flowering,Scattered,5,1,1
Rice,Mites,2.75,Green,46.57,Vegetative,Scattered,28,0,1
Wheat,None,2.75,White,10.45,Flowering,Scattered,1,0,0
Cotton,None,1.46,Black,38.62,Maturity,Clustered,23,1,0
Rice,Mites,1.93,White,47.34,Flowering,Fast-moving,13,1,1
Tomato,None,0.72,Brown,63.12,Maturity,Scattered,15,0,0
Chili,Aphids,2.02,Yellow,72.07,Seedling,Clustered,23,1,1
Rice,Thrips,2.04,Black,68.94,Maturity,Slow-moving,27,0,1
Chili,Caterpillars,2.53,Green,88.72,Flowering,Slow-moving,25,0,1
Potato,Mites,2.49,Brown,55.2,Flowering,Scattered,23,1,1
Tomato,Whiteflies,1.11,White,36.46,Seedling,Slow-moving,26,0,1
Rice,Thrips,2.12,Brown,2.43,Maturity,Slow-moving,4,0,1
Wheat,Caterpillars,1.96,Black,50.61,Maturity,Slow-moving,1,1,1
Wheat,None,1.43,Green,85.56,Maturity,Slow-moving,29,1,0
Potato,Whiteflies,0.86,Black,17.37,Vegetative,Scattered,13,0,1
Tomato,None,2.3,Brown,18.26,Vegetative,Slow-moving,23,0,0
Rice,None,1.37,Green,18.67,Flowering,Slow-moving,13,1,0
Potato,None,0.5,Brown,21.36,Seedling,Clustered,12,1,0
Potato,Aphids,2.04,Green,39.77,Vegetative,Slow-moving,24,1,1
Tomato,Caterpillars,2.39,Black,11.96,Maturity,Slow-moving,28,0,1
Wheat,Whiteflies,2.28,Yellow,8.69,Vegetative,Scattered,25,0,1
Maize,Mites,3.5,Green,54.07,Flowering,Fast-moving,28,0,1
Wheat,Leafhoppers,1.91,Black,74.71,Maturity,Slow-moving,3,1,1
Maize,Thrips,2.01,Yellow,83.44,Maturity,Scattered,5,1,1
Chili,Mites,1.88,Brown,38.9,Seedling,Slow-moving,5,1,1
Maize,Thrips,1.78,Brown,39.24,Seedling,Scattered,8,1,1
Potato,Leafhoppers,1.78,White,20.76,Vegetative,Scattered,14,1,1
Tomato,Aphids,1.62,Brown,70.02,Maturity,Slow-moving,27,1,1
Chili,Thrips,1.6,Green,85.5,Seedling,Scattered,21,0,1
Maize,Whiteflies,2.97,Brown,50.06,Seedling,Slow-moving,18,1,1
Cotton,Aphids,0.77,Black,53.78,Seedling,Fast-moving,1,0,1
Maize,Aphids,2.63,Black,31.4,Seedling,Scattered,26,0,1
Potato,Caterpillars,2.18,Green,26.0,Flowering,Clustered,22,0,1
Wheat,Thrips,3.02,Black,54.58,Seedling,Scattered,18,1,1
Chili,None,0.67,Yellow,7.67,Flowering,Clustered,28,0,0
Tomato,None,3.67,Brown,13.32,Vegetative,Fast-moving,20,1,0
Wheat,Leafhoppers,1.93,Green,52.99,Vegetative,Slow-moving,28,1,1
Potato,Whiteflies,3.08,White,8.18,Vegetative,Slow-moving,3,0,1
Rice,Leafhoppers,2.63,Brown,11.58,Vegetative,Scattered,3,1,1
Wheat,Aphids,3.23,Yellow,42.32,Maturity,Slow-moving,29,0,1
Cotton,Whiteflies,1.82,White,55.45,Vegetative,Fast-moving,2,0,1
Rice,Whiteflies,1.53,Green,83.33,Flowering,Slow-moving,25,1,1
Maize,Mites,4.41,Black,43.76,Maturity,Slow-moving,20,0,1
Rice,Caterpillars,3.38,Yellow,13.49,Flowering,Scattered,26,0,1
Potato,Thrips,2.37,Green,71.67,Flowering,Scattered,13,0,1
Maize,Whiteflies,1.68,Black,63.8,Seedling,Fast-moving,17,1,1
Wheat,Caterpillars,1.49,White,55.5,Vegetative,Slow-moving,4,1,1
Tomato,Mites,2.04,White,85.89,Vegetative,Slow-moving,4,1,1
Tomato,None,1.34,Brown,55.29,Flowering,Scattered,24,1,0
Wheat,Mites,2.25,Black,7.42,Vegetative,Slow-moving,10,0,1
Cotton,Thrips,4.25,Yellow,49.81,Seedling,Fast-moving,25,0,1
Maize,Thrips,1.31,Yellow,19.12,Vegetative,Fast-moving,1,1,1
Wheat,Mites,2.51,Yellow,85.21,Maturity,Scattered,1,1,1
Tomato,Thrips,2.44,Green,52.63,Vegetative,Fast-moving,22,1,1
Rice,Whiteflies,3.16,Green,28.34,Seedling,Slow-moving,16,1,1
Wheat,Aphids,1.07,Yellow,24.52,Maturity,Slow-moving,13,1,1
Maize,Aphids,1.91,Yellow,45.83,Flowering,Scattered,17,1,1
Maize,Mites,1.78,Black,70.61,Vegetative,Fast-moving,22,0,1
Wheat,Aphids,1.73,White,18.86,Vegetative,Slow-moving,23,0,1
Tomato,Aphids,2.16,Brown,4.56,Seedling,Fast-moving,6,0,1
Wheat,None,2.07,Brown,29.16,Flowering,Clustered,2,0,0
Maize,Whiteflies,1.71,Brown,39.66,Seedling,Clustered,13,1,1
Rice,Mites,3.57,Brown,14.77,Flowering,Fast-moving,21,1,1
Cotton,Caterpillars,2.2,Yellow,44.82,Vegetative,Scattered,15,1,1
Potato,Mites,1.62,White,22.23,Maturity,Clustered,27,0,1
Rice,Mites,3.25,Brown,68.49,Vegetative,Clustered,15,1,1
Maize,Mites,1.32,Black,45.34,Maturity,Clustered,1,0,1
Cotton,Thrips,2.29,Green,30.01,Vegetative,Slow-moving,27,1,1
Maize,Whiteflies,3.29,Black,25.33,Vegetative,Clustered,20,0,1
Potato,Mites,2.27,Brown,67.72,Flowering,Scattered,19,1,1
Maize,None,1.44,Black,34.31,Flowering,Clustered,11,0,0
Chili,Caterpillars,2.16,Green,16.46,Vegetative,Clustered,4,1,1
Wheat,Leafhoppers,1.98,White,56.75,Vegetative,Fast-moving,27,0,1
Tomato,None,1.62,Black,80.91,Flowering,Clustered,13,0,0
Cotton,Mites,2.9,Black,82.26,Seedling,Clustered,18,1,1
Potato,Mites,1.77,Black,64.97,Maturity,Fast-moving,9,1,1
Potato,Thrips,1.09,Yellow,30.2,Maturity,Slow-moving,10,1,1
Potato,Mites,2.33,Black,12.51,Vegetative,Clustered,25,0,1
Potato,Aphids,1.91,Yellow,70.7,Flowering,Clustered,21,1,1
Wheat,Caterpillars,2.23,Brown,1.76,Vegetative,Slow-moving,19,1,1
Rice,Mites,0.95,White,89.17,Seedling,Clustered,8,0,1
Cotton,Whiteflies,2.43,Green,39.0,Maturity,Slow-moving,13,0,1
Tomato,Whiteflies,1.73,Brown,33.9,Vegetative,Clustered,7,0,1
Tomato,Mites,2.03,Yellow,36.46,Maturity,Fast-moving,29,1,1
Cotton,None,0.67,White,8.79,Maturity,Fast-moving,7,0,0
Tomato,Aphids,0.96,Brown,14.31,Seedling,Scattered,14,1,1
Rice,Caterpillars,0.92,Green,63.46,Maturity,Clustered,9,1,1
Maize,Thrips,2.0,White,43.93,Vegetative,Clustered,19,1,1
Maize,Mites,1.55,White,43.24,Seedling,Fast-moving,13,0,1
Chili,Whiteflies,1.31,Brown,4.32,Maturity,Clustered,28,0,1
Cotton,Whiteflies,2.14,Brown,40.47,Flowering,Clustered,6,0,1
Wheat,Leafhoppers,2.9,Yellow,16.6,Vegetative,Slow-moving,15,1,1
Potato,Caterpillars,2.1,Green,29.33,Maturity,Slow-moving,8,1,1
Rice,Whiteflies,1.19,Brown,76.91,Flowering,Fast-moving,3,0,1
Chili,Aphids,3.03,Yellow,25.03,Flowering,Slow-moving,7,1,1
Chili,Whiteflies,0.88,Green,26.93,Flowering,Slow-moving,8,0,1
Chili,Leafhoppers,1.92,Green,22.4,Seedling,Slow-moving,9,0,1
Rice,Mites,1.97,Black,9.29,Vegetative,Slow-moving,3,0,1
Maize,Thrips,1.82,Green,52.7,Vegetative,Clustered,14,1,1
Potato,Whiteflies,2.71,Brown,88.13,Flowering,Slow-moving,5,0,1
Maize,Leafhoppers,1.78,Black,25.78,Seedling,Slow-moving,4,0,1
Tomato,Caterpillars,0.84,Black,36.7,Maturity,Fast-moving,18,0,1
Cotton,Whiteflies,1.09,White,70.06,Maturity,Slow-moving,28,0,1
Cotton,Thrips,2.18,White,41.64,Maturity,Scattered,27,0,1
Cotton,Mites,2.04,Green,58.75,Flowering,Slow-moving,9,0,1
Tomato,Thrips,0.58,Black,14.72,Vegetative,Fast-moving,8,0,1
Chili,Leafhoppers,0.86,Green,81.66,Flowering,Fast-moving,27,1,1
Potato,Caterpillars,2.57,Green,16.7,Maturity,Slow-moving,11,1,1
Wheat,Leafhoppers,1.72,White,50.39,Maturity,Scattered,15,1,1
Chili,Aphids,2.79,Green,38.52,Vegetative,Fast-moving,22,1,1
Wheat,Thrips,1.33,Black,6.67,Seedling,Fast-moving,12,0,1
Chili,Leafhoppers,4.68,Green,22.67,Seedling,Slow-moving,19,1,1
Wheat,None,2.56,White,22.94,Flowering,Clustered,9,1,0
Maize,Caterpillars,0.5,Black,29.75,Vegetative,Clustered,21,1,1
Chili,Aphids,2.99,Brown,83.1,Maturity,Clustered,4,0,1
Potato,Thrips,1.12,Green,76.4,Maturity,Slow-moving,1,1,1
Maize,Leafhoppers,0.5,Green,12.64,Vegetative,Slow-moving,16,0,1
Tomato,Whiteflies,1.35,Black,24.3,Seedling,Slow-moving,19,0,1
Potato,Whiteflies,2.02,Black,1.34,Maturity,Scattered,20,1,1
Chili,Thrips,2.62,White,64.79,Flowering,Scattered,28,1,1
Cotton,Caterpillars,2.13,White,88.94,Maturity,Slow-moving,6,1,1
Chili,None,3.25,Yellow,22.96,Seedling,Slow-moving,8,0,0
Tomato,None,2.23,Yellow,2.23,Seedling,Fast-moving,16,1,0
Wheat,Aphids,0.85,Brown,47.17,Maturity,Scattered,8,1,1
Tomato,Caterpillars,1.17,Yellow,65.29,Seedling,Scattered,23,0,1
Maize,Mites,1.03,Green,14.05,Vegetative,Scattered,29,1,1
Chili,Thrips,0.65,Black,73.6,Vegetative,Slow-moving,9,0,1
Chili,None,3.56,Brown,50.5,Flowering,Slow-moving,8,1,0
Chili,Caterpillars,0.66,White,47.17,Maturity,Clustered,5,0,1
Maize,Caterpillars,2.57,Green,56.85,Seedling,Scattered,8,1,1
Tomato,Whiteflies,2.1,White,45.42,Seedling,Clustered,13,0,1
Cotton,Mites,2.16,Black,21.39,Maturity,Slow-moving,9,0,1
Potato,Leafhoppers,1.56,Green,42.31,Seedling,Fast-moving,18,1,1
Potato,Thrips,1.83,Black,9.97,Flowering,Scattered,18,0,1
Chili,Aphids,2.06,Black,70.43,Seedling,Scattered,15,0,1
Cotton,Mites,0.86,Yellow,51.19,Seedling,Slow-moving,8,1,1
Maize,Whiteflies,2.19,Green,84.44,Seedling,Fast-moving,6,1,1
Cotton,Whiteflies,2.85,Brown,36.26,Vegetative,Clustered,25,0,1
Rice,Mites,2.2,Yellow,21.89,Seedling,Scattered,4,0,1
Rice,Whiteflies,3.31,White,73.18,Maturity,Fast-moving,25,1,1
