Property Size (sq ft),Number of Rooms,Location Rating,Year Built,Zoning Code,Market Value (INR),Proximity to City (km),Floor Count,Property Type
8030,2,9.1,2000,R1,30816530.01,8.5,36,Residential
3176,1,6.9,1990,R1,15108627.96,5.8,1,Residential
6843,3,5.9,1969,R1,17475509.83,0.7,36,Residential
3956,9,5.5,1967,I1,11794778.01,11.6,9,Industrial
4776,1,7.2,1981,C2,13105703.87,0.4,46,Commercial
4890,2,4.0,1970,I2,11970814.33,0.2,19,Industrial
5316,8,3.3,1953,R2,9777834.92,10.5,12,Residential
6231,4,8.4,2006,C2,19452472.37,0.2,35,Commercial
6502,6,1.8,1976,I2,21469672.0,2.1,3,Industrial
5061,1,4.3,1965,C2,8892804.08,1.1,4,Commercial
6659,8,6.7,1956,R2,23978761.55,1.2,11,Residential
3285,9,3.4,2022,C1,5281763.64,6.0,11,Commercial
6294,4,8.4,1993,R1,25218305.45,6.2,12,Residential
1489,7,4.3,1956,I1,4433505.88,2.3,2,Industrial
9827,2,8.1,1985,I1,43188291.5,7.7,33,Industrial
8563,8,3.6,1963,R2,27041197.46,1.4,10,Residential
6914,5,7.5,1991,R2,22419377.41,0.2,44,Residential
8750,7,8.9,2018,I1,16142560.51,2.8,31,Industrial
8168,8,3.8,1956,I1,12711686.55,3.5,43,Industrial
8679,2,4.6,1988,C1,24150314.79,12.6,30,Commercial
4944,6,8.2,1973,C2,18957192.22,2.6,20,Commercial
8878,7,8.3,2009,I2,36068202.27,6.4,10,Industrial
2035,2,5.4,1961,C2,7805259.44,8.9,47,Commercial
6244,3,5.5,2016,I1,18812955.82,1.6,31,Industrial
5845,2,4.2,1979,C1,10768097.84,3.2,13,Commercial
3010,4,2.5,1989,R2,10413718.12,2.4,30,Residential
8189,8,1.9,2006,C2,18657790.94,0.5,18,Commercial
9343,5,3.2,1995,R1,43837433.54,6.8,26,Residential
8102,9,4.3,2006,R1,16700259.5,0.7,23,Residential
3413,8,5.5,2012,R1,12482572.44,4.5,42,Residential
1530,3,3.8,1988,I1,7588857.66,3.6,21,Industrial
9866,9,7.7,1959,R2,18223706.5,0.2,28,Residential
9128,4,8.0,2011,I1,20984911.58,10.3,10,Industrial
6972,8,3.4,1973,I1,22624036.61,21.2,42,Industrial
8229,6,3.4,2012,I2,11049109.66,16.5,40,Industrial
2932,9,2.7,1956,C1,13335605.41,2.3,13,Commercial
7037,1,5.2,1961,I2,12165521.63,2.5,18,Industrial
7255,1,5.8,1967,R2,19835174.07,3.8,5,Residential
4471,5,7.1,1999,C1,21568779.84,4.7,43,Commercial
9730,5,6.9,1993,C1,40600087.33,6.3,40,Commercial
7604,2,1.8,1988,I2,37957499.99,2.3,45,Industrial
6077,3,7.1,2006,R2,25971712.64,5.7,19,Residential
1779,8,7.0,1995,C1,5857636.42,1.5,41,Commercial
5007,2,1.3,1959,I2,20974456.53,5.6,3,Industrial
7762,7,3.4,1955,R2,29495484.54,0.9,1,Residential
8148,4,3.2,2003,I1,9504992.79,5.5,19,Industrial
2060,4,1.7,2007,C2,3092882.22,5.0,1,Commercial
8992,4,7.5,1987,R2,14362963.35,10.1,42,Residential
1000,5,5.6,2011,R2,4463958.1,1.0,22,Residential
6875,6,9.1,1958,R2,22566604.19,5.6,20,Residential
8921,1,7.6,1982,C1,11181449.9,0.2,10,Commercial
1068,9,3.4,2002,I2,3437926.0,17.2,40,Industrial
9319,2,4.7,1984,R2,42658318.97,13.2,32,Residential
4106,8,6.6,1981,R2,9039708.2,3.0,41,Residential
8432,6,9.3,1998,C1,21031669.02,7.5,15,Commercial
5159,9,6.8,1987,R1,17738534.37,3.7,26,Residential
8880,6,2.7,2002,R1,25540820.39,9.4,19,Residential
1705,3,2.7,1994,R1,4862234.81,2.5,41,Residential
4771,5,7.1,1981,I2,7739447.9,3.2,18,Industrial
5950,6,2.3,2007,C2,15904075.18,10.4,27,Commercial
8610,9,6.5,1988,C1,31949130.62,0.9,30,Commercial
7473,9,2.9,1951,R2,14351494.89,11.6,11,Residential
8375,4,9.0,1959,R1,12100593.96,9.3,46,Residential
6168,3,6.1,2004,C2,15293561.11,0.7,11,Commercial
680,5,2.3,1971,R2,860331.65,0.9,45,Residential
6447,5,6.6,1991,I2,18159659.21,1.2,5,Industrial
8868,8,2.9,2007,C1,16823454.38,11.5,36,Commercial
7854,2,6.7,1981,I2,21974629.12,0.7,31,Industrial
3697,4,3.2,1977,R1,6078109.07,0.7,36,Residential
9408,6,3.8,2020,R2,33849787.86,4.8,22,Residential
1661,3,7.5,1957,I2,5940664.88,0.4,46,Industrial
5407,6,7.7,2013,I1,23587939.51,2.2,11,Industrial
8774,3,5.7,1996,R2,16587415.3,15.5,37,Residential
2722,6,1.6,2012,R2,12664041.05,2.9,38,Residential
8397,7,8.6,2022,I1,25261450.59,1.5,44,Industrial
7036,4,5.8,2014,C1,28115880.59,2.8,32,Commercial
5191,3,5.0,2009,C2,23774176.38,18.0,14,Commercial
8619,6,2.0,1952,C2,24397927.75,6.1,49,Commercial
2372,5,2.4,1961,C2,6891390.84,1.7,16,Commercial
623,5,9.4,2006,R2,717211.07,4.3,28,Residential
1624,6,8.7,1975,C1,5847746.95,1.5,40,Commercial
4236,8,8.9,1950,C1,4553915.22,0.4,5,Commercial
5510,3,3.6,1953,C2,7508855.81,10.0,6,Commercial
2128,6,7.3,1968,I1,2751925.34,10.9,4,Industrial
7629,4,4.3,2005,R1,13104839.28,0.7,49,Residential
5935,3,9.1,1967,C1,21035445.3,4.7,32,Commercial
7471,8,6.9,1970,R1,30642516.22,0.6,37,Residential
5213,9,9.7,1962,R1,7596804.03,1.4,38,Residential
4279,5,5.5,1983,C2,5916276.75,10.1,36,Commercial
512,9,1.5,1976,I1,878923.06,7.0,15,Industrial
769,5,9.9,1970,R1,1040393.03,0.6,36,Residential
853,1,4.2,1992,C2,2425128.22,6.4,19,Commercial
5866,9,3.4,1990,C1,6244881.21,6.0,43,Commercial
9485,4,2.7,1965,C2,40906132.09,6.4,42,Commercial
4246,6,9.8,1965,R1,6080038.68,2.0,41,Residential
9515,1,8.9,1997,R1,12335577.79,14.1,6,Residential
4643,9,8.0,2015,I1,6823924.96,8.6,21,Industrial
3788,4,4.2,1973,I1,6079071.04,2.4,42,Industrial
8497,9,3.7,1991,I2,10232148.22,7.4,14,Industrial
8003,1,6.7,1990,C1,9292249.76,2.7,36,Commercial
3008,6,3.0,1999,R1,7273881.01,2.2,21,Residential
3477,4,7.2,1981,C2,8309465.06,7.4,42,Commercial
1625,7,1.8,2003,I1,2020572.7,6.2,19,Industrial
3149,6,7.9,2018,I1,11193711.17,1.5,29,Industrial
3181,7,4.8,1998,I2,7358983.83,9.3,43,Industrial
7232,8,6.4,2001,I2,25732390.75,1.6,41,Industrial
8075,9,8.7,2012,C1,15252209.56,4.4,30,Commercial
6679,4,8.0,2012,C2,28112160.09,0.5,5,Commercial
2744,1,4.5,1957,I2,4529656.32,1.3,30,Industrial
805,7,4.7,2012,I1,909907.68,1.0,8,Industrial
8659,9,5.6,1967,I1,42064226.51,0.2,48,Industrial
9198,8,1.7,2010,R2,15517262.53,2.5,21,Residential
4593,3,1.0,1989,R1,16958630.12,0.5,16,Residential
6283,3,3.6,1971,C2,17490795.09,0.4,10,Commercial
7238,7,1.5,1987,R1,33287315.39,1.3,22,Residential
4437,9,8.2,2005,I1,10676929.75,0.5,20,Industrial
9142,8,9.3,2001,C1,27725137.71,3.6,10,Commercial
7721,2,9.1,1989,R2,33198154.89,7.7,14,Residential
6397,3,2.1,1992,I1,19771390.73,5.3,47,Industrial
4684,1,6.3,1989,I1,7513838.16,14.5,18,Industrial
708,7,8.7,2023,I1,1796976.29,0.9,30,Industrial
5099,4,7.8,2011,C2,18543456.71,1.7,35,Commercial
8711,2,9.1,1977,R2,14834162.69,0.6,23,Residential
7560,1,5.7,1967,R1,34022182.77,0.2,6,Residential
3083,8,6.4,2004,R2,8852123.57,28.7,35,Residential
974,4,8.7,1996,C2,4747754.18,2.1,27,Commercial
3594,1,1.9,1964,I2,10423701.15,0.1,5,Industrial
5987,7,4.8,1965,C2,27399560.64,0.0,27,Commercial
6837,7,3.7,1996,R1,19433970.67,1.3,5,Residential
5173,4,3.4,1973,I1,13245621.37,2.3,47,Industrial
554,3,4.4,1967,C2,1639933.84,7.2,18,Commercial
7594,7,7.8,1979,C1,20640900.5,0.4,45,Commercial
479,4,9.5,1956,C1,1965894.35,2.1,23,Commercial
7927,3,8.7,1966,I1,15981394.67,9.1,41,Industrial
9534,1,2.5,2019,R1,30890843.38,2.1,48,Residential
9358,8,7.1,2008,R2,39631892.4,2.4,12,Residential
6112,5,1.5,1959,I1,25129352.94,11.7,24,Industrial
2296,9,8.4,2012,I2,3560718.88,1.5,30,Industrial
5349,1,7.1,2015,I1,16019070.04,0.7,29,Industrial
6023,5,2.0,1955,R1,20878349.58,2.5,1,Residential
4078,9,3.9,1953,I1,9270903.57,7.0,2,Industrial
3437,8,5.1,2000,C2,7445121.42,12.8,36,Commercial
880,7,9.1,2015,C2,1756640.08,6.6,49,Commercial
8073,9,8.2,1977,I2,37003592.01,1.7,39,Industrial
2482,5,8.6,1956,C2,4577920.13,1.8,9,Commercial
5586,4,4.3,1958,I2,16533456.21,14.5,28,Industrial
1873,1,5.8,1981,R1,6053490.16,16.0,42,Residential
2272,4,6.1,1964,R1,5496015.81,0.2,49,Residential
487,1,3.0,1979,R1,857056.53,13.9,11,Residential
8362,4,2.8,1983,C2,12331889.65,3.4,9,Commercial
1229,9,4.9,1977,I1,4727082.86,1.9,11,Industrial
9226,4,5.2,1968,C2,17780544.3,7.5,35,Commercial
5342,2,5.8,2011,I2,7407458.89,15.6,5,Industrial
3908,9,4.0,1953,C1,15970740.46,2.7,15,Commercial
7256,5,5.6,1956,R2,26257306.21,9.5,18,Residential
3442,5,2.4,1970,I1,14245241.14,15.3,21,Industrial
7668,1,9.3,1989,C2,21065216.4,1.3,17,Commercial
3452,2,4.8,2000,I1,16037154.93,0.0,26,Industrial
5972,3,6.8,2009,C2,22294099.99,5.4,23,Commercial
1303,5,2.4,1994,C1,4817209.56,4.8,41,Commercial
5376,1,7.7,1966,I1,11111629.01,4.7,8,Industrial
6458,8,1.3,2006,R1,19999900.84,1.2,11,Residential
9684,7,8.7,1992,I1,44862834.42,13.4,39,Industrial
6608,3,3.3,1990,C1,25090470.32,1.0,41,Commercial
1646,2,4.2,1988,C2,6476519.27,2.9,15,Commercial
3733,9,5.2,2022,I1,10328300.65,5.5,16,Industrial
6318,1,4.1,2000,I2,13627980.86,1.2,24,Industrial
1939,2,9.8,1954,C1,2761746.73,2.4,37,Commercial
6501,4,5.4,1992,R2,19509573.05,2.1,9,Residential
8595,5,9.7,1984,R2,14861395.23,4.0,7,Residential
667,4,2.8,1953,R2,1765524.7,0.7,33,Residential
8094,3,2.1,1950,R2,30552231.59,0.3,11,Residential
7180,2,6.8,1976,R1,11514352.02,7.0,8,Residential
5714,9,6.6,1962,C2,21664535.69,4.1,41,Commercial
1034,8,6.0,2022,C2,4801293.53,0.0,42,Commercial
2797,6,4.1,1995,I1,13277857.22,1.7,23,Industrial
3057,3,1.1,2017,C1,7137366.42,4.6,4,Commercial
7511,6,9.4,2010,C1,17088545.7,5.7,31,Commercial
7385,6,7.0,2018,C2,17786318.28,8.1,12,Commercial
4417,2,5.5,1959,R1,20176421.87,0.6,36,Residential
9913,3,9.6,1991,C2,30514579.77,4.1,3,Commercial
6420,1,2.7,1953,I1,13303237.78,1.2,14,Industrial
3981,3,9.8,1957,I2,9277275.27,6.3,16,Industrial
2721,2,4.6,1960,C1,9051057.2,7.4,1,Commercial
5265,5,3.9,1962,R2,14216158.26,3.9,12,Residential
398,3,8.1,2020,R1,1291234.8,8.8,41,Residential
1489,4,3.7,2005,C1,6810920.6,2.7,14,Commercial
7573,6,4.1,1995,C2,11179683.55,0.6,10,Commercial
815,6,8.7,2022,C2,2502117.64,3.5,48,Commercial
1852,1,9.3,2020,C1,3369429.97,1.9,9,Commercial
7018,6,9.8,2006,I1,10041369.82,4.8,31,Industrial
9692,2,1.2,2001,I1,22227081.09,18.1,34,Industrial
3930,1,6.5,1952,R1,12108484.57,2.6,9,Residential
8927,6,3.5,2003,R1,33929414.32,3.1,42,Residential
8605,3,4.4,1950,C1,20852860.56,1.1,44,Commercial
1301,9,5.1,1985,C1,1422209.91,15.0,27,Commercial
2785,7,3.1,1972,R2,3085560.91,18.2,42,Residential
9349,6,4.1,1991,R1,30123291.58,0.6,16,Residential
9199,2,2.7,1982,C1,42053515.26,2.7,8,Commercial
673,2,6.5,1977,R2,3260512.64,2.3,5,Residential
2607,5,7.1,1954,R2,6275733.35,5.4,13,Residential
6988,6,4.2,2000,C2,16679934.25,0.9,15,Commercial
9859,5,1.8,2021,C1,12125714.02,2.8,17,Commercial
8046,6,9.3,1980,I1,29533596.67,12.3,2,Industrial
7973,4,5.8,2011,R1,36267407.65,6.4,27,Residential
1760,9,8.5,2002,I2,4876810.0,9.4,24,Industrial
9903,4,3.7,1967,R2,30382266.8,2.1,26,Residential
5923,5,9.9,1969,I1,28701728.28,0.6,17,Industrial
2781,3,8.0,1983,C1,9894726.26,1.4,40,Commercial
5698,1,3.2,1955,R2,5825911.35,5.2,8,Residential
9272,9,1.4,1991,C1,24894026.01,5.6,41,Commercial
7160,2,9.9,1997,C2,21353459.19,11.1,15,Commercial
3459,9,4.3,2014,C2,8890272.7,10.4,31,Commercial
6843,8,7.6,2022,I2,21180041.91,3.3,4,Industrial
6347,8,2.7,1950,I1,16537154.67,2.8,7,Industrial
8585,8,5.1,1958,C1,40826351.45,2.3,26,Commercial
891,1,1.6,2018,C2,3265716.04,4.6,43,Commercial
9874,4,9.5,1978,R1,23615019.78,18.2,24,Residential
5555,3,8.9,2012,I1,9810434.34,7.8,32,Industrial
2008,6,9.2,2010,C2,4418391.14,5.9,31,Commercial
5651,7,4.8,1955,R2,20344671.03,4.0,34,Residential
6213,7,7.4,1986,R2,26627403.43,0.9,20,Residential
3412,6,6.3,1971,R1,11871723.68,3.2,25,Residential
3559,8,4.7,2013,I2,13187034.65,3.1,31,Industrial
8512,2,5.2,1981,R1,41108309.92,1.1,4,Residential
8796,2,2.4,2022,C1,30520981.22,1.8,8,Commercial
4103,7,5.7,1969,I1,9416846.39,1.8,39,Industrial
3202,5,3.4,1979,I2,4196839.64,6.6,33,Industrial
5047,5,1.4,1978,I1,15928508.16,3.1,19,Industrial
8516,8,9.7,2006,C1,8836393.34,17.6,49,Commercial
5830,5,10.0,2021,R1,23935260.64,0.2,47,Residential
2792,1,4.4,1989,C1,12313736.53,4.0,38,Commercial
3002,5,2.1,1968,C1,13870360.31,1.2,42,Commercial
9249,7,4.0,2018,I2,27177882.05,7.6,29,Industrial
7087,6,5.3,1951,I2,29935497.7,24.9,27,Industrial
3880,8,8.9,1995,C2,18984412.63,9.7,41,Commercial
3940,2,3.8,1965,C1,10666173.16,5.5,7,Commercial
7984,4,4.3,1996,C1,17405396.36,3.4,40,Commercial
1634,5,7.3,2022,C2,7101866.16,5.1,2,Commercial
8780,1,7.5,1994,R2,15835258.83,1.0,31,Residential
682,1,2.6,1959,I1,1712825.98,5.6,35,Industrial
8327,3,6.7,2001,R1,41343151.59,0.0,27,Residential
915,9,9.4,1971,I1,4571362.02,5.6,45,Industrial
1563,6,7.9,2015,I1,4261616.12,3.8,11,Industrial
2388,7,4.6,1975,R2,6174820.4,6.1,13,Residential
6242,7,6.2,1985,I2,9303100.87,3.5,6,Industrial
1808,6,7.4,1969,C2,4892384.96,1.8,39,Commercial
5373,7,9.4,2009,R2,16664881.75,4.1,40,Residential
6384,4,5.2,1991,C2,25209660.83,11.5,49,Commercial
4636,7,3.6,1960,I2,11899431.8,0.8,6,Industrial
7057,4,6.8,1963,I1,13742535.41,0.1,14,Industrial
950,1,2.7,1961,I2,3948584.6,4.8,12,Industrial
4964,2,7.2,1963,I2,15148799.06,6.4,10,Industrial
8417,2,7.3,2021,R1,41566973.44,3.6,21,Residential
4340,7,4.1,2020,I1,13590389.82,0.8,30,Industrial
3188,3,7.8,1953,R1,15338944.51,6.3,4,Residential
8687,7,1.0,2017,I2,33386429.17,11.4,39,Industrial
9986,7,4.7,2023,R2,42058936.8,2.4,39,Residential
2040,7,1.0,1989,C1,7100820.14,3.6,43,Commercial
7617,1,2.7,2001,R1,30541488.3,5.1,31,Residential
2419,3,4.8,2001,R1,6905175.12,3.1,13,Residential
8434,6,7.5,2008,C1,10527533.59,16.1,43,Commercial
7685,4,5.9,1996,C2,26255105.84,0.1,41,Commercial
9773,5,9.1,1966,C2,19084796.52,2.6,21,Commercial
8132,9,7.7,1950,I1,34462015.47,1.8,11,Industrial
7032,1,9.6,1978,C1,14633763.86,0.9,6,Commercial
1496,1,4.2,1982,C1,4800404.49,1.5,26,Commercial
1921,2,5.5,1988,R1,4011422.79,5.9,20,Residential
5866,5,3.2,1957,R2,27938236.1,0.0,27,Residential
7538,7,6.7,1985,R1,22714212.39,7.2,37,Residential
3292,6,5.5,1956,I1,12213211.65,2.7,16,Industrial
5203,1,9.6,1981,R1,13874649.47,1.4,48,Residential
1627,3,8.4,2003,I2,6531126.99,0.0,44,Industrial
970,2,4.9,1999,C1,3848759.3,5.2,9,Commercial
917,5,9.8,1992,I2,925983.64,6.1,3,Industrial
1629,3,5.4,2007,I1,4410567.53,0.3,24,Industrial
2874,2,5.3,1972,R2,12793658.11,0.1,29,Residential
6038,7,9.8,1959,C1,15140533.9,5.4,27,Commercial
5701,4,9.6,1995,R1,20866808.48,12.4,13,Residential
482,5,7.6,2010,R1,583009.26,4.7,41,Residential
8139,5,3.9,2017,R2,31031646.04,1.0,46,Residential
2249,9,2.0,1960,C1,6400193.23,4.1,28,Commercial
1379,1,5.4,1984,I1,1710549.98,4.6,27,Industrial
1029,4,6.0,1982,R2,4410151.6,6.6,21,Residential
1436,1,8.5,2011,C1,6983829.08,1.6,37,Commercial
4527,8,5.6,1990,C2,18658834.82,25.6,15,Commercial
6809,9,6.8,1984,C2,12748499.77,0.9,43,Commercial
9057,3,2.1,1976,C1,40146391.16,0.5,27,Commercial
1364,4,5.9,2016,C2,2795265.23,8.7,29,Commercial
4494,2,4.3,1969,R2,20364865.82,0.7,9,Residential
5002,4,4.1,1959,I2,18531862.17,4.0,20,Industrial
5180,4,3.6,2019,I1,23671112.97,9.9,12,Industrial
9757,4,2.8,1966,C2,45717450.66,4.9,41,Commercial
6184,8,8.2,1959,C1,15718050.25,1.8,36,Commercial
9873,9,5.5,1959,I1,28052673.69,0.4,31,Industrial
1835,4,5.1,1981,R2,1904969.59,1.1,3,Residential
2812,3,4.9,1974,R1,8715684.39,0.0,19,Residential
5339,8,3.0,1962,I2,24525133.41,1.0,1,Industrial
2742,3,6.6,1975,R1,8703163.17,8.4,40,Residential
9614,4,4.5,1964,I2,39205878.16,15.9,2,Industrial
648,1,2.2,1994,R1,1027525.34,2.5,43,Residential
3179,2,5.6,1982,C2,7149930.98,0.4,34,Commercial
8505,5,8.7,2002,R1,36637941.86,0.4,7,Residential
391,6,3.9,1970,R1,1030635.54,4.8,23,Residential
9225,8,1.4,2020,I1,19726640.66,10.0,31,Industrial
4840,9,3.3,1953,C1,11503701.2,2.3,2,Commercial
1972,3,9.2,2008,I1,5995404.85,5.6,43,Industrial
3561,5,7.0,2000,R2,4837607.38,3.7,6,Residential
1599,2,3.4,2006,I2,7373935.97,6.5,41,Industrial
989,3,5.2,1962,R2,4368056.44,11.7,38,Residential
6009,8,4.8,1958,R1,16709723.86,4.9,44,Residential
1772,5,3.3,2015,C2,3181740.27,3.1,37,Commercial
940,6,9.1,1991,R2,2965082.48,6.1,43,Residential
8366,2,2.8,1993,C2,15229969.89,3.5,17,Commercial
8593,9,5.6,2010,R1,28837269.5,6.9,21,Residential
7174,5,1.7,1990,I1,7407398.65,1.3,46,Industrial
7971,6,6.6,2005,R2,11285667.49,0.6,34,Residential
2062,7,9.4,2003,I1,2246965.37,14.4,16,Industrial
1054,2,9.5,1954,C2,3921596.3,4.4,38,Commercial
9685,1,4.9,1971,I2,37171348.73,21.6,18,Industrial
1319,5,7.1,1982,C1,5209998.74,5.0,8,Commercial
2441,7,1.1,2013,R1,10273311.27,1.2,37,Residential
2889,1,3.3,2018,I2,4781105.32,2.1,27,Industrial
5748,2,1.1,2012,I1,18084803.07,6.1,47,Industrial
9044,4,9.4,1988,I1,18358413.35,1.2,37,Industrial
1551,3,7.3,2019,I1,2425084.88,13.6,22,Industrial
3292,4,2.7,1989,C1,7352015.49,4.8,47,Commercial
9095,5,6.9,1966,C1,30130970.41,0.3,22,Commercial
1360,1,4.9,2003,I2,5050188.24,1.6,46,Industrial
6021,4,6.7,1971,I2,9426156.18,1.5,22,Industrial
5864,8,1.6,2018,C1,10139200.12,6.1,21,Commercial
7956,3,9.8,1969,C1,12396706.46,5.0,7,Commercial
2748,6,2.9,2008,I1,6875852.92,0.8,9,Industrial
2540,1,1.7,2022,I2,4827636.59,6.6,1,Industrial
6647,7,4.8,1963,R1,19552622.22,1.1,5,Residential
7785,7,9.1,1969,R1,13500303.89,5.8,13,Residential
8935,8,4.3,1953,R2,26373812.21,3.5,24,Residential
7160,4,4.1,1996,R1,34241320.83,9.3,39,Residential
7436,5,1.9,1991,R1,13850849.86,7.5,2,Residential
9896,2,2.8,2012,I1,27576884.15,0.3,7,Industrial
9423,2,2.0,2002,C2,37126656.54,1.6,20,Commercial
3134,6,9.1,1959,R1,5461685.64,2.1,32,Residential
8442,8,1.6,2010,C1,21495829.43,3.5,42,Commercial
955,7,7.5,1988,C2,3752422.9,9.3,23,Commercial
4096,3,9.4,1964,C1,6666258.25,7.4,22,Commercial
8355,7,4.2,1987,C1,27227414.13,5.6,30,Commercial
4755,2,5.7,1990,I1,18044453.01,4.6,28,Industrial
4032,2,8.4,1998,R1,13920060.33,0.9,12,Residential
7244,5,4.1,1979,R1,17284831.16,6.4,31,Residential
8596,4,3.2,2013,C1,32365255.48,7.9,16,Commercial
440,8,7.0,2008,C1,1989903.8,0.3,22,Commercial
3836,2,4.3,1967,I1,13743890.57,1.4,9,Industrial
7896,9,7.6,1952,R2,25335685.1,5.2,4,Residential
5384,5,4.0,2018,C2,19979109.48,1.0,30,Commercial
6748,5,8.9,1950,R1,8915878.78,15.2,42,Residential
2616,5,3.0,2011,R1,5997437.64,4.3,3,Residential
4038,5,4.4,1961,C2,12430038.6,28.0,43,Commercial
1879,4,2.4,1956,I1,5552575.59,4.0,14,Industrial
9373,9,5.0,1989,C2,10707036.34,1.3,29,Commercial
6705,3,8.9,1977,C2,16204437.5,10.8,43,Commercial
5468,3,8.7,1979,C1,11089784.82,7.0,30,Commercial
4820,4,5.4,1953,R1,21315337.6,17.8,34,Residential
7985,1,4.6,1984,C1,17508388.2,4.4,30,Commercial
7161,5,4.1,2023,I1,32356122.92,1.1,14,Industrial
4428,2,4.5,1999,C2,17076346.75,1.5,32,Commercial
5390,7,4.1,1980,R2,7257183.47,4.8,39,Residential
8844,8,1.7,1957,C2,34381809.21,4.5,48,Commercial
7258,7,3.6,2001,R2,33842072.16,2.0,9,Residential
9585,1,2.0,1991,I2,16992948.95,3.7,3,Industrial
6636,2,4.2,2009,R1,24217111.35,0.7,23,Residential
7860,8,7.9,1967,C1,26744648.67,9.0,41,Commercial
6327,8,7.4,2001,I1,27264757.63,0.6,30,Industrial
2626,9,2.4,1982,C1,10184166.9,12.8,13,Commercial
5466,8,4.1,1957,R1,21401343.63,11.4,43,Residential
6223,5,6.4,2001,I2,19597468.66,3.7,36,Industrial
1109,5,3.3,2004,R1,3571213.75,3.2,14,Residential
9372,6,2.0,1957,C1,29678788.87,6.1,22,Commercial
4154,3,1.6,2010,R2,13588879.95,0.1,23,Residential
7828,8,1.9,1997,I1,25659488.2,1.5,5,Industrial
3054,3,3.7,1991,R2,6505394.65,4.7,1,Residential
3874,4,1.2,1973,R2,16832714.97,1.0,15,Residential
639,5,7.5,1992,R2,2034350.65,1.8,10,Residential
9673,4,2.6,2011,I1,11619326.13,3.1,13,Industrial
2010,2,5.5,1993,C2,6360863.74,5.0,24,Commercial
7636,3,9.3,1978,I1,33516633.98,4.5,39,Industrial
707,5,3.4,1972,C1,1147355.09,6.4,18,Commercial
6341,1,4.8,2009,R2,11352576.03,9.2,47,Residential
3259,4,3.3,1980,R1,14279553.28,0.7,6,Residential
9385,3,3.8,1993,C2,29652379.17,6.3,30,Commercial
9345,8,7.1,1999,C2,29296889.25,3.4,21,Commercial
3349,9,1.3,2007,R1,5650551.35,0.6,34,Residential
7809,4,3.4,1966,I1,30406237.33,15.1,48,Industrial
5553,6,9.7,1979,C1,10836226.74,1.5,18,Commercial
1453,7,3.6,2008,R2,7087775.07,6.1,1,Residential
7082,8,6.2,1969,R1,25734953.17,2.3,40,Residential
9913,8,9.0,1966,R1,26309438.79,3.2,30,Residential
2716,6,6.2,2014,R1,5145015.28,4.8,30,Residential
2219,7,4.7,1991,R1,3418920.2,3.3,34,Residential
1627,4,3.6,1987,R2,4518231.64,0.2,42,Residential
3523,6,9.4,1951,C1,9399066.44,3.0,32,Commercial
3548,1,5.4,1974,I2,9138775.12,1.1,33,Industrial
3795,9,7.9,1977,I2,8767022.69,2.0,38,Industrial
6858,4,6.1,1993,C1,8919517.73,2.0,4,Commercial
6110,8,5.7,2000,R2,25130945.02,2.9,11,Residential
7104,2,5.6,1963,I2,11546521.32,0.6,24,Industrial
2935,8,5.9,2016,R2,6152651.19,10.1,19,Residential
436,2,4.2,1997,I2,481528.09,4.3,9,Industrial
1388,4,9.3,1977,I2,5225211.75,7.4,25,Industrial
3721,9,8.6,2019,R2,9963227.87,4.0,18,Residential
4191,1,5.8,2016,C2,12229860.52,0.7,23,Commercial
5182,6,4.6,1991,R1,21844550.86,0.1,4,Residential
7189,4,7.3,1961,C2,25664405.36,2.2,16,Commercial
2856,3,8.3,2007,I1,2927925.81,0.1,13,Industrial
545,6,9.1,1963,I2,1343284.78,0.2,5,Industrial
5038,1,5.3,2010,C2,8208845.02,0.4,10,Commercial
6457,7,5.9,1963,C1,14995993.07,0.2,47,Commercial
745,1,1.0,2010,C1,3631987.54,14.8,41,Commercial
6261,8,6.3,1995,C2,30139783.27,12.5,40,Commercial
4902,9,5.8,1987,C1,20397124.38,6.0,9,Commercial
2358,2,6.9,1989,C2,11326827.42,8.9,34,Commercial
9050,7,5.6,1970,R1,13153924.68,1.5,21,Residential
5177,3,5.3,1951,I2,23740812.84,2.4,11,Industrial
2523,8,4.0,1970,I1,2540782.86,9.8,6,Industrial
6451,4,3.6,1959,I2,16171868.28,0.6,29,Industrial
6844,8,1.0,2000,I1,31328359.21,2.1,33,Industrial
1809,1,2.5,1967,C2,3024649.4,13.3,48,Commercial
9651,3,7.1,1986,R2,33564887.5,11.4,37,Residential
9163,2,2.2,1953,C1,39527037.01,1.8,3,Commercial
999,3,9.3,1977,I1,3005107.57,2.5,38,Industrial
1369,2,4.1,2015,I2,3051814.59,3.5,9,Industrial
506,4,2.6,1985,R2,1185471.69,12.0,20,Residential
1267,4,3.6,1997,C1,5210831.89,15.7,22,Commercial
671,8,3.7,2017,R2,1361829.06,2.7,6,Residential
4402,8,9.2,1953,R2,13958919.35,1.4,4,Residential
3057,8,6.6,2008,R2,12703707.35,1.0,34,Residential
8354,2,6.9,1950,I1,34000782.32,7.3,13,Industrial
3582,3,9.4,1976,R2,5867074.28,3.0,31,Residential
7721,3,4.1,2013,I2,15422997.2,6.9,24,Industrial
3135,6,6.9,1952,I2,7137695.13,0.1,15,Industrial
1589,7,7.9,1996,C2,2189580.23,5.5,41,Commercial
1278,2,2.1,2012,I1,3153895.86,4.3,12,Industrial
9158,8,1.3,2009,R2,19990159.46,12.6,18,Residential
8005,2,3.2,1968,C1,11360035.33,3.5,13,Commercial
3326,2,9.7,2000,I2,10037451.78,18.9,27,Industrial
9567,6,2.5,1952,R1,34902768.38,7.1,18,Residential
2192,8,8.7,1993,C2,3605304.55,1.6,32,Commercial
5686,9,5.3,2003,I1,23006355.3,7.9,17,Industrial
6240,9,8.0,1966,I1,28601442.34,1.1,46,Industrial
8782,8,3.7,2023,I1,24626095.55,0.8,23,Industrial
3671,5,7.9,1950,C1,7643008.48,1.5,11,Commercial
7060,8,9.5,2010,I2,14156332.22,11.9,38,Industrial
480,6,5.9,1954,I1,1381295.92,0.8,28,Industrial
5077,4,1.7,1951,I2,23487048.92,5.9,29,Industrial
5161,7,6.8,2011,I1,15064901.08,3.7,20,Industrial
8094,5,3.3,2016,C2,38156917.47,1.1,32,Commercial
9214,4,2.7,2023,C2,42421302.79,15.2,11,Commercial
760,3,1.7,1976,I2,2392205.06,4.6,15,Industrial
4326,2,3.2,1998,R2,12630394.31,15.4,3,Residential
546,4,7.5,1980,R1,2295688.83,2.5,45,Residential
1313,4,9.7,1952,R2,6403021.02,9.1,7,Residential
5313,1,8.2,2020,C2,9962189.86,0.1,31,Commercial
4526,8,9.3,1955,R1,9412106.28,6.3,27,Residential
1187,6,4.2,1966,R1,2233023.94,0.5,4,Residential
3855,2,8.9,1999,I2,9271252.81,3.1,42,Industrial
7522,5,2.0,1952,C1,8167285.02,11.1,13,Commercial
9076,4,8.8,1980,I2,29190630.96,0.3,36,Industrial
4152,3,1.0,1981,R2,20169557.09,0.7,35,Residential
2742,8,7.9,1957,C2,13688579.94,0.8,31,Commercial
4480,2,3.3,1972,C1,10468133.93,6.6,16,Commercial
2527,9,9.2,1965,C2,9080524.82,0.8,28,Commercial
4609,2,7.4,1980,C1,10867188.5,0.2,33,Commercial
3912,8,9.5,1955,I2,9917498.93,0.1,5,Industrial
4090,3,6.2,1992,C1,15895289.75,2.6,28,Commercial
4667,9,3.5,1981,C1,21568248.06,1.7,27,Commercial
2316,4,7.3,1993,R1,2767768.68,18.6,31,Residential
3707,4,4.2,2007,C1,16101043.53,1.3,25,Commercial
9347,4,9.1,2010,I1,41062242.45,2.5,26,Industrial
520,2,7.3,1975,I2,2061387.35,4.2,47,Industrial
1747,3,2.7,1975,R1,5611826.13,5.8,48,Residential
2122,5,7.5,1968,I1,4768043.26,2.3,9,Industrial
9249,5,5.2,1968,C1,34469340.39,8.3,19,Commercial
7207,9,6.3,2002,C1,24945079.91,1.8,45,Commercial
2534,5,5.9,1961,I2,6894162.46,10.2,25,Industrial
6836,1,3.4,1997,I1,23648964.31,0.5,21,Industrial
8659,3,2.5,1990,R1,17003310.26,6.7,12,Residential
6018,8,3.6,2017,R1,10644887.96,4.6,17,Residential
4104,3,2.2,1950,I2,6127685.07,12.2,43,Industrial
8031,7,2.4,1968,R2,21769135.37,5.3,36,Residential
9335,6,2.1,1986,C2,27180698.44,0.6,33,Commercial
8460,2,7.7,1961,C1,25468731.84,7.1,29,Commercial
5207,1,9.1,1955,R1,7703020.79,3.5,43,Residential
7447,5,4.0,1982,R2,15425915.99,4.9,23,Residential
8366,3,5.5,1974,C2,36231434.94,2.3,28,Commercial
3512,2,3.4,1969,C1,17266074.68,1.2,31,Commercial
4773,9,5.7,1953,R1,12809842.47,0.7,23,Residential
1023,6,2.8,1960,C2,1352823.05,15.9,11,Commercial
3162,9,3.0,2007,R1,5510559.27,0.7,47,Residential
7201,6,5.5,1983,I1,20853962.92,0.3,32,Industrial
6011,5,7.9,1978,R1,19325786.1,1.8,16,Residential
1930,5,8.6,1997,I1,8965352.63,3.4,39,Industrial
2639,2,9.3,1980,I2,6508604.33,8.5,28,Industrial
4394,3,4.7,1960,R1,5303498.54,5.4,49,Residential
720,8,3.4,1990,C2,2820471.3,11.6,25,Commercial
1487,4,8.4,1992,I1,4277186.82,11.2,46,Industrial
7504,8,2.5,2019,C1,36230530.47,6.5,34,Commercial
1426,4,5.3,1972,I2,2640749.81,3.2,40,Industrial
4496,7,9.5,2015,C2,19825289.16,4.1,27,Commercial
1970,6,7.6,1974,R1,4869003.68,7.6,39,Residential
5351,7,8.2,2002,C2,9474646.67,10.2,16,Commercial
9942,8,8.4,1952,I2,34675866.41,4.8,13,Industrial
2445,7,6.0,1960,R2,11368609.04,2.5,36,Residential
7155,1,1.9,2003,C2,35258706.06,1.8,8,Commercial
6781,3,1.4,1987,C1,14597423.13,19.0,25,Commercial
8093,3,5.2,1977,I2,25568447.09,0.6,29,Industrial
7751,5,6.3,1976,R1,31812019.57,2.5,12,Residential
5155,2,2.4,2013,I1,5374980.19,2.0,28,Industrial
8868,1,8.0,1951,I2,14168639.35,6.8,10,Industrial
9691,8,9.6,1979,C2,9829038.4,0.7,5,Commercial
7484,6,3.6,2014,I2,35659972.07,1.2,20,Industrial
2800,4,4.8,1996,I2,4729486.6,2.6,49,Industrial
5566,1,9.8,2009,R1,26706800.91,1.2,36,Residential
6100,3,5.9,1996,I1,27837572.64,5.1,40,Industrial
7566,3,8.0,2004,I2,31724659.15,2.9,19,Industrial
1136,3,6.0,2011,C2,5355894.74,2.5,18,Commercial
9581,9,6.2,1956,C1,35631317.34,2.8,2,Commercial
6306,4,1.1,1951,I1,16753710.02,6.1,26,Industrial
2476,8,1.6,1974,I1,10024608.69,4.4,28,Industrial
1042,7,3.4,1988,R2,2121457.5,1.9,26,Residential
6887,6,1.8,1962,C1,11893023.72,2.2,43,Commercial
639,5,3.4,2011,I2,2678630.01,0.5,48,Industrial
8758,6,8.7,1961,C2,33820624.53,3.9,20,Commercial
746,6,4.2,1971,C2,1941808.22,8.3,30,Commercial
865,9,6.8,1974,C1,3055122.18,6.6,48,Commercial
7668,4,3.0,2016,C2,26362313.77,1.4,13,Commercial
6564,9,10.0,2018,R1,20883746.57,1.1,26,Residential
4960,8,4.6,2019,I2,12006255.34,4.9,43,Industrial
363,4,8.9,2002,R2,529844.02,1.5,8,Residential
9595,5,6.1,1957,C2,36782268.1,2.8,9,Commercial
2380,9,1.0,1992,R1,3060275.75,12.0,7,Residential
6791,9,8.8,1958,R2,19573255.47,8.2,5,Residential
2897,5,6.6,1958,R1,10821518.7,7.5,32,Residential
9489,2,4.6,1989,I1,44799981.72,2.4,46,Industrial
7816,2,8.9,1962,C1,14986988.74,2.6,7,Commercial
8581,9,5.3,2022,R2,14688000.76,3.1,7,Residential
1783,5,9.8,2019,C2,2161369.75,10.6,37,Commercial
1715,7,8.2,1952,I2,3139373.28,6.5,27,Industrial
961,8,8.0,1994,R2,3473504.13,0.2,49,Residential
594,5,6.8,2013,R1,1011846.91,1.7,36,Residential
3261,3,2.1,1984,R2,12251221.35,3.6,47,Residential
6033,2,9.2,1999,R2,18182788.09,1.0,45,Residential
3834,1,1.6,1950,I1,6002778.51,9.0,43,Industrial
2884,7,3.9,2014,I1,4324808.92,9.6,41,Industrial
5220,6,5.8,1981,I1,19528234.47,2.7,29,Industrial
9437,2,6.1,2012,I1,34838265.32,0.6,10,Industrial
8031,9,2.7,2000,I1,25258986.99,0.4,4,Industrial
742,1,8.7,2010,I2,3025010.0,0.6,32,Industrial
8221,7,9.9,1980,C2,31426563.0,19.1,25,Commercial
5553,2,2.3,1961,I2,17633920.54,5.3,43,Industrial
3079,7,5.8,1958,R2,14671176.18,0.6,22,Residential
4965,9,1.3,1991,R2,15664233.92,6.6,30,Residential
1940,4,6.9,1962,C2,4292426.49,10.3,19,Commercial
491,8,1.8,1957,R1,1350934.86,1.8,41,Residential
7822,2,5.2,2010,R2,16658409.31,15.6,40,Residential
9229,2,6.6,2022,R1,19983345.97,1.8,46,Residential
2801,8,8.1,2003,R2,9747362.7,0.2,10,Residential
1214,6,8.6,1952,R2,2435347.24,2.0,41,Residential
2704,6,3.9,1953,C1,2721040.88,0.4,6,Commercial
5437,8,7.5,1959,R2,22826935.8,1.0,13,Residential
5641,1,1.4,1980,C1,24301379.44,5.7,15,Commercial
7158,4,3.8,2017,R1,24474863.34,7.3,28,Residential
5030,1,7.8,1971,R2,21065826.13,14.5,4,Residential
5059,7,1.7,1970,C2,18130239.41,0.7,41,Commercial
2878,6,1.2,2019,C2,10682512.92,5.1,1,Commercial
1953,9,6.6,1989,I1,9673723.58,11.5,12,Industrial
2986,1,8.0,1951,C1,9886187.72,8.1,26,Commercial
7869,6,1.3,1995,I2,39126303.27,3.9,31,Industrial
4632,2,9.6,2008,R2,18714142.04,0.7,18,Residential
8078,3,8.8,1973,R2,38804439.21,22.5,11,Residential
5933,5,5.8,2019,R2,26171540.3,1.9,1,Residential
1923,2,7.9,1987,R2,5816145.24,2.4,31,Residential
9116,4,8.3,1979,C1,20563858.28,10.8,22,Commercial
8233,6,4.7,1996,C1,8547952.19,1.5,29,Commercial
6786,7,7.0,1969,C1,19469691.73,0.9,10,Commercial
1632,7,1.9,2007,C2,7465148.24,0.6,10,Commercial
6766,2,6.1,1974,R1,29110552.15,0.4,11,Residential
6579,1,8.4,1984,I2,8822539.11,2.4,46,Industrial
1576,3,9.0,1969,C2,4180621.38,28.3,34,Commercial
354,8,8.9,2006,C2,1284724.59,0.1,49,Commercial
6506,7,6.6,1994,C2,24937585.73,7.7,35,Commercial
6804,4,1.5,1964,I2,13034081.7,16.3,48,Industrial
2547,8,1.2,1960,I1,10915312.16,3.4,25,Industrial
5438,4,5.3,1996,C2,13198946.55,1.4,38,Commercial
8831,6,4.6,2003,C1,43241464.9,3.6,8,Commercial
5654,6,9.0,2010,I2,11412606.61,0.9,45,Industrial
2903,2,6.7,1982,C1,8329635.9,1.6,35,Commercial
4121,6,2.2,2013,R1,9146143.21,5.4,29,Residential
2215,6,9.6,2020,I2,10819879.25,2.6,30,Industrial
4948,1,3.8,1997,I2,22741098.36,7.9,1,Industrial
7953,8,6.7,2018,C1,36549928.71,16.5,37,Commercial
8002,9,2.5,1969,I2,14962626.91,7.6,16,Industrial
4849,7,5.9,1963,C2,21319678.18,0.9,34,Commercial
5819,6,1.1,1989,R1,20827497.04,1.0,30,Residential
7486,1,4.1,1964,R2,29105998.54,1.0,13,Residential
5202,7,3.8,1990,R1,18103105.96,10.8,16,Residential
7798,1,5.5,2007,C2,33687428.92,1.2,36,Commercial
5293,8,2.1,1963,C2,24853880.35,2.4,34,Commercial
3067,3,2.3,1954,C2,5232211.57,16.3,13,Commercial
2087,9,3.4,1959,C1,10196017.15,1.9,35,Commercial
6016,9,9.1,1975,I1,15143681.2,11.3,29,Industrial
8570,9,6.1,1998,R2,18951567.61,9.6,8,Residential
9302,5,1.7,2004,R2,25746552.05,11.8,7,Residential
1188,2,6.0,1965,I1,4979557.08,7.8,4,Industrial
2156,8,3.6,2011,C2,9608743.35,14.4,31,Commercial
7550,1,7.2,1994,I1,30450860.9,1.0,40,Industrial
4869,6,3.8,1994,C2,15567489.13,2.7,24,Commercial
599,8,1.4,2023,I2,2389216.84,0.9,1,Industrial
9540,2,7.8,1956,I2,13985698.48,1.2,17,Industrial
7070,2,9.4,1958,I1,27623261.56,19.7,31,Industrial
2855,7,1.1,1952,I2,12205646.96,1.5,3,Industrial
7275,8,1.6,2019,I1,14584574.78,8.8,23,Industrial
8759,6,9.3,1985,R1,28180826.45,16.0,41,Residential
2452,7,4.5,1981,C2,4314786.82,2.0,32,Commercial
4872,8,2.4,2005,C2,5940247.51,9.4,12,Commercial
2661,6,4.9,2003,I1,12290787.77,1.8,24,Industrial
3762,5,6.2,1964,I2,8375856.04,5.1,27,Industrial
3491,3,1.9,2011,C1,13516503.42,2.8,29,Commercial
6405,9,2.8,1959,C2,27544743.61,2.9,11,Commercial
2391,2,5.6,1999,I1,8402932.5,0.4,7,Industrial
5271,2,6.8,1967,C2,17062848.9,0.3,5,Commercial
5347,4,2.8,2021,R1,15187353.23,15.2,36,Residential
8681,3,1.2,1971,R2,43100031.1,4.0,2,Residential
7414,4,8.3,1980,I2,24339474.69,7.4,40,Industrial
2708,9,8.8,1957,C1,5008360.21,0.4,7,Commercial
8229,1,9.9,2009,I2,23410761.68,25.2,5,Industrial
5106,9,9.1,1985,C2,18789726.13,1.1,28,Commercial
5186,6,4.3,1987,C1,17415826.78,0.8,9,Commercial
1912,5,9.2,1986,C1,5269763.04,5.0,6,Commercial
2413,7,8.3,2008,R2,3066067.8,11.1,10,Residential
8076,7,6.1,1995,C1,11837504.13,3.0,9,Commercial
8917,6,5.3,1987,R1,10468188.88,0.0,24,Residential
4940,5,1.2,2022,R2,9293668.77,4.0,10,Residential
6107,4,7.5,2010,R1,11190375.93,0.5,43,Residential
1049,6,3.8,1983,I2,1325133.51,0.2,20,Industrial
3957,4,6.0,2014,R2,19413141.66,4.1,8,Residential
1918,5,3.6,2005,R1,3690427.71,6.2,4,Residential
3514,5,7.7,1954,I1,5913089.62,7.5,9,Industrial
7123,6,4.7,1950,C2,28014878.76,1.0,22,Commercial
7256,2,3.5,1977,I2,24038774.1,2.6,4,Industrial
4041,9,9.6,1965,I1,7617320.39,0.5,43,Industrial
6105,4,5.7,1950,C1,18056959.9,1.0,40,Commercial
7561,1,2.5,1980,I1,30998481.68,25.9,5,Industrial
2968,9,2.1,1956,R2,12092205.83,14.0,35,Residential
1367,9,8.5,1971,C2,4003932.74,1.9,44,Commercial
6130,3,5.8,1980,I2,21108383.6,0.4,29,Industrial
4351,1,2.4,1952,C2,15184544.1,10.2,26,Commercial
6332,6,6.1,2003,C2,19982659.28,1.3,18,Commercial
6317,8,3.2,1954,C1,30149459.75,0.9,10,Commercial
4307,3,3.6,2022,R1,12177658.7,15.5,23,Residential
3669,9,8.6,1951,I2,7996366.01,4.5,24,Industrial
4820,5,9.7,1972,R2,16823296.34,0.4,31,Residential
7617,3,6.7,1972,R2,17450577.98,5.4,40,Residential
1126,3,4.5,1952,C1,4123733.16,1.7,5,Commercial
9769,2,1.7,2019,C1,29935098.45,2.3,6,Commercial
1870,8,1.1,2016,C2,2699791.52,5.9,17,Commercial
409,7,6.5,2013,I1,929253.99,1.3,6,Industrial
1769,2,3.1,1966,R2,6986593.88,0.6,24,Residential
9167,8,1.4,1978,C1,29232630.65,7.8,12,Commercial
1890,2,1.4,2011,R2,5579489.39,1.7,26,Residential
7677,5,9.3,1981,R1,35046570.19,2.7,12,Residential
3249,6,7.8,1979,I2,3551207.21,14.2,23,Industrial
8515,1,4.0,2002,C1,28777548.83,7.9,13,Commercial
4772,8,1.5,1990,I2,6179646.28,0.3,22,Industrial
9615,3,9.5,1984,R2,37197694.96,10.2,20,Residential
4881,4,7.8,1995,R2,13685222.57,13.5,24,Residential
6503,5,1.8,1986,R2,31305401.68,11.2,38,Residential
1676,6,9.3,1968,I2,3468015.3,12.9,41,Industrial
1741,4,2.3,1998,I2,5283400.63,4.6,44,Industrial
5002,4,5.7,1953,R2,15964392.97,2.4,18,Residential
8114,3,9.1,1981,R1,22670518.19,0.7,22,Residential
5797,4,6.3,1960,R2,25220429.76,12.9,27,Residential
5711,6,1.2,1951,C2,17545225.15,0.2,17,Commercial
8714,7,9.1,1970,R1,23832835.78,19.0,42,Residential
4219,2,8.4,1981,I2,17832867.43,0.3,45,Industrial
4404,8,5.9,2001,C2,6740469.94,0.4,19,Commercial
3112,5,8.1,1959,R2,12731685.6,0.1,21,Residential
9184,5,1.1,2004,R2,21169397.32,2.1,3,Residential
2612,1,9.8,1963,I1,5039700.96,0.5,36,Industrial
2091,8,9.1,1951,R1,9271936.82,5.5,22,Residential
5242,6,7.7,2017,C1,23796361.18,0.8,3,Commercial
2761,2,4.9,2014,I1,10472994.76,4.9,14,Industrial
5194,8,8.7,1965,I2,9886894.41,14.0,9,Industrial
393,7,1.9,1985,C2,626560.88,1.1,21,Commercial
9743,8,5.5,2006,R1,31382666.65,4.4,25,Residential
1458,8,3.6,1968,I1,6518863.73,5.9,17,Industrial
3900,5,4.4,2002,I2,16493939.54,3.8,27,Industrial
349,9,6.0,1985,R2,1070054.96,2.1,12,Residential
8890,8,3.5,1994,I2,24235826.9,1.8,20,Industrial
9196,2,1.4,1952,R2,31299274.33,10.2,28,Residential
6627,2,6.6,1979,C2,22879523.48,10.7,38,Commercial
1006,5,4.2,2010,C1,3337626.86,1.2,1,Commercial
8361,1,7.9,1976,C1,34436910.42,0.1,8,Commercial
6704,6,4.8,2012,C1,15329851.93,2.3,44,Commercial
6375,9,6.6,1996,R1,12442936.39,4.9,27,Residential
5345,9,2.4,2012,C1,5659061.67,13.5,44,Commercial
8888,5,8.3,2018,C1,26949017.85,2.2,37,Commercial
9765,8,9.3,1950,R1,20735543.96,18.2,34,Residential
1487,6,3.9,1985,C2,6464142.6,8.9,31,Commercial
2725,9,7.2,2008,C1,3046406.1,0.3,8,Commercial
9653,3,3.9,2001,C2,10730368.28,2.6,28,Commercial
4880,6,1.4,1972,I1,5697234.14,4.7,31,Industrial
5909,5,2.4,1970,I2,26865510.48,1.2,47,Industrial
7409,2,8.3,1994,I1,25415621.79,9.8,27,Industrial
1549,6,4.0,2016,C1,3823388.5,8.0,29,Commercial
712,7,3.0,1979,R2,2291893.18,1.6,45,Residential
4861,7,10.0,1987,R1,20799089.76,0.6,16,Residential
4830,5,7.0,1975,I2,17210539.32,3.9,30,Industrial
1472,1,7.5,2018,I2,2309168.97,1.4,24,Industrial
7992,6,3.9,1965,C2,11598235.89,2.1,9,Commercial
7879,1,6.6,1980,C2,15588828.1,10.6,39,Commercial
9557,9,5.9,1980,C2,33531413.28,3.6,11,Commercial
5613,5,1.3,2023,C1,6451990.97,3.4,37,Commercial
8274,2,8.4,2013,I1,25722089.68,7.2,1,Industrial
462,1,2.6,1987,C2,933278.25,1.6,5,Commercial
1074,2,6.0,1962,R1,4592884.18,2.0,14,Residential
800,1,8.0,1974,R2,2817222.42,8.7,45,Residential
4674,2,7.4,1959,I2,13391476.0,3.6,33,Industrial
3139,2,3.9,2012,I2,12173574.93,2.1,22,Industrial
550,7,7.9,1998,I1,1058888.07,1.6,5,Industrial
8410,3,7.1,2003,I1,9307418.65,1.7,28,Industrial
2258,2,8.9,1956,I1,6883116.12,4.1,36,Industrial
8928,9,4.0,1960,R1,27429590.97,6.3,30,Residential
4216,8,8.7,1962,I2,12102245.57,3.2,33,Industrial
7801,8,8.7,2005,C1,19007339.8,0.9,34,Commercial
7344,6,8.7,1998,I1,21981612.06,5.5,22,Industrial
8112,1,6.5,2014,C1,30442376.72,1.4,13,Commercial
1749,1,5.7,1999,R2,4222020.3,0.5,14,Residential
5654,8,5.9,1957,R2,25334892.68,8.0,1,Residential
3579,1,9.3,2019,C2,13080935.4,3.9,28,Commercial
1468,7,2.4,2002,R2,3456998.69,8.5,22,Residential
5311,8,3.2,1975,R1,11998899.83,0.0,2,Residential
9516,5,2.2,1952,R2,23675424.33,3.9,15,Residential
1736,2,4.4,1963,I2,6936733.76,14.6,5,Industrial
5917,4,3.9,1962,I1,17963636.31,8.3,7,Industrial
531,5,5.2,1989,C1,540908.63,18.1,7,Commercial
3457,2,8.0,1959,I2,15952965.28,0.1,14,Industrial
5808,7,3.1,1965,I1,10372131.4,4.4,4,Industrial
9589,2,1.1,2009,I1,11223202.37,1.3,17,Industrial
5354,5,5.8,1998,R1,9631275.24,6.0,5,Residential
2676,1,3.8,1994,R2,13243751.07,1.2,8,Residential
4279,4,6.2,1963,R1,13246245.57,6.0,3,Residential
9937,3,1.6,1982,I2,35438739.11,9.0,44,Industrial
4340,8,7.7,1966,R1,9760822.2,4.6,24,Residential
3068,2,9.9,1981,C1,11957519.87,2.0,39,Commercial
885,2,8.8,2000,R2,2609379.0,7.0,24,Residential
7424,4,3.5,2014,I2,26645208.82,3.2,32,Industrial
2173,5,8.0,2014,I1,6684419.56,3.0,11,Industrial
6197,7,7.5,1961,I2,20658017.39,11.3,5,Industrial
9449,4,4.0,2015,C2,38517113.46,0.0,1,Commercial
4405,7,2.6,1991,I2,18189106.6,3.6,18,Industrial
3060,7,2.5,1983,I1,6602374.59,6.8,21,Industrial
6037,3,5.5,1983,C1,26004708.2,2.8,30,Commercial
1030,6,9.6,1975,R1,4936315.17,1.1,12,Residential
9631,8,4.3,1989,R2,22006615.77,11.1,22,Residential
7840,3,4.7,1995,R2,36228389.58,0.1,36,Residential
9698,3,6.8,1961,R2,27041538.04,1.7,47,Residential
8915,9,7.5,1983,I1,14114610.02,13.7,26,Industrial
1430,4,5.0,1995,R2,5848313.05,12.1,24,Residential
5615,6,6.3,1981,C2,21869242.24,5.1,9,Commercial
6742,2,4.1,2013,I2,26659191.54,2.9,37,Industrial
2829,1,1.5,2022,R2,13286693.84,1.1,46,Residential
5599,9,6.1,1966,C2,9915074.14,8.5,3,Commercial
1486,8,2.9,1964,I1,2208701.2,2.6,28,Industrial
6618,1,2.2,2021,I1,18240601.98,0.5,1,Industrial
3024,5,9.3,1952,C2,15053709.8,26.6,5,Commercial
6110,4,6.0,2020,R2,11221575.44,0.8,9,Residential
2131,7,6.7,1969,C1,5051725.39,5.3,34,Commercial
9049,5,1.3,1999,I1,44248816.9,13.0,31,Industrial
1707,7,6.9,2013,I1,7825637.99,4.9,19,Industrial
9799,9,6.5,2017,C1,30220538.1,10.1,42,Commercial
1592,6,3.1,2010,C1,7267745.79,1.8,16,Commercial
3432,4,7.3,1976,R2,6176246.91,2.2,12,Residential
5303,7,5.5,2005,I2,7254198.02,1.2,11,Industrial
9901,5,4.3,1974,I2,39452291.74,17.6,10,Industrial
7680,7,5.1,1955,R1,32261092.47,0.8,23,Residential
4247,2,6.1,1971,R2,17298826.69,0.1,25,Residential
7941,7,3.6,2001,C2,24509597.14,13.2,44,Commercial
4527,2,8.1,1966,R1,7742362.3,1.1,41,Residential
3110,7,5.1,1977,I1,12891856.25,8.0,41,Industrial
1680,2,9.2,1958,R1,6862336.08,7.9,21,Residential
9240,4,9.8,1966,C2,12648611.76,0.2,1,Commercial
7196,1,7.6,2006,I2,23740093.24,0.7,15,Industrial
654,1,8.3,1971,C1,2300755.97,8.7,13,Commercial
310,9,8.6,2008,R1,1073521.7,0.0,23,Residential
3548,5,1.9,1986,I2,12349041.0,0.3,49,Industrial
6333,5,8.2,1957,R1,28326622.26,0.8,1,Residential
7178,3,2.9,2015,I2,13975704.16,8.0,39,Industrial
8580,5,9.0,1991,R1,13873240.96,1.2,15,Residential
2224,7,2.5,1961,C2,5394811.88,5.8,38,Commercial
1189,2,6.8,1968,C1,5125486.52,6.5,38,Commercial
2232,7,4.8,2017,R2,5203737.36,7.8,24,Residential
3579,3,1.7,1999,C2,4057673.14,5.4,4,Commercial
7026,5,6.2,1971,I2,12629021.53,5.2,19,Industrial
3244,7,4.7,2010,C2,12289310.16,11.2,31,Commercial
4791,4,8.6,1983,C2,6125007.54,1.1,47,Commercial
7957,9,7.3,2001,C1,11055509.68,0.8,36,Commercial
8627,7,6.1,1994,R1,29478799.3,4.3,27,Residential
812,5,6.0,1972,R1,1844061.74,0.0,4,Residential
7207,3,3.4,2019,C2,14188779.3,4.4,2,Commercial
9884,7,6.0,1966,C1,25266464.36,6.9,48,Commercial
3709,1,4.6,2009,C1,15327603.91,3.7,35,Commercial
3036,8,3.0,2001,C1,3640270.4,1.8,44,Commercial
7617,8,7.0,2023,C1,7869855.68,0.5,2,Commercial
5724,2,2.8,1974,R1,18500731.55,1.5,11,Residential
1208,7,1.4,1992,R2,1289984.85,2.1,12,Residential
5715,2,7.5,1976,C1,15148291.43,9.0,9,Commercial
2407,6,7.3,1991,R2,3153471.34,2.8,9,Residential
9263,9,9.7,2000,R1,18670293.5,1.2,14,Residential
2183,3,3.4,2015,C2,8146189.74,0.0,22,Commercial
2187,6,2.1,1950,C1,5786454.88,19.8,13,Commercial
9937,1,9.9,1978,I2,27495248.47,2.6,21,Industrial
4244,6,8.0,1982,C2,17904305.54,8.9,32,Commercial
7152,5,7.8,2008,R1,27108649.71,4.3,1,Residential
2046,1,1.5,1989,R2,5089204.11,6.4,41,Residential
5604,6,2.1,1983,R2,22143427.68,3.8,8,Residential
888,5,4.8,2012,R1,1976331.66,0.6,47,Residential
6128,6,6.1,1999,C1,27323436.58,4.1,47,Commercial
6847,9,1.9,1953,R2,18684286.8,6.8,6,Residential
6974,7,6.9,1962,C1,15675506.65,3.2,30,Commercial
7000,9,9.2,2005,C1,8580224.04,5.0,48,Commercial
7187,7,3.4,1999,C1,7651428.3,6.9,15,Commercial
7457,5,5.2,1986,I2,26031339.6,7.8,25,Industrial
2040,1,5.6,1981,R2,3132406.75,8.4,22,Residential
1999,9,6.5,2003,I1,8566010.68,13.3,13,Industrial
9346,7,3.2,1968,C1,33158146.35,0.9,27,Commercial
7131,2,1.9,2006,I2,22865796.54,0.9,1,Industrial
756,7,9.7,1952,R1,1184625.22,5.0,40,Residential
4538,9,8.9,1981,I2,21062707.71,0.1,2,Industrial
8110,1,8.1,1956,I1,29013635.78,3.0,10,Industrial
8583,4,5.2,1988,R2,15580918.36,3.9,6,Residential
5731,4,1.1,1971,R1,28512381.74,4.3,30,Residential
701,3,4.9,1994,I2,1929139.81,2.9,13,Industrial
1490,9,6.2,2011,I2,5020659.94,0.4,45,Industrial
882,3,3.1,2012,C2,3714862.88,1.3,11,Commercial
1871,7,6.8,1966,R2,8416933.52,5.9,20,Residential
8455,9,5.1,1996,C2,29562040.64,7.5,38,Commercial
9269,8,3.2,2001,I1,9748755.71,4.7,10,Industrial
1287,2,8.5,2018,I1,5741893.75,3.8,18,Industrial
2886,7,2.2,2003,R2,12986914.24,1.7,48,Residential
801,2,4.7,2014,I1,2936675.57,0.7,36,Industrial
2597,9,6.8,2008,C2,7820454.8,0.3,11,Commercial
6584,4,7.3,2023,I2,12099090.59,1.9,42,Industrial
2796,3,4.5,2001,R2,4825335.18,3.7,22,Residential
1953,3,9.6,1973,I2,3332727.99,9.1,2,Industrial
9147,8,7.1,1991,I2,22280496.4,1.6,6,Industrial
4426,1,3.6,1956,C1,5578116.51,0.1,31,Commercial
4235,3,3.4,1952,R1,17304497.03,6.3,12,Residential
2706,3,6.6,1966,I2,3335838.13,10.3,7,Industrial
4567,5,4.5,1967,I2,20261569.96,5.7,39,Industrial
5232,7,9.8,1998,R2,23803377.74,9.8,14,Residential
5451,4,4.5,1955,I1,16367303.41,6.6,13,Industrial
8684,6,5.6,1989,R1,37105375.27,1.4,24,Residential
1079,1,9.1,2016,I2,4151198.8,5.6,12,Industrial
3095,9,3.5,1952,R1,10439363.82,12.2,20,Residential
2335,7,3.7,1969,R1,9480484.0,19.1,36,Residential
8730,3,6.4,1991,R2,10430507.42,4.9,16,Residential
8490,4,4.4,1980,R2,16312292.34,7.8,25,Residential
5669,3,7.3,1987,C1,11571579.05,6.9,12,Commercial
6009,7,7.5,2020,R1,18168080.1,31.4,15,Residential
2395,1,2.4,2013,R2,4941174.76,4.8,31,Residential
6691,2,5.9,2004,I1,18201248.07,4.3,24,Industrial
5495,3,5.7,1981,R1,8439246.7,1.1,15,Residential
6355,8,4.4,2017,C2,14032852.89,2.0,20,Commercial
5098,5,4.2,1976,R1,23946812.67,0.9,30,Residential
7926,5,3.5,2017,I1,29154911.58,3.8,29,Industrial
8695,7,4.7,1975,R1,19621824.76,9.2,32,Residential
8679,2,3.1,1966,C1,9264266.1,6.4,32,Commercial
725,2,7.6,1971,I2,1414549.23,1.1,10,Industrial
3935,8,4.6,1978,I1,9099990.72,1.3,30,Industrial
4698,8,5.2,1951,R2,7332719.32,1.3,25,Residential
1168,1,2.6,2015,C1,3907725.97,1.5,15,Commercial
2444,6,6.2,1953,C2,7401320.18,3.4,29,Commercial
7443,8,7.7,2013,C2,23503862.07,4.9,25,Commercial
1608,1,6.3,1987,I1,7615246.27,1.1,11,Industrial
8224,9,8.9,1974,C2,39135114.21,0.9,17,Commercial
5832,8,2.1,1991,C2,6675435.18,10.1,10,Commercial
6966,3,5.1,1972,C1,14112440.67,4.5,46,Commercial
1255,9,9.5,1976,C1,5356274.03,0.7,8,Commercial
927,4,4.8,1999,C1,3048610.19,0.0,15,Commercial
4859,7,6.5,1969,I2,16236270.13,4.5,8,Industrial
2046,5,1.9,1962,C1,6144958.29,0.4,20,Commercial
5817,9,1.8,2015,R1,15692582.78,6.4,19,Residential
9942,7,9.3,1980,R1,48954204.38,7.4,48,Residential
4445,4,2.5,1999,I1,7545401.67,9.3,5,Industrial
3879,2,2.9,2010,I2,19031506.24,1.7,2,Industrial
1111,2,8.7,2011,C2,1535344.55,3.6,40,Commercial
6554,4,6.9,1962,R2,22885908.87,4.6,28,Residential
6483,3,9.2,1975,I2,13565166.11,2.7,4,Industrial
2411,9,2.7,1974,I2,8831315.65,9.9,35,Industrial
4337,4,8.6,2008,C2,14726081.49,5.3,2,Commercial
6079,6,1.4,1973,I2,25615506.03,19.7,45,Industrial
5134,1,7.9,2013,R1,14273360.96,4.4,12,Residential
7860,4,5.6,1967,I1,18039504.98,8.8,8,Industrial
5468,5,3.7,2017,I2,21666027.03,3.1,13,Industrial
8263,8,5.0,2022,R2,20575704.83,13.4,44,Residential
3704,2,3.1,1966,C2,9222905.86,9.1,26,Commercial
5524,4,1.6,2005,C2,18013971.77,2.1,17,Commercial
6770,2,9.7,2018,R2,23900675.75,1.9,34,Residential
6138,8,7.4,2001,R2,8381426.59,2.0,14,Residential
8573,8,4.8,2018,C2,13661465.93,0.3,35,Commercial
3975,6,1.8,1971,I2,17450025.36,1.6,15,Industrial
3236,5,6.3,1971,C2,10628982.86,2.2,31,Commercial
675,1,4.6,1975,I2,3036619.87,2.7,9,Industrial
1432,8,5.6,1952,R1,4113861.07,0.7,2,Residential
5008,8,1.5,2013,C2,24923759.78,6.8,19,Commercial
4033,3,6.9,1960,I2,19333422.89,2.7,14,Industrial
4844,9,8.1,2020,R1,11248123.85,8.0,39,Residential
3987,1,8.1,1958,R2,19231889.4,2.1,42,Residential
479,7,2.5,1980,I2,2123855.53,0.2,8,Industrial
2518,5,7.6,2021,I1,5105294.46,4.7,7,Industrial
1788,8,6.8,1956,C2,5946545.75,0.2,47,Commercial
323,2,8.9,1982,I1,651702.35,2.1,12,Industrial
5072,6,4.3,1979,R1,16030068.28,0.5,47,Residential
4797,3,9.2,2015,C1,8973012.05,7.1,18,Commercial
3094,4,2.7,1958,I1,14822498.69,6.7,36,Industrial
5461,4,6.9,1998,C1,14105667.3,9.8,3,Commercial
5891,8,5.9,1989,I1,11595075.16,0.1,37,Industrial
1674,2,3.1,1962,I1,6515169.48,1.0,39,Industrial
4047,3,4.1,1951,R1,18691861.22,0.0,28,Residential
7313,1,7.4,2000,I2,7726434.34,21.6,31,Industrial
4644,7,1.6,1960,R1,21780039.08,1.6,48,Residential
3853,5,7.0,1972,R1,5310355.14,5.5,38,Residential
5008,1,8.1,1955,R2,7425578.24,2.5,23,Residential
8634,4,7.6,1951,R2,20953356.71,14.6,14,Residential
510,3,7.9,1980,R1,1434376.1,1.7,8,Residential
1296,4,3.3,1991,R2,5748864.1,15.8,22,Residential
1003,7,3.3,1977,C2,1334076.16,3.4,27,Commercial
1511,2,4.8,1994,C1,5493190.63,4.2,40,Commercial
3740,2,6.8,2014,I2,4334055.92,9.1,5,Industrial
4998,3,2.8,1987,C1,5085646.19,11.9,36,Commercial
6160,8,3.7,2019,I2,14068982.73,0.7,49,Industrial
1047,7,7.3,1965,R1,1948497.59,1.5,18,Residential
3597,1,5.0,2020,R1,7469552.53,2.8,22,Residential
913,4,6.0,2002,C1,2658841.28,1.7,4,Commercial
6197,4,4.9,1993,C2,9117672.02,6.3,26,Commercial
7543,2,5.0,1993,I2,9077462.06,1.8,39,Industrial
4327,1,1.2,1970,C1,9377401.06,10.7,13,Commercial
5979,2,5.0,1970,R2,15221470.45,2.4,35,Residential
4804,9,3.2,1965,I2,6979297.0,2.7,44,Industrial
8526,3,2.5,1972,I1,23240752.83,3.6,17,Industrial
513,1,5.8,2010,R2,2302320.82,2.6,18,Residential
2698,3,2.1,1966,I2,8350517.15,2.8,33,Industrial
468,2,1.1,2019,R2,1632609.66,0.1,29,Residential
8338,8,5.8,1993,I1,21758944.03,1.2,16,Industrial
6896,2,6.0,1982,I2,9033529.93,6.7,49,Industrial
981,8,6.5,2021,R1,3247153.19,17.2,3,Residential
2810,7,9.4,1954,C2,4254777.51,5.4,4,Commercial
9788,7,1.0,1994,R2,19959263.07,8.4,26,Residential
5509,7,5.6,1994,C1,16977011.1,4.0,7,Commercial
9862,4,5.5,1979,C1,13201815.61,5.2,16,Commercial
9125,7,5.1,2019,I1,34644218.76,9.7,16,Industrial
8016,6,1.3,2007,R1,11489366.53,7.3,22,Residential
5095,9,1.4,1976,C1,17576776.98,3.5,43,Commercial
1462,5,1.6,1982,C2,5526966.32,1.4,23,Commercial
2421,6,1.9,1978,R2,6257085.96,0.4,45,Residential
8193,4,5.6,1976,C2,30889844.77,2.2,30,Commercial
4753,8,5.7,2001,I1,9571859.41,0.9,34,Industrial
9875,7,8.5,1996,C1,23540763.63,2.2,37,Commercial
2232,8,1.2,1958,R2,9303933.06,13.3,23,Residential
6315,3,4.0,1988,C2,13505532.03,7.6,41,Commercial
9501,6,7.7,1988,R1,18933293.6,0.7,4,Residential
5797,7,9.3,1955,C1,24596236.35,0.2,17,Commercial
2044,5,7.6,1952,C2,4531936.61,3.8,34,Commercial
1214,4,1.3,1967,R2,4143098.61,13.5,8,Residential
7056,7,8.4,2005,C1,13140356.1,10.2,30,Commercial
5249,6,7.9,2000,I2,13725487.29,4.8,26,Industrial
5788,2,1.1,1977,C2,13726396.67,5.1,19,Commercial
335,2,3.2,2019,C2,1250176.48,4.2,28,Commercial
1247,3,1.5,2018,C2,2178055.31,5.7,31,Commercial
634,1,6.8,1970,R1,2512342.14,10.6,8,Residential
7041,5,6.1,1997,I1,15729076.55,0.6,30,Industrial
5380,1,4.2,2004,I1,26621176.04,4.8,33,Industrial
734,5,6.7,2006,R1,1785514.81,13.7,41,Residential
9139,2,8.2,1974,R2,32461316.22,3.7,30,Residential
5813,7,1.8,1985,R2,22778639.97,5.6,37,Residential
1047,9,8.0,1974,R1,1908359.01,0.6,38,Residential
4665,4,8.6,1951,C2,10948029.4,15.6,14,Commercial
6841,9,3.2,1998,R2,30024234.59,5.7,32,Residential
2744,7,2.1,1955,R1,3472247.74,5.7,4,Residential
1220,4,7.7,1996,C2,4647980.35,12.8,17,Commercial
7310,4,2.1,2002,R2,23036709.59,0.2,3,Residential
8903,4,1.1,1983,I2,9879508.65,18.9,46,Industrial
6677,4,3.7,1998,C2,25070281.4,5.5,39,Commercial
7498,4,6.6,1983,C2,35938661.25,9.6,20,Commercial
4195,7,6.5,2012,I1,5594689.97,1.3,3,Industrial
4839,5,6.5,1959,C1,5917627.8,2.3,27,Commercial
2011,4,8.0,1982,C2,2249120.89,6.3,31,Commercial
4052,3,7.2,1984,I2,16811013.96,7.8,7,Industrial
1851,2,2.4,2018,C1,2052805.17,10.3,45,Commercial
9745,4,7.7,2019,I2,23625597.26,3.7,44,Industrial
6521,9,3.9,2019,R1,23688041.12,4.8,21,Residential
