Date,Channel,Region,Ad_Spend,Impressions,Clicks,Conversions,Revenue,CTR,Conversion_Rate
2025-01-01,Facebook,East,35072,324422,12194,1177,487278,3.758684676131705,9.652288010496965
2025-01-01,YouTube,North,15612,434523,5654,2927,2517220,1.3011969446956777,51.76865935620799
2025-01-01,Instagram,East,5582,65898,9991,761,318859,15.161309903183708,7.616855169652688
2025-01-02,YouTube,East,21320,105984,7077,2505,2367225,6.677423007246378,35.39635438745231
2025-01-04,YouTube,South,10838,298801,16150,2179,1717052,5.404935057111589,13.492260061919506
2025-01-04,YouTube,East,43291,398412,7058,296,248936,1.7715329859542384,4.193822612638141
2025-01-04,Google Ads,East,35386,181735,3456,1384,358456,1.9016700140314196,40.0462962962963
2025-01-04,Facebook,North,8894,460986,3146,614,264020,0.6824502262541596,19.516846789574064
2025-01-04,Facebook,West,9235,187005,4593,362,342814,2.456084061923478,7.881558893969083
2025-01-04,Instagram,North,43856,168398,3376,1250,1118750,2.0047744034964787,37.0260663507109
2025-01-05,Email,North,20905,140356,13457,2394,1036602,9.587762546667046,17.789997770676973
2025-01-05,YouTube,East,37425,440900,8142,760,247760,1.846677251077342,9.334315892901007
2025-01-06,YouTube,North,31158,165902,12371,2759,2618291,7.4568118527805565,22.302158273381295
2025-01-06,Instagram,North,39584,290800,19220,1139,831470,6.609353507565337,5.926118626430801
2025-01-06,Instagram,North,27906,240755,17996,841,716532,7.474818799194202,4.673260724605468
2025-01-07,YouTube,North,38206,166092,12078,1134,893592,7.2718734195506105,9.38897168405365
2025-01-08,Email,East,19059,230427,8398,1431,1385208,3.644538183459404,17.0397713741367
2025-01-08,Instagram,West,35292,333196,11675,192,165696,3.503943624773407,1.6445396145610278
2025-01-08,Google Ads,East,35324,41554,15033,485,332710,36.177022669297784,3.2262356149803764
2025-01-09,Facebook,South,31116,218089,11517,2756,1124448,5.280871570780736,23.929842841017628
2025-01-10,Google Ads,East,14330,353431,5931,2024,1414776,1.6781210476726716,34.125779801045354
2025-01-10,Instagram,North,25345,28325,16648,2684,832040,58.77493380406001,16.12205670350793
2025-01-11,Facebook,South,44416,344605,2627,2154,775440,0.7623220789019312,81.99467072706508
2025-01-11,YouTube,North,25340,298987,12297,271,262599,4.112887851311261,2.2037895421647558
2025-01-12,Google Ads,East,45842,409365,10945,1629,1128897,2.6736530968695416,14.883508451347646
2025-01-12,Google Ads,South,45964,24851,9527,1537,630170,38.33648545330168,16.13309541303663
2025-01-12,YouTube,East,41327,352741,16266,2902,1865986,4.611315384375505,17.8408951186524
2025-01-13,YouTube,South,8392,169471,4961,1363,815074,2.927344501419122,27.474299536383796
2025-01-14,Instagram,East,42390,431712,10594,513,365256,2.4539507820028166,4.84236360203889
2025-01-14,Facebook,East,39611,463218,10937,2674,1074948,2.3610913220125296,24.44911767395081
2025-01-15,YouTube,North,37271,363374,9298,1450,988900,2.558796171437692,15.594751559475156
2025-01-15,Facebook,North,20199,162462,17658,2885,2218565,10.869003213059054,16.33820364707215
2025-01-15,YouTube,North,32012,270623,15903,1867,539563,5.8764406572981605,11.739923284914797
2025-01-16,Instagram,North,36214,485706,15549,2019,1088241,3.201319316623637,12.984757862241944
2025-01-17,Instagram,North,44450,456729,12920,1289,444705,2.8288109579203424,9.976780185758514
2025-01-17,Email,North,13260,355026,5862,1656,569664,1.6511466765814335,28.249744114636645
2025-01-17,Facebook,East,43452,213976,1612,1205,986895,0.7533555165065241,74.75186104218362
2025-01-17,Email,West,21097,20625,2411,494,345306,11.68969696969697,20.48942347573621
2025-01-18,Email,West,40332,272227,18876,2096,498848,6.9339191189705645,11.10404746768383
2025-01-19,Google Ads,West,7350,41771,8864,2524,2019200,21.220463958248544,28.474729241877256
2025-01-19,Google Ads,East,22505,454470,19639,2809,2047761,4.321297335357669,14.303172259280004
2025-01-19,YouTube,North,40623,179929,13012,847,315931,7.231741409111371,6.509375960651706
2025-01-19,Facebook,South,43717,442214,2918,2691,548964,0.6598615150130932,92.22069910897875
2025-01-19,Instagram,East,29144,248870,7640,74,44992,3.069875838791337,0.968586387434555
2025-01-19,Instagram,South,35554,181705,9840,1848,1419264,5.415371068490135,18.78048780487805
2025-01-19,Facebook,West,25048,209281,17289,1735,919550,8.261141718550656,10.03528254959801
2025-01-20,Google Ads,East,47601,400956,18422,2940,1960980,4.5945190993525475,15.9591792422104
2025-01-21,YouTube,East,11333,185515,13337,1937,1667757,7.18917607740614,14.523506035840144
2025-01-21,Facebook,West,30573,444851,5560,2261,1802017,1.249856693589539,40.66546762589928
2025-01-22,Instagram,West,39628,36568,7379,1332,1016316,20.178844891708597,18.051226453448976
2025-01-22,Instagram,North,33508,256288,16622,830,398400,6.485672368585342,4.993382264468776
2025-01-23,YouTube,West,31089,38063,4999,1797,619965,13.133489215248403,35.94718943788758
2025-01-23,YouTube,East,27881,392286,4342,2766,2494932,1.1068455157716564,63.70336250575771
2025-01-24,Instagram,South,25839,25808,8640,815,800330,33.477991320520765,9.43287037037037
2025-01-24,Email,East,24771,77797,5808,2937,2763717,7.465583505790711,50.56818181818182
2025-01-24,Google Ads,West,36822,48364,17617,1044,752724,36.42585394094781,5.926094113640234
2025-01-24,Facebook,East,33265,165049,19972,2614,985478,12.100648898205987,13.088323653114358
2025-01-25,Google Ads,North,24578,277063,15051,1127,696486,5.432338493411246,7.487874559829912
2025-01-25,Instagram,West,19121,106923,11017,1591,418433,10.30367647746509,14.441317963147862
2025-01-25,Google Ads,North,27104,170622,16555,1485,1208790,9.702734700097292,8.970099667774086
2025-01-25,Instagram,South,36193,198308,15634,791,466690,7.883696068741554,5.059485736215939
2025-01-25,Google Ads,West,7472,373872,13919,1634,480396,3.7229319125262124,11.739349091170343
2025-01-26,YouTube,South,32516,378560,7488,2685,1372035,1.9780219780219779,35.857371794871796
2025-01-26,Google Ads,West,28001,99729,2254,923,598104,2.2601249385835613,40.9494232475599
2025-01-26,Email,South,17272,304570,12099,2449,2079201,3.972485799651968,20.241342259690885
2025-01-26,YouTube,North,47735,247435,19552,2519,685168,7.901873219229293,12.88359247135843
2025-01-28,Facebook,East,35136,97857,10055,2229,1725246,10.27519748204012,22.168075584286427
2025-01-29,Google Ads,West,28012,321465,1703,2141,2003976,0.5297621825082046,125.71931884908985
2025-01-30,Facebook,North,9469,375897,5485,1026,602262,1.459176316916602,18.70556061987238
2025-01-30,Email,North,12058,292804,13745,369,187083,4.694266471769511,2.684612586395053
2025-01-30,YouTube,North,29281,470946,6920,856,713904,1.4693829016490214,12.369942196531792
2025-01-31,Google Ads,South,34792,83242,15516,1522,747302,18.63962903342063,9.809229182779067
2025-01-31,Google Ads,South,31824,206306,10525,1582,765688,5.101645129080104,15.030878859857483
2025-01-31,Instagram,South,21697,378358,3971,2721,1055748,1.0495350963901913,68.52178292621505
2025-02-02,YouTube,South,12180,128042,12560,381,361569,9.809281329563737,3.03343949044586
2025-02-02,YouTube,West,11531,70691,18635,2247,748251,26.361205811206517,12.057955460155622
2025-02-02,Facebook,East,47955,174860,11902,1466,321054,6.806588127644973,12.317257603764073
2025-02-02,Instagram,West,42606,493338,2764,2149,954156,0.5602649704664956,77.74963820549927
2025-02-03,Google Ads,South,25370,47640,19688,231,78078,41.32661628883291,1.1733035351483136
2025-02-04,Instagram,North,25114,295273,3989,85,56270,1.3509531856959491,2.1308598646277264
2025-02-04,Facebook,South,46556,39406,15095,2885,1987765,38.306349286910624,19.112288837363366
2025-02-06,Email,East,29037,398600,1267,1243,280918,0.3178625188158555,98.10576164167324
2025-02-06,Facebook,North,10111,137639,18987,2938,984230,13.794782002194145,15.473745194080161
2025-02-06,Email,North,6257,100100,16182,334,130928,16.165834165834166,2.064021752564578
2025-02-07,Instagram,South,46630,270818,3723,1012,1002892,1.374723984373269,27.182379801235562
2025-02-07,Facebook,North,6016,273994,9701,2382,1050462,3.540588480039709,24.554169673229566
2025-02-08,Instagram,West,15602,232528,10737,1101,418380,4.61750842909241,10.25426096675049
2025-02-10,Instagram,East,41463,432789,6390,269,211434,1.4764700581576704,4.209702660406886
2025-02-10,Facebook,North,10310,172185,16953,1010,509040,9.845805383744228,5.957647613991624
2025-02-10,Instagram,West,14227,340888,12150,2465,1035300,3.5642205064419987,20.2880658436214
2025-02-10,Google Ads,East,10259,20571,9348,2676,749280,45.44261338777891,28.626444159178433
2025-02-10,Instagram,North,18728,459723,3680,1394,1090108,0.8004820293959624,37.880434782608695
2025-02-10,Instagram,West,22156,433104,17379,1589,1117067,4.012662085780782,9.143218827320329
2025-02-10,YouTube,West,38059,132042,4074,2426,2375054,3.085381923933294,59.548355424644086
2025-02-11,Facebook,East,33854,260255,12217,588,254604,4.694242185548789,4.81296553982156
2025-02-11,Email,West,27923,391137,4539,1870,488070,1.1604629579917012,41.19850187265918
2025-02-11,Facebook,North,42048,477889,1530,2615,2230595,0.3201580283287542,170.91503267973854
2025-02-11,Email,East,26739,292943,4523,2321,1812701,1.5439863727755911,51.31549856290073
2025-02-12,Google Ads,East,24628,475096,13374,2851,1989998,2.815010019027733,21.31748168087334
2025-02-13,Instagram,West,31667,34148,6230,2163,2147859,18.24411385732693,34.71910112359551
2025-02-13,Email,South,18200,313126,13253,1475,625400,4.232481493073076,11.129555572323248
2025-02-13,YouTube,West,36768,464560,13176,2509,2037308,2.8362321336318237,19.04219793564056
2025-02-13,Facebook,South,41659,25360,8363,1904,1020544,32.97712933753944,22.7669496592132
2025-02-13,Facebook,East,7490,267374,1815,483,459816,0.6788244182306432,26.611570247933887
2025-02-14,Email,West,14792,379229,6323,1438,1022418,1.6673302938330137,22.742369128578208
2025-02-14,Email,North,43690,63407,18185,881,303945,28.67979876038923,4.844652185867473
2025-02-14,YouTube,South,26305,265154,12769,2765,2272830,4.815692012943421,21.654005795285457
2025-02-14,Email,West,17904,421602,13325,2105,915675,3.1605637544413923,15.797373358348969
2025-02-15,Email,East,24755,81960,12407,2773,2404191,15.137872132747681,22.35028612879826
2025-02-15,Facebook,East,23842,290209,2875,1972,1096432,0.9906653480767309,68.59130434782608
2025-02-15,Email,East,45359,34329,19219,2878,1559876,55.984735937545516,14.974764555908216
2025-02-15,Instagram,East,32712,61209,1188,221,154258,1.9408910454344948,18.602693602693606
2025-02-16,YouTube,East,47769,327793,2872,855,365940,0.8761627002407006,29.770194986072422
2025-02-16,Instagram,East,41502,211241,18361,1266,482346,8.691967941829475,6.895049289254398
2025-02-16,Instagram,East,47879,258457,13076,1218,482328,5.059255504784161,9.314775160599572
2025-02-16,Instagram,South,42729,242994,9363,2059,1846923,3.8531815600385197,21.990814909751148
2025-02-17,Email,West,42585,117491,1348,1521,685971,1.1473219225302362,112.83382789317507
2025-02-18,Email,South,44706,481597,15181,2288,1164592,3.1522206326036084,15.071470917594363
2025-02-18,Instagram,North,47701,458257,13094,2833,2328726,2.8573486056950577,21.635863754391323
2025-02-18,Facebook,West,24108,191865,7577,2208,1154784,3.949130899330258,29.140820905371516
2025-02-18,Facebook,West,7239,305148,5025,1532,736892,1.646741908844233,30.487562189054728
2025-02-19,YouTube,South,8059,181014,11430,1964,418332,6.3144287182206895,17.182852143482062
2025-02-19,Instagram,North,9365,43762,14574,1177,675598,33.30286549974864,8.076025799368738
2025-02-20,Instagram,North,21285,361339,3323,858,297726,0.919635024173975,25.820042130604875
2025-02-20,YouTube,North,46259,276974,7625,1564,1345040,2.7529659823665757,20.511475409836066
2025-02-21,Email,North,40464,251809,12901,163,47596,5.123327601475721,1.2634679482210682
2025-02-21,Email,South,22847,349297,10688,1763,1302857,3.0598602335548257,16.495134730538922
2025-02-21,Instagram,South,30856,230732,10125,2300,1472000,4.388207964218227,22.71604938271605
2025-02-21,YouTube,East,38231,482122,18669,2993,1161284,3.8722563998324078,16.031924580855964
2025-02-21,YouTube,South,5255,242013,18305,2668,2574620,7.563643275361241,14.575252663206776
2025-02-21,YouTube,East,24457,261532,2665,1610,526470,1.0189957634247433,60.41275797373359
2025-02-22,Instagram,North,47311,92664,5890,99,55737,6.356298022964689,1.6808149405772497
2025-02-22,Instagram,West,37546,415747,19109,2080,472160,4.596304964317241,10.884923334554399
2025-02-23,YouTube,South,38410,123148,1297,1145,843865,1.053204274531458,88.28064764841943
2025-02-23,Instagram,North,37895,104666,14742,231,139062,14.084803087917757,1.566951566951567
2025-02-24,Google Ads,West,15958,298119,8314,994,674926,2.7888192299048367,11.955737310560501
2025-02-24,Facebook,South,32905,54406,18508,1297,1090777,34.01830680439657,7.00778041927815
2025-02-24,Instagram,West,18997,480139,7043,1203,1164504,1.466866886464128,17.080789436319748
2025-02-24,Facebook,North,33940,249909,9313,2920,1950560,3.7265564665538258,31.35402126060346
2025-02-24,Instagram,West,29843,415733,16110,1706,1453512,3.8750832866286777,10.589695841092489
2025-02-25,Facebook,South,17553,39541,13444,738,520290,34.000151741230624,5.489437667360905
2025-02-25,Instagram,South,38969,111292,15904,510,185130,14.290335334076124,3.206740442655936
2025-02-25,Google Ads,East,9247,73147,1190,2405,1577680,1.626860978577385,202.10084033613444
2025-02-26,Instagram,North,21941,348613,5457,182,181090,1.5653461001167484,3.3351658420377497
2025-02-26,Google Ads,West,36395,141963,3087,2981,1213267,2.17451025971556,96.56624554583738
2025-02-26,Google Ads,South,39679,272788,4089,2265,770100,1.4989662301860784,55.39251650770359
2025-02-26,Google Ads,North,43759,74317,17472,1602,373266,23.510098631537872,9.168956043956044
2025-02-27,Instagram,East,46204,356819,10825,1408,587136,3.033751005411707,13.00692840646651
2025-02-27,Facebook,West,22493,127625,12088,1463,475475,9.471498530852106,12.102911978821972
2025-02-28,Google Ads,West,13717,195382,11336,1296,580608,5.801967427910452,11.432604093154552
2025-03-01,Instagram,North,29822,194939,17155,231,95865,8.800188777002036,1.3465461964441854
2025-03-01,Email,West,31825,64062,7711,737,243947,12.036776872404857,9.557774607703282
2025-03-02,YouTube,East,5794,277918,4998,428,312012,1.7983721817226663,8.563425370148058
2025-03-04,Email,West,37588,368404,563,2613,2032914,0.15282135916005254,464.1207815275311
2025-03-04,Email,South,25766,274056,562,146,121034,0.2050675774294305,25.97864768683274
2025-03-04,YouTube,North,32424,374469,12861,1450,1086050,3.4344631998910455,11.274395459140035
2025-03-04,YouTube,North,27937,163630,8706,1758,989754,5.320540243231681,20.192970365265335
2025-03-04,YouTube,West,21500,205732,4503,1599,949806,2.1887698559290727,35.509660226515656
2025-03-05,YouTube,South,10916,132493,9454,154,144298,7.135471307918154,1.6289401311614133
2025-03-05,Instagram,North,20560,17481,6604,2667,1917573,37.77815914421372,40.38461538461539
2025-03-06,Email,East,5768,245054,19240,2609,1291455,7.851330727105046,13.56029106029106
2025-03-06,Instagram,West,15985,225069,13712,1155,696465,6.092353900359445,8.423278879813303
2025-03-06,Email,West,30367,262026,10015,2796,1948812,3.8221397876546606,27.918122815776336
2025-03-06,Facebook,West,48819,212406,5651,379,159938,2.660470984812105,6.70677756149354
2025-03-07,Facebook,East,48067,249999,9316,97,58103,3.7264149056596225,1.0412194074710177
2025-03-07,YouTube,South,7637,397744,6843,447,291444,1.7204533569331029,6.53222270933801
2025-03-07,Google Ads,North,39990,68519,12605,1696,1590848,18.39635721478714,13.45497818326061
2025-03-07,Instagram,South,31971,289855,16387,2486,892474,5.653516413379103,15.170562030878134
2025-03-08,Instagram,South,48994,248828,631,2728,752928,0.25358882440882863,432.3296354992076
2025-03-09,YouTube,West,48096,60428,10331,896,541184,17.09637916197789,8.6729261446133
2025-03-10,Facebook,East,24453,436141,15389,578,394196,3.5284460759249874,3.7559295600753786
2025-03-10,YouTube,West,41335,347155,7296,2052,771552,2.1016548803848423,28.125
2025-03-10,Email,East,38609,36076,9157,2946,1667436,25.382525778911187,32.17210876924757
2025-03-11,Google Ads,South,47875,326924,7646,1461,1133736,2.3387698670027284,19.10803034266283
2025-03-11,YouTube,East,33016,415798,8594,2705,1401190,2.0668690085089394,31.47544798696765
2025-03-11,Facebook,North,41726,93708,3861,528,459888,4.1202458701498275,13.675213675213676
2025-03-12,Google Ads,South,38492,409748,8739,1023,804078,2.132774290539551,11.706144867833848
2025-03-12,Facebook,East,45483,146557,14600,101,78578,9.961994309381334,0.6917808219178082
2025-03-12,YouTube,South,47750,433415,17756,2533,1109454,4.096766378644025,14.26560036044154
2025-03-12,YouTube,West,45954,459282,808,2007,467631,0.17592677265819257,248.3910891089109
2025-03-13,Email,North,17904,133960,19504,2419,1894077,14.559570020901761,12.402584085315832
2025-03-13,YouTube,South,7014,372024,18885,1184,493728,5.076285400941875,6.269526078898596
2025-03-13,Facebook,East,5699,307042,17721,1274,1002638,5.771523114101654,7.189210541165848
2025-03-14,Instagram,North,41903,434238,2743,2007,710478,0.6316812439261419,73.16806416332483
2025-03-14,Email,North,22423,257417,13625,2434,1796292,5.292968218882202,17.86422018348624
2025-03-14,Facebook,North,16682,443201,5590,118,32214,1.261278742602115,2.110912343470483
2025-03-14,Email,East,13039,358836,14802,581,232400,4.12500418018259,3.925145250641805
2025-03-14,Email,East,43382,483935,5577,1049,782554,1.1524274954281049,18.809395732472655
2025-03-14,Google Ads,South,36745,276805,17903,56,32704,6.467729990426474,0.3127967379768754
2025-03-15,Instagram,North,25762,451859,14763,252,54432,3.267169625923131,1.7069701280227598
2025-03-15,Instagram,West,49800,494456,5235,2836,890504,1.0587393013736308,54.173829990448894
2025-03-15,Email,South,31858,365740,16282,966,548688,4.451796358068574,5.932932072227
2025-03-15,Facebook,North,35571,294348,8665,1977,923259,2.943794420210091,22.81592613964224
2025-03-16,Google Ads,East,46498,18615,5650,755,613060,30.3518667741069,13.362831858407079
2025-03-17,Email,East,24901,64718,14306,1890,1260630,22.10513303872184,13.211240039144414
2025-03-17,Instagram,West,12373,72832,5508,2858,594464,7.562609841827768,51.8881626724764
2025-03-18,Google Ads,West,28239,55683,6832,851,736966,12.269453872815761,12.456088992974239
2025-03-18,Email,West,21144,94408,7583,138,96324,8.032158291670198,1.8198602136357642
2025-03-18,Instagram,South,6006,331109,3495,140,43260,1.0555436427279234,4.005722460658083
2025-03-18,YouTube,North,46710,91282,9623,763,275443,10.542056484301396,7.92892029512626
2025-03-19,Facebook,East,9829,11560,5313,246,212790,45.96020761245675,4.630152456239413
2025-03-19,YouTube,West,43650,205070,19620,1219,1183649,9.567464768127957,6.213047910295617
2025-03-19,Email,North,9992,293105,10212,2278,2038810,3.484075672540557,22.307089698394048
2025-03-20,Email,East,18108,472738,16511,1080,545400,3.4926322825751264,6.541093816243716
2025-03-20,Google Ads,North,40507,115206,6034,717,406539,5.237574431887228,11.882664898906198
2025-03-21,Email,North,14087,357825,3813,2281,903276,1.065604695032488,59.821662732756366
2025-03-21,Google Ads,North,37374,348743,3858,1988,1606304,1.1062587636167607,51.52928978745464
2025-03-21,Facebook,South,13538,203397,17308,2724,1168596,8.50946670796521,15.738386873122256
2025-03-22,Facebook,South,15646,140176,11431,407,336996,8.154748316402237,3.56049339515353
2025-03-22,Facebook,West,28279,395670,18822,2404,613020,4.75699446508454,12.772287748379558
2025-03-23,Instagram,North,22639,458771,960,947,509486,0.20925472621416782,98.64583333333333
2025-03-23,Email,East,49596,469961,713,1471,436887,0.15171471675309228,206.31136044880787
2025-03-23,YouTube,South,24790,497903,7483,2090,624910,1.5029031759198075,27.929974609113994
2025-03-24,YouTube,West,5102,468611,4798,1557,1114812,1.0238769469773437,32.45102125885786
2025-03-24,Instagram,East,37206,200358,12135,2899,1379924,6.05665858113976,23.88957560774619
2025-03-24,Facebook,South,16578,78527,10952,2639,2045225,13.946795369745438,24.096055514974434
2025-03-24,Google Ads,South,21092,85995,11849,2772,1236312,13.778708064422352,23.39437927251245
2025-03-25,Email,South,27397,164249,18641,935,270215,11.34923195879427,5.015825331259053
2025-03-25,Email,South,26524,319627,3092,2840,2311760,0.9673775995144341,91.84993531694697
2025-03-25,Google Ads,East,5629,214443,17875,2099,1549062,8.335548374160034,11.742657342657342
2025-03-26,Facebook,South,27929,226698,14769,2546,552482,6.514834714024826,17.2388110230889
2025-03-26,Email,North,26776,311949,8154,187,128282,2.613888808747584,2.2933529556046115
2025-03-27,Instagram,West,36843,245757,18102,792,187704,7.365812570954235,4.375207159429897
2025-03-27,Facebook,South,6504,456276,18390,1415,1001820,4.030455250769272,7.694399129961936
2025-03-27,Facebook,South,23706,159713,10340,1012,320804,6.47411294008628,9.787234042553191
2025-03-27,Email,East,37932,204861,2213,1939,1157583,1.0802446536920156,87.61861726163579
2025-03-27,Facebook,West,5819,205234,10531,2578,1278688,5.131216075309159,24.48010635267306
2025-03-28,Email,North,32672,234117,11314,570,225720,4.832626421831819,5.038006010252785
2025-03-28,Email,East,47888,342721,18909,1156,418472,5.517315834162482,6.113490930244857
2025-03-28,Email,West,13832,253608,19413,2392,1817920,7.654726980221444,12.321640138051821
2025-03-29,YouTube,North,38713,291354,12701,983,962357,4.359301742896958,7.739548067081333
2025-03-29,Google Ads,North,44084,173409,5695,1639,345829,3.2841432682271394,28.77963125548727
2025-03-29,Instagram,East,17289,155859,3696,1785,1458345,2.3713741266144397,48.29545454545455
2025-03-29,Instagram,South,30440,268140,17091,426,341226,6.373909151935556,2.492539933298227
2025-03-30,Google Ads,East,13983,496925,14121,1787,1497506,2.8416763093022084,12.654911125274415
2025-03-31,Facebook,East,30463,453309,19724,764,612728,4.351115905486103,3.873453660515108
2025-03-31,Google Ads,South,35741,287737,10101,1919,711949,3.5104974334201025,18.998118998118997
2025-04-01,Email,East,17224,240313,3123,1345,742440,1.2995551634743023,43.0675632404739
2025-04-01,YouTube,West,29475,308051,7367,799,340374,2.3914871238853306,10.845663092167774
2025-04-01,Google Ads,South,36299,79062,12154,1824,1634304,15.37274544028737,15.007404969557347
2025-04-01,Email,West,46180,235562,18201,888,870240,7.72662823375587,4.8788528102851485
2025-04-02,Facebook,South,10682,313385,4544,469,385518,1.449973674553664,10.321302816901408
2025-04-02,YouTube,South,45166,169859,15551,963,302382,9.155240523022036,6.192527811716288
2025-04-02,Email,South,9230,428581,13858,2424,1658016,3.233461119368334,17.491701544234378
2025-04-02,YouTube,North,45770,224874,10523,1285,948330,4.679509414160819,12.211346574170864
2025-04-02,Email,West,27529,404573,3443,437,420394,0.8510207057811568,12.692419401684576
2025-04-02,Instagram,East,41136,195994,17066,1044,889488,8.707409410492158,6.117426461971171
2025-04-03,Facebook,East,33691,345603,17017,513,347301,4.923857721142467,3.0146324263971325
2025-04-04,Instagram,East,46239,446682,1762,2034,1863144,0.3944640706363811,115.43700340522133
2025-04-04,Email,East,40358,291558,2438,2008,1722864,0.8361972574925057,82.36259228876128
2025-04-04,Instagram,West,44517,295638,782,1348,1321040,0.26451268104912085,172.3785166240409
2025-04-04,Instagram,West,10364,289157,11367,2890,1618400,3.931082422351871,25.424474355590743
2025-04-04,YouTube,East,9048,335315,9784,1190,649740,2.9178533617643114,12.162714636140638
2025-04-04,Email,East,26394,361180,12367,2963,2628181,3.4240544880668917,23.958922940082477
2025-04-04,Facebook,North,24398,297822,1542,246,187698,0.5177589298305699,15.953307392996107
2025-04-05,Google Ads,South,45167,210249,19281,2286,585216,9.170554913459755,11.856231523261242
2025-04-05,YouTube,South,41919,87921,11740,291,97194,13.352896350132507,2.47870528109029
2025-04-05,Facebook,East,40142,383053,12372,2448,1933920,3.2298402570923606,19.786614936954415
2025-04-06,Facebook,East,16350,211945,15442,2172,1355328,7.28585246172356,14.065535552389589
2025-04-06,YouTube,West,44873,209108,12315,2171,2055937,5.88930122233487,17.62890783597239
2025-04-06,Facebook,North,21400,200088,17731,2702,1018654,8.861600895605934,15.238847216739046
2025-04-07,YouTube,North,36991,279080,4760,1475,656375,1.7056041278486458,30.987394957983195
2025-04-08,YouTube,South,30677,373027,4851,704,447040,1.300442059153895,14.512471655328799
2025-04-08,YouTube,North,26738,465279,9305,545,346620,1.9998753436110377,5.857066093498119
2025-04-08,Google Ads,East,14866,31684,6377,1720,1037160,20.126877919454614,26.97193037478438
2025-04-09,Google Ads,South,24251,232183,2186,2862,741258,0.9414987316039504,130.92406221408964
2025-04-09,Google Ads,North,8576,474781,16469,386,231214,3.4687571743603893,2.343797437610055
2025-04-09,Email,West,12140,80323,17940,631,270699,22.334823151525715,3.5172798216276475
2025-04-09,Email,South,36194,291770,11257,152,86792,3.8581759605168457,1.3502709425246513
2025-04-09,YouTube,North,43247,263819,12708,2953,2350588,4.816938886130264,23.237330815234497
2025-04-09,Google Ads,East,31460,495336,11605,2428,2141496,2.3428541434501025,20.92201637225334
2025-04-10,Instagram,North,13555,373820,17953,2875,2325875,4.802578781231609,16.01403665125606
2025-04-10,YouTube,South,45151,422731,6074,687,377850,1.4368475460754002,11.310503786631545
2025-04-11,Google Ads,North,9479,184479,5252,1613,937153,2.846936507678381,30.71210967250571
2025-04-11,Email,North,19362,453135,15377,71,33370,3.393469937215179,0.46172855563503934
2025-04-11,Google Ads,South,24903,113192,13940,1012,1008964,12.31535797582868,7.259684361549498
2025-04-11,Facebook,East,15599,94282,9853,1176,711480,10.450563204005006,11.935451131635034
2025-04-12,Instagram,South,46273,132183,18394,2282,1227716,13.91555646338788,12.406219419375883
2025-04-12,YouTube,North,6172,163668,14022,2183,1587041,8.567343646894935,15.568392526030522
2025-04-12,Email,North,44354,36753,11564,1697,1311781,31.464098168856964,14.674852992044277
2025-04-13,Google Ads,West,32182,428707,19722,1267,950250,4.600344757608344,6.424297738566068
2025-04-13,Facebook,South,39125,23575,8467,2924,1374280,35.915164369035,34.53407346167474
2025-04-13,Email,East,10359,372909,11664,1369,618788,3.127840840526777,11.736968449931414
2025-04-14,Instagram,East,26315,389014,17372,143,121407,4.46564905119096,0.8231637117200091
2025-04-14,Email,North,38354,209427,6695,2662,1080772,3.1968179843095683,39.76101568334578
2025-04-14,Email,East,33915,499249,11904,608,415264,2.3843813407738423,5.10752688172043
2025-04-15,Instagram,North,14107,410907,7049,356,274476,1.7154733309483656,5.050361753440204
2025-04-15,Google Ads,East,31986,412007,894,373,361810,0.21698660459652386,41.722595078299776
2025-04-15,YouTube,West,40832,226109,16974,872,662720,7.5069988368441765,5.137268763991988
2025-04-15,Google Ads,East,42400,31039,3002,895,894105,9.67170334095815,29.81345769487009
2025-04-15,Google Ads,East,46427,452044,8333,1344,1239168,1.843404624328605,16.12864514580583
2025-04-16,YouTube,South,12208,261105,10756,2776,571856,4.1194155607897205,25.808850873930826
2025-04-16,Email,South,45439,299093,15449,1440,1275840,5.165283039054742,9.32099164994498
2025-04-16,Instagram,South,36445,103736,18903,2815,1249860,18.222217937842213,14.891816113844364
2025-04-16,Facebook,East,47162,137263,3764,2923,2727159,2.7421810684598182,77.6567481402763
2025-04-17,YouTube,East,25871,477278,13551,2008,1530096,2.8392257761723774,14.818094605564164
2025-04-17,YouTube,West,36428,385959,2489,686,281946,0.6448871512259073,27.561269586179186
2025-04-18,YouTube,East,44815,382005,1383,1881,1085337,0.362037146110653,136.00867678958787
2025-04-18,Facebook,East,40552,461881,14793,1832,467160,3.2027730086320934,12.384235787196648
2025-04-18,Instagram,South,20081,456261,4556,632,200344,0.9985512678050501,13.871817383669885
2025-04-19,Google Ads,East,24225,394965,1008,652,335128,0.2552124871824086,64.68253968253968
2025-04-20,Facebook,West,10607,162109,7609,1565,1414760,4.693755436157153,20.567748718622685
2025-04-20,Email,North,47189,88542,18921,2007,1549404,21.369519550044046,10.607261772633581
2025-04-21,Facebook,West,18494,375939,16219,523,346749,4.3142637502360754,3.2246131080831124
2025-04-21,YouTube,South,35769,163096,3894,932,543356,2.3875508902732134,23.934257832562917
2025-04-23,Instagram,East,39279,190721,1401,1823,601590,0.7345808799240776,130.1213418986438
2025-04-23,Google Ads,South,19733,205148,8518,1076,732756,4.15212432000312,12.632073256633012
2025-04-23,Instagram,North,14160,396608,19123,1744,1451008,4.821637485880265,9.119907964231553
2025-04-24,YouTube,South,47931,407529,2231,2904,940896,0.5474457032505663,130.16584491259525
2025-04-24,Email,South,42611,186479,9495,1986,1896630,5.091726146107605,20.916271721958925
2025-04-25,Instagram,West,39166,171517,9175,2068,1017456,5.34932397371689,22.539509536784742
2025-04-25,Facebook,South,16923,64830,6746,2720,2537760,10.405676384389944,40.320189742069374
2025-04-25,YouTube,West,49569,464654,1039,278,258262,0.22360724323905531,26.756496631376326
2025-04-25,Email,West,5829,320091,10605,2273,1879771,3.3131203314057562,21.433286185761432
2025-04-25,Email,East,25584,83825,4271,1566,1487700,5.095138681777513,36.66588620931866
2025-04-26,Instagram,North,12775,83217,9051,769,659802,10.876383431270053,8.496298751519168
2025-04-27,Instagram,East,16683,36959,17009,1196,1103908,46.02126680916692,7.031571520959493
2025-04-28,Instagram,East,39046,59394,16122,2492,2277688,27.144155975351048,15.457139312740356
2025-04-28,Email,West,14374,282256,4108,1186,354614,1.4554163596168017,28.87049659201558
2025-04-29,Google Ads,East,39808,24041,4782,846,358704,19.89101950833992,17.691342534504393
2025-04-29,Instagram,South,27402,439638,16972,1680,717360,3.8604488238050396,9.898656610888521
2025-04-30,Facebook,South,29716,313555,2780,273,177450,0.8866068153912391,9.820143884892087
2025-05-01,Email,East,25356,408027,1185,2320,990640,0.29042195737046816,195.7805907172996
2025-05-01,Facebook,South,48685,314802,10771,2090,1931160,3.4215157464056776,19.403955064525114
2025-05-03,Email,South,44811,198561,18791,1746,703638,9.463590533891349,9.291682188281625
2025-05-03,YouTube,West,8445,219077,6556,185,59940,2.992555129018564,2.821842586943258
2025-05-05,Google Ads,North,9551,238280,3730,2171,2123238,1.565385261037435,58.20375335120643
2025-05-06,Facebook,South,11356,459723,1074,2143,462888,0.23361894010088682,199.53445065176908
2025-05-06,Google Ads,South,33093,331521,5267,368,355120,1.588737968333831,6.986899563318777
2025-05-06,Facebook,South,48908,122544,1784,936,524160,1.4558036297166732,52.46636771300448
2025-05-06,Instagram,East,34329,70523,4747,2651,1243319,6.731137359443018,55.84579734569202
2025-05-07,Instagram,North,35409,488059,15877,2797,1639042,3.253090302606857,17.616678213768346
2025-05-07,Instagram,North,26073,369953,17663,1485,977130,4.774390260384427,8.407405310536149
2025-05-07,Facebook,North,41428,72121,14420,2042,1008748,19.99417645346016,14.160887656033285
2025-05-08,YouTube,South,6631,189286,10192,410,237390,5.384444702724977,4.02276295133438
2025-05-08,Email,West,5290,333309,15950,1554,1157730,4.785349330501126,9.742946708463949
2025-05-09,Facebook,North,43341,319071,16571,1275,1100325,5.193514923010866,7.694164504254421
2025-05-09,YouTube,South,31864,456987,2041,1949,487250,0.4466210198539565,95.49240568348849
2025-05-09,Email,West,45881,80460,4310,2183,742220,5.356698980860055,50.64965197215777
2025-05-10,Email,East,45586,411473,9061,1253,651560,2.202088593905311,13.828495751020858
2025-05-11,YouTube,South,43047,281272,4774,2603,1671126,1.697289456469183,54.5245077503142
2025-05-11,Facebook,South,22007,266457,18150,1095,706275,6.811605624922596,6.033057851239669
2025-05-11,Facebook,East,9823,402648,12918,96,83232,3.2082613101269595,0.7431490942870413
2025-05-11,Email,South,23603,374500,4683,418,133342,1.250467289719626,8.925902199444801
2025-05-11,Instagram,West,31251,416656,1028,1112,1027488,0.24672631619369456,108.17120622568093
2025-05-11,Email,South,14771,83465,3756,818,596322,4.500089858024322,21.778487752928648
2025-05-12,Facebook,East,31184,109037,5288,489,198045,4.8497299081963,9.247352496217852
2025-05-12,Google Ads,East,30956,256120,9028,135,125145,3.524910198344526,1.4953478068232167
2025-05-12,Email,North,8051,269637,6911,2066,1258194,2.5630755423031704,29.894371292142964
2025-05-12,Instagram,North,28248,423532,13499,415,369765,3.1872444112841536,3.0743018001333433
2025-05-13,Google Ads,East,27255,83630,8269,2126,1996314,9.887600143489179,25.71048494376587
2025-05-13,Instagram,West,39076,330039,4545,2649,839733,1.3771099779117013,58.28382838283829
2025-05-14,Instagram,South,46788,351364,4912,719,148833,1.3979804419348596,14.637622149837135
2025-05-14,Google Ads,East,5284,244754,15478,1439,448968,6.323900732980871,9.297066804496705
2025-05-14,Instagram,North,23114,123071,13094,762,607314,10.639387020500362,5.819459294333282
2025-05-14,Email,East,11295,262203,2185,915,904020,0.8333237987360939,41.87643020594965
2025-05-15,Email,North,38087,484084,8750,1830,386130,1.8075375348080087,20.914285714285715
2025-05-15,Facebook,East,36612,18650,11280,928,457504,60.48257372654155,8.226950354609928
2025-05-15,YouTube,East,34843,237019,2660,2887,2676249,1.1222728979533285,108.53383458646617
2025-05-15,Facebook,West,16438,73609,7351,1827,816669,9.986550557676372,24.853761393007755
2025-05-16,Google Ads,South,12421,410198,13696,150,108300,3.3388753723811426,1.0952102803738317
2025-05-16,Google Ads,South,9206,192606,15733,2378,1833438,8.168489039801461,15.114727006928113
2025-05-16,Google Ads,East,13187,251343,13516,240,198720,5.37751200550642,1.7756732761171945
2025-05-16,Google Ads,West,7867,477516,19251,2516,2226660,4.031487950141985,13.069450937613631
2025-05-16,Instagram,East,6169,368672,6928,811,268441,1.8791771547608713,11.706120092378752
2025-05-16,Facebook,West,22885,304409,3297,1383,358197,1.083082300457608,41.94722474977252
2025-05-17,YouTube,North,19482,140847,11327,863,606689,8.042059823780415,7.618963538447956
2025-05-17,YouTube,South,30460,485617,2276,1194,364170,0.4686821095637097,52.46045694200352
2025-05-17,Google Ads,East,25486,443996,10540,2364,2259984,2.373895260317661,22.42884250474383
2025-05-17,Email,North,38876,323555,12280,2841,1167651,3.7953361870470244,23.135179153094462
2025-05-18,YouTube,West,17190,199637,12488,160,88640,6.255353466541773,1.2812299807815504
2025-05-19,Instagram,West,39024,120888,10817,2315,1076475,8.94795182317517,21.40149764259961
2025-05-19,Facebook,West,39769,214389,954,2556,1109304,0.4449855169808153,267.92452830188677
2025-05-19,Facebook,East,42540,89097,7709,1578,949956,8.652367644252893,20.469581009210014
2025-05-20,Instagram,East,38165,318512,16393,1155,284130,5.1467448636158135,7.045690233636308
2025-05-20,Facebook,East,29765,497555,14474,301,72240,2.9090251328998806,2.0795909907420205
2025-05-21,YouTube,West,38451,191356,1465,450,387000,0.7655887455841468,30.716723549488055
2025-05-21,YouTube,North,44018,225485,8452,2918,1806242,3.748364636228574,34.52437292948415
2025-05-22,Facebook,West,15206,471530,6747,2778,1244544,1.4308739634805845,41.17385504668742
2025-05-23,Facebook,East,33376,140163,17338,201,100098,12.369883635481546,1.15930326450571
2025-05-23,YouTube,South,9102,410839,15803,1911,1224951,3.84651895267976,12.092640637853572
2025-05-23,Facebook,East,27517,55133,2153,2491,1890669,3.905102207389404,115.69902461681374
2025-05-23,Email,West,37717,184836,10127,2732,1264916,5.47891103464693,26.977387182778713
2025-05-23,Instagram,East,37874,459152,4304,2527,588791,0.9373802139596474,58.71282527881041
2025-05-23,Email,North,14808,341383,4207,1192,1144320,1.2323402161208965,28.333729498454957
2025-05-23,Facebook,East,12111,499213,8072,268,169644,1.6169450715426081,3.3201189296333005
2025-05-24,Email,West,16308,140919,13204,2122,1239248,9.369921728084927,16.070887609815205
2025-05-25,Email,North,6875,352795,5884,150,131400,1.6678240904774728,2.549286199864038
2025-05-26,Instagram,East,17812,159669,8790,914,182800,5.505138755801064,10.398179749715586
2025-05-27,Google Ads,North,44911,462559,17021,2862,2441286,3.6797467998676927,16.814523236002586
2025-05-27,Facebook,West,11277,16846,17233,805,455630,102.29728125371007,4.671270237335345
2025-05-28,YouTube,East,29507,299813,16307,1007,502493,5.439057012204274,6.1752621573557365
2025-05-29,Google Ads,East,39829,158292,2776,2777,2152175,1.7537209713693678,100.03602305475505
2025-05-29,Instagram,East,26902,170988,1339,273,134316,0.7830958897700423,20.388349514563107
2025-05-29,Google Ads,South,43097,108775,1871,1605,1242270,1.7200643530222937,85.7830037413148
2025-05-29,Google Ads,East,5232,422721,12340,873,792684,2.91918310185678,7.074554294975689
2025-05-29,Facebook,North,31084,184798,13283,206,135342,7.1878483533371575,1.550854475645562
2025-05-30,YouTube,North,30758,374754,18742,1067,317966,5.001147419373775,5.693095720840892
2025-05-30,Instagram,West,34356,407072,19231,1859,1031745,4.7242256898042605,9.666683999792003
2025-05-30,Instagram,West,15700,219317,6628,2251,2151956,3.022109549191353,33.96197948098974
2025-05-30,Facebook,North,32401,286851,5285,391,362848,1.842419932299347,7.398297067171239
2025-05-30,Facebook,South,47625,83090,3759,2124,1420956,4.524010109519798,56.504389465283325
2025-05-30,Google Ads,South,7615,457775,10205,2863,1901032,2.229261099885315,28.054875061244488
2025-05-31,Facebook,East,13552,209430,7133,338,191646,3.405911283006255,4.738539184074022
2025-05-31,YouTube,East,41865,468429,11950,2251,463706,2.551080313131766,18.836820083682007
2025-05-31,Email,North,41764,318423,1516,1861,1779116,0.47609626189062976,122.75725593667546
2025-05-31,Email,North,13493,351971,6142,1571,458732,1.7450301303232367,25.5779876261804
2025-06-01,YouTube,East,46638,413737,1304,1993,1987021,0.31517606595494235,152.83742331288343
2025-06-01,Email,East,27180,239521,8146,127,42037,3.4009544048329796,1.5590473852197397
2025-06-01,Facebook,East,25886,332735,18048,1303,1137519,5.424136324702842,7.219636524822695
2025-06-01,Email,East,18123,171522,12642,711,275868,7.370483086717739,5.624110109159943
2025-06-01,Instagram,East,7502,280864,12148,284,246512,4.325225019938475,2.3378333882120512
2025-06-02,YouTube,East,11409,77169,10496,970,500520,13.601316590859025,9.241615853658537
2025-06-02,Google Ads,North,32873,191149,15016,2282,2008160,7.855651873669232,15.197123068726693
2025-06-03,YouTube,West,29667,361881,15813,1329,720318,4.369668482180606,8.404477328780118
2025-06-03,Instagram,East,28479,56103,581,2285,2038220,1.0355952444610805,393.28743545611013
2025-06-03,Email,West,6807,368511,8958,2098,616812,2.43086366485668,23.42040634070105
2025-06-04,Google Ads,West,12517,427004,18915,2307,565215,4.429700892731684,12.196669310071371
2025-06-04,Email,North,11896,345754,17057,2303,1517677,4.933276259999884,13.50178812217858
2025-06-05,Facebook,East,19164,58720,12388,675,569025,21.09673024523161,5.448821440103326
2025-06-05,Email,West,22274,182196,18463,1573,501787,10.133592395003184,8.519742187076856
2025-06-05,Google Ads,East,8201,330631,15532,1173,690897,4.697684125203021,7.552150399175894
2025-06-06,Email,South,43976,279150,10119,57,20064,3.6249328318108542,0.5632967684553809
2025-06-07,Facebook,East,33240,296632,11064,1464,1237080,3.7298740526982925,13.232104121475055
2025-06-07,Email,South,20413,399633,2464,481,269841,0.616565699028859,19.5211038961039
2025-06-07,Instagram,North,48916,163559,3560,2376,517968,2.1765845963841794,66.74157303370787
2025-06-07,YouTube,North,49930,413526,13812,2516,2093312,3.340056006151971,18.21604401969302
2025-06-08,Google Ads,East,34136,218478,6730,2327,902876,3.0804016880418166,34.576523031203564
2025-06-09,Instagram,South,8666,498638,14485,1640,1538320,2.904912982965598,11.322057300655851
2025-06-09,Instagram,East,28646,246918,16582,2260,646360,6.715589790942741,13.62923652152937
2025-06-09,Instagram,West,15312,496095,16677,2965,1141525,3.3616545218153786,17.77897703423877
2025-06-10,Email,West,22232,402721,8525,571,215838,2.1168501270110074,6.697947214076247
2025-06-10,Facebook,East,36539,360864,7540,2712,661728,2.0894298128935,35.96816976127321
2025-06-11,YouTube,West,35062,461348,16306,2569,1387260,3.534425206135065,15.754936833067582
2025-06-12,Facebook,East,38856,273405,13200,2380,1525580,4.828002414001207,18.03030303030303
2025-06-12,YouTube,West,10379,278759,5875,1120,773920,2.107555271758042,19.06382978723404
2025-06-12,Email,West,35878,393339,2075,1671,624954,0.5275347728041206,80.53012048192771
2025-06-12,Google Ads,South,25039,317511,5974,2885,2582075,1.8815096169896475,48.29260127217944
2025-06-13,Google Ads,West,31243,284448,7770,1935,1793745,2.731606479919001,24.903474903474905
2025-06-13,YouTube,North,29888,263480,16433,1578,934176,6.236906027022924,9.602628856569098
2025-06-13,Instagram,East,37170,479403,16419,226,93112,3.424884700346056,1.376454108045557
2025-06-13,YouTube,East,19551,219101,18533,2181,1472175,8.458656053600851,11.768197269735067
2025-06-13,Google Ads,West,33049,149510,6851,1771,1050203,4.5823021871446725,25.850240840753173
2025-06-13,Instagram,North,19171,255215,11574,2718,2565792,4.534999902043375,23.48367029548989
2025-06-14,Instagram,South,39300,426027,14038,2623,689849,3.295096320186279,18.68499786294344
2025-06-14,Facebook,South,12280,318398,15046,2009,1195355,4.725532195553992,13.352386016216936
2025-06-15,Instagram,West,42119,458243,11830,1671,1391943,2.5815997189264213,14.125105663567203
2025-06-15,Instagram,South,44666,397394,5318,1692,1086264,1.3382184934850552,31.816472358029337
2025-06-15,Facebook,South,43494,395775,1187,2416,1176592,0.2999178826353357,203.53833192923335
2025-06-16,Email,East,8110,72149,5601,2792,1535600,7.763101359686204,49.84824138546688
2025-06-17,Google Ads,East,33418,46894,14955,2182,1540492,31.891073484880796,14.590437980608492
2025-06-17,Facebook,West,10160,335313,577,195,136305,0.17207802858821458,33.795493934142115
2025-06-17,Facebook,West,8593,106027,1304,1210,517880,1.2298754090939101,92.79141104294479
2025-06-17,Google Ads,South,41079,204125,19095,2331,806526,9.354562155541947,12.20738413197172
2025-06-17,YouTube,East,19649,122031,17578,565,381375,14.404536552187558,3.214245079076118
2025-06-17,Google Ads,East,29069,142606,4095,804,639180,2.8715481817034347,19.633699633699635
2025-06-17,YouTube,South,18323,486249,3492,2570,1937780,0.7181505771734235,73.59679266895762
2025-06-18,Email,East,40024,497723,13548,2425,948175,2.721995969645767,17.899320932979037
2025-06-18,Email,East,10004,456369,8294,226,204304,1.8173889988145557,2.7248613455510005
2025-06-18,Email,North,35965,356727,7573,1599,1196052,2.122911918638062,21.114485672784895
2025-06-18,Instagram,West,35192,152550,5282,2577,1605471,3.4624713208784006,48.78833775085195
2025-06-18,Google Ads,East,31249,466223,5339,1649,484806,1.1451601486842133,30.885933695448585
2025-06-19,Email,South,40193,132997,16296,924,342804,12.252907960329933,5.670103092783505
2025-06-19,Google Ads,North,7729,353283,17226,1011,737019,4.875977615679215,5.869035179380007
2025-06-19,Facebook,East,24773,260940,15219,293,230005,5.832375258680156,1.925225047637821
2025-06-21,Instagram,East,10341,252450,18012,2647,2525238,7.134878193701723,14.695758383300022
2025-06-22,Facebook,West,8636,330440,2122,194,190702,0.6421740709357221,9.142318567389255
2025-06-22,Google Ads,West,16877,277111,17951,785,673530,6.47790957414177,4.373015430895215
2025-06-23,Facebook,East,36446,63930,15335,442,326638,23.987173470983887,2.8822954026736225
2025-06-24,YouTube,West,13505,261740,19195,239,148180,7.333613509589669,1.2451159156030216
2025-06-24,Google Ads,East,19706,326030,4148,2988,1344600,1.272275557464037,72.03471552555449
2025-06-25,Facebook,South,7763,129918,8481,60,19560,6.5279637925460685,0.7074637424831978
2025-06-25,YouTube,West,35399,391788,3631,1479,1301520,0.9267767261886531,40.73258055632058
2025-06-25,Instagram,West,25631,200182,14428,2970,727650,7.207441228482081,20.58497366232326
2025-06-25,YouTube,East,34673,263200,5634,2064,571728,2.1405775075987843,36.63471778487753
2025-06-25,Instagram,East,16456,184048,15192,427,426573,8.254368425628098,2.8106898367561874
2025-06-25,Google Ads,North,22599,137141,1072,1920,1691520,0.7816772518794526,179.1044776119403
2025-06-25,Instagram,North,34660,294378,19260,258,164862,6.542608482970874,1.339563862928349
2025-06-26,Instagram,North,20582,207013,2751,2164,980292,1.3289020496297332,78.66230461650309
2025-06-26,Email,East,19408,275551,14221,2978,1474110,5.160932096054814,20.940862105337178
2025-06-26,YouTube,North,21927,188858,11178,1468,449208,5.9187325927416365,13.132939702988011
2025-06-26,Email,West,28192,147719,4992,259,88060,3.379389245797765,5.188301282051282
2025-06-26,Facebook,North,48594,19438,12092,1578,1391796,62.20804609527729,13.049950380416805
2025-06-27,Email,South,41378,95084,14703,2822,1134444,15.46316940810231,19.19336189893219
2025-06-28,Email,South,31230,164636,12589,2235,934230,7.646565757185549,17.753594407816347
2025-06-28,Facebook,South,23588,148515,12120,2539,2226703,8.16079183920816,20.948844884488448
2025-06-28,Email,East,42355,293424,11864,795,558090,4.04329570859916,6.700944032366824
2025-06-29,YouTube,West,19441,453783,2387,142,96276,0.526022349889705,5.948889819857562
2025-06-29,Facebook,South,37241,461185,18687,2874,1043262,4.051953120764986,15.3796757103869
2025-06-29,Instagram,East,39743,387550,902,2011,850653,0.23274416204360726,222.9490022172949
2025-06-29,Facebook,East,39701,269708,1142,1307,1233808,0.42342088480875617,114.44833625218914
2025-06-30,Instagram,West,20894,401899,5114,256,161536,1.2724590008932593,5.005866249511145
2025-06-30,Instagram,West,43972,67214,9759,2793,826728,14.519296575118279,28.619735628650478
2025-06-30,Google Ads,West,34078,469066,802,1318,860654,0.17097807131619006,164.33915211970074
2025-06-30,Google Ads,East,19924,242590,2057,1523,1184894,0.8479327259985984,74.03986387943607
2025-07-02,Instagram,North,17702,24266,6089,1373,829292,25.09272232753647,22.54885859747085
2025-07-02,Facebook,West,38693,346478,8528,2890,1734000,2.4613395367094015,33.888367729831145
2025-07-02,Instagram,North,6688,418994,15989,167,84168,3.8160450984978307,1.0444680717993622
2025-07-03,YouTube,North,28901,266837,16281,1313,728715,6.101477681131177,8.064615195626804
2025-07-03,YouTube,South,41534,395619,18422,733,491110,4.656500319752085,3.97893822603409
2025-07-04,Instagram,West,12271,441914,5733,470,378350,1.2973112415537864,8.198151055293913
2025-07-04,Email,West,20974,233982,10487,1602,419724,4.481968698446889,15.27605606941928
2025-07-04,Facebook,West,33620,391430,17304,2377,1466609,4.420713793015354,13.736708275543227
2025-07-06,Facebook,South,37290,273245,17815,359,221503,6.519789932112206,2.0151557676115632
2025-07-07,Email,South,33919,181841,3099,2970,2569050,1.7042361183671448,95.83736689254599
2025-07-07,Google Ads,East,22283,455319,19644,1634,598044,4.314337859830141,8.318061494603949
2025-07-07,Email,West,44626,432068,18589,612,159732,4.302332040326986,3.2922696218193557
2025-07-07,Email,North,42909,17936,15403,701,654033,85.87756467439786,4.5510614815295725
2025-07-07,YouTube,North,38882,130221,10365,1117,447917,7.959545695394751,10.776652194886637
2025-07-07,Email,East,13089,190285,2740,2127,723180,1.4399453451401845,77.62773722627738
2025-07-08,Email,North,49680,122690,15463,2099,1987753,12.603309153150215,13.574338744098815
2025-07-08,Email,West,21684,120693,7957,1595,1116500,6.592760143504595,20.045243182103807
2025-07-08,Instagram,South,30208,461485,16794,1719,630873,3.6391215315774077,10.235798499464094
2025-07-08,Email,North,16456,380214,18763,1261,569972,4.934852477815125,6.720673666258061
2025-07-08,Facebook,South,12217,277777,15733,2861,2740838,5.663895858908405,18.184707303120828
2025-07-09,YouTube,North,22624,379902,2064,1624,583016,0.543298008433754,78.68217054263566
2025-07-09,Email,East,13715,185343,6086,2482,2357900,3.283641680559827,40.78212290502793
2025-07-09,Facebook,South,11180,441434,3265,2283,2276151,0.7396349171110517,69.92343032159265
2025-07-10,Facebook,West,40310,242091,15979,1616,1300880,6.600410589406463,10.113273671694097
2025-07-10,Facebook,South,35555,287477,8701,2733,721512,3.0266769167620367,31.410182737616367
2025-07-11,Email,East,35835,390532,13838,2452,1189220,3.5433716059119353,17.719323601676543
2025-07-11,Instagram,East,40748,362041,16714,941,531665,4.616604196762245,5.630010769414861
2025-07-11,YouTube,East,7354,160231,4157,2224,791744,2.5943793647920814,53.500120279047394
2025-07-12,Facebook,West,5269,131709,1554,874,771742,1.1798738127235042,56.24195624195624
2025-07-12,Google Ads,West,5412,245945,17883,874,838166,7.27113785602472,4.8873231560700106
2025-07-12,Facebook,South,23980,292648,14236,110,88110,4.864547169295537,0.7726889575723518
2025-07-12,Instagram,West,25326,277230,12644,710,315240,4.560833964578148,5.615311610249921
2025-07-13,YouTube,West,49466,285234,11872,1373,914418,4.162196652572976,11.565026954177897
2025-07-13,Google Ads,West,10534,471485,16094,1437,402360,3.4134702058389985,8.928793339132596
2025-07-13,Email,South,29463,63131,5271,235,50760,8.349305412554846,4.458357047998483
2025-07-14,Facebook,North,47667,346351,6199,903,292572,1.7898028300770026,14.56686562348766
2025-07-14,Instagram,East,19741,246212,17974,914,893892,7.300212824720159,5.085122955379993
2025-07-14,Facebook,North,35021,493246,12967,1951,918921,2.6289113343037753,15.045885709878922
2025-07-14,Instagram,East,41594,129476,2468,1471,514850,1.9061447681423582,59.60291734197731
2025-07-14,Google Ads,West,43350,177475,533,304,105792,0.3003239892942668,57.035647279549714
2025-07-14,Email,South,31264,157341,15970,259,209013,10.149929134809108,1.6217908578584845
2025-07-15,YouTube,South,28343,318086,13045,780,302640,4.101092157466849,5.9793024147182825
2025-07-15,Email,West,31057,270686,10893,2396,1689180,4.024219944880785,21.995777104562563
2025-07-15,Google Ads,South,26414,334924,6467,2587,1280565,1.9308858129008373,40.00309262409154
2025-07-16,Email,West,33657,460885,6754,1397,491744,1.4654414875728219,20.684039087947884
2025-07-16,Google Ads,South,16133,477715,9146,1308,593832,1.9145306301874547,14.301333916466213
2025-07-16,Google Ads,South,47877,18456,19013,581,571123,103.01798872995232,3.0558039236311996
2025-07-16,Google Ads,East,43826,337024,12312,107,32849,3.65315229775921,0.8690708252111761
2025-07-16,Instagram,North,44532,400578,2759,1840,651360,0.6887547493871357,66.6908300108735
2025-07-17,YouTube,East,22783,438240,1402,2902,2460896,0.31991602774735306,206.99001426533522
2025-07-17,Facebook,West,38413,222137,12707,2094,2035368,5.7203437518288265,16.479106004564414
2025-07-17,Email,South,31021,384182,15103,2108,1979412,3.9312096870753965,13.95749188902867
2025-07-17,Email,West,22176,406222,16275,2473,937267,4.006429981635657,15.195084485407065
2025-07-17,Email,West,10462,165099,5687,335,177885,3.444599906722633,5.8906277474942845
2025-07-18,YouTube,South,28354,458415,9647,606,375720,2.104425029721977,6.281745620400124
2025-07-18,YouTube,South,36401,488219,9526,1802,864960,1.951173551213697,18.916649170690743
2025-07-18,Google Ads,North,29080,252030,14247,1408,543488,5.652898464468516,9.882782340141784
2025-07-18,Google Ads,East,20776,289489,18398,2385,1795905,6.355336472197562,12.963365583215566
2025-07-19,Email,North,5703,431101,10469,2971,2763030,2.428433244181758,28.37902378450664
2025-07-19,Instagram,North,29219,15895,5218,1466,482314,32.827933312362376,28.095055576849365
2025-07-19,Facebook,South,30776,254368,5868,983,849312,2.306893948924393,16.751874573960464
2025-07-20,Email,West,11042,219272,3110,338,312650,1.4183297457039659,10.868167202572348
2025-07-20,Facebook,West,29305,306838,16849,2052,1623132,5.491171236939362,12.178764318357173
2025-07-20,Email,North,23371,209792,15098,191,79838,7.196651921903601,1.265068220956418
2025-07-20,Instagram,East,43774,432614,19313,1029,909636,4.464256820167632,5.328017397607828
2025-07-20,YouTube,South,46106,133803,2152,1033,625998,1.6083346412262807,48.001858736059475
2025-07-21,Instagram,South,9976,284874,17965,1122,1027752,6.306296818944516,6.245477317005288
2025-07-22,YouTube,East,19382,363579,14498,1517,612868,3.9875790405936535,10.463512208580495
2025-07-23,Google Ads,West,19194,66742,8502,1909,444797,12.738605375925205,22.4535403434486
2025-07-24,Instagram,South,41679,321093,2366,2593,1332802,0.7368581688171341,109.5942519019442
2025-07-24,YouTube,East,44443,183326,9615,1477,1344070,5.244755244755245,15.361414456578263
2025-07-24,YouTube,North,32669,251927,10892,2090,896610,4.323474657341214,19.188395152405434
2025-07-24,Google Ads,West,37652,435166,15242,1792,836864,3.502571432510812,11.756987272011548
2025-07-24,Facebook,West,21611,197669,8217,797,243882,4.156949243432202,9.69940367530729
2025-07-25,Facebook,East,34050,331960,2501,2433,2194566,0.7534040245812749,97.28108756497402
2025-07-25,YouTube,West,9290,195317,15251,882,551250,7.808332096028507,5.783227329355452
2025-07-25,Google Ads,North,41106,11090,12843,2408,2102184,115.80703336339045,18.749513353577825
2025-07-25,Google Ads,East,23755,254595,12161,2422,1596098,4.776605982049922,19.91612531864156
2025-07-26,YouTube,North,24396,227174,17242,954,310050,7.589776999128421,5.533000811970769
2025-07-26,Facebook,East,15631,188170,15555,506,180136,8.26646117872137,3.252973320475731
2025-07-26,YouTube,West,6400,463691,10056,1076,687564,2.1686856117543796,10.70007955449483
2025-07-27,YouTube,South,46402,29412,1829,1115,600985,6.218550251597987,60.96227446692182
2025-07-27,Google Ads,North,16808,336779,6717,1186,716344,1.994483028929951,17.656691975584337
2025-07-27,YouTube,West,20875,495209,13264,1220,653920,2.678465052129505,9.197828709288299
2025-07-27,Google Ads,South,20396,396400,18661,1819,889491,4.7076185671039354,9.747601950592145
2025-07-28,Google Ads,North,19732,450066,7845,1583,954549,1.743077681939982,20.178457616316127
2025-07-28,YouTube,West,9317,40812,19956,2897,2810090,48.897383122611,14.516937261976349
2025-07-28,Instagram,South,16597,222540,3510,744,318432,1.5772445403073605,21.196581196581196
2025-07-29,Facebook,South,40817,445613,15266,737,316173,3.4258426033351808,4.827721734573562
2025-07-29,YouTube,South,39071,464487,7772,267,120417,1.6732438152198017,3.4354091610910964
2025-07-29,Google Ads,West,49381,336963,12029,1351,790335,3.569828141368637,11.23119128772134
2025-07-30,Instagram,South,38142,448882,7285,1847,1038014,1.6229209458164953,25.35346602608099
2025-07-30,YouTube,South,47412,237534,19951,2028,1618344,8.399218638173904,10.164904014836349
2025-07-30,YouTube,West,31246,323998,18592,1140,1117200,5.738307026586583,6.131669535283993
2025-07-30,Instagram,East,32080,126893,1843,533,392821,1.4524047819816694,28.920238741182853
2025-07-30,Email,South,15252,364429,11209,2850,1809750,3.0757705890584996,25.42599696672317
2025-07-31,Email,West,22832,489132,3093,1766,694038,0.6323446431638086,57.09666989977368
2025-07-31,Facebook,South,12329,140474,5367,154,51898,3.8206358472030413,2.869386994596609
2025-08-01,Google Ads,West,6311,230640,16549,765,320535,7.175251474158863,4.6226358088102
2025-08-01,Facebook,West,8233,21090,7834,2296,1389080,37.14556661925083,29.308143987745723
2025-08-01,YouTube,North,19216,416639,18901,629,134606,4.5365412263374285,3.3278662504629386
2025-08-01,Instagram,North,32461,25018,15856,1259,678601,63.37836757534575,7.940211907164481
2025-08-01,YouTube,South,30557,195866,6683,1831,807471,3.4120265896071804,27.397875205745926
2025-08-02,Email,East,34235,278656,16938,1362,656484,6.078462333486449,8.041091037902941
2025-08-02,Google Ads,South,15041,300258,4102,1855,549080,1.3661584370774467,45.22184300341297
2025-08-02,Google Ads,West,47666,46973,5864,1089,528165,12.483767270559683,18.57094133697135
2025-08-03,Facebook,East,32382,210435,17091,2735,705630,8.121747808111769,16.0025744543912
2025-08-03,Google Ads,South,34737,174262,9069,938,667856,5.204232707073257,10.342926452751131
2025-08-04,Facebook,West,21102,74098,14762,2771,2657389,19.922265108369995,18.771169218263108
2025-08-04,YouTube,West,47214,473747,19817,2803,2306869,4.183034404439501,14.144421456325377
2025-08-04,Facebook,East,49854,71399,16710,860,288960,23.4036891272987,5.146618791143029
2025-08-04,Facebook,West,9948,141891,4382,1048,823728,3.08828607875059,23.91602008215427
2025-08-05,Facebook,West,18092,400356,1502,2292,1427916,0.37516610216906954,152.5965379494008
2025-08-06,Google Ads,East,17455,53727,1873,2235,1446045,3.486142907662814,119.3272824345969
2025-08-06,Email,North,9968,381923,2643,1382,450532,0.6920243085648153,52.2890654559213
2025-08-06,YouTube,West,14610,128747,9237,668,180360,7.174536105695667,7.231785211648805
2025-08-06,Facebook,West,45519,341775,11232,1568,1244992,3.2863726135615536,13.96011396011396
2025-08-07,Google Ads,South,38855,170336,11581,2998,1858760,6.7989150854781135,25.887229082117262
2025-08-07,YouTube,North,44670,329399,842,506,318780,0.25561704801775353,60.09501187648456
2025-08-07,YouTube,North,26808,114046,19670,445,364455,17.24742647703558,2.2623284189120487
2025-08-07,Google Ads,North,46037,211479,17753,2084,1861012,8.394686942911589,11.738861037571114
2025-08-07,Facebook,West,31794,205994,3016,2940,2316720,1.4641203141839083,97.48010610079577
2025-08-08,YouTube,East,22833,422629,1982,617,347988,0.4689692377948508,31.13017154389506
2025-08-08,Google Ads,South,5283,497190,3495,2794,2106676,0.7029505822723707,79.94277539341917
2025-08-08,Facebook,East,11133,483723,4780,2945,1440105,0.9881688487005993,61.61087866108787
2025-08-08,Facebook,West,35425,150453,19052,163,162022,12.663090799119992,0.8555532227587654
2025-08-08,Facebook,South,9017,317239,10892,2499,2451519,3.43337357638878,22.94344473007712
2025-08-09,Email,West,38715,16535,9258,2603,1796070,55.99032355609314,28.116223806437674
2025-08-09,YouTube,North,20002,115699,16126,965,630145,13.937890560851866,5.984125015502915
2025-08-10,Email,West,19245,91412,18701,2210,861900,20.457926749223297,11.817549863643656
2025-08-10,Email,South,16627,56354,4639,2111,648077,8.231891258828123,45.50549687432636
2025-08-10,YouTube,West,15813,395187,4598,840,613200,1.163499811481653,18.268812527185734
2025-08-10,Instagram,South,36175,108317,19929,1459,1333526,18.398773968998402,7.320989512770335
2025-08-11,Google Ads,South,9637,226076,5982,301,214613,2.6460128452378844,5.031761952524239
2025-08-11,Instagram,North,25956,440923,19798,739,470743,4.490126393950871,3.7327002727548235
2025-08-11,YouTube,North,42542,261749,11044,630,618030,4.219309338335582,5.704454907642158
2025-08-11,YouTube,North,11801,20517,15042,1768,850408,73.31481210703319,11.753756149448211
2025-08-11,Instagram,West,16088,393399,12114,661,203588,3.07931641920798,5.4564966154862145
2025-08-11,Facebook,West,30228,348431,19869,201,171453,5.7024202783334434,1.011626151290956
2025-08-12,Google Ads,West,18549,189697,15858,698,540252,8.359647226893415,4.401563879429941
2025-08-12,Email,North,13639,80293,19656,253,101453,24.480340751995815,1.2871387871387872
2025-08-12,YouTube,West,33121,82453,14388,1106,237790,17.449941178610846,7.686961356686127
2025-08-13,YouTube,East,13929,358985,15946,1110,1081140,4.441968327367439,6.960993352564906
2025-08-13,Google Ads,North,22237,188068,18493,697,244647,9.83314545802582,3.768993673281782
2025-08-14,Instagram,East,21342,354684,4021,1801,1379566,1.1336851958362937,44.78985327033077
2025-08-14,Google Ads,North,34638,478226,8752,2065,1811005,1.8300970670770724,23.594606946983546
2025-08-15,Google Ads,West,15406,16653,5682,2111,462309,34.119978382273466,37.15241112284407
2025-08-16,YouTube,East,25805,498447,15508,759,366597,3.1112635846940595,4.894248129997421
2025-08-16,YouTube,East,49391,413814,7346,985,202910,1.7751936860521875,13.408657772937655
2025-08-16,Facebook,West,6292,437000,8744,138,104742,2.0009153318077804,1.578225068618481
2025-08-16,Email,South,43704,378445,19918,211,136517,5.263116172759582,1.059343307561
2025-08-17,Email,East,27514,235065,17894,435,422820,7.612362538021398,2.430982452218621
2025-08-17,Google Ads,East,31743,413494,2639,2925,1664325,0.6382196597774091,110.83743842364532
2025-08-18,Google Ads,West,49450,403160,7218,868,759500,1.7903561861295763,12.02549182599058
2025-08-18,Facebook,East,12834,312594,12558,1320,319440,4.017351580644543,10.51122790253225
2025-08-19,Facebook,East,36781,105215,17166,2979,2398095,16.315164187615835,17.354072002796226
2025-08-19,Google Ads,North,26514,46080,11870,520,437320,25.75954861111111,4.380791912384161
2025-08-20,Instagram,East,20247,21008,5484,461,371566,26.104341203351105,8.406272793581328
2025-08-20,Instagram,North,11015,122348,11586,2221,1041649,9.469709353646975,19.169687553944414
2025-08-20,Email,East,26516,275479,3155,2274,1280262,1.1452778614703845,72.07606973058637
2025-08-20,Email,East,48569,256579,4014,2792,2328528,1.5644304483219593,69.55655206776284
2025-08-20,Google Ads,North,41878,324351,15559,1283,857044,4.796963783062176,8.246031235940613
2025-08-20,Email,North,27087,51825,18001,2409,1047915,34.73420164013507,13.382589856119104
2025-08-20,Facebook,West,40762,321095,1049,1621,909381,0.32669459194319433,154.52812202097235
2025-08-22,Email,North,35949,43836,11049,376,277864,25.205310703531342,3.403022897999819
2025-08-22,Email,South,31441,141403,4484,1517,1143818,3.171078407105931,33.8314005352364
2025-08-23,Google Ads,West,41507,333828,3156,2594,1976628,0.9453970308062835,82.19264892268696
2025-08-23,Email,South,29236,481825,4403,2850,1590300,0.9138172573029627,64.72859414035884
2025-08-23,Google Ads,West,44747,90572,17182,2691,1706094,18.970542772600805,15.661739029216623
2025-08-23,YouTube,East,12729,405224,18745,1426,466302,4.6258365743391305,7.6073619631901845
2025-08-24,YouTube,South,40754,268480,3930,212,53636,1.4637961859356377,5.39440203562341
2025-08-24,Email,South,36011,35244,17883,2686,1496102,50.74055158324822,15.019851255382207
2025-08-25,Facebook,North,45790,410846,15187,573,450378,3.6965188902897927,3.7729637189701717
2025-08-25,Instagram,South,6880,251474,14941,1451,953307,5.941369684341124,9.711532025968811
2025-08-25,YouTube,North,17564,41731,1785,1850,1476300,4.277395701037598,103.64145658263307
2025-08-25,YouTube,East,10072,246718,15816,2642,1445174,6.410557802835626,16.704602933737984
2025-08-26,Facebook,West,35831,202911,10320,850,848300,5.08597365347369,8.236434108527131
2025-08-26,Instagram,West,7156,204891,15043,2803,571812,7.341952550380445,18.633251346141062
2025-08-27,Email,North,49091,497551,11849,2650,1929200,2.381464412693372,22.36475651953751
2025-08-27,YouTube,South,7503,445239,8761,660,258060,1.96770723139707,7.53338659970323
2025-08-27,Google Ads,West,28992,328364,3738,2714,1603974,1.1383708323689563,72.60567148207598
2025-08-28,Google Ads,North,36043,354390,11979,1933,1289311,3.3801743841530514,16.136572334919443
2025-08-28,Google Ads,West,6042,285077,7718,358,167902,2.7073387190127582,4.6385073853329875
2025-08-28,Facebook,South,24630,241284,2652,184,167808,1.0991197095538867,6.93815987933635
2025-08-29,Google Ads,North,49604,156696,3346,2623,1702327,2.1353448715985093,78.39210998206813
2025-08-29,Instagram,East,39243,183402,1435,899,528612,0.7824342155483582,62.64808362369338
2025-08-29,Google Ads,East,30931,120203,7519,1622,1255428,6.25525153282364,21.572017555526003
2025-08-30,Instagram,West,12023,312072,1447,2871,757944,0.46367504934758647,198.41050449205252
2025-08-30,Email,West,33074,127411,10694,866,851278,8.39330983980975,8.097998877875444
2025-08-31,Instagram,North,12237,218115,18517,583,521785,8.489558260550627,3.148458173570233
2025-09-01,Email,West,43424,139501,10521,675,457650,7.541881420204873,6.41573994867408
2025-09-01,Email,East,48382,72383,11583,2336,1565120,16.00237624856665,20.1674868341535
2025-09-02,Instagram,North,42738,327325,930,890,852620,0.28412128618345683,95.6989247311828
2025-09-03,Facebook,South,22742,63406,9937,1253,1138977,15.672018420969625,12.60943946865251
2025-09-03,Email,West,49809,458836,2191,2572,1334868,0.4775126624763532,117.3893199452305
2025-09-03,Facebook,West,41682,27203,2284,68,58956,8.396132779472852,2.9772329246935203
2025-09-03,YouTube,South,20110,42171,4351,1332,444888,10.317516776932015,30.61365203401517
2025-09-03,Email,East,44105,284621,5565,519,502392,1.9552316940773873,9.326145552560646
2025-09-04,Instagram,North,36871,354835,14636,2744,1602496,4.124734031310327,18.748291883028152
2025-09-05,YouTube,South,22280,280837,2444,174,110664,0.8702556999255796,7.1194762684124395
2025-09-05,Email,North,49384,442603,15492,510,265200,3.500202212818259,3.292021688613478
2025-09-05,YouTube,North,28888,334887,8100,2887,2199894,2.4187263166381494,35.641975308641975
2025-09-05,YouTube,East,34144,343452,738,1790,1745250,0.21487718807868347,242.54742547425474
2025-09-07,Email,West,17934,263735,1919,1909,1441295,0.7276243198665328,99.47889525794685
2025-09-07,Email,East,23174,125425,4829,194,108640,3.8501096272672912,4.017394905777594
2025-09-07,Instagram,West,43178,193026,9310,1309,1302455,4.823184441474206,14.06015037593985
2025-09-07,YouTube,West,23728,281329,9589,2099,1064193,3.4084648223254623,21.889665241422463
2025-09-07,Google Ads,East,22444,431772,16856,166,143424,3.9039122499837875,0.984812529663028
2025-09-08,YouTube,East,34888,441136,10121,2519,680130,2.2943037974683547,24.888844975792907
2025-09-08,YouTube,North,34516,382298,10759,152,92416,2.814296700479731,1.4127707035969885
2025-09-09,Email,South,21876,318889,10572,637,456092,3.315260168898896,6.025349981082104
2025-09-09,YouTube,South,47224,87548,2372,2236,1542840,2.709370859414264,94.2664418212479
2025-09-09,Google Ads,North,9146,359071,3757,2426,2016006,1.0463111752271834,64.57279744476976
2025-09-09,Facebook,South,19600,252486,18132,2969,2191122,7.181388274993465,16.374365762188397
2025-09-10,Facebook,West,45759,468177,14332,231,122199,3.061235387470978,1.6117778397990512
2025-09-10,Email,North,24744,326418,9509,2226,1547070,2.913135917749634,23.409401619518352
2025-09-10,Email,East,26786,363145,8306,587,316980,2.287240633906566,7.067180351553095
2025-09-11,YouTube,West,8700,291610,11786,698,167520,4.041699530194438,5.922280671983709
2025-09-11,Email,South,9209,419468,1578,54,53352,0.37619079405342004,3.4220532319391634
2025-09-11,Google Ads,South,15256,404142,3814,1740,1071840,0.943727699669918,45.621394861038276
2025-09-11,Google Ads,South,10489,338824,17574,1780,961200,5.186763629494958,10.12859906680323
2025-09-11,Instagram,West,44098,55758,5511,1067,720225,9.883783492951684,19.36127744510978
2025-09-12,Google Ads,West,16291,61295,8629,2576,538384,14.077820376865976,29.852821879707964
2025-09-13,Instagram,West,8076,15811,3769,1318,1285050,23.837834419075328,34.96948792783232
2025-09-13,Facebook,North,39645,312505,8441,1167,484305,2.7010767827714757,13.825376140267739
2025-09-13,Facebook,North,45928,250267,9582,1617,512589,3.8287109367195837,16.875391358797746
2025-09-14,Instagram,East,23420,189804,9717,2700,1730700,5.11949168616046,27.78635381290522
2025-09-15,YouTube,West,40337,312052,17765,2452,953828,5.692961429505338,13.802420489726991
2025-09-15,Email,East,16027,499747,1134,2380,1992060,0.22691481889836254,209.87654320987653
2025-09-15,Google Ads,South,20329,474818,9470,1998,1940058,1.9944483991761055,21.09820485744456
2025-09-15,Facebook,South,22183,111711,15205,2262,1574352,13.611014134686824,14.876685300887866
2025-09-16,Google Ads,South,6309,85710,16917,272,106896,19.73748687434372,1.6078500916238105
2025-09-17,Instagram,South,5489,416779,10493,1871,1732546,2.517641243920639,17.830934908986944
2025-09-17,YouTube,North,23539,475364,9799,1295,1086505,2.061367709797124,13.215634248392693
2025-09-17,Google Ads,North,38252,12889,2124,2767,1743210,16.479168283032042,130.27306967984936
2025-09-18,Facebook,East,36058,197930,19289,1447,578800,9.745364522811094,7.501684898128468
2025-09-18,Facebook,West,45366,251656,18045,1670,1065460,7.170502590838288,9.254641174840676
2025-09-19,Facebook,North,24801,23901,5277,677,591021,22.078574118237732,12.829259048701914
2025-09-20,Facebook,East,11473,114182,13450,775,761825,11.779439841656302,5.762081784386617
2025-09-20,Instagram,South,32461,52229,9717,1812,828084,18.604606636159986,18.647730781105277
2025-09-20,YouTube,South,19514,120912,18066,1530,1496340,14.941445017864233,8.468947193623382
2025-09-21,Instagram,East,24289,474901,10350,880,251680,2.1794016015969646,8.502415458937199
2025-09-21,Google Ads,West,31611,201544,16102,2624,750464,7.989322430833962,16.2961122841883
2025-09-22,YouTube,East,49280,22093,14587,1999,453773,66.0254379215136,13.703982998560363
2025-09-23,Facebook,South,29848,419512,11523,442,250614,2.746762905471119,3.835806647574416
2025-09-23,Email,West,40279,343982,7342,2967,2026461,2.1344140100354085,40.41133206210842
2025-09-23,Google Ads,North,12891,23496,19077,475,259350,81.19254341164454,2.489909314881795
2025-09-23,YouTube,East,35969,320311,1644,1582,957110,0.5132511840055446,96.2287104622871
2025-09-24,Google Ads,West,14355,213793,19939,762,749046,9.326310964344014,3.821656050955414
2025-09-24,Facebook,North,28182,252553,18864,1699,1014303,7.469323270759009,9.00657336726039
2025-09-24,Google Ads,East,5848,340824,13745,1128,538056,4.032873271835316,8.206620589305203
2025-09-25,YouTube,North,7205,285430,14550,2869,2097239,5.097572084223803,19.71821305841924
2025-09-25,Instagram,North,38410,257408,4620,860,190060,1.794816011934361,18.614718614718615
2025-09-25,Email,East,49286,186445,1954,2198,2066120,1.048030250207836,112.48720573183213
2025-09-26,Facebook,South,9542,402376,19860,176,61248,4.935682048631131,0.8862034239677744
2025-09-26,YouTube,South,24211,226539,14585,954,844290,6.43818503657207,6.540966746657525
2025-09-26,Google Ads,South,14362,344339,17630,1802,873970,5.119954463479304,10.221213840045378
2025-09-26,Facebook,East,24450,61486,18297,2705,1974650,29.7579936896204,14.783844346067662
2025-09-27,Email,East,40409,35363,15760,2576,2187024,44.566354664479825,16.34517766497462
2025-09-27,YouTube,East,31313,470321,5683,570,381330,1.2083236768079673,10.029913777934189
2025-09-28,YouTube,West,27064,335230,2140,2766,1908540,0.6383676878560989,129.25233644859813
2025-09-28,Google Ads,East,23280,133180,3211,450,201150,2.411022676077489,14.014325755216445
2025-09-29,YouTube,North,15523,131594,552,723,195210,0.4194720124017812,130.97826086956522
2025-09-30,Email,East,30347,208037,9415,1549,1087398,4.525637266447795,16.45246946362188
2025-09-30,Instagram,South,35711,317214,8838,1168,720656,2.7861317596322985,13.215659651504867
2025-09-30,Google Ads,North,12298,362524,8210,1297,1195834,2.264677648928071,15.797807551766137
2025-09-30,YouTube,East,8213,23880,11362,2619,589275,47.57956448911223,23.050519274775567
2025-10-02,Facebook,South,32837,306497,13367,2769,2738541,4.3612172386679156,20.715194134809607
2025-10-02,Email,South,34493,257291,7978,1870,948090,3.1007691679848888,23.43945851090499
2025-10-02,Instagram,North,12078,148546,18106,831,296667,12.188816932128768,4.589638793770021
2025-10-03,YouTube,West,29440,401258,8053,1120,515200,2.006938179425706,13.907860424686453
2025-10-03,Google Ads,South,11359,314646,17338,2185,581210,5.510319533698188,12.60237628330834
2025-10-03,YouTube,West,5995,11909,3364,2204,2133472,28.24754387438072,65.51724137931035
2025-10-04,Email,South,14896,494449,6315,2573,1160423,1.2771792439665162,40.74425969912906
2025-10-04,YouTube,West,20672,490505,8853,1157,527592,1.8048745680472167,13.069016152716593
2025-10-04,Facebook,North,11534,265532,1216,2230,1877660,0.4579485711703297,183.38815789473685
2025-10-04,Facebook,West,43254,27202,3927,2280,1215240,14.436438497169327,58.05958747135218
2025-10-04,Instagram,West,22770,141728,11788,2274,1569060,8.317340257394445,19.290804207668817
2025-10-04,Instagram,West,43424,129583,3299,1239,759507,2.545858638864666,37.556835404668085
2025-10-05,Instagram,West,37847,309637,1289,838,436598,0.41629391836246965,65.01163692785104
2025-10-05,Google Ads,North,20520,249763,1871,1399,549807,0.749110156428294,74.77284874398717
2025-10-06,Facebook,West,25797,262159,11518,641,594207,4.393516911492644,5.565202292064594
2025-10-06,Email,West,40366,443292,7821,1927,406597,1.764299829457784,24.638792993223372
2025-10-06,YouTube,South,34251,251577,537,705,434280,0.21345353510058548,131.2849162011173
2025-10-06,Instagram,East,5165,23957,13279,1219,550988,55.428476019535,9.179908125611869
2025-10-06,Google Ads,South,39344,417917,7715,80,61040,1.8460603421253503,1.0369410239792611
2025-10-07,YouTube,East,46741,445646,1792,323,208335,0.4021128878078116,18.024553571428573
2025-10-07,Email,West,10428,32865,14321,837,512244,43.5752320097368,5.8445639271000625
2025-10-08,Instagram,East,35936,155579,6208,1109,582225,3.990255754311314,17.864046391752577
2025-10-09,Email,South,11624,351031,2111,899,659866,0.6013713888516968,42.58645191852203
2025-10-09,Google Ads,South,47353,462526,11115,1362,982002,2.4031081495959143,12.253711201079621
2025-10-09,Facebook,North,36664,109458,13619,501,339177,12.442215278919768,3.6786841912034656
2025-10-09,YouTube,East,30552,228820,8162,818,587324,3.566995891967485,10.022053418279834
2025-10-10,Google Ads,East,39315,405764,19419,1541,938469,4.785786812038525,7.935527061125702
2025-10-10,Instagram,South,24717,410121,9278,2845,1615960,2.2622591869228836,30.663936193145076
2025-10-11,Facebook,East,19817,408477,10991,1537,687039,2.6907267728660367,13.984168865435356
2025-10-11,Google Ads,East,12638,62009,7460,2219,1690878,12.030511699914529,29.74530831099196
2025-10-11,YouTube,North,29082,113202,2077,1273,1069320,1.8347732372219574,61.29032258064516
2025-10-11,Instagram,East,34386,199687,1049,296,96200,0.5253221291320918,28.217349857006674
2025-10-14,Google Ads,North,10618,66916,2340,2315,1217690,3.4969215135393625,98.93162393162393
2025-10-14,Facebook,East,6437,389154,3907,125,49250,1.0039727203112394,3.199385717942155
2025-10-14,Instagram,South,20867,86671,2775,1157,396851,3.2017629887736385,41.693693693693696
2025-10-15,Instagram,South,29609,191863,15876,2938,1892072,8.274654310627897,18.505920886873266
2025-10-16,Instagram,East,27408,219545,17921,2543,2131034,8.162791227311029,14.190056358462138
2025-10-16,Google Ads,West,22650,289612,16944,1152,1116288,5.850586301672583,6.79886685552408
2025-10-16,YouTube,North,5386,272033,19867,2718,1777572,7.303158072733823,13.680978507072028
2025-10-17,Instagram,West,6237,426097,15980,2079,927234,3.7503197628708955,13.010012515644556
2025-10-18,Google Ads,South,8189,50891,7675,1420,907380,15.081252087795486,18.501628664495115
2025-10-18,Facebook,East,41470,56201,2528,2484,2076624,4.498140602480383,98.25949367088607
2025-10-19,Facebook,West,15777,476277,5112,402,84822,1.0733249768517061,7.863849765258216
2025-10-19,Email,North,16291,25750,8269,1539,550962,32.112621359223304,18.611682186479623
2025-10-19,YouTube,West,10311,373061,14649,588,269304,3.9267036758063694,4.013925865246774
2025-10-19,Facebook,East,28517,75376,8824,2674,1184582,11.706644024623222,30.303717135086128
2025-10-19,YouTube,West,6477,379123,13584,1322,438904,3.5830060428937314,9.732037691401649
2025-10-20,Facebook,West,19054,428811,2572,2134,1948342,0.5997980462254933,82.97045101088646
2025-10-20,Google Ads,West,42147,218343,13696,2140,1410260,6.272699376668819,15.625
2025-10-21,YouTube,East,31509,95365,2371,474,171114,2.4862370890788026,19.991564740615775
2025-10-22,Instagram,North,40652,481671,1476,2070,1066050,0.3064332293204282,140.2439024390244
2025-10-22,Instagram,East,45055,215116,6399,612,500004,2.9746741293069783,9.563994374120956
2025-10-22,YouTube,West,38090,386430,18824,1716,1201200,4.871257407551174,9.116022099447514
2025-10-22,Google Ads,East,41009,204599,9511,1514,1417104,4.648605320651615,15.918410261802125
2025-10-22,Google Ads,North,44307,417138,4045,2372,1186000,0.9697030718850835,58.640296662546355
2025-10-22,Email,West,32264,214081,4492,2049,819600,2.098271215100826,45.61442564559216
2025-10-23,Google Ads,South,22878,343692,8080,2213,2069155,2.3509421225981404,27.38861386138614
2025-10-23,Facebook,North,22227,10786,16259,708,381612,150.74170220656407,4.35451134756135
2025-10-23,YouTube,North,14377,325524,4404,443,234347,1.3528956390312237,10.059037238873751
2025-10-23,Email,East,26750,479991,3113,2192,2178848,0.6485538270509239,70.4143912624478
2025-10-23,Email,North,46111,382677,3380,1197,410571,0.8832514104584284,35.414201183431956
2025-10-23,Facebook,East,26379,251489,13011,909,348147,5.173586121062949,6.986396126354623
2025-10-25,Facebook,North,42570,267328,16884,619,340450,6.3158367249221925,3.6661928452973234
2025-10-25,Instagram,South,16294,393758,15559,624,270816,3.9514117808400084,4.01054052316987
2025-10-25,Google Ads,West,30229,491332,10047,924,551628,2.0448495111248604,9.196775156763213
2025-10-26,Facebook,North,33457,316651,9796,1143,588645,3.093626737322794,11.66802776643528
2025-10-26,YouTube,West,5648,308096,19044,1056,350592,6.181190278354799,5.5450535601764335
2025-10-26,Instagram,South,19405,492597,12810,2439,2312172,2.600503048130622,19.039812646370024
2025-10-26,Email,South,20053,497177,11198,2956,1959828,2.252316579407334,26.3975709948205
2025-10-27,Email,South,33425,334313,7230,2705,1106345,2.162643989315402,37.41355463347165
2025-10-27,Email,West,13422,80757,6479,1917,1198125,8.022833933900467,29.587899367186292
2025-10-27,YouTube,West,27993,463271,11384,2163,571032,2.4573090048805124,19.000351370344344
2025-10-27,Google Ads,East,24398,115687,1901,2910,1524840,1.6432269831528175,153.07732772225145
2025-10-27,Instagram,East,8164,125815,13153,375,301500,10.454238365854627,2.8510605945411696
2025-10-27,Email,East,9850,401302,9240,2569,1895922,2.302505345101694,27.8030303030303
2025-10-27,Facebook,North,38592,342663,16825,527,189720,4.910071994933798,3.132243684992571
2025-10-28,Facebook,South,18227,340465,8634,2869,2415698,2.5359434890517383,33.2290942784341
2025-10-28,Google Ads,West,42149,40865,18179,1919,1207051,44.48550104000979,10.556136201111173
2025-10-28,Email,North,6132,438938,7695,613,231714,1.753094970132456,7.966211825860949
2025-10-28,Google Ads,West,11881,122065,17226,1019,529880,14.112153360914267,5.9154766051317775
2025-10-29,YouTube,North,39281,155205,10165,185,86765,6.54940240327309,1.8199704869650761
2025-10-29,Email,North,12899,228496,1139,771,545097,0.498476997409145,67.69095697980686
2025-10-29,Facebook,South,6802,198221,8305,1298,538670,4.189767986237583,15.62913907284768
2025-10-30,Instagram,South,32802,471984,687,2303,561932,0.145555781551917,335.2256186317322
2025-10-30,Email,East,14453,456494,1586,501,287073,0.34743063435663996,31.58890290037831
2025-10-30,Email,South,5963,302745,3805,1447,905822,1.2568333085600092,38.028909329829176
2025-10-31,Facebook,East,10608,235604,4746,1524,1391412,2.014397039099506,32.11125158027813
2025-10-31,YouTube,East,46801,40647,10975,2184,1932840,27.00076266391124,19.8997722095672
2025-11-01,Facebook,West,30142,11504,13927,2482,2464626,121.06223922114047,17.821497810009333
2025-11-01,Facebook,East,47391,447878,14080,1402,506122,3.1437132433385875,9.957386363636363
2025-11-01,Google Ads,South,27852,340461,6755,1890,706860,1.9840745342344646,27.979274611398964
2025-11-01,Google Ads,North,46357,138316,8710,2160,2019600,6.2971745857312245,24.799081515499427
2025-11-02,Email,West,27411,79936,3240,2146,1721092,4.05324259407526,66.23456790123457
2025-11-02,Instagram,West,28388,198929,11346,116,111708,5.7035424699264565,1.0223867442270405
2025-11-02,Email,South,46540,404734,8920,859,253405,2.203916646488805,9.630044843049328
2025-11-03,Email,South,44256,19384,14120,1403,1161684,72.84358233594718,9.936260623229462
2025-11-04,Facebook,North,31746,226530,4316,2953,1187106,1.9052664106299386,68.41983317886933
2025-11-04,Google Ads,East,38963,190492,14359,2864,907888,7.5378493585032444,19.94567866843095
2025-11-05,Email,South,13833,348345,14406,1011,823965,4.135555268483831,7.0179092044981255
2025-11-05,YouTube,North,19952,310421,11867,2902,1192722,3.822872808218516,24.45436925929047
2025-11-05,Facebook,West,6072,294288,3510,1377,888165,1.1927091828412983,39.23076923076923
2025-11-06,Email,East,36794,125057,7084,2262,1305174,5.664616934677786,31.931112365894975
2025-11-07,Facebook,South,43418,421204,14701,2359,2108946,3.4902327613223045,16.046527447112442
2025-11-07,Facebook,West,32821,10748,14005,542,424928,130.30331224413845,3.870046411995716
2025-11-07,Facebook,North,17885,152907,10579,2120,1835920,6.918584499074601,20.039701295018432
2025-11-07,Email,East,16653,142168,7434,1437,1373772,5.22902481571099,19.330104923325262
2025-11-08,Facebook,West,9364,355750,12824,2180,769540,3.604778636683064,16.999376169681845
2025-11-08,Google Ads,South,46679,222637,9625,1348,304648,4.323180783068403,14.005194805194805
2025-11-09,Google Ads,West,46723,431566,5112,1464,430416,1.184523340578266,28.638497652582164
2025-11-09,Facebook,South,34375,491366,19567,188,175028,3.9821640080917278,0.9608013492104053
2025-11-09,Google Ads,East,12859,379362,16164,2491,2433707,4.260837933161466,15.410789408562236
2025-11-10,Facebook,North,8939,77234,13443,2030,1981280,17.405546779915582,15.100795953284237
2025-11-10,YouTube,West,41755,228210,14379,2619,667845,6.300775601419745,18.214062174003757
2025-11-11,Google Ads,South,37881,448203,18754,1503,511020,4.184264719334766,8.014290284739257
2025-11-11,Instagram,West,29061,101613,14926,915,596580,14.689065375493293,6.130242529813748
2025-11-12,Google Ads,North,18750,238085,3262,2158,830830,1.3700989142533129,66.15573267933783
2025-11-12,YouTube,East,17081,489670,12695,1135,704835,2.592562337901035,8.940527766837338
2025-11-12,YouTube,West,23593,217050,8361,835,603705,3.8521078092605388,9.986843678985768
2025-11-13,Email,East,13649,32639,19223,1533,893739,58.89579950366126,7.974821828018519
2025-11-13,YouTube,North,40147,454740,11327,1176,882000,2.4908739059682454,10.382272446367088
2025-11-14,Email,North,35210,18024,14320,2169,811206,79.44962272525522,15.146648044692737
2025-11-15,Instagram,East,42868,359216,2797,1433,806779,0.778640149659258,51.2334644261709
2025-11-15,Email,East,19875,259675,14337,2132,1424176,5.5211321844613455,14.870614493966661
2025-11-16,Instagram,West,18503,205197,14674,2345,1911175,7.151176674122917,15.980646040616056
2025-11-16,Facebook,West,11583,182171,18896,397,313630,10.372671830313276,2.100973751058425
2025-11-17,Instagram,South,46126,314622,5781,347,125961,1.8374430268703397,6.002421726344923
2025-11-17,Email,North,10019,371202,7483,1321,602376,2.0158835351102633,17.653347587865827
2025-11-18,Instagram,North,43364,387432,6995,2178,2008116,1.8054781226124843,31.136526090064333
2025-11-18,Google Ads,South,26269,363357,7803,1991,794409,2.1474747975131896,25.51582724593105
2025-11-18,Instagram,East,39327,367823,7764,1423,573469,2.110797856577756,18.32818134981968
2025-11-19,Email,West,43393,270394,19042,2369,2295561,7.042316027722509,12.440920071421068
2025-11-19,Facebook,West,28000,177826,15153,2435,1765375,8.52125111063624,16.06942519633076
2025-11-19,Email,North,22904,283489,1078,407,224664,0.38026166800122757,37.755102040816325
2025-11-20,Email,East,29040,40441,6374,2619,1157598,15.761232412650529,41.08879824286162
2025-11-21,Facebook,West,36059,66919,5256,813,369915,7.854271582061896,15.468036529680365
2025-11-22,YouTube,West,10766,369628,14392,2983,1897188,3.893644420877206,20.72679266259033
2025-11-23,Facebook,South,10251,50300,19762,183,116571,39.288270377733596,0.9260196336403199
2025-11-24,Google Ads,South,10092,250787,18415,2029,1696244,7.3428845992814615,11.018191691555797
2025-11-24,Instagram,West,15573,406551,19831,2391,968355,4.877862801960886,12.05688064142
2025-11-24,YouTube,South,11002,110519,4848,2802,608034,4.386576063844226,57.79702970297029
2025-11-24,YouTube,South,26393,108784,15390,1862,1215886,14.147301073687307,12.098765432098766
2025-11-25,Email,South,28440,301918,19887,1236,664968,6.586887830470525,6.215115402021421
2025-11-25,Google Ads,North,38138,328270,6884,2969,1638888,2.097054254120084,43.12899477048228
2025-11-25,Facebook,South,47589,116291,12777,2170,1243410,10.987092724286489,16.983642482585896
2025-11-25,YouTube,West,24750,147586,13467,2607,1207041,9.12484924044286,19.35843172198708
2025-11-25,Email,East,28204,300458,9288,2813,2655472,3.0912806448821466,30.286391042204997
2025-11-26,Google Ads,South,16005,158424,3922,492,235668,2.475635004797253,12.544620091789904
2025-11-27,Email,North,43237,365966,13584,930,526380,3.711820223736631,6.8462897526501765
2025-11-27,Google Ads,South,10348,116114,13999,66,41052,12.056255059682726,0.4714622473033788
2025-11-27,Email,North,18971,264720,3517,370,175380,1.3285735871864612,10.520329826556726
2025-11-27,Instagram,East,18186,107817,13171,2625,813750,12.216069822013226,19.930149571027258
2025-11-27,Google Ads,West,16066,308363,18989,1641,447993,6.158002094933568,8.641845278845647
2025-11-28,Instagram,East,25258,338367,18428,2227,890800,5.44615757446796,12.084870848708487
2025-11-29,Email,West,33640,303757,12651,192,57600,4.164842291700274,1.517666587621532
2025-11-29,Facebook,East,7013,244590,3567,967,243684,1.4583588862995216,27.109615923745444
2025-11-30,Google Ads,East,27272,75498,8831,1366,852384,11.696998595989298,15.468236892764125
2025-11-30,Facebook,North,22998,178626,16030,1506,877998,8.974057528019436,9.394884591391142
2025-12-01,YouTube,East,12491,346338,18343,1490,1180080,5.296271272571881,8.122989696341929
2025-12-01,Google Ads,North,16751,440932,11112,1756,1255540,2.520116480545753,15.802735781137509
2025-12-01,Google Ads,South,49896,140709,7303,59,54162,5.190144198309987,0.8078871696563057
2025-12-02,YouTube,East,18022,33756,10266,118,105492,30.412371134020617,1.1494252873563218
2025-12-02,Facebook,South,42797,184057,9944,1381,295534,5.402674171588149,13.887771520514884
2025-12-02,YouTube,North,16760,129500,11003,565,448610,8.496525096525097,5.134963191856767
2025-12-03,Facebook,West,8570,182972,3935,2397,1546065,2.1506022779441665,60.914866581956794
2025-12-03,YouTube,West,23265,410359,1151,578,427142,0.2804861109418826,50.21720243266724
2025-12-03,Instagram,East,17365,354863,3735,1536,794112,1.0525188593908072,41.12449799196787
2025-12-03,Facebook,South,5856,38947,2836,1804,523160,7.281690502477726,63.61071932299013
2025-12-04,Facebook,West,9913,282514,16500,2062,1183588,5.840418527931359,12.496969696969696
2025-12-04,Facebook,East,42150,433049,11765,1455,302640,2.7167826273701126,12.367190820229494
2025-12-04,Instagram,North,16790,81229,3571,760,328320,4.3962131750975635,21.282553906468777
2025-12-04,Facebook,North,14685,114384,3299,2231,1758028,2.8841446356133726,67.62655350106093
2025-12-05,YouTube,North,21326,64581,7559,292,133444,11.7046809433115,3.862944833972748
2025-12-06,YouTube,West,23836,468099,19357,1082,579952,4.1352363495756235,5.589709149145012
2025-12-06,Email,East,13228,453668,16542,1960,1777720,3.6462787765502527,11.848627735461251
2025-12-06,Instagram,West,18640,317427,9152,646,510340,2.883182590012822,7.058566433566433
2025-12-06,Google Ads,North,30874,170505,15703,1147,1078180,9.209700595290462,7.304336750939311
2025-12-06,Email,West,16413,207736,13929,1700,671500,6.70514499172026,12.204752674276689
2025-12-08,Instagram,South,23805,255304,13764,1119,1048503,5.391219879046156,8.129904097646033
2025-12-08,Facebook,South,20209,175089,6864,485,307005,3.92029196580025,7.0658508158508155
2025-12-08,Instagram,East,45728,272827,18488,498,149898,6.776455409471936,2.693639117265253
2025-12-08,Email,East,31239,292464,19081,746,713176,6.524221784561518,3.909648341281904
2025-12-09,YouTube,North,33029,476758,9643,1285,1069120,2.022619442148847,13.325728507725811
2025-12-09,Instagram,North,10376,106681,11704,1107,1083753,10.97102576841237,9.458304853041694
2025-12-09,Email,East,31270,184176,5647,1336,610552,3.066088958387629,23.658579776872678
2025-12-09,Email,North,29426,292429,2220,2897,2468244,0.7591586333776745,130.4954954954955
2025-12-10,Email,East,40821,184603,1828,1531,871139,0.9902330948034431,83.7527352297593
2025-12-10,Email,South,9168,458429,4661,2437,2378512,1.0167332345903073,52.28491739969964
2025-12-10,Instagram,North,39684,477703,19376,1809,1045602,4.056076683629787,9.336292320396367
2025-12-12,Instagram,South,16624,293485,19982,902,367114,6.808525137570914,4.5140626563907515
2025-12-13,Google Ads,West,41102,264700,3454,2384,503024,1.3048734416320362,69.02142443543717
2025-12-14,YouTube,East,6608,79194,12197,1258,545972,15.401419299441876,10.3140116422071
2025-12-14,Email,North,32036,107989,10619,1340,308200,9.83340895831983,12.618890667671156
2025-12-14,Facebook,North,38946,367753,16557,2768,1431056,4.502206644133427,16.718004469408708
2025-12-14,Google Ads,South,13656,427165,6928,1431,712638,1.621855723198296,20.655311778290994
2025-12-14,YouTube,North,8900,170721,16092,437,226803,9.425905424640202,2.715635098185434
2025-12-15,YouTube,North,16271,407997,8142,723,553818,1.9956029088449179,8.87988209285188
2025-12-15,Email,South,47403,387491,9349,2969,2651317,2.4127011982213777,31.757407209327198
2025-12-15,Facebook,East,43673,389967,1261,1852,1361220,0.32336069462287836,146.86756542426645
2025-12-15,Email,West,49554,277782,12334,641,490365,4.440172509377857,5.197016377493108
2025-12-15,Facebook,South,10950,232638,6972,1415,615525,2.9969308539447552,20.29546758462421
2025-12-15,YouTube,South,19503,162540,5364,2098,1546226,3.3001107419712072,39.112602535421324
2025-12-16,Email,South,33913,57029,1580,1317,849465,2.7705202616212805,83.35443037974683
2025-12-17,Google Ads,South,28609,78134,3568,1879,702746,4.566513937594389,52.66255605381166
2025-12-17,Instagram,East,17237,120161,19509,2194,1935108,16.23571707958489,11.2460915474909
2025-12-18,Email,East,8229,364878,12211,137,40552,3.3465980409890426,1.121939235115879
2025-12-18,Instagram,East,43357,353514,19153,1415,519305,5.417890097704758,7.387876572860648
2025-12-18,Google Ads,East,17506,280238,17107,2831,603003,6.104454071182352,16.548781200678082
2025-12-19,YouTube,South,32491,260772,1241,217,154504,0.4758946512662402,17.485898468976632
2025-12-19,Facebook,West,38585,48541,2450,802,640798,5.047279619290909,32.73469387755102
2025-12-19,Google Ads,East,14076,324437,14290,2234,1945814,4.4045531181708615,15.633310006997899
2025-12-19,Email,North,42390,495942,19279,788,323080,3.887349730412024,4.087348928886353
2025-12-20,Email,East,13159,67570,19719,1071,929628,29.183069409501254,5.431309904153355
2025-12-21,Instagram,North,46393,402041,5329,1881,553014,1.3254867040923686,35.29742916119347
2025-12-21,YouTube,East,11058,192556,11808,855,337725,6.132242049066246,7.240853658536585
2025-12-21,Google Ads,North,10887,470303,19318,1500,1021500,4.107564697652364,7.764778962625531
2025-12-21,Instagram,East,11426,96311,7688,2845,2213410,7.982473445400837,37.005723204994794
2025-12-21,Facebook,South,10934,484115,1082,536,158120,0.2235006145234087,49.53789279112754
2025-12-23,Facebook,North,37251,317966,11172,2450,516950,3.513583213299535,21.929824561403507
2025-12-23,Email,North,23642,462667,6509,1192,1181272,1.4068433668275455,18.313104931633124
2025-12-23,Instagram,West,28909,204351,13980,2410,1605060,6.841170339269198,17.238912732474965
2025-12-24,Google Ads,East,20429,153354,2136,2950,1067900,1.3928557455299502,138.10861423220976
2025-12-24,Email,North,33944,246185,6682,60,29040,2.7142189816601334,0.8979347500748278
2025-12-25,Google Ads,West,22458,475231,9947,442,288184,2.0930873617251398,4.443550819342516
2025-12-26,Email,West,44308,46409,18822,94,23218,40.55678855394428,0.49941557751567317
2025-12-26,Email,North,43509,399049,9181,2592,2242080,2.300719961708963,28.23221871255854
2025-12-26,YouTube,South,24462,404643,15355,182,128310,3.794702985100447,1.185281667209378
2025-12-27,Instagram,West,16327,147631,1717,1908,728856,1.1630348639513381,111.12405358182878
2025-12-27,Facebook,East,43289,365232,10760,1383,373410,2.946072633285145,12.853159851301116
2025-12-27,Google Ads,North,30492,489609,17922,2355,1304670,3.66047192759937,13.140274522932707
2025-12-27,Google Ads,North,36734,56172,16068,1561,1084895,28.604998931852165,9.71496141399054
2025-12-28,Email,North,25765,494157,4514,1719,679005,0.9134748672992592,38.081524147097916
2025-12-28,Facebook,South,32598,148178,4375,1184,846560,2.952530065191864,27.062857142857144
2025-12-29,Instagram,North,32365,240849,11590,1084,239564,4.812143708298561,9.352890422778257
2025-12-29,Google Ads,West,18087,203291,17090,1109,638784,8.406668273558592,6.489174956114686
2025-12-29,YouTube,West,31118,171514,7705,1489,489881,4.492344648250288,19.325113562621674
2025-12-30,Instagram,East,26017,409743,11703,881,662512,2.856180581486444,7.527984277535675
2025-12-30,Google Ads,South,18673,283838,13458,108,79056,4.7414370168899165,0.8024966562639322
2025-12-31,Facebook,West,5567,441801,15525,708,271164,3.514025545437878,4.5603864734299515
