Sample_ID,Soil_Texture,pH_Level,Organic_Matter_Percent,Nitrogen_Content_ppm,Phosphorus_Content_ppm,Potassium_Content_ppm,Calcium_Content_ppm,Magnesium_Content_ppm,Sulfur_Content_ppm,Moisture_Content_Percent,Electrical_Conductivity_dS/m,Geographical_Region,Soil_Type
SOIL00001,Sandy,6.4,3.95,33,14,172,346,254,84,26.32,0.15,South,Light Soil
SOIL00002,Loamy,7.85,6.57,6,36,97,521,19,50,11.22,1.22,South,Neutral Soil
SOIL00003,Peaty,4.94,2.96,17,32,74,1164,424,95,8.17,1.36,South,Acidic Soil
SOIL00004,Peaty,8.47,3.76,40,34,152,1874,418,76,12.05,0.81,Central,Alkaline Soil
SOIL00005,Sandy,6.36,1.57,5,11,186,160,193,92,29.19,2.0,North,Light Soil
SOIL00006,Peaty,7.89,9.6,48,24,96,412,238,62,5.97,1.55,East,Neutral Soil
SOIL00007,Sandy,5.69,9.38,37,13,91,1900,86,13,15.46,1.41,North,Light Soil
SOIL00008,Chalky,8.93,8.73,43,19,160,232,136,19,22.04,0.25,East,Light Soil
SOIL00009,Silty,4.75,2.03,28,17,85,1672,14,8,22.37,2.37,Central,Acidic Soil
SOIL00010,Loamy,6.74,4.86,42,10,232,309,378,42,16.54,0.84,Central,Neutral Soil
SOIL00011,Clayey,8.36,5.22,35,5,78,847,73,27,18.23,2.38,West,Alkaline Soil
SOIL00012,Sandy,6.63,6.23,17,9,194,321,57,86,5.3,1.14,West,Light Soil
SOIL00013,Chalky,8.49,0.66,31,22,293,1245,188,23,27.86,2.16,North,Light Soil
SOIL00014,Chalky,8.94,1.52,35,39,154,1218,143,53,22.64,1.77,South,Light Soil
SOIL00015,Clayey,7.33,4.87,20,28,59,435,37,53,24.75,0.36,West,Neutral Soil
SOIL00016,Sandy,4.92,2.1,32,6,217,980,61,31,28.95,1.12,South,Light Soil
SOIL00017,Loamy,5.59,4.24,14,29,93,680,324,56,6.34,1.29,East,Neutral Soil
SOIL00018,Chalky,5.88,1.13,21,27,260,1691,234,52,21.81,1.9,South,Light Soil
SOIL00019,Silty,5.72,5.86,34,32,219,1837,51,27,12.28,1.09,North,Neutral Soil
SOIL00020,Peaty,7.44,2.0,36,8,142,1270,257,33,7.14,1.37,South,Neutral Soil
SOIL00021,Loamy,7.15,5.91,31,23,227,1638,457,87,29.38,0.22,West,Neutral Soil
SOIL00022,Peaty,7.98,1.64,19,19,205,1437,407,15,5.64,2.04,Central,Neutral Soil
SOIL00023,Loamy,8.9,7.0,35,24,51,1073,479,65,10.39,1.7,North,Alkaline Soil
SOIL00024,Silty,6.62,1.98,9,16,107,1183,462,94,7.21,0.63,Central,Neutral Soil
SOIL00025,Loamy,6.58,1.23,10,37,112,1433,50,91,8.14,1.88,North,Neutral Soil
SOIL00026,Silty,7.84,9.7,31,19,251,1047,399,26,14.71,1.43,East,Neutral Soil
SOIL00027,Peaty,7.65,3.04,8,30,229,669,499,43,22.34,0.4,East,Neutral Soil
SOIL00028,Loamy,7.24,2.11,33,33,265,1227,70,97,24.34,0.15,West,Neutral Soil
SOIL00029,Sandy,6.95,2.26,48,11,100,1871,267,32,6.09,1.53,Central,Light Soil
SOIL00030,Clayey,7.47,2.53,23,19,161,1571,372,53,24.52,2.2,East,Neutral Soil
SOIL00031,Clayey,6.2,9.64,46,24,91,428,494,34,13.25,1.14,North,Neutral Soil
SOIL00032,Clayey,6.97,4.24,25,39,69,810,313,41,18.53,1.11,North,Neutral Soil
SOIL00033,Silty,6.09,5.46,31,15,183,1238,292,21,22.67,0.11,West,Neutral Soil
SOIL00034,Sandy,5.8,2.64,26,30,226,1628,222,12,25.38,2.06,East,Light Soil
SOIL00035,Loamy,7.44,5.83,46,10,63,942,242,8,7.06,1.33,South,Neutral Soil
SOIL00036,Clayey,7.08,5.74,48,4,70,441,266,16,10.2,0.71,South,Neutral Soil
SOIL00037,Chalky,4.67,2.46,24,14,131,1219,371,26,25.59,0.25,North,Light Soil
SOIL00038,Peaty,4.84,1.98,49,32,266,1453,338,53,11.8,1.31,East,Acidic Soil
SOIL00039,Clayey,7.59,6.53,5,21,183,1114,408,12,26.31,1.98,West,Neutral Soil
SOIL00040,Sandy,7.91,7.23,29,6,102,1452,338,56,26.28,1.38,West,Light Soil
SOIL00041,Chalky,6.28,6.11,8,32,183,959,311,9,13.53,1.7,South,Light Soil
SOIL00042,Clayey,6.4,4.98,16,24,67,1961,239,61,20.62,0.82,Central,Neutral Soil
SOIL00043,Silty,5.56,1.88,46,36,143,1839,233,9,18.81,2.12,Central,Neutral Soil
SOIL00044,Sandy,6.13,7.35,42,25,276,281,392,10,23.97,1.31,Central,Light Soil
SOIL00045,Clayey,5.83,2.22,25,8,185,1494,280,83,6.09,0.67,Central,Neutral Soil
SOIL00046,Silty,5.87,2.99,11,19,225,232,326,30,7.11,1.89,South,Neutral Soil
SOIL00047,Silty,5.62,1.86,16,12,238,1676,231,10,5.73,0.3,West,Neutral Soil
SOIL00048,Loamy,8.67,2.75,29,27,234,769,340,65,28.76,1.86,West,Alkaline Soil
SOIL00049,Chalky,6.94,4.21,31,33,243,1308,360,66,13.67,1.73,North,Light Soil
SOIL00050,Silty,7.86,3.35,26,29,295,187,141,17,21.63,1.21,West,Neutral Soil
SOIL00051,Clayey,8.57,2.65,12,4,201,1465,220,37,5.8,1.02,West,Alkaline Soil
SOIL00052,Chalky,5.67,3.21,13,15,86,357,88,29,15.34,0.94,East,Light Soil
SOIL00053,Sandy,7.78,7.12,43,3,112,631,21,96,22.59,0.25,Central,Light Soil
SOIL00054,Sandy,7.71,1.57,28,31,223,379,168,92,9.33,2.45,South,Light Soil
SOIL00055,Clayey,7.01,6.75,8,35,122,939,458,54,5.39,1.34,Central,Neutral Soil
SOIL00056,Clayey,8.96,4.29,25,32,115,813,295,60,20.05,0.65,East,Alkaline Soil
SOIL00057,Clayey,4.77,8.69,34,18,62,1828,379,72,7.48,1.14,South,Acidic Soil
SOIL00058,Silty,6.1,9.09,43,34,109,1447,11,88,20.11,1.26,East,Neutral Soil
SOIL00059,Sandy,6.73,6.74,7,36,289,1674,92,76,23.23,0.44,Central,Light Soil
SOIL00060,Chalky,6.96,5.68,19,16,219,693,218,26,11.42,0.57,West,Light Soil
SOIL00061,Sandy,8.46,5.29,15,6,202,573,398,67,19.86,0.11,North,Light Soil
SOIL00062,Peaty,8.12,7.05,46,15,137,931,350,83,20.38,0.16,South,Alkaline Soil
SOIL00063,Peaty,5.71,3.65,14,37,134,1671,359,32,9.04,0.95,South,Neutral Soil
SOIL00064,Chalky,8.72,2.96,28,39,152,682,441,78,23.61,2.0,East,Light Soil
SOIL00065,Loamy,5.12,8.3,8,34,135,1527,229,70,25.93,1.86,Central,Acidic Soil
SOIL00066,Chalky,7.93,1.34,11,25,255,1821,234,35,29.6,1.34,South,Light Soil
SOIL00067,Sandy,7.77,4.03,41,21,279,899,61,61,25.0,1.72,South,Light Soil
SOIL00068,Silty,6.86,6.49,47,5,170,1055,37,32,20.86,0.96,Central,Neutral Soil
SOIL00069,Silty,7.33,3.07,13,23,145,1722,127,36,5.49,0.75,East,Neutral Soil
SOIL00070,Silty,7.93,8.31,28,34,263,308,216,99,9.77,1.56,South,Neutral Soil
SOIL00071,Sandy,5.01,4.03,26,32,205,1067,291,84,18.72,0.9,Central,Light Soil
SOIL00072,Peaty,6.38,8.04,25,9,106,231,153,37,16.27,0.29,Central,Neutral Soil
SOIL00073,Peaty,6.79,3.22,49,37,177,436,163,33,14.57,0.77,North,Neutral Soil
SOIL00074,Silty,5.33,7.37,17,24,173,1961,214,19,22.73,2.28,South,Acidic Soil
SOIL00075,Peaty,6.44,8.8,19,19,181,868,57,7,25.56,0.4,North,Neutral Soil
SOIL00076,Chalky,6.42,3.46,44,7,63,426,474,75,21.78,1.87,East,Light Soil
SOIL00077,Loamy,5.07,4.29,35,23,53,1277,257,93,18.9,1.69,West,Acidic Soil
SOIL00078,Peaty,7.8,8.07,29,3,148,1246,154,39,15.82,1.86,Central,Neutral Soil
SOIL00079,Sandy,7.96,8.24,39,38,188,1723,442,28,28.69,1.97,North,Light Soil
SOIL00080,Sandy,8.9,5.18,45,12,267,247,384,77,19.73,0.81,West,Light Soil
SOIL00081,Loamy,4.71,5.27,46,26,88,483,481,93,29.54,0.11,East,Acidic Soil
SOIL00082,Chalky,8.91,3.89,24,22,241,872,254,20,14.83,1.69,Central,Light Soil
SOIL00083,Loamy,7.61,2.06,22,9,179,646,16,32,18.26,2.01,South,Neutral Soil
SOIL00084,Chalky,6.63,1.49,47,5,227,608,365,68,17.06,0.34,South,Light Soil
SOIL00085,Peaty,8.69,2.77,33,17,134,1662,276,16,9.02,0.97,West,Alkaline Soil
SOIL00086,Silty,5.11,3.99,36,19,92,1372,448,12,16.17,2.32,West,Acidic Soil
SOIL00087,Peaty,6.78,5.26,25,37,271,1816,310,58,18.4,1.58,North,Neutral Soil
SOIL00088,Peaty,7.44,3.45,8,20,247,1952,147,98,10.75,1.2,North,Neutral Soil
SOIL00089,Silty,8.48,7.53,31,39,88,236,454,53,22.41,1.32,North,Alkaline Soil
SOIL00090,Sandy,5.24,7.87,20,8,125,682,187,93,13.35,1.8,Central,Light Soil
SOIL00091,Loamy,8.2,3.08,35,5,158,1285,53,38,25.24,1.37,South,Alkaline Soil
SOIL00092,Chalky,7.07,3.05,11,38,254,476,242,19,29.15,1.16,Central,Light Soil
SOIL00093,Chalky,6.51,2.28,13,5,130,1566,228,47,19.33,0.3,East,Light Soil
SOIL00094,Peaty,7.07,4.92,48,22,52,126,173,88,27.43,0.62,North,Neutral Soil
SOIL00095,Clayey,8.4,5.57,11,33,125,1141,421,38,17.92,0.83,Central,Alkaline Soil
SOIL00096,Clayey,8.34,6.93,40,14,206,683,322,29,26.5,1.62,West,Alkaline Soil
SOIL00097,Clayey,5.93,6.76,18,27,55,666,364,98,23.1,1.13,South,Neutral Soil
SOIL00098,Silty,5.85,1.3,48,9,133,186,175,6,22.19,2.17,East,Neutral Soil
SOIL00099,Loamy,7.45,6.9,46,18,249,293,127,77,5.84,2.45,West,Neutral Soil
SOIL00100,Sandy,8.84,6.8,20,34,168,352,72,63,29.52,1.83,West,Light Soil
SOIL00101,Clayey,4.92,0.84,9,6,74,1587,408,23,14.16,0.23,West,Acidic Soil
SOIL00102,Silty,8.45,2.99,11,15,212,920,388,93,22.78,0.72,Central,Alkaline Soil
SOIL00103,Sandy,7.95,2.87,43,15,55,1264,37,40,14.56,1.08,Central,Light Soil
SOIL00104,Clayey,8.87,1.24,28,29,55,504,79,21,22.05,2.49,South,Alkaline Soil
SOIL00105,Silty,7.54,7.34,28,6,193,1259,430,26,10.86,2.25,North,Neutral Soil
SOIL00106,Silty,8.79,5.31,16,28,266,830,476,21,22.52,1.28,East,Alkaline Soil
SOIL00107,Chalky,7.97,9.09,7,22,298,1052,210,64,28.38,0.77,West,Light Soil
SOIL00108,Silty,5.77,7.51,34,19,215,1218,72,62,20.36,0.89,East,Neutral Soil
SOIL00109,Sandy,8.31,3.08,44,24,139,467,451,58,5.23,1.57,South,Light Soil
SOIL00110,Silty,6.39,4.37,43,37,256,351,276,17,25.93,0.4,South,Neutral Soil
SOIL00111,Peaty,5.87,6.45,14,31,166,363,225,5,25.51,1.93,West,Neutral Soil
SOIL00112,Sandy,8.4,9.21,28,29,68,1238,430,98,16.41,2.05,North,Light Soil
SOIL00113,Sandy,7.09,6.62,11,34,288,1312,447,60,29.67,0.61,South,Light Soil
SOIL00114,Loamy,5.24,2.32,28,4,196,1319,455,7,26.85,0.65,Central,Acidic Soil
SOIL00115,Chalky,8.45,2.27,45,4,252,868,418,22,19.76,0.5,Central,Light Soil
SOIL00116,Loamy,6.59,6.98,42,6,273,303,446,61,10.47,0.21,West,Neutral Soil
SOIL00117,Peaty,8.42,1.84,43,20,179,1777,409,11,11.61,1.29,Central,Alkaline Soil
SOIL00118,Sandy,7.06,6.29,45,27,186,1912,209,52,16.05,0.63,South,Light Soil
SOIL00119,Clayey,5.09,2.47,16,25,147,225,493,35,24.61,1.17,East,Acidic Soil
SOIL00120,Silty,6.99,8.95,22,39,223,274,110,51,11.71,1.07,West,Neutral Soil
SOIL00121,Sandy,4.53,5.84,48,29,283,1902,373,85,25.76,1.54,Central,Light Soil
SOIL00122,Clayey,6.46,1.9,27,36,104,180,393,23,9.34,1.77,Central,Neutral Soil
SOIL00123,Silty,8.8,6.41,43,22,194,802,238,12,15.68,1.25,West,Alkaline Soil
SOIL00124,Loamy,6.58,2.47,19,35,206,1269,237,70,21.14,0.88,South,Neutral Soil
SOIL00125,Clayey,7.31,6.51,14,15,150,407,60,71,14.98,1.69,Central,Neutral Soil
SOIL00126,Sandy,5.33,2.78,38,4,194,1567,414,88,8.19,1.09,South,Light Soil
SOIL00127,Sandy,7.68,3.42,26,31,232,570,261,83,25.15,0.99,West,Light Soil
SOIL00128,Silty,7.32,7.39,24,33,225,186,332,72,29.17,1.87,South,Neutral Soil
SOIL00129,Peaty,5.64,7.59,10,27,91,1508,180,40,23.14,1.51,Central,Neutral Soil
SOIL00130,Chalky,4.96,5.44,42,37,245,1221,174,88,5.49,1.62,West,Light Soil
SOIL00131,Clayey,4.54,1.1,13,15,110,1571,459,84,9.15,0.44,North,Acidic Soil
SOIL00132,Sandy,6.81,8.54,37,25,134,260,148,20,19.45,1.56,North,Light Soil
SOIL00133,Loamy,5.94,5.61,39,28,182,984,383,74,20.45,0.1,East,Neutral Soil
SOIL00134,Clayey,8.2,4.72,36,27,116,1032,229,80,8.22,2.11,East,Alkaline Soil
SOIL00135,Loamy,6.24,1.61,42,26,189,483,257,32,11.73,1.16,North,Neutral Soil
SOIL00136,Sandy,5.51,1.97,49,20,213,1132,137,5,17.28,1.37,South,Light Soil
SOIL00137,Chalky,5.54,9.35,39,6,69,1050,373,35,6.91,0.67,South,Light Soil
SOIL00138,Loamy,8.45,8.58,36,11,98,463,47,51,26.84,0.63,Central,Alkaline Soil
SOIL00139,Peaty,5.68,8.8,42,32,234,1072,297,75,14.52,0.11,South,Neutral Soil
SOIL00140,Peaty,4.79,3.23,24,19,83,1182,399,80,5.63,0.1,East,Acidic Soil
SOIL00141,Clayey,7.23,7.18,43,7,131,1431,277,91,25.37,1.61,West,Neutral Soil
SOIL00142,Chalky,7.33,3.95,6,7,263,860,273,27,12.73,0.87,North,Light Soil
SOIL00143,Clayey,5.13,9.08,14,24,192,824,326,96,18.19,0.53,Central,Acidic Soil
SOIL00144,Clayey,7.8,6.76,33,24,55,603,165,71,18.65,0.96,West,Neutral Soil
SOIL00145,Peaty,8.28,9.71,26,28,162,1004,258,13,19.41,0.98,South,Alkaline Soil
SOIL00146,Silty,6.09,5.26,46,5,158,1726,268,98,27.71,0.59,Central,Neutral Soil
SOIL00147,Peaty,7.28,0.98,19,13,206,1124,309,85,17.0,1.94,East,Neutral Soil
SOIL00148,Clayey,8.82,9.89,49,9,201,1592,413,42,10.14,1.3,South,Alkaline Soil
SOIL00149,Loamy,7.5,3.85,36,11,287,1527,26,33,20.47,0.72,North,Neutral Soil
SOIL00150,Chalky,5.13,3.01,32,33,276,709,18,92,5.6,1.72,North,Light Soil
SOIL00151,Chalky,7.68,2.27,11,32,229,400,493,36,9.65,1.45,East,Light Soil
SOIL00152,Silty,6.09,9.77,12,10,159,194,236,53,22.35,0.85,East,Neutral Soil
SOIL00153,Loamy,4.82,8.79,49,15,66,1549,120,74,27.9,0.5,East,Acidic Soil
SOIL00154,Loamy,7.21,7.86,13,20,155,192,376,51,6.18,2.27,West,Neutral Soil
SOIL00155,Clayey,5.98,3.92,5,9,188,874,182,27,8.75,1.39,North,Neutral Soil
SOIL00156,Loamy,6.26,3.32,17,21,94,612,184,11,13.84,0.64,East,Neutral Soil
SOIL00157,Chalky,7.7,6.48,7,35,90,858,440,18,29.54,1.47,North,Light Soil
SOIL00158,Loamy,6.21,2.63,16,32,286,535,156,43,8.43,0.87,North,Neutral Soil
SOIL00159,Clayey,6.59,7.05,30,4,127,559,319,13,17.77,1.01,South,Neutral Soil
SOIL00160,Sandy,6.18,1.34,5,11,158,541,414,68,21.42,2.32,Central,Light Soil
SOIL00161,Sandy,8.77,7.82,8,36,237,1944,221,88,11.15,2.38,Central,Light Soil
SOIL00162,Peaty,4.58,4.47,23,15,181,521,416,55,14.54,1.14,West,Acidic Soil
SOIL00163,Silty,8.18,6.22,27,4,263,1405,385,27,17.33,1.41,East,Alkaline Soil
SOIL00164,Peaty,5.7,8.65,46,21,96,1513,198,34,22.48,0.89,Central,Neutral Soil
SOIL00165,Silty,8.07,7.88,22,14,140,1489,246,71,26.97,2.28,South,Alkaline Soil
SOIL00166,Loamy,7.9,4.25,25,13,102,1171,447,61,22.65,1.51,West,Neutral Soil
SOIL00167,Loamy,8.19,4.44,17,25,243,1710,173,68,15.36,1.03,West,Alkaline Soil
SOIL00168,Clayey,6.51,5.39,33,38,181,1936,211,33,20.56,1.25,West,Neutral Soil
SOIL00169,Clayey,7.13,1.27,21,8,288,1614,327,79,14.87,1.94,East,Neutral Soil
SOIL00170,Peaty,7.71,0.51,38,4,53,1441,260,57,18.26,2.33,North,Neutral Soil
SOIL00171,Chalky,7.76,3.22,17,31,132,1724,356,27,9.5,2.47,West,Light Soil
SOIL00172,Chalky,6.21,1.03,31,33,157,903,405,45,6.77,1.5,South,Light Soil
SOIL00173,Silty,7.62,8.13,25,21,276,1351,175,74,18.96,1.75,North,Neutral Soil
SOIL00174,Silty,8.31,9.31,25,25,223,1817,312,18,21.65,1.37,North,Alkaline Soil
SOIL00175,Loamy,4.91,9.09,47,14,63,1873,397,17,17.56,1.62,East,Acidic Soil
SOIL00176,Loamy,5.42,1.64,28,25,154,1659,292,47,26.32,1.05,East,Acidic Soil
SOIL00177,Peaty,8.92,6.1,45,30,201,1471,165,6,23.37,2.04,North,Alkaline Soil
SOIL00178,Peaty,8.35,8.67,23,18,135,795,138,79,18.89,1.94,East,Alkaline Soil
SOIL00179,Peaty,6.78,7.71,20,3,298,1561,467,74,26.14,2.49,South,Neutral Soil
SOIL00180,Clayey,4.84,9.01,22,33,165,280,372,69,14.87,1.61,West,Acidic Soil
SOIL00181,Silty,8.27,5.43,20,8,186,1140,374,40,11.03,1.6,South,Alkaline Soil
SOIL00182,Peaty,4.87,6.17,6,34,87,536,112,87,29.62,1.92,East,Acidic Soil
SOIL00183,Sandy,5.84,8.65,42,18,153,474,48,39,24.62,0.12,North,Light Soil
SOIL00184,Sandy,8.01,1.5,28,25,271,116,391,72,5.47,2.0,West,Light Soil
SOIL00185,Loamy,7.78,4.52,16,9,124,1054,158,48,21.83,0.81,West,Neutral Soil
SOIL00186,Clayey,5.11,3.3,37,23,283,509,455,10,18.42,0.89,South,Acidic Soil
SOIL00187,Peaty,7.95,2.98,46,23,82,1149,27,88,21.89,1.9,West,Neutral Soil
SOIL00188,Peaty,8.32,4.08,45,22,69,722,251,33,17.41,0.34,North,Alkaline Soil
SOIL00189,Clayey,7.81,7.67,35,16,285,1995,30,23,6.77,1.96,North,Neutral Soil
SOIL00190,Chalky,5.01,9.5,36,18,107,728,419,68,18.76,1.59,North,Light Soil
SOIL00191,Sandy,6.61,8.6,23,25,188,140,139,81,21.35,2.49,North,Light Soil
SOIL00192,Chalky,6.12,2.04,38,25,281,1934,80,31,13.43,2.07,East,Light Soil
SOIL00193,Peaty,5.84,6.9,29,19,250,1967,194,52,26.37,0.3,Central,Neutral Soil
SOIL00194,Loamy,4.52,0.99,9,33,282,944,195,26,8.85,1.58,South,Acidic Soil
SOIL00195,Silty,8.42,8.34,38,8,270,734,476,30,14.44,1.16,South,Alkaline Soil
SOIL00196,Peaty,8.47,6.96,12,35,102,970,96,97,11.5,2.15,West,Alkaline Soil
SOIL00197,Clayey,6.06,1.51,35,31,76,225,72,47,28.58,0.24,West,Neutral Soil
SOIL00198,Peaty,6.55,3.6,22,21,53,479,105,69,18.59,1.58,North,Neutral Soil
SOIL00199,Clayey,5.29,4.84,42,10,234,1542,480,47,29.68,1.18,Central,Acidic Soil
SOIL00200,Silty,6.51,9.04,46,7,126,931,76,14,14.04,0.61,South,Neutral Soil
SOIL00201,Silty,6.7,8.12,22,39,138,1044,267,53,7.47,1.3,South,Neutral Soil
SOIL00202,Peaty,5.6,8.52,38,13,273,1974,427,79,14.82,0.78,East,Neutral Soil
SOIL00203,Loamy,7.65,3.98,44,21,291,342,372,50,6.21,0.79,Central,Neutral Soil
SOIL00204,Sandy,6.21,5.58,26,19,210,529,367,69,9.6,1.49,South,Light Soil
SOIL00205,Peaty,6.47,5.92,42,32,244,1636,200,28,9.05,1.86,East,Neutral Soil
SOIL00206,Peaty,5.3,2.58,44,8,117,1846,305,69,17.33,1.27,East,Acidic Soil
SOIL00207,Chalky,4.86,2.45,47,29,69,369,279,31,22.22,1.77,Central,Light Soil
SOIL00208,Peaty,8.9,4.63,42,15,101,1078,334,10,24.34,2.41,Central,Alkaline Soil
SOIL00209,Sandy,7.65,4.98,44,35,292,520,83,7,22.05,0.33,East,Light Soil
SOIL00210,Sandy,7.6,5.57,37,31,286,1083,136,15,13.67,0.37,North,Light Soil
SOIL00211,Chalky,7.47,3.71,14,22,268,1593,346,29,5.76,0.24,West,Light Soil
SOIL00212,Sandy,6.87,5.38,32,29,164,880,84,27,22.05,1.12,West,Light Soil
SOIL00213,Silty,8.18,1.93,36,18,89,1985,69,81,10.12,0.87,Central,Alkaline Soil
SOIL00214,Peaty,8.99,9.31,22,11,196,813,351,53,25.36,1.59,South,Alkaline Soil
SOIL00215,Peaty,8.02,4.51,19,35,244,523,295,44,8.56,0.37,East,Alkaline Soil
SOIL00216,Clayey,7.26,6.59,46,8,279,440,360,73,29.0,0.61,Central,Neutral Soil
SOIL00217,Sandy,4.68,2.03,19,5,216,330,224,95,21.53,0.95,North,Light Soil
SOIL00218,Peaty,7.53,7.54,18,36,116,1669,129,85,27.71,2.19,West,Neutral Soil
SOIL00219,Chalky,4.64,0.85,20,20,285,1342,242,53,12.05,1.96,North,Light Soil
SOIL00220,Loamy,8.23,8.61,19,33,75,1218,319,38,19.71,1.01,South,Alkaline Soil
SOIL00221,Clayey,5.7,2.96,28,30,173,1019,180,45,26.45,1.76,West,Neutral Soil
SOIL00222,Loamy,6.31,3.86,22,8,216,1183,477,67,9.61,2.12,South,Neutral Soil
SOIL00223,Clayey,7.84,4.96,34,7,82,1939,226,72,27.5,1.35,West,Neutral Soil
SOIL00224,Silty,6.74,3.79,11,23,74,1389,171,81,11.07,0.4,Central,Neutral Soil
SOIL00225,Sandy,4.91,9.81,21,34,212,195,193,46,15.02,1.22,North,Light Soil
SOIL00226,Loamy,6.13,5.18,15,29,133,1901,225,7,21.33,1.89,North,Neutral Soil
SOIL00227,Sandy,7.48,9.63,10,27,291,114,140,59,9.3,0.16,West,Light Soil
SOIL00228,Peaty,8.69,2.35,14,38,254,333,332,28,13.46,0.18,East,Alkaline Soil
SOIL00229,Clayey,7.04,1.69,6,19,288,1135,440,10,28.83,0.85,Central,Neutral Soil
SOIL00230,Chalky,6.32,6.6,42,27,52,1605,244,32,22.31,1.43,South,Light Soil
SOIL00231,Loamy,8.64,6.41,43,35,94,773,76,82,19.15,2.23,North,Alkaline Soil
SOIL00232,Silty,8.06,5.82,10,16,135,121,177,40,16.81,1.37,Central,Alkaline Soil
SOIL00233,Chalky,5.05,3.74,8,4,121,1188,364,58,7.38,2.24,North,Light Soil
SOIL00234,Chalky,7.31,0.59,16,19,104,662,333,50,14.55,0.21,South,Light Soil
SOIL00235,Clayey,4.84,9.4,6,8,242,568,281,9,21.06,2.47,East,Acidic Soil
SOIL00236,Chalky,6.13,6.79,32,24,208,630,395,47,5.04,0.4,South,Light Soil
SOIL00237,Chalky,8.29,5.28,11,26,119,277,96,51,22.06,0.75,South,Light Soil
SOIL00238,Sandy,4.69,9.54,13,37,244,542,427,53,9.76,1.29,East,Light Soil
SOIL00239,Clayey,5.84,2.33,36,36,291,947,239,49,15.0,1.61,South,Neutral Soil
SOIL00240,Clayey,4.87,9.79,19,36,269,808,472,34,20.3,0.16,West,Acidic Soil
SOIL00241,Loamy,6.03,4.34,34,36,55,983,171,20,10.15,1.69,East,Neutral Soil
SOIL00242,Chalky,7.86,3.57,38,34,196,1176,162,6,28.48,0.68,South,Light Soil
SOIL00243,Peaty,4.53,7.96,32,12,231,1004,156,24,24.43,0.17,Central,Acidic Soil
SOIL00244,Chalky,4.8,3.33,23,35,140,1857,462,77,21.37,1.92,North,Light Soil
SOIL00245,Loamy,6.58,3.74,8,25,248,369,169,8,9.94,2.08,Central,Neutral Soil
SOIL00246,Sandy,5.59,8.59,15,37,105,1408,14,91,22.28,1.77,Central,Light Soil
SOIL00247,Chalky,7.44,9.24,11,7,231,1370,473,45,19.8,2.08,South,Light Soil
SOIL00248,Clayey,5.48,9.76,25,30,60,822,155,28,27.75,1.46,South,Acidic Soil
SOIL00249,Sandy,7.1,0.76,44,8,287,1380,371,17,7.02,1.89,South,Light Soil
SOIL00250,Chalky,7.13,6.32,21,8,72,1871,127,80,21.18,0.12,West,Light Soil
SOIL00251,Silty,7.46,3.15,44,18,124,1177,208,52,20.37,2.16,West,Neutral Soil
SOIL00252,Sandy,5.89,4.06,25,35,153,1719,403,85,27.6,2.49,West,Light Soil
SOIL00253,Loamy,7.1,4.82,49,11,297,1272,150,5,8.64,1.7,East,Neutral Soil
SOIL00254,Sandy,6.92,2.76,21,31,56,279,449,69,22.53,1.09,Central,Light Soil
SOIL00255,Silty,8.39,3.75,47,17,114,1066,72,37,18.85,0.34,East,Alkaline Soil
SOIL00256,Clayey,7.41,2.32,45,30,72,795,477,73,13.99,1.79,North,Neutral Soil
SOIL00257,Clayey,7.58,6.31,38,8,276,1982,366,20,20.44,1.78,West,Neutral Soil
SOIL00258,Loamy,7.52,6.94,43,4,214,196,36,6,20.24,0.75,East,Neutral Soil
SOIL00259,Chalky,5.46,3.88,13,6,280,1290,482,77,8.39,1.52,North,Light Soil
SOIL00260,Sandy,6.02,1.32,9,16,190,1784,451,32,9.15,1.35,West,Light Soil
SOIL00261,Clayey,4.85,9.28,47,28,76,1492,353,40,28.78,0.84,West,Acidic Soil
SOIL00262,Loamy,7.96,5.59,39,21,179,1185,27,14,20.87,1.43,West,Neutral Soil
SOIL00263,Silty,5.81,8.44,30,17,60,1358,494,22,22.29,2.16,Central,Neutral Soil
SOIL00264,Clayey,4.9,3.3,8,15,92,1599,221,64,10.18,1.91,North,Acidic Soil
SOIL00265,Silty,7.89,9.9,38,15,235,1138,95,31,6.07,1.03,West,Neutral Soil
SOIL00266,Chalky,4.59,7.92,34,33,96,458,496,20,16.95,2.48,East,Light Soil
SOIL00267,Silty,7.42,2.81,19,28,262,869,443,40,16.99,2.15,South,Neutral Soil
SOIL00268,Loamy,8.06,0.94,17,25,195,1048,461,95,25.93,1.89,North,Alkaline Soil
SOIL00269,Sandy,7.17,9.87,25,7,157,385,127,72,25.88,1.52,Central,Light Soil
SOIL00270,Chalky,5.19,3.98,5,5,122,351,400,87,8.45,1.08,West,Light Soil
SOIL00271,Loamy,5.99,7.45,31,6,234,881,274,46,18.43,1.74,West,Neutral Soil
SOIL00272,Sandy,5.97,2.27,17,32,90,1601,153,45,6.48,2.39,Central,Light Soil
SOIL00273,Loamy,6.78,4.87,13,14,233,1325,207,17,18.73,2.25,South,Neutral Soil
SOIL00274,Silty,6.53,1.12,39,13,158,1501,11,17,19.68,2.4,North,Neutral Soil
SOIL00275,Clayey,8.9,9.5,8,10,141,795,78,18,10.66,0.72,East,Alkaline Soil
SOIL00276,Peaty,6.54,8.79,49,12,189,208,379,59,8.69,0.45,East,Neutral Soil
SOIL00277,Chalky,7.35,9.13,9,6,243,1893,416,14,17.53,1.17,South,Light Soil
SOIL00278,Silty,6.73,4.49,14,11,272,605,460,18,22.46,0.5,South,Neutral Soil
SOIL00279,Clayey,8.51,7.28,46,10,176,505,340,64,12.79,1.5,North,Alkaline Soil
SOIL00280,Clayey,8.05,6.12,8,35,63,1880,458,52,24.43,0.79,Central,Alkaline Soil
SOIL00281,Peaty,5.51,4.45,12,19,63,385,129,29,16.04,2.38,North,Neutral Soil
SOIL00282,Peaty,5.77,4.98,15,39,287,1130,482,9,13.95,0.25,North,Neutral Soil
SOIL00283,Sandy,6.26,1.95,19,16,71,1982,483,74,14.11,0.22,East,Light Soil
SOIL00284,Sandy,4.56,5.5,17,29,79,1352,83,39,5.05,0.97,South,Light Soil
SOIL00285,Loamy,6.79,3.03,11,8,200,109,128,91,26.22,2.42,North,Neutral Soil
SOIL00286,Peaty,4.6,0.97,39,21,280,927,346,73,21.74,0.31,North,Acidic Soil
SOIL00287,Clayey,6.96,9.65,20,21,243,558,62,30,17.55,0.5,East,Neutral Soil
SOIL00288,Chalky,7.74,10.0,13,8,225,323,148,24,8.21,2.3,North,Light Soil
SOIL00289,Peaty,5.69,4.1,11,37,252,1006,251,34,24.05,2.42,Central,Neutral Soil
SOIL00290,Peaty,7.17,1.67,44,4,166,629,17,71,13.21,1.6,North,Neutral Soil
SOIL00291,Clayey,5.05,3.62,16,7,99,1218,95,45,14.27,0.99,East,Acidic Soil
SOIL00292,Chalky,7.87,5.0,48,14,281,1030,395,56,19.63,0.76,East,Light Soil
SOIL00293,Loamy,8.18,8.86,7,12,79,678,384,95,16.76,0.45,Central,Alkaline Soil
SOIL00294,Peaty,8.41,3.49,16,12,258,1907,290,42,8.92,0.68,East,Alkaline Soil
SOIL00295,Loamy,7.63,3.97,5,20,148,1886,175,32,26.73,1.52,North,Neutral Soil
SOIL00296,Chalky,5.48,7.13,40,18,122,946,467,37,9.41,1.28,East,Light Soil
SOIL00297,Clayey,8.22,7.4,34,27,289,481,291,27,22.78,0.34,West,Alkaline Soil
SOIL00298,Sandy,6.34,2.17,27,19,239,1462,173,14,5.26,2.37,East,Light Soil
SOIL00299,Sandy,6.93,6.48,46,17,111,371,76,14,19.02,1.95,West,Light Soil
SOIL00300,Silty,8.58,9.38,37,26,294,1862,322,51,23.57,1.12,South,Alkaline Soil
SOIL00301,Peaty,7.49,7.73,32,5,122,231,487,75,21.96,0.74,East,Neutral Soil
SOIL00302,Sandy,8.24,4.3,9,34,247,582,122,25,15.72,0.43,West,Light Soil
SOIL00303,Silty,6.77,6.01,18,33,261,113,444,14,15.09,1.11,East,Neutral Soil
SOIL00304,Silty,4.99,7.31,12,27,257,460,314,45,10.46,0.28,South,Acidic Soil
SOIL00305,Sandy,6.26,9.37,35,32,135,144,449,86,12.91,1.46,Central,Light Soil
SOIL00306,Chalky,8.58,4.95,33,32,219,1417,293,49,23.19,0.39,East,Light Soil
SOIL00307,Loamy,5.28,3.2,49,28,147,450,142,76,13.33,1.15,West,Acidic Soil
SOIL00308,Peaty,8.56,6.64,22,8,127,341,242,10,16.81,2.18,South,Alkaline Soil
SOIL00309,Peaty,8.44,2.27,24,33,79,1320,282,42,16.84,0.31,West,Alkaline Soil
SOIL00310,Clayey,7.73,7.01,22,7,60,466,42,10,14.58,1.98,Central,Neutral Soil
SOIL00311,Chalky,7.24,7.19,38,28,272,1789,124,51,19.19,1.57,North,Light Soil
SOIL00312,Silty,6.78,3.82,10,29,205,600,297,51,24.61,0.59,North,Neutral Soil
SOIL00313,Peaty,7.05,7.72,46,22,92,1130,427,56,10.06,2.23,North,Neutral Soil
SOIL00314,Sandy,8.53,0.53,5,26,106,593,138,47,12.16,0.88,South,Light Soil
SOIL00315,Chalky,8.72,4.44,13,9,154,1300,386,83,29.98,2.11,North,Light Soil
SOIL00316,Peaty,5.89,0.53,5,30,267,537,54,98,17.8,1.02,South,Neutral Soil
SOIL00317,Sandy,7.55,2.32,13,21,168,993,498,73,8.67,0.45,North,Light Soil
SOIL00318,Silty,6.94,4.53,9,37,117,714,246,33,22.13,0.89,East,Neutral Soil
SOIL00319,Peaty,7.35,7.37,33,23,87,1871,311,64,8.45,2.19,East,Neutral Soil
SOIL00320,Silty,8.82,5.71,10,3,65,900,119,20,13.75,1.06,East,Alkaline Soil
SOIL00321,Sandy,5.74,9.0,41,33,260,1231,315,33,12.22,1.55,South,Light Soil
SOIL00322,Peaty,8.74,7.55,26,33,86,865,308,41,14.96,0.79,West,Alkaline Soil
SOIL00323,Clayey,5.58,9.6,36,14,121,1444,487,23,18.24,2.15,East,Neutral Soil
SOIL00324,Peaty,5.24,3.88,23,10,252,338,374,17,13.19,0.69,East,Acidic Soil
SOIL00325,Sandy,7.24,5.23,24,19,105,506,60,39,7.13,0.36,Central,Light Soil
SOIL00326,Chalky,8.95,2.78,13,14,215,155,480,31,12.64,0.69,East,Light Soil
SOIL00327,Loamy,6.45,6.51,24,13,289,1965,253,58,19.32,1.25,South,Neutral Soil
SOIL00328,Clayey,5.92,5.21,38,6,246,1344,405,96,20.12,0.36,West,Neutral Soil
SOIL00329,Sandy,4.79,9.61,34,11,273,1693,216,15,23.8,1.18,East,Light Soil
SOIL00330,Chalky,8.49,8.35,33,11,209,1058,342,15,9.54,1.7,West,Light Soil
SOIL00331,Sandy,6.16,4.65,44,18,74,1291,348,76,23.7,2.13,West,Light Soil
SOIL00332,Sandy,4.73,9.83,22,31,235,1828,243,66,27.4,2.22,Central,Light Soil
SOIL00333,Loamy,8.32,5.09,12,31,288,163,208,61,12.05,2.27,West,Alkaline Soil
SOIL00334,Sandy,6.05,5.07,44,19,273,1445,330,10,6.48,0.72,South,Light Soil
SOIL00335,Silty,6.13,9.82,23,38,224,1649,295,87,18.89,0.92,South,Neutral Soil
SOIL00336,Sandy,8.66,9.56,9,23,149,1319,130,35,11.36,2.33,South,Light Soil
SOIL00337,Peaty,7.57,7.44,35,29,132,1330,32,23,16.66,2.15,North,Neutral Soil
SOIL00338,Silty,8.56,3.59,38,9,206,225,481,68,21.74,1.43,East,Alkaline Soil
SOIL00339,Chalky,8.2,1.59,6,31,239,623,266,93,22.4,2.4,Central,Light Soil
SOIL00340,Clayey,7.96,5.13,20,27,104,1773,370,47,11.75,1.34,West,Neutral Soil
SOIL00341,Clayey,5.65,5.78,19,35,275,392,33,82,8.86,1.13,South,Neutral Soil
SOIL00342,Peaty,8.53,8.46,35,15,194,1119,127,92,5.12,1.26,East,Alkaline Soil
SOIL00343,Sandy,6.93,5.34,18,26,91,1047,319,61,24.35,2.18,South,Light Soil
SOIL00344,Silty,6.62,6.61,13,21,112,1275,51,99,28.85,0.43,South,Neutral Soil
SOIL00345,Peaty,7.38,1.7,49,15,89,836,265,8,13.55,1.71,East,Neutral Soil
SOIL00346,Peaty,5.24,5.66,17,15,112,1003,357,38,26.5,1.16,East,Acidic Soil
SOIL00347,Peaty,5.6,3.97,45,12,186,254,43,41,16.75,0.41,Central,Neutral Soil
SOIL00348,Chalky,7.91,3.8,14,9,296,753,11,76,21.09,0.31,Central,Light Soil
SOIL00349,Sandy,6.89,3.29,38,3,111,1772,122,59,23.5,1.71,South,Light Soil
SOIL00350,Peaty,8.85,2.42,26,4,255,1061,200,96,17.45,2.46,West,Alkaline Soil
SOIL00351,Clayey,7.4,8.07,6,14,167,1979,294,74,18.23,0.81,South,Neutral Soil
SOIL00352,Clayey,6.47,5.23,23,15,205,1264,65,89,28.47,0.74,South,Neutral Soil
SOIL00353,Clayey,7.51,4.82,30,33,218,1568,419,79,24.33,1.25,West,Neutral Soil
SOIL00354,Chalky,5.67,4.58,40,37,165,893,376,55,5.47,0.26,West,Light Soil
SOIL00355,Loamy,6.71,2.59,29,37,263,380,445,57,6.79,0.42,North,Neutral Soil
SOIL00356,Clayey,7.53,6.36,24,39,252,1560,145,13,28.04,0.22,Central,Neutral Soil
SOIL00357,Chalky,6.12,4.17,37,27,160,1470,167,80,24.64,2.24,North,Light Soil
SOIL00358,Silty,7.8,1.79,39,4,238,696,211,15,19.08,0.67,East,Neutral Soil
SOIL00359,Loamy,8.0,5.32,46,39,242,262,25,15,21.46,1.18,South,Neutral Soil
SOIL00360,Clayey,5.54,8.62,15,34,73,1495,357,10,10.55,0.12,West,Neutral Soil
SOIL00361,Sandy,6.81,3.51,18,3,104,733,419,21,7.03,0.69,Central,Light Soil
SOIL00362,Silty,8.97,0.91,17,7,199,951,83,90,26.15,1.21,Central,Alkaline Soil
SOIL00363,Chalky,6.92,2.96,15,24,140,1368,468,66,18.08,2.41,North,Light Soil
SOIL00364,Chalky,5.22,9.2,31,10,62,1229,61,82,18.02,0.36,North,Light Soil
SOIL00365,Clayey,6.76,6.79,33,18,121,963,187,31,6.32,0.83,South,Neutral Soil
SOIL00366,Sandy,7.19,3.04,16,19,186,1442,396,66,25.9,1.1,North,Light Soil
SOIL00367,Silty,5.84,4.98,18,30,214,1871,112,88,28.6,1.97,West,Neutral Soil
SOIL00368,Loamy,7.13,4.55,12,7,226,1743,290,93,23.77,2.22,North,Neutral Soil
SOIL00369,Loamy,7.04,2.9,34,30,163,1281,314,71,7.61,1.77,East,Neutral Soil
SOIL00370,Loamy,5.34,9.07,11,33,199,1039,457,58,27.79,0.91,West,Acidic Soil
SOIL00371,Sandy,5.1,2.36,8,26,243,678,453,75,13.39,1.06,West,Light Soil
SOIL00372,Clayey,7.96,5.39,44,8,167,1230,266,66,13.52,2.07,North,Neutral Soil
SOIL00373,Peaty,7.83,1.22,8,29,167,965,207,94,20.19,1.66,North,Neutral Soil
SOIL00374,Peaty,5.56,6.4,14,12,181,797,54,69,13.29,2.08,South,Neutral Soil
SOIL00375,Chalky,7.27,9.35,44,30,53,1248,380,73,20.19,1.94,North,Light Soil
SOIL00376,Sandy,7.43,9.52,31,33,110,438,74,41,28.43,1.06,Central,Light Soil
SOIL00377,Sandy,6.75,4.64,17,18,182,1663,82,84,9.66,0.45,Central,Light Soil
SOIL00378,Chalky,7.48,6.92,46,7,135,307,421,30,27.52,0.29,North,Light Soil
SOIL00379,Loamy,6.6,0.61,32,38,242,1629,370,64,14.52,1.85,Central,Neutral Soil
SOIL00380,Loamy,6.26,2.91,21,29,170,1763,441,33,13.03,1.83,North,Neutral Soil
SOIL00381,Peaty,7.29,0.59,5,31,114,1848,398,23,24.17,1.18,South,Neutral Soil
SOIL00382,Chalky,7.81,9.37,28,7,112,849,347,30,15.51,1.81,West,Light Soil
SOIL00383,Loamy,4.82,7.2,33,25,194,1899,137,52,14.44,0.66,North,Acidic Soil
SOIL00384,Chalky,6.62,2.32,37,17,90,1687,385,53,11.42,1.32,Central,Light Soil
SOIL00385,Silty,7.69,6.68,43,5,299,1486,230,70,20.64,2.23,West,Neutral Soil
SOIL00386,Chalky,7.69,4.62,12,6,103,1900,298,24,7.47,1.91,North,Light Soil
SOIL00387,Peaty,7.7,6.53,40,15,148,1741,437,14,17.98,1.97,South,Neutral Soil
SOIL00388,Sandy,8.79,1.12,11,8,191,176,133,38,5.2,2.36,East,Light Soil
SOIL00389,Silty,8.75,9.79,31,29,168,1809,17,80,8.57,0.27,Central,Alkaline Soil
SOIL00390,Peaty,5.75,2.55,29,4,212,1818,135,84,24.49,0.51,West,Neutral Soil
SOIL00391,Chalky,6.11,1.28,36,4,214,442,328,6,20.06,1.75,Central,Light Soil
SOIL00392,Silty,7.92,4.52,33,36,66,516,303,66,11.55,2.41,East,Neutral Soil
SOIL00393,Clayey,4.5,9.0,44,10,220,385,98,93,16.28,2.28,South,Acidic Soil
SOIL00394,Chalky,4.53,4.01,47,18,239,1353,180,16,7.27,0.37,West,Light Soil
SOIL00395,Sandy,4.57,3.8,27,14,205,1903,384,50,10.57,2.42,South,Light Soil
SOIL00396,Sandy,5.96,1.45,19,14,273,1391,315,22,16.98,0.98,West,Light Soil
SOIL00397,Peaty,8.52,2.41,14,12,257,918,418,88,15.53,0.61,North,Alkaline Soil
SOIL00398,Loamy,8.06,1.6,49,37,294,1788,353,42,8.16,0.45,West,Alkaline Soil
SOIL00399,Chalky,6.54,9.07,25,18,229,1904,84,57,21.77,1.08,South,Light Soil
SOIL00400,Loamy,7.92,1.15,32,38,205,1965,130,44,9.01,0.92,South,Neutral Soil
SOIL00401,Silty,7.18,7.32,16,38,54,127,223,93,23.33,1.59,East,Neutral Soil
SOIL00402,Loamy,5.79,9.37,8,15,95,1792,456,44,29.33,0.34,South,Neutral Soil
SOIL00403,Chalky,4.6,3.89,15,31,72,1732,119,91,10.79,0.58,East,Light Soil
SOIL00404,Sandy,8.69,5.44,39,35,207,1765,234,24,11.36,0.74,East,Light Soil
SOIL00405,Loamy,4.63,8.34,37,35,229,552,140,7,19.61,1.92,West,Acidic Soil
SOIL00406,Loamy,7.32,3.81,18,21,98,1521,301,46,5.77,0.76,South,Neutral Soil
SOIL00407,Silty,6.19,2.84,49,10,250,1401,319,78,11.19,0.42,East,Neutral Soil
SOIL00408,Clayey,6.32,6.85,45,29,148,1646,365,46,11.25,2.44,West,Neutral Soil
SOIL00409,Silty,6.91,3.98,39,4,135,883,82,26,16.75,2.26,East,Neutral Soil
SOIL00410,Chalky,6.16,7.43,31,28,217,1758,59,33,18.38,1.97,Central,Light Soil
SOIL00411,Chalky,6.68,3.65,40,14,85,1751,247,49,5.69,0.38,North,Light Soil
SOIL00412,Sandy,4.94,8.79,7,9,293,1393,197,76,27.86,1.13,East,Light Soil
SOIL00413,Sandy,8.04,2.58,24,5,123,577,266,64,11.38,0.42,West,Light Soil
SOIL00414,Silty,8.85,4.13,26,19,259,1919,314,58,23.0,2.47,North,Alkaline Soil
SOIL00415,Sandy,6.6,1.99,14,28,61,1204,315,64,12.06,2.28,Central,Light Soil
SOIL00416,Silty,7.13,4.73,10,9,195,833,100,35,12.07,1.16,East,Neutral Soil
SOIL00417,Peaty,6.59,8.85,20,31,136,1074,355,21,28.25,0.12,East,Neutral Soil
SOIL00418,Peaty,6.5,8.64,21,25,170,697,159,24,11.86,0.37,Central,Neutral Soil
SOIL00419,Chalky,4.93,5.1,33,6,199,274,433,46,27.1,0.21,West,Light Soil
SOIL00420,Clayey,8.82,4.3,14,24,187,1678,375,60,24.1,1.6,Central,Alkaline Soil
SOIL00421,Peaty,4.54,3.82,14,33,74,879,239,63,8.25,1.31,South,Acidic Soil
SOIL00422,Chalky,4.7,4.21,36,30,116,925,351,29,21.34,1.43,West,Light Soil
SOIL00423,Sandy,4.68,3.82,29,36,205,146,430,10,15.08,0.69,South,Light Soil
SOIL00424,Peaty,7.54,1.28,17,16,200,1187,310,16,8.58,1.42,South,Neutral Soil
SOIL00425,Sandy,6.07,3.25,30,39,128,290,347,10,22.62,1.7,Central,Light Soil
SOIL00426,Sandy,5.81,1.52,35,25,283,1635,107,68,10.69,0.81,South,Light Soil
SOIL00427,Chalky,4.61,3.89,37,3,240,871,449,40,9.9,0.43,North,Light Soil
SOIL00428,Silty,7.63,7.79,19,37,217,398,279,21,18.41,0.84,Central,Neutral Soil
SOIL00429,Sandy,8.61,7.21,49,8,119,1833,330,41,11.23,0.36,West,Light Soil
SOIL00430,Chalky,5.39,1.94,37,22,98,1815,310,71,16.67,0.19,West,Light Soil
SOIL00431,Chalky,6.27,3.8,45,34,123,133,276,12,5.93,2.33,North,Light Soil
SOIL00432,Silty,5.07,6.18,25,36,271,814,319,9,27.06,1.23,South,Acidic Soil
SOIL00433,Peaty,7.58,2.89,11,23,173,1357,219,66,19.25,0.79,East,Neutral Soil
SOIL00434,Peaty,7.45,1.54,44,31,281,684,217,46,21.64,1.03,West,Neutral Soil
SOIL00435,Sandy,8.12,1.1,25,28,236,554,398,33,6.81,2.03,North,Light Soil
SOIL00436,Peaty,7.99,1.43,33,6,209,1760,143,29,25.38,1.11,East,Neutral Soil
SOIL00437,Silty,8.16,3.38,27,12,228,419,274,49,22.99,0.9,South,Alkaline Soil
SOIL00438,Peaty,8.57,0.7,8,24,67,1989,363,42,8.69,1.38,North,Alkaline Soil
SOIL00439,Loamy,7.27,7.32,38,8,293,583,354,57,17.34,1.8,East,Neutral Soil
SOIL00440,Peaty,6.93,2.18,35,23,137,1393,13,78,12.82,2.08,Central,Neutral Soil
SOIL00441,Peaty,8.13,5.28,17,27,256,715,416,99,28.71,1.17,West,Alkaline Soil
SOIL00442,Sandy,5.33,9.24,28,24,78,570,43,18,28.94,1.76,East,Light Soil
SOIL00443,Sandy,8.54,3.06,13,12,135,1627,154,46,14.26,1.28,South,Light Soil
SOIL00444,Peaty,7.18,4.54,6,35,246,1880,385,98,24.98,2.2,East,Neutral Soil
SOIL00445,Sandy,6.93,2.95,46,34,237,920,231,16,24.48,0.75,South,Light Soil
SOIL00446,Peaty,5.86,3.42,41,29,239,357,214,63,7.46,0.32,South,Neutral Soil
SOIL00447,Chalky,5.82,6.93,48,38,268,133,140,36,15.14,1.98,South,Light Soil
SOIL00448,Silty,4.91,0.84,45,38,119,965,460,32,28.62,0.18,South,Acidic Soil
SOIL00449,Peaty,5.45,3.02,9,31,124,963,263,83,21.08,1.34,West,Acidic Soil
SOIL00450,Sandy,8.63,9.72,26,34,162,549,421,73,7.25,1.06,West,Light Soil
SOIL00451,Sandy,6.53,3.28,37,21,248,1861,368,29,21.13,2.34,South,Light Soil
SOIL00452,Peaty,7.7,5.96,19,13,257,1651,311,98,17.54,2.49,East,Neutral Soil
SOIL00453,Sandy,5.56,8.95,9,19,227,1526,167,95,29.21,1.97,South,Light Soil
SOIL00454,Loamy,7.51,5.97,44,28,125,947,394,67,5.07,0.36,East,Neutral Soil
SOIL00455,Silty,5.38,4.4,43,11,236,307,326,13,17.99,1.75,Central,Acidic Soil
SOIL00456,Clayey,8.3,3.28,10,32,246,674,374,69,7.69,1.03,Central,Alkaline Soil
SOIL00457,Chalky,8.85,9.41,44,5,106,1319,478,76,29.26,0.19,East,Light Soil
SOIL00458,Chalky,6.09,5.14,24,7,87,1476,181,94,11.2,1.91,West,Light Soil
SOIL00459,Sandy,4.64,7.77,47,13,272,1065,408,44,7.27,1.28,West,Light Soil
SOIL00460,Clayey,7.13,5.93,21,19,228,395,396,35,15.97,1.4,Central,Neutral Soil
SOIL00461,Sandy,7.41,5.47,23,35,154,1139,199,59,29.8,1.46,South,Light Soil
SOIL00462,Chalky,8.47,5.4,16,9,215,300,193,88,13.13,0.24,East,Light Soil
SOIL00463,Chalky,5.71,5.7,26,21,143,1956,153,28,7.87,0.63,South,Light Soil
SOIL00464,Sandy,8.79,3.83,9,7,192,206,208,42,7.13,1.51,North,Light Soil
SOIL00465,Peaty,7.9,9.25,24,36,74,564,252,94,10.07,2.0,Central,Neutral Soil
SOIL00466,Chalky,6.77,8.53,30,37,104,687,127,10,5.76,1.93,Central,Light Soil
SOIL00467,Loamy,5.54,5.6,25,10,100,226,178,35,8.21,0.43,South,Neutral Soil
SOIL00468,Sandy,5.97,4.29,21,22,298,1761,57,59,29.52,0.53,Central,Light Soil
SOIL00469,Clayey,8.53,7.19,42,14,221,742,103,82,11.97,0.36,South,Alkaline Soil
SOIL00470,Peaty,6.67,8.18,13,32,250,1804,499,24,9.19,1.55,Central,Neutral Soil
SOIL00471,Chalky,6.84,9.02,34,7,131,1481,142,50,7.92,1.01,East,Light Soil
SOIL00472,Silty,7.57,5.08,18,26,110,1622,52,49,18.32,1.31,West,Neutral Soil
SOIL00473,Chalky,6.49,5.71,38,22,289,758,481,53,24.23,1.25,West,Light Soil
SOIL00474,Sandy,7.9,0.54,24,5,225,1241,71,6,26.79,2.23,Central,Light Soil
SOIL00475,Sandy,6.0,6.1,43,31,60,856,454,94,14.28,0.25,Central,Light Soil
SOIL00476,Silty,5.92,5.52,8,12,88,678,410,61,14.48,2.2,North,Neutral Soil
SOIL00477,Clayey,8.44,6.76,46,35,76,533,231,6,20.69,0.38,West,Alkaline Soil
SOIL00478,Silty,5.9,5.38,19,16,116,1241,129,24,21.22,1.03,Central,Neutral Soil
SOIL00479,Clayey,7.87,5.0,36,38,104,439,151,17,20.87,2.14,North,Neutral Soil
SOIL00480,Sandy,6.59,3.7,14,19,244,813,154,7,10.59,2.33,South,Light Soil
SOIL00481,Sandy,5.95,3.19,31,36,171,1955,463,42,16.4,1.46,East,Light Soil
SOIL00482,Loamy,8.12,0.5,43,16,156,1312,79,19,29.93,0.94,South,Alkaline Soil
SOIL00483,Silty,4.58,2.06,19,34,269,106,340,52,9.31,2.17,North,Acidic Soil
SOIL00484,Chalky,7.74,6.97,42,35,186,969,428,8,7.46,0.67,North,Light Soil
SOIL00485,Chalky,6.0,1.79,45,22,259,863,410,48,15.35,2.1,Central,Light Soil
SOIL00486,Sandy,5.89,9.23,49,12,125,804,121,69,21.44,1.92,North,Light Soil
SOIL00487,Sandy,6.88,3.82,34,15,131,1213,68,99,25.81,1.45,East,Light Soil
SOIL00488,Sandy,7.06,2.14,22,36,205,1969,55,55,28.86,1.7,South,Light Soil
SOIL00489,Clayey,8.4,3.28,7,23,229,1686,25,24,22.87,2.28,South,Alkaline Soil
SOIL00490,Clayey,4.96,3.4,23,38,143,1929,34,90,7.61,1.27,South,Acidic Soil
SOIL00491,Silty,7.91,9.14,9,18,177,621,46,8,27.61,2.44,South,Neutral Soil
SOIL00492,Peaty,8.86,6.44,5,10,146,1094,150,41,10.87,2.27,Central,Alkaline Soil
SOIL00493,Chalky,5.41,6.78,22,9,250,1524,196,46,26.94,1.77,West,Light Soil
SOIL00494,Chalky,6.05,9.34,37,29,296,1210,17,73,10.76,1.13,Central,Light Soil
SOIL00495,Silty,7.15,3.8,28,10,57,1599,404,16,13.56,0.85,East,Neutral Soil
SOIL00496,Peaty,6.84,6.78,16,8,152,1622,79,33,15.11,1.99,East,Neutral Soil
SOIL00497,Clayey,5.46,7.73,11,15,97,1287,497,63,25.4,1.22,East,Acidic Soil
SOIL00498,Chalky,8.38,1.7,44,23,180,1718,283,34,20.95,0.4,South,Light Soil
SOIL00499,Silty,7.88,0.86,32,37,278,581,467,83,19.9,0.39,East,Neutral Soil
SOIL00500,Chalky,7.98,2.79,34,29,69,827,423,76,23.94,0.86,North,Light Soil
SOIL00501,Chalky,6.19,9.72,8,34,206,637,486,29,17.19,1.21,South,Light Soil
SOIL00502,Clayey,5.32,2.12,39,24,70,1428,405,98,22.66,2.03,South,Acidic Soil
SOIL00503,Chalky,8.73,8.68,21,31,94,417,268,19,6.5,0.22,Central,Light Soil
SOIL00504,Sandy,8.27,4.99,14,11,150,1353,486,25,6.65,0.29,West,Light Soil
SOIL00505,Clayey,7.45,7.93,42,17,87,1258,377,74,10.32,1.45,North,Neutral Soil
SOIL00506,Sandy,8.28,3.33,35,27,285,602,330,30,13.0,1.72,Central,Light Soil
SOIL00507,Clayey,7.64,7.73,12,15,100,1188,342,36,21.58,1.84,West,Neutral Soil
SOIL00508,Loamy,8.08,9.46,18,14,129,429,313,74,17.42,2.15,West,Alkaline Soil
SOIL00509,Sandy,5.8,5.64,46,13,233,1529,58,82,15.56,0.7,South,Light Soil
SOIL00510,Silty,8.0,1.25,32,13,243,384,213,76,8.97,1.66,North,Neutral Soil
SOIL00511,Sandy,7.33,6.65,17,31,260,1029,189,66,14.57,2.1,North,Light Soil
SOIL00512,Silty,6.55,2.88,22,3,69,230,81,96,20.32,1.61,North,Neutral Soil
SOIL00513,Loamy,6.06,2.25,37,26,295,1654,101,90,18.79,0.75,East,Neutral Soil
SOIL00514,Peaty,7.13,1.19,12,3,156,782,309,82,22.23,2.13,North,Neutral Soil
SOIL00515,Clayey,7.06,2.85,25,37,246,793,327,57,10.93,0.81,North,Neutral Soil
SOIL00516,Loamy,6.13,7.33,12,23,54,1052,319,20,9.5,1.27,East,Neutral Soil
SOIL00517,Peaty,4.58,9.69,18,36,278,715,27,96,23.83,1.32,West,Acidic Soil
SOIL00518,Silty,6.87,8.06,18,22,277,357,220,34,24.86,1.84,South,Neutral Soil
SOIL00519,Silty,7.64,9.22,40,27,64,302,411,60,26.53,2.19,West,Neutral Soil
SOIL00520,Sandy,8.59,3.92,40,14,91,1790,137,24,14.48,2.42,North,Light Soil
SOIL00521,Sandy,7.1,8.8,46,23,184,872,43,99,29.5,2.08,Central,Light Soil
SOIL00522,Sandy,5.99,1.51,28,38,274,1776,211,71,17.63,1.76,North,Light Soil
SOIL00523,Loamy,6.1,8.73,47,21,163,814,470,22,27.03,0.64,North,Neutral Soil
SOIL00524,Chalky,7.51,0.54,23,5,65,1880,339,93,7.28,2.48,North,Light Soil
SOIL00525,Chalky,6.85,7.75,48,33,71,1145,319,74,18.57,0.47,South,Light Soil
SOIL00526,Silty,6.83,2.89,30,7,260,897,90,49,17.44,0.67,North,Neutral Soil
SOIL00527,Loamy,5.46,9.16,33,9,170,1384,252,10,12.26,2.3,East,Acidic Soil
SOIL00528,Clayey,4.96,7.22,27,36,118,1326,99,18,24.46,1.32,East,Acidic Soil
SOIL00529,Silty,7.46,9.48,48,16,145,1096,241,13,29.5,1.0,South,Neutral Soil
SOIL00530,Peaty,7.65,5.96,35,3,242,871,166,81,21.82,0.21,West,Neutral Soil
SOIL00531,Chalky,6.25,3.13,35,21,142,150,487,82,14.2,2.05,South,Light Soil
SOIL00532,Chalky,8.49,7.19,48,31,269,1882,104,89,12.63,1.54,West,Light Soil
SOIL00533,Loamy,6.33,3.83,48,24,82,438,449,47,14.34,2.4,South,Neutral Soil
SOIL00534,Chalky,6.41,9.02,42,13,280,1652,475,17,13.93,2.4,East,Light Soil
SOIL00535,Chalky,6.08,7.11,21,12,93,1329,15,79,6.67,0.5,South,Light Soil
SOIL00536,Silty,8.13,2.25,34,15,156,1591,158,97,20.67,0.5,North,Alkaline Soil
SOIL00537,Silty,6.35,7.39,16,9,52,1064,114,60,16.96,0.1,North,Neutral Soil
SOIL00538,Clayey,6.12,4.91,46,4,211,1969,58,25,25.78,1.43,South,Neutral Soil
SOIL00539,Loamy,5.6,6.05,24,12,118,1743,409,9,22.56,0.98,West,Neutral Soil
SOIL00540,Loamy,7.6,5.62,21,33,59,723,316,28,29.46,2.0,South,Neutral Soil
SOIL00541,Chalky,6.88,3.04,5,23,71,771,225,17,15.5,1.53,West,Light Soil
SOIL00542,Sandy,7.24,2.05,36,11,284,1672,252,27,9.6,1.7,West,Light Soil
SOIL00543,Sandy,4.63,3.29,46,38,94,1143,94,11,6.61,1.78,Central,Light Soil
SOIL00544,Chalky,6.51,1.76,32,27,255,795,349,29,20.48,1.78,West,Light Soil
SOIL00545,Silty,6.32,1.98,42,34,199,1850,125,81,6.4,0.43,South,Neutral Soil
SOIL00546,Silty,4.74,1.68,6,36,273,1653,356,65,20.19,0.29,North,Acidic Soil
SOIL00547,Clayey,5.64,7.54,29,3,299,446,470,16,29.72,1.69,Central,Neutral Soil
SOIL00548,Chalky,7.66,9.1,20,35,267,487,346,33,9.37,2.31,East,Light Soil
SOIL00549,Sandy,8.45,3.64,32,27,174,1315,198,60,23.35,1.84,West,Light Soil
SOIL00550,Silty,4.62,5.22,20,28,199,1497,349,32,18.97,2.06,West,Acidic Soil
SOIL00551,Chalky,8.96,3.01,48,5,264,875,61,33,16.35,2.1,North,Light Soil
SOIL00552,Peaty,7.1,5.48,18,32,68,879,382,21,13.23,0.34,South,Neutral Soil
SOIL00553,Loamy,6.09,2.35,28,8,153,1407,344,34,15.94,2.18,East,Neutral Soil
SOIL00554,Chalky,8.33,2.59,7,9,106,1662,459,98,15.79,2.11,South,Light Soil
SOIL00555,Silty,5.21,5.2,32,20,195,1359,498,45,24.87,2.44,North,Acidic Soil
SOIL00556,Clayey,8.01,7.81,20,32,277,1150,359,82,8.61,1.68,South,Alkaline Soil
SOIL00557,Loamy,7.73,8.57,30,25,108,1811,259,55,25.85,0.9,Central,Neutral Soil
SOIL00558,Loamy,8.86,9.26,10,10,260,271,418,13,16.57,0.23,Central,Alkaline Soil
SOIL00559,Clayey,6.87,4.39,7,27,103,1046,332,64,6.14,1.03,West,Neutral Soil
SOIL00560,Loamy,5.21,2.99,40,18,236,1985,388,65,12.47,1.88,East,Acidic Soil
SOIL00561,Sandy,5.17,8.35,15,22,283,1455,499,55,10.27,0.33,East,Light Soil
SOIL00562,Clayey,4.53,2.11,46,6,298,177,14,40,6.87,0.93,Central,Acidic Soil
SOIL00563,Silty,6.39,5.09,16,21,58,966,317,34,7.3,1.08,Central,Neutral Soil
SOIL00564,Peaty,8.64,9.42,16,5,197,1730,123,59,25.05,0.65,North,Alkaline Soil
SOIL00565,Loamy,6.83,7.52,45,22,252,559,200,33,24.66,1.28,North,Neutral Soil
SOIL00566,Peaty,6.75,8.07,31,19,179,1807,54,54,16.14,0.47,East,Neutral Soil
SOIL00567,Chalky,4.88,8.32,18,32,65,491,229,12,7.85,2.29,South,Light Soil
SOIL00568,Peaty,7.94,5.76,18,8,113,460,257,79,9.55,0.12,North,Neutral Soil
SOIL00569,Peaty,7.68,1.4,23,6,288,1999,205,27,22.68,1.86,West,Neutral Soil
SOIL00570,Peaty,8.75,0.88,33,5,215,953,446,39,9.25,1.6,West,Alkaline Soil
SOIL00571,Loamy,7.37,4.96,42,31,100,1157,249,38,10.41,0.18,South,Neutral Soil
SOIL00572,Silty,7.72,6.1,44,8,71,1932,303,68,24.68,0.7,West,Neutral Soil
SOIL00573,Silty,8.26,2.0,25,9,283,1329,147,34,16.26,0.98,Central,Alkaline Soil
SOIL00574,Clayey,5.98,7.89,6,9,278,1715,386,60,27.35,1.57,West,Neutral Soil
SOIL00575,Sandy,5.45,9.57,25,28,263,524,189,19,9.02,1.83,North,Light Soil
SOIL00576,Sandy,6.84,3.29,27,17,121,1298,197,20,29.1,0.76,South,Light Soil
SOIL00577,Peaty,5.52,4.53,14,4,115,1537,347,67,17.02,2.46,North,Neutral Soil
SOIL00578,Peaty,5.05,9.8,22,39,214,1438,304,69,26.96,1.05,South,Acidic Soil
SOIL00579,Loamy,6.36,5.72,41,8,102,1416,182,19,5.84,0.12,North,Neutral Soil
SOIL00580,Clayey,4.52,7.86,8,8,63,1913,92,84,28.22,2.36,East,Acidic Soil
SOIL00581,Chalky,8.63,5.73,32,38,242,1508,484,21,17.84,1.0,Central,Light Soil
SOIL00582,Silty,6.26,5.99,6,31,230,1463,205,80,15.46,1.94,North,Neutral Soil
SOIL00583,Loamy,7.79,0.57,33,36,214,765,379,46,7.26,0.36,West,Neutral Soil
SOIL00584,Loamy,4.94,1.11,40,34,83,253,313,35,17.25,2.12,East,Acidic Soil
SOIL00585,Peaty,4.64,3.07,8,5,140,1581,26,17,21.95,1.0,East,Acidic Soil
SOIL00586,Loamy,7.65,1.32,28,16,245,1762,27,62,8.58,0.8,Central,Neutral Soil
SOIL00587,Sandy,6.34,3.01,28,18,232,985,438,75,26.23,1.6,West,Light Soil
SOIL00588,Chalky,8.4,8.58,8,35,57,1684,232,25,15.01,2.3,South,Light Soil
SOIL00589,Chalky,8.16,3.88,49,22,135,1037,282,42,13.63,1.09,West,Light Soil
SOIL00590,Silty,5.66,6.59,5,31,52,1784,16,12,10.64,2.42,East,Neutral Soil
SOIL00591,Chalky,7.12,2.63,31,31,233,439,93,26,14.98,2.19,East,Light Soil
SOIL00592,Loamy,8.93,9.97,7,32,238,1411,55,35,26.77,0.22,Central,Alkaline Soil
SOIL00593,Sandy,4.72,4.27,24,14,146,835,44,85,12.48,2.04,East,Light Soil
SOIL00594,Silty,5.75,8.83,48,16,127,1809,208,48,7.25,1.75,Central,Neutral Soil
SOIL00595,Sandy,5.79,5.87,24,27,143,760,159,82,6.87,0.33,East,Light Soil
SOIL00596,Peaty,6.93,0.54,23,20,78,1097,239,54,10.18,1.88,Central,Neutral Soil
SOIL00597,Loamy,5.98,8.78,7,14,197,1583,331,54,16.06,0.65,North,Neutral Soil
SOIL00598,Peaty,6.7,6.44,48,10,89,1428,343,72,29.43,1.04,South,Neutral Soil
SOIL00599,Silty,8.71,4.3,30,24,152,712,17,5,20.05,2.17,East,Alkaline Soil
SOIL00600,Chalky,5.75,8.79,43,13,71,1797,116,51,22.47,1.26,West,Light Soil
SOIL00601,Peaty,9.0,5.03,21,20,160,1068,23,27,5.72,1.11,South,Alkaline Soil
SOIL00602,Clayey,7.24,9.79,14,29,192,1892,95,62,7.66,1.57,South,Neutral Soil
SOIL00603,Sandy,5.31,8.13,5,17,76,381,462,88,18.41,1.15,West,Light Soil
SOIL00604,Sandy,8.3,7.87,23,19,215,317,184,50,23.54,2.32,East,Light Soil
SOIL00605,Clayey,4.61,6.59,9,37,226,1900,67,95,24.91,1.84,South,Acidic Soil
SOIL00606,Clayey,6.24,1.68,6,31,183,391,475,28,22.31,0.38,South,Neutral Soil
SOIL00607,Peaty,5.68,9.11,48,24,194,1040,439,75,9.2,1.81,East,Neutral Soil
SOIL00608,Loamy,8.65,1.1,7,37,171,1776,80,94,7.25,1.02,East,Alkaline Soil
SOIL00609,Chalky,4.51,3.6,44,9,254,773,316,15,9.29,0.67,East,Light Soil
SOIL00610,Silty,7.19,5.59,14,34,128,233,337,60,11.38,0.7,Central,Neutral Soil
SOIL00611,Loamy,6.64,5.85,33,13,124,209,384,83,23.91,1.86,South,Neutral Soil
SOIL00612,Sandy,5.29,2.29,46,11,238,1466,207,48,17.36,1.5,North,Light Soil
SOIL00613,Silty,6.2,8.61,31,18,88,1795,363,94,19.93,1.25,Central,Neutral Soil
SOIL00614,Loamy,6.44,9.89,35,12,149,1620,478,66,26.09,1.37,Central,Neutral Soil
SOIL00615,Chalky,5.15,1.85,7,6,51,590,124,49,12.75,1.98,South,Light Soil
SOIL00616,Peaty,6.56,5.62,11,21,148,780,312,94,22.82,1.77,Central,Neutral Soil
SOIL00617,Silty,7.08,0.81,10,19,121,1550,386,67,16.02,0.19,West,Neutral Soil
SOIL00618,Silty,6.26,6.76,35,5,130,1213,490,45,23.81,2.47,South,Neutral Soil
SOIL00619,Loamy,7.39,1.34,36,19,160,1700,122,61,26.1,2.09,North,Neutral Soil
SOIL00620,Clayey,8.43,4.9,22,10,84,1040,43,91,26.79,1.25,East,Alkaline Soil
SOIL00621,Peaty,6.66,6.38,21,27,182,956,34,20,12.76,1.0,Central,Neutral Soil
SOIL00622,Silty,7.44,8.0,37,39,122,575,414,12,5.38,2.26,South,Neutral Soil
SOIL00623,Sandy,8.8,8.48,7,32,145,701,274,23,29.79,0.6,Central,Light Soil
SOIL00624,Silty,5.86,3.54,35,35,251,930,325,55,23.24,2.48,North,Neutral Soil
SOIL00625,Sandy,8.9,7.39,36,22,163,111,270,20,5.61,0.64,North,Light Soil
SOIL00626,Silty,7.89,0.94,12,31,266,281,323,6,13.76,2.42,West,Neutral Soil
SOIL00627,Loamy,5.53,3.42,27,27,253,1036,476,61,11.68,2.12,North,Neutral Soil
SOIL00628,Peaty,5.74,7.64,29,18,216,1606,107,78,24.38,0.74,North,Neutral Soil
SOIL00629,Chalky,6.68,1.28,35,38,60,1367,367,5,28.29,1.09,East,Light Soil
SOIL00630,Clayey,5.15,0.74,20,32,229,334,385,61,20.44,1.36,Central,Acidic Soil
SOIL00631,Chalky,6.4,6.38,35,38,134,347,479,15,11.9,1.86,South,Light Soil
SOIL00632,Silty,7.54,7.86,10,37,114,1194,352,12,25.19,0.58,South,Neutral Soil
SOIL00633,Loamy,6.38,0.8,18,18,163,1274,109,67,8.19,1.08,North,Neutral Soil
SOIL00634,Loamy,4.85,9.58,47,23,231,807,127,89,24.04,2.37,North,Acidic Soil
SOIL00635,Chalky,6.28,8.71,36,30,95,732,328,9,15.28,2.25,West,Light Soil
SOIL00636,Peaty,6.61,5.58,48,24,296,477,364,69,10.89,1.29,West,Neutral Soil
SOIL00637,Peaty,7.19,7.77,38,7,82,639,11,87,16.7,1.72,Central,Neutral Soil
SOIL00638,Loamy,4.59,8.22,30,24,272,996,258,41,24.28,1.36,South,Acidic Soil
SOIL00639,Chalky,9.0,4.36,37,21,251,615,77,62,19.25,1.37,South,Light Soil
SOIL00640,Loamy,5.18,6.88,30,15,184,520,430,62,16.66,1.61,North,Acidic Soil
SOIL00641,Silty,4.95,1.44,35,20,99,1547,349,22,14.4,2.38,East,Acidic Soil
SOIL00642,Peaty,8.98,5.89,23,32,107,1334,85,13,17.97,1.46,Central,Alkaline Soil
SOIL00643,Silty,7.76,8.26,23,14,195,1577,40,30,20.33,1.28,West,Neutral Soil
SOIL00644,Peaty,8.31,8.96,32,29,164,917,360,84,12.82,2.41,Central,Alkaline Soil
SOIL00645,Peaty,4.76,8.89,30,25,277,1557,287,61,15.94,0.13,East,Acidic Soil
SOIL00646,Silty,7.14,6.43,37,6,257,1746,308,97,10.1,2.05,South,Neutral Soil
SOIL00647,Sandy,6.46,1.05,38,27,186,946,157,16,19.23,1.97,West,Light Soil
SOIL00648,Loamy,8.13,0.67,16,22,76,837,153,88,14.03,1.95,North,Alkaline Soil
SOIL00649,Clayey,6.94,5.03,43,4,131,1241,410,40,14.32,0.96,East,Neutral Soil
SOIL00650,Sandy,6.52,4.3,49,23,151,1142,124,69,19.5,2.0,East,Light Soil
SOIL00651,Clayey,6.28,8.96,45,18,244,941,82,40,27.62,1.88,North,Neutral Soil
SOIL00652,Clayey,6.98,6.53,39,28,50,1131,234,77,12.6,1.7,Central,Neutral Soil
SOIL00653,Silty,8.22,1.72,8,25,135,1444,432,50,21.16,0.31,East,Alkaline Soil
SOIL00654,Sandy,5.59,9.58,34,6,252,1418,33,23,23.42,0.6,West,Light Soil
SOIL00655,Sandy,6.08,3.48,5,16,203,289,452,16,29.03,2.2,East,Light Soil
SOIL00656,Silty,6.31,6.54,23,19,131,425,427,7,27.46,0.12,South,Neutral Soil
SOIL00657,Peaty,8.63,2.06,41,20,180,685,192,8,25.31,1.19,South,Alkaline Soil
SOIL00658,Loamy,6.28,5.69,33,20,63,728,58,79,22.08,0.73,South,Neutral Soil
SOIL00659,Sandy,5.06,0.61,38,31,161,929,87,15,26.89,2.27,South,Light Soil
SOIL00660,Loamy,5.53,3.81,23,15,279,1264,467,80,10.52,1.43,Central,Neutral Soil
SOIL00661,Peaty,5.7,3.41,16,15,188,1809,198,6,18.21,0.2,East,Neutral Soil
SOIL00662,Clayey,7.32,5.24,10,9,163,1673,17,63,5.54,1.87,Central,Neutral Soil
SOIL00663,Clayey,5.83,1.7,32,39,293,288,21,78,11.42,0.98,South,Neutral Soil
SOIL00664,Peaty,4.56,1.88,37,32,88,429,36,35,17.59,2.44,South,Acidic Soil
SOIL00665,Sandy,8.16,3.07,29,28,284,1059,474,55,14.71,1.0,East,Light Soil
SOIL00666,Clayey,8.46,9.07,24,30,80,353,435,34,19.53,1.12,East,Alkaline Soil
SOIL00667,Silty,6.53,5.84,8,19,195,1491,190,24,5.88,0.24,West,Neutral Soil
SOIL00668,Silty,5.39,1.25,34,35,81,286,123,14,9.72,0.49,South,Acidic Soil
SOIL00669,Silty,4.5,5.75,15,20,98,602,201,99,14.4,1.99,East,Acidic Soil
SOIL00670,Chalky,6.78,3.29,33,17,250,1752,78,17,10.19,1.82,West,Light Soil
SOIL00671,Loamy,7.81,7.05,46,28,129,1699,497,34,13.16,1.31,South,Neutral Soil
SOIL00672,Chalky,7.89,3.42,38,29,128,1728,460,86,26.12,0.34,East,Light Soil
SOIL00673,Silty,8.96,0.87,16,3,117,567,374,94,16.38,2.3,Central,Alkaline Soil
SOIL00674,Peaty,7.04,7.63,33,36,176,1346,58,91,20.19,0.21,West,Neutral Soil
SOIL00675,Silty,7.33,9.41,46,6,280,1267,285,89,11.68,1.05,South,Neutral Soil
SOIL00676,Sandy,8.43,0.66,18,30,98,311,97,32,22.24,0.76,North,Light Soil
SOIL00677,Sandy,8.8,1.15,35,7,265,928,88,78,18.66,1.98,East,Light Soil
SOIL00678,Chalky,8.21,9.27,15,10,229,994,322,57,7.65,1.86,West,Light Soil
SOIL00679,Peaty,6.26,4.22,45,20,114,1621,229,63,26.38,2.35,Central,Neutral Soil
SOIL00680,Silty,5.04,1.95,47,12,286,1253,327,81,17.86,0.82,North,Acidic Soil
SOIL00681,Loamy,8.92,4.63,19,9,124,455,450,22,15.58,0.84,East,Alkaline Soil
SOIL00682,Silty,6.93,6.0,10,12,66,1569,373,9,25.0,1.13,East,Neutral Soil
SOIL00683,Chalky,5.02,1.49,27,10,168,1326,122,67,17.75,0.84,East,Light Soil
SOIL00684,Sandy,7.38,2.37,6,22,63,1431,357,47,27.6,0.17,South,Light Soil
SOIL00685,Sandy,8.39,5.34,39,3,297,1678,76,87,24.76,2.0,East,Light Soil
SOIL00686,Loamy,8.02,6.67,20,32,114,399,297,45,28.08,1.39,East,Alkaline Soil
SOIL00687,Silty,7.38,2.42,29,33,232,419,81,62,18.87,0.84,South,Neutral Soil
SOIL00688,Chalky,6.68,0.69,7,38,215,1317,224,71,18.8,1.39,North,Light Soil
SOIL00689,Chalky,7.4,8.15,39,38,237,1548,125,69,23.23,1.13,East,Light Soil
SOIL00690,Peaty,8.15,8.74,34,16,213,1243,314,87,13.39,0.41,West,Alkaline Soil
SOIL00691,Sandy,4.67,9.94,15,6,142,612,265,68,15.27,2.3,East,Light Soil
SOIL00692,Clayey,5.64,9.02,35,16,85,1463,377,5,15.79,1.52,West,Neutral Soil
SOIL00693,Silty,7.3,3.94,19,16,185,525,127,46,20.27,0.74,East,Neutral Soil
SOIL00694,Silty,4.59,9.15,42,5,284,1403,373,26,7.94,0.7,East,Acidic Soil
SOIL00695,Chalky,6.3,8.25,32,38,274,1284,377,88,5.79,1.9,South,Light Soil
SOIL00696,Clayey,6.64,5.93,31,11,79,1352,326,78,25.21,1.23,East,Neutral Soil
SOIL00697,Clayey,8.64,5.08,6,12,251,749,318,44,25.2,0.55,West,Alkaline Soil
SOIL00698,Chalky,8.51,0.68,34,35,162,1934,297,36,21.63,2.37,East,Light Soil
SOIL00699,Sandy,7.74,7.34,5,6,64,145,88,45,13.46,0.88,North,Light Soil
SOIL00700,Sandy,7.41,3.43,38,38,299,254,454,19,12.8,1.75,East,Light Soil
SOIL00701,Clayey,6.25,5.8,41,18,217,1339,20,68,17.69,2.37,South,Neutral Soil
SOIL00702,Silty,8.44,3.22,11,14,273,763,241,94,8.68,1.53,East,Alkaline Soil
SOIL00703,Silty,5.8,7.53,6,5,237,671,305,87,15.49,0.18,Central,Neutral Soil
SOIL00704,Loamy,8.12,4.36,29,4,274,838,414,68,8.19,0.89,West,Alkaline Soil
SOIL00705,Peaty,4.81,3.1,43,9,171,161,117,22,21.69,1.47,Central,Acidic Soil
SOIL00706,Sandy,5.49,9.56,17,18,201,1223,283,95,6.09,0.15,West,Light Soil
SOIL00707,Clayey,8.77,5.42,17,23,170,598,13,34,16.27,1.45,North,Alkaline Soil
SOIL00708,Chalky,8.88,2.08,30,30,167,1280,87,15,22.39,0.96,North,Light Soil
SOIL00709,Sandy,4.67,1.68,32,15,208,1931,57,56,16.5,2.14,North,Light Soil
SOIL00710,Peaty,6.9,8.44,37,8,204,1512,94,50,22.04,2.13,Central,Neutral Soil
SOIL00711,Silty,5.55,5.59,30,27,159,688,249,63,21.87,0.17,South,Neutral Soil
SOIL00712,Clayey,7.01,1.95,16,6,235,839,299,15,26.44,0.94,Central,Neutral Soil
SOIL00713,Sandy,7.39,5.92,26,14,261,880,204,9,8.5,1.72,East,Light Soil
SOIL00714,Loamy,8.19,2.84,37,31,86,1592,366,58,21.04,0.51,East,Alkaline Soil
SOIL00715,Clayey,7.4,3.19,29,33,125,1078,493,99,6.89,2.35,West,Neutral Soil
SOIL00716,Clayey,8.17,8.53,15,9,135,440,262,57,10.5,1.0,West,Alkaline Soil
SOIL00717,Chalky,8.0,9.68,7,13,144,1892,324,90,6.48,1.81,Central,Light Soil
SOIL00718,Loamy,7.9,6.49,39,15,151,467,465,50,8.66,2.27,West,Neutral Soil
SOIL00719,Loamy,4.84,4.17,35,22,299,1169,229,79,16.75,0.44,Central,Acidic Soil
SOIL00720,Loamy,8.69,1.29,9,10,128,1024,345,56,21.12,1.94,Central,Alkaline Soil
SOIL00721,Loamy,5.61,0.6,10,18,132,1435,496,57,28.1,1.69,South,Neutral Soil
SOIL00722,Sandy,7.51,6.34,12,32,141,1004,173,66,24.41,0.86,North,Light Soil
SOIL00723,Peaty,6.15,2.69,47,22,178,1527,327,41,13.31,1.9,East,Neutral Soil
SOIL00724,Clayey,6.04,0.89,13,5,104,303,422,42,24.59,1.78,East,Neutral Soil
SOIL00725,Chalky,7.76,0.93,13,28,226,288,289,18,18.34,1.42,South,Light Soil
SOIL00726,Peaty,5.02,9.31,44,13,222,1135,486,67,13.79,1.01,North,Acidic Soil
SOIL00727,Loamy,5.23,7.64,36,35,116,1052,470,84,17.65,0.15,West,Acidic Soil
SOIL00728,Loamy,6.73,3.62,17,12,186,1907,398,32,11.89,1.15,Central,Neutral Soil
SOIL00729,Loamy,7.87,1.06,13,19,112,1166,357,73,22.91,1.05,East,Neutral Soil
SOIL00730,Loamy,7.49,9.45,10,4,107,335,234,10,9.41,2.5,Central,Neutral Soil
SOIL00731,Chalky,5.24,7.66,7,11,298,650,352,72,17.81,1.74,South,Light Soil
SOIL00732,Chalky,5.35,1.34,28,22,74,545,406,53,16.36,0.95,West,Light Soil
SOIL00733,Sandy,5.62,9.27,49,31,218,1760,312,62,28.59,1.42,South,Light Soil
SOIL00734,Chalky,8.16,1.83,39,18,58,415,192,41,16.35,1.65,East,Light Soil
SOIL00735,Silty,5.62,5.44,5,34,146,1536,68,42,12.89,1.89,Central,Neutral Soil
SOIL00736,Sandy,8.74,9.09,5,5,227,553,322,40,29.38,0.77,North,Light Soil
SOIL00737,Loamy,5.46,6.11,36,17,219,424,384,19,21.77,0.74,Central,Acidic Soil
SOIL00738,Sandy,6.37,0.69,15,39,262,840,387,87,5.54,0.76,Central,Light Soil
SOIL00739,Clayey,8.89,9.08,18,26,54,895,493,46,25.87,0.57,South,Alkaline Soil
SOIL00740,Chalky,5.14,8.28,35,6,79,1695,170,68,18.02,2.49,North,Light Soil
SOIL00741,Peaty,4.79,5.71,40,30,82,1689,198,74,6.84,0.65,South,Acidic Soil
SOIL00742,Loamy,8.89,8.04,22,5,271,196,438,25,24.55,1.66,East,Alkaline Soil
SOIL00743,Clayey,8.13,0.57,16,8,269,1736,135,46,27.75,2.03,East,Alkaline Soil
SOIL00744,Peaty,7.04,9.81,13,4,108,1295,96,82,10.88,0.92,East,Neutral Soil
SOIL00745,Sandy,5.45,9.0,31,13,145,888,182,40,6.67,1.58,East,Light Soil
SOIL00746,Chalky,8.07,7.54,46,22,261,829,117,89,19.19,0.51,North,Light Soil
SOIL00747,Peaty,7.57,4.63,17,23,162,637,385,46,7.33,0.68,West,Neutral Soil
SOIL00748,Chalky,5.35,8.61,12,18,89,263,482,23,12.25,1.47,South,Light Soil
SOIL00749,Sandy,4.73,1.47,37,12,101,917,357,97,7.95,1.36,West,Light Soil
SOIL00750,Peaty,7.77,5.22,13,20,105,484,268,64,7.55,1.67,South,Neutral Soil
SOIL00751,Loamy,8.85,3.21,31,25,56,1420,142,56,26.68,2.14,West,Alkaline Soil
SOIL00752,Loamy,4.75,4.11,7,4,138,743,302,45,7.36,0.69,North,Acidic Soil
SOIL00753,Sandy,8.93,5.82,8,28,100,545,17,34,10.13,0.55,East,Light Soil
SOIL00754,Peaty,6.79,3.16,21,20,114,752,471,9,23.69,0.87,East,Neutral Soil
SOIL00755,Sandy,6.85,0.92,14,24,65,1197,292,98,7.38,2.33,Central,Light Soil
SOIL00756,Loamy,8.4,6.37,35,8,283,630,414,76,12.16,0.85,Central,Alkaline Soil
SOIL00757,Silty,5.42,3.93,8,4,125,1141,123,62,24.32,1.48,Central,Acidic Soil
SOIL00758,Loamy,8.12,7.74,26,35,187,1119,74,52,15.51,0.55,Central,Alkaline Soil
SOIL00759,Silty,6.62,4.52,33,25,56,1602,323,89,7.32,2.43,South,Neutral Soil
SOIL00760,Chalky,4.99,6.39,27,14,244,382,95,20,9.8,1.66,East,Light Soil
SOIL00761,Silty,7.56,2.03,25,12,87,1710,475,78,21.16,1.67,Central,Neutral Soil
SOIL00762,Sandy,7.52,8.26,10,12,288,1860,69,59,27.26,0.21,West,Light Soil
SOIL00763,Chalky,7.42,9.27,44,3,297,170,317,60,25.23,1.98,East,Light Soil
SOIL00764,Silty,8.91,3.56,6,21,212,1563,364,26,13.51,2.16,South,Alkaline Soil
SOIL00765,Clayey,7.35,7.08,28,39,145,942,460,88,20.71,1.36,Central,Neutral Soil
SOIL00766,Silty,4.73,3.59,10,6,98,170,486,14,15.22,2.26,West,Acidic Soil
SOIL00767,Loamy,5.75,0.95,42,3,177,1093,43,82,23.97,0.66,South,Neutral Soil
SOIL00768,Chalky,5.61,1.93,34,7,248,1818,258,86,16.82,1.2,North,Light Soil
SOIL00769,Sandy,7.34,8.16,28,8,264,1302,391,34,13.04,1.68,North,Light Soil
SOIL00770,Loamy,8.17,3.68,24,28,286,1509,393,39,11.94,2.35,South,Alkaline Soil
SOIL00771,Peaty,7.12,2.65,44,16,141,1168,221,67,9.86,0.23,West,Neutral Soil
SOIL00772,Loamy,4.92,10.0,29,6,297,478,387,91,18.48,0.66,West,Acidic Soil
SOIL00773,Clayey,8.44,6.86,39,21,53,590,406,74,27.22,1.15,North,Alkaline Soil
SOIL00774,Peaty,8.71,7.33,26,13,127,1112,378,39,21.99,1.21,North,Alkaline Soil
SOIL00775,Silty,6.06,3.59,24,25,103,426,237,31,13.42,0.93,West,Neutral Soil
SOIL00776,Peaty,8.11,6.37,49,35,80,536,205,73,18.45,1.25,Central,Alkaline Soil
SOIL00777,Silty,8.71,5.66,19,37,298,430,65,31,10.32,0.44,West,Alkaline Soil
SOIL00778,Loamy,7.04,0.85,15,25,59,1109,403,9,17.52,0.39,Central,Neutral Soil
SOIL00779,Sandy,6.76,8.35,37,10,273,741,34,51,29.91,0.33,West,Light Soil
SOIL00780,Sandy,7.6,2.16,11,35,163,767,490,22,19.61,1.36,Central,Light Soil
SOIL00781,Loamy,5.13,5.76,9,21,112,1662,458,60,19.26,2.4,West,Acidic Soil
SOIL00782,Clayey,5.69,7.91,24,33,125,370,159,27,5.37,1.54,Central,Neutral Soil
SOIL00783,Silty,4.62,7.24,18,14,113,517,313,45,24.81,1.55,South,Acidic Soil
SOIL00784,Loamy,6.09,3.53,44,33,70,246,118,52,26.82,0.97,West,Neutral Soil
SOIL00785,Sandy,5.2,7.81,32,24,178,232,63,80,17.53,0.73,North,Light Soil
SOIL00786,Peaty,7.45,6.92,19,9,243,296,73,28,23.44,1.83,West,Neutral Soil
SOIL00787,Loamy,8.83,8.84,45,13,281,1577,384,98,11.26,1.18,West,Alkaline Soil
SOIL00788,Silty,4.68,3.62,20,12,82,1564,72,33,29.85,0.99,West,Acidic Soil
SOIL00789,Silty,8.86,8.67,42,16,194,300,335,58,12.76,0.37,South,Alkaline Soil
SOIL00790,Loamy,7.97,8.64,18,8,210,1476,43,69,8.68,2.1,East,Neutral Soil
SOIL00791,Sandy,5.75,8.64,30,10,266,172,22,70,27.51,1.91,South,Light Soil
SOIL00792,Loamy,6.75,6.34,9,22,280,1394,286,53,10.63,0.14,East,Neutral Soil
SOIL00793,Silty,7.41,5.41,14,37,206,1868,376,13,24.19,1.39,East,Neutral Soil
SOIL00794,Peaty,7.86,5.66,30,23,136,164,200,61,22.42,2.03,West,Neutral Soil
SOIL00795,Clayey,6.28,9.23,20,38,195,705,200,63,26.89,2.21,South,Neutral Soil
SOIL00796,Peaty,8.7,1.94,35,33,119,1543,292,96,5.68,0.16,South,Alkaline Soil
SOIL00797,Silty,5.96,2.8,49,24,83,196,408,46,7.36,0.39,North,Neutral Soil
SOIL00798,Clayey,7.01,1.73,48,24,191,201,10,62,9.55,0.57,Central,Neutral Soil
SOIL00799,Silty,8.37,4.14,22,7,73,293,68,15,22.76,0.32,Central,Alkaline Soil
SOIL00800,Silty,5.7,3.56,48,7,195,376,285,13,15.16,0.66,West,Neutral Soil
SOIL00801,Chalky,4.84,4.94,40,27,268,1563,92,65,11.39,2.33,South,Light Soil
SOIL00802,Loamy,8.45,7.94,49,24,101,473,116,15,5.33,0.22,South,Alkaline Soil
SOIL00803,Sandy,8.59,2.75,14,21,276,1041,237,39,26.76,0.3,Central,Light Soil
SOIL00804,Clayey,5.62,0.6,15,7,196,252,484,73,29.39,1.97,Central,Neutral Soil
SOIL00805,Loamy,6.61,5.52,11,29,270,274,214,83,22.8,0.81,Central,Neutral Soil
SOIL00806,Peaty,6.24,3.43,31,20,123,234,59,86,29.81,2.41,East,Neutral Soil
SOIL00807,Clayey,7.39,5.95,13,36,131,1320,434,25,13.85,0.69,East,Neutral Soil
SOIL00808,Sandy,8.87,1.1,19,28,60,1008,19,21,9.6,0.63,West,Light Soil
SOIL00809,Sandy,8.5,7.52,26,31,243,156,322,30,26.7,1.95,South,Light Soil
SOIL00810,Clayey,8.95,9.94,7,39,198,111,220,91,10.05,0.33,South,Alkaline Soil
SOIL00811,Sandy,8.8,8.71,10,39,79,1851,497,12,25.9,1.75,West,Light Soil
SOIL00812,Peaty,7.93,3.09,40,3,89,292,304,79,26.11,2.16,East,Neutral Soil
SOIL00813,Silty,7.03,7.9,27,11,187,1376,134,45,11.7,2.04,South,Neutral Soil
SOIL00814,Silty,5.39,7.4,27,5,134,1529,304,19,8.69,0.99,East,Acidic Soil
SOIL00815,Chalky,6.33,3.61,36,25,101,827,73,55,21.3,0.31,South,Light Soil
SOIL00816,Clayey,7.31,2.19,19,15,184,1447,279,84,24.61,1.1,South,Neutral Soil
SOIL00817,Loamy,4.9,2.13,14,34,175,535,114,92,22.06,0.65,West,Acidic Soil
SOIL00818,Peaty,7.25,5.25,31,14,147,764,348,13,25.79,2.37,North,Neutral Soil
SOIL00819,Chalky,4.54,9.54,22,25,186,1712,54,75,21.56,1.48,South,Light Soil
SOIL00820,Chalky,7.86,3.93,12,24,108,855,453,37,14.33,1.33,Central,Light Soil
SOIL00821,Chalky,7.4,4.41,26,18,246,1686,463,15,6.64,0.13,West,Light Soil
SOIL00822,Peaty,6.84,6.65,20,15,140,1444,440,12,17.22,1.0,Central,Neutral Soil
SOIL00823,Silty,8.48,7.39,35,21,195,1805,401,45,28.86,0.56,West,Alkaline Soil
SOIL00824,Silty,7.02,4.68,12,27,81,599,295,62,18.87,2.42,West,Neutral Soil
SOIL00825,Sandy,8.9,6.05,40,36,211,660,460,91,28.72,0.76,West,Light Soil
SOIL00826,Clayey,4.95,3.8,26,7,127,1309,272,72,29.57,0.83,South,Acidic Soil
SOIL00827,Clayey,7.04,0.99,39,36,187,1662,49,35,12.85,1.93,East,Neutral Soil
SOIL00828,Clayey,5.91,5.92,42,9,156,947,18,16,6.78,0.34,West,Neutral Soil
SOIL00829,Sandy,8.3,2.54,41,32,76,1777,428,7,13.19,1.54,East,Light Soil
SOIL00830,Chalky,7.82,1.81,15,17,199,291,439,60,24.83,0.92,North,Light Soil
SOIL00831,Loamy,6.31,9.3,37,20,147,499,302,65,21.77,1.02,Central,Neutral Soil
SOIL00832,Chalky,5.83,5.73,25,39,168,1379,141,18,18.48,0.21,Central,Light Soil
SOIL00833,Loamy,7.08,6.48,22,38,186,1062,421,84,18.4,1.9,Central,Neutral Soil
SOIL00834,Chalky,5.15,0.8,19,20,197,615,324,54,6.63,1.26,Central,Light Soil
SOIL00835,Loamy,7.82,6.72,23,21,69,259,338,5,22.26,2.15,Central,Neutral Soil
SOIL00836,Silty,5.97,6.33,49,31,215,1785,113,80,10.0,1.34,West,Neutral Soil
SOIL00837,Chalky,7.32,2.74,20,31,292,1787,420,55,5.76,2.28,West,Light Soil
SOIL00838,Silty,7.48,7.12,19,37,163,1729,436,82,12.77,1.65,Central,Neutral Soil
SOIL00839,Sandy,7.58,5.28,23,28,226,1678,120,78,15.36,1.16,Central,Light Soil
SOIL00840,Chalky,6.18,3.93,42,24,253,1154,95,77,8.04,1.86,North,Light Soil
SOIL00841,Clayey,6.64,4.86,13,27,179,1610,392,35,6.03,0.73,North,Neutral Soil
SOIL00842,Chalky,8.98,5.89,31,30,225,690,60,38,16.11,0.85,West,Light Soil
SOIL00843,Sandy,6.75,3.23,38,18,225,1521,82,77,26.19,1.96,North,Light Soil
SOIL00844,Loamy,6.67,8.02,28,39,286,502,350,46,13.2,1.18,East,Neutral Soil
SOIL00845,Sandy,8.69,4.83,44,11,165,155,77,60,24.99,1.8,North,Light Soil
SOIL00846,Silty,7.06,9.13,15,22,202,1849,330,48,27.87,1.31,Central,Neutral Soil
SOIL00847,Chalky,5.94,9.84,44,10,77,1351,121,95,23.45,1.52,South,Light Soil
SOIL00848,Chalky,4.68,7.5,5,8,160,972,156,84,5.56,0.43,North,Light Soil
SOIL00849,Chalky,7.17,8.16,40,10,175,1493,125,12,14.0,1.52,East,Light Soil
SOIL00850,Silty,8.35,8.56,46,14,225,812,69,9,25.52,0.77,Central,Alkaline Soil
SOIL00851,Sandy,5.12,1.43,44,4,276,463,367,81,25.01,0.35,Central,Light Soil
SOIL00852,Clayey,5.42,8.09,9,24,144,619,337,83,23.9,0.73,North,Acidic Soil
SOIL00853,Chalky,5.36,2.53,46,26,80,1238,409,21,7.24,1.93,East,Light Soil
SOIL00854,Clayey,5.46,8.93,45,33,294,329,465,70,12.31,1.93,North,Acidic Soil
SOIL00855,Silty,4.91,2.11,5,3,259,616,480,31,20.12,1.25,North,Acidic Soil
SOIL00856,Clayey,7.44,6.64,32,38,155,992,134,28,19.02,0.18,South,Neutral Soil
SOIL00857,Peaty,8.4,4.54,20,37,244,347,50,30,29.76,0.21,West,Alkaline Soil
SOIL00858,Peaty,7.47,1.27,5,21,230,119,49,21,25.29,2.43,South,Neutral Soil
SOIL00859,Sandy,7.24,5.99,31,21,109,924,46,44,24.35,1.44,West,Light Soil
SOIL00860,Peaty,8.25,4.42,35,3,53,1558,337,76,25.08,0.92,West,Alkaline Soil
SOIL00861,Peaty,5.87,8.56,11,4,196,1422,470,45,17.08,0.99,South,Neutral Soil
SOIL00862,Peaty,7.11,7.14,26,36,75,891,402,83,22.18,1.76,West,Neutral Soil
SOIL00863,Sandy,7.89,5.83,43,18,256,1661,283,61,7.06,0.23,East,Light Soil
SOIL00864,Sandy,6.43,5.78,18,35,193,240,27,35,18.18,1.24,North,Light Soil
SOIL00865,Chalky,5.67,3.02,35,17,253,1726,24,72,13.19,1.6,South,Light Soil
SOIL00866,Chalky,7.86,5.83,47,33,135,1880,81,11,15.6,0.34,North,Light Soil
SOIL00867,Loamy,8.66,4.35,7,29,78,634,79,61,11.49,0.52,East,Alkaline Soil
SOIL00868,Chalky,5.68,2.57,18,32,198,600,386,94,19.62,1.11,East,Light Soil
SOIL00869,Silty,6.51,6.8,9,17,80,1518,237,92,9.11,1.48,Central,Neutral Soil
SOIL00870,Sandy,5.66,2.35,13,11,207,673,391,35,27.07,1.91,South,Light Soil
SOIL00871,Clayey,8.71,0.96,6,9,81,1514,102,38,7.39,0.99,North,Alkaline Soil
SOIL00872,Sandy,4.63,7.33,27,10,261,831,45,88,25.79,0.17,West,Light Soil
SOIL00873,Clayey,8.27,7.12,27,26,59,192,397,93,12.58,1.9,West,Alkaline Soil
SOIL00874,Loamy,6.55,9.69,7,35,178,1243,431,35,5.18,1.13,Central,Neutral Soil
SOIL00875,Chalky,6.2,3.0,47,37,160,1378,133,72,21.26,2.35,East,Light Soil
SOIL00876,Clayey,7.43,1.62,26,28,133,1729,17,12,18.41,1.66,South,Neutral Soil
SOIL00877,Peaty,8.17,9.92,31,37,246,1623,67,87,17.95,1.93,West,Alkaline Soil
SOIL00878,Silty,8.62,7.87,10,23,242,870,383,51,13.03,0.36,Central,Alkaline Soil
SOIL00879,Silty,4.63,7.65,7,35,285,1907,173,55,6.43,1.04,North,Acidic Soil
SOIL00880,Chalky,6.11,1.07,38,8,138,697,132,63,29.61,0.8,West,Light Soil
SOIL00881,Peaty,6.64,1.67,21,7,279,389,249,97,25.01,2.12,North,Neutral Soil
SOIL00882,Clayey,7.47,4.51,33,36,291,1341,393,31,17.39,1.94,South,Neutral Soil
SOIL00883,Silty,6.24,5.93,20,11,120,1894,386,45,11.56,0.98,East,Neutral Soil
SOIL00884,Loamy,5.4,1.41,36,9,153,1280,46,75,25.11,1.9,North,Acidic Soil
SOIL00885,Clayey,6.21,6.72,33,18,198,1020,111,44,6.82,1.07,North,Neutral Soil
SOIL00886,Chalky,7.49,9.17,34,6,50,1993,437,6,29.36,0.87,West,Light Soil
SOIL00887,Clayey,5.2,3.01,16,12,289,1219,487,35,12.67,0.88,West,Acidic Soil
SOIL00888,Chalky,4.97,4.95,39,31,146,816,12,95,11.23,0.24,Central,Light Soil
SOIL00889,Loamy,4.93,5.35,45,26,232,1938,307,49,29.16,0.12,South,Acidic Soil
SOIL00890,Peaty,5.82,6.29,24,4,134,666,263,56,22.96,0.13,South,Neutral Soil
SOIL00891,Peaty,7.84,2.84,39,39,154,1398,111,79,10.29,0.82,West,Neutral Soil
SOIL00892,Clayey,5.93,1.48,30,9,246,1712,189,17,6.51,1.35,East,Neutral Soil
SOIL00893,Chalky,4.97,9.68,44,16,211,522,66,74,18.86,0.68,South,Light Soil
SOIL00894,Clayey,7.77,8.82,41,36,142,1419,93,59,10.46,0.56,West,Neutral Soil
SOIL00895,Peaty,5.28,7.99,34,32,117,891,328,43,6.41,0.73,East,Acidic Soil
SOIL00896,Clayey,7.0,4.88,43,32,158,1081,222,53,27.38,0.85,West,Neutral Soil
SOIL00897,Loamy,6.15,0.65,23,33,187,1162,127,10,7.17,1.36,South,Neutral Soil
SOIL00898,Peaty,5.58,4.66,8,8,52,1231,368,18,9.2,0.19,Central,Neutral Soil
SOIL00899,Peaty,5.37,6.02,36,20,100,1999,140,80,14.6,1.65,South,Acidic Soil
SOIL00900,Clayey,4.51,2.76,15,15,191,1457,62,78,25.88,0.55,West,Acidic Soil
SOIL00901,Silty,8.38,6.59,27,35,160,1036,287,62,14.51,1.44,East,Alkaline Soil
SOIL00902,Clayey,7.22,4.83,6,20,273,1157,402,25,6.93,1.29,South,Neutral Soil
SOIL00903,Clayey,8.63,2.78,25,9,280,304,407,98,26.74,1.29,West,Alkaline Soil
SOIL00904,Chalky,5.06,8.4,26,12,146,1586,392,72,5.77,2.3,Central,Light Soil
SOIL00905,Sandy,6.65,1.77,36,21,69,224,184,43,22.31,1.2,West,Light Soil
SOIL00906,Loamy,7.69,4.38,14,3,83,1934,66,43,22.76,0.44,North,Neutral Soil
SOIL00907,Peaty,5.63,6.67,33,39,120,768,18,47,9.97,0.68,West,Neutral Soil
SOIL00908,Loamy,6.69,7.19,18,7,273,1297,218,99,6.74,0.43,Central,Neutral Soil
SOIL00909,Loamy,6.95,4.19,6,11,93,938,256,17,8.4,0.41,Central,Neutral Soil
SOIL00910,Clayey,7.75,9.62,39,29,257,199,95,57,6.92,0.7,West,Neutral Soil
SOIL00911,Clayey,4.91,6.98,8,4,259,1846,322,47,5.09,2.45,West,Acidic Soil
SOIL00912,Peaty,8.46,3.29,5,38,138,198,339,89,11.84,0.93,North,Alkaline Soil
SOIL00913,Peaty,8.11,2.99,20,14,66,240,274,15,19.08,0.96,West,Alkaline Soil
SOIL00914,Chalky,6.47,6.37,40,38,205,722,21,74,21.67,1.47,East,Light Soil
SOIL00915,Peaty,8.05,4.24,19,13,76,1510,59,30,13.18,2.46,South,Alkaline Soil
SOIL00916,Sandy,5.29,9.77,27,17,250,315,66,88,5.9,2.03,Central,Light Soil
SOIL00917,Peaty,8.32,4.18,23,33,129,1581,151,31,13.05,1.01,East,Alkaline Soil
SOIL00918,Clayey,7.3,5.33,36,24,63,159,157,66,26.92,1.5,East,Neutral Soil
SOIL00919,Loamy,7.63,9.03,21,13,134,845,311,41,28.42,2.1,South,Neutral Soil
SOIL00920,Sandy,6.6,3.11,40,35,94,904,129,84,16.04,1.58,North,Light Soil
SOIL00921,Silty,5.53,3.31,49,8,206,1725,19,52,11.5,2.47,West,Neutral Soil
SOIL00922,Clayey,8.16,6.24,7,30,165,1324,370,54,8.76,1.07,West,Alkaline Soil
SOIL00923,Sandy,7.13,4.05,29,4,67,1756,480,13,16.28,1.91,Central,Light Soil
SOIL00924,Silty,4.9,7.13,42,30,152,516,304,71,12.32,2.14,Central,Acidic Soil
SOIL00925,Peaty,4.57,7.32,36,31,200,212,146,92,11.24,0.11,West,Acidic Soil
SOIL00926,Sandy,6.2,1.96,25,10,97,732,277,33,23.47,2.43,South,Light Soil
SOIL00927,Clayey,7.99,5.65,34,32,199,1335,362,95,7.19,0.41,Central,Neutral Soil
SOIL00928,Silty,7.6,5.47,31,22,62,1248,490,60,18.04,0.94,Central,Neutral Soil
SOIL00929,Chalky,8.94,4.11,15,22,192,1476,328,81,29.67,0.43,Central,Light Soil
SOIL00930,Clayey,7.32,3.89,22,36,248,231,186,45,9.43,2.22,Central,Neutral Soil
SOIL00931,Chalky,7.34,3.17,9,12,274,1286,410,96,27.23,2.32,South,Light Soil
SOIL00932,Peaty,7.81,4.42,5,38,188,595,447,95,12.39,2.42,West,Neutral Soil
SOIL00933,Clayey,8.98,2.75,40,38,278,928,128,89,19.59,0.11,Central,Alkaline Soil
SOIL00934,Sandy,7.44,7.49,44,12,141,1603,248,60,10.07,0.73,East,Light Soil
SOIL00935,Silty,8.36,4.34,17,16,226,1487,383,83,19.33,1.83,West,Alkaline Soil
SOIL00936,Loamy,4.54,4.91,27,23,97,1306,143,47,28.12,2.08,Central,Acidic Soil
SOIL00937,Chalky,5.36,2.19,25,34,277,1253,448,31,20.59,2.49,West,Light Soil
SOIL00938,Chalky,7.41,6.03,15,7,232,508,83,33,15.17,2.24,East,Light Soil
SOIL00939,Sandy,6.68,7.57,49,11,78,1460,296,13,11.64,0.17,North,Light Soil
SOIL00940,Silty,6.05,6.1,7,9,290,1251,369,24,7.82,1.07,West,Neutral Soil
SOIL00941,Sandy,5.92,8.87,34,21,237,1120,408,16,14.83,0.18,Central,Light Soil
SOIL00942,Chalky,7.44,1.69,42,39,162,1066,115,62,23.41,0.84,East,Light Soil
SOIL00943,Clayey,8.62,4.83,30,5,241,852,15,62,21.95,1.58,Central,Alkaline Soil
SOIL00944,Peaty,5.92,9.47,33,26,146,898,331,35,26.39,2.07,Central,Neutral Soil
SOIL00945,Clayey,5.06,4.48,28,35,150,1094,224,71,8.99,1.38,Central,Acidic Soil
SOIL00946,Clayey,6.42,6.27,9,16,231,1137,434,62,25.44,2.0,South,Neutral Soil
SOIL00947,Chalky,5.86,1.41,20,3,249,910,45,87,9.66,2.47,South,Light Soil
SOIL00948,Loamy,5.03,1.3,20,34,106,1710,392,5,9.19,1.7,East,Acidic Soil
SOIL00949,Clayey,6.03,9.27,42,28,74,865,74,44,23.28,1.06,North,Neutral Soil
SOIL00950,Chalky,4.56,2.04,35,12,67,749,237,6,20.83,1.77,Central,Light Soil
SOIL00951,Peaty,7.72,2.5,35,6,226,245,98,47,19.88,0.12,West,Neutral Soil
SOIL00952,Sandy,4.55,8.61,19,29,280,1490,425,11,8.39,0.18,South,Light Soil
SOIL00953,Clayey,8.16,6.77,14,11,171,1580,112,63,8.06,2.14,South,Alkaline Soil
SOIL00954,Loamy,5.67,9.18,42,9,82,1359,341,91,5.68,1.77,North,Neutral Soil
SOIL00955,Silty,8.45,2.29,17,35,185,668,33,65,22.07,1.04,Central,Alkaline Soil
SOIL00956,Sandy,6.53,8.49,29,13,96,1741,118,99,6.1,2.21,West,Light Soil
SOIL00957,Peaty,5.77,0.96,47,24,218,210,29,70,16.31,1.59,South,Neutral Soil
SOIL00958,Loamy,6.18,7.79,25,37,76,1413,278,66,9.53,1.33,South,Neutral Soil
SOIL00959,Silty,5.54,5.35,14,4,252,1640,172,74,18.74,2.21,Central,Neutral Soil
SOIL00960,Loamy,7.25,3.31,27,7,175,586,121,42,8.41,1.88,Central,Neutral Soil
SOIL00961,Clayey,6.74,4.69,26,24,151,1429,56,48,25.07,0.27,South,Neutral Soil
SOIL00962,Silty,6.29,2.75,31,10,287,1878,340,41,15.26,1.7,West,Neutral Soil
SOIL00963,Silty,4.96,1.12,11,19,124,1256,498,47,20.33,1.08,South,Acidic Soil
SOIL00964,Sandy,6.46,9.67,15,22,130,914,379,85,28.19,1.69,South,Light Soil
SOIL00965,Loamy,6.51,7.21,17,12,261,1380,143,89,9.09,1.96,Central,Neutral Soil
SOIL00966,Peaty,5.96,4.51,18,37,160,1370,348,50,26.68,0.4,Central,Neutral Soil
SOIL00967,Loamy,8.47,1.4,41,34,250,1016,252,84,14.44,2.28,North,Alkaline Soil
SOIL00968,Chalky,8.49,6.09,5,18,50,1333,316,42,12.96,0.29,South,Light Soil
SOIL00969,Silty,6.36,4.35,22,26,257,1995,322,54,19.25,1.73,East,Neutral Soil
SOIL00970,Silty,6.33,5.32,12,6,240,1979,73,22,23.81,1.23,West,Neutral Soil
SOIL00971,Silty,4.62,1.03,38,20,93,1218,281,76,17.83,0.47,North,Acidic Soil
SOIL00972,Peaty,5.93,6.71,10,31,285,226,233,31,11.25,1.05,South,Neutral Soil
SOIL00973,Sandy,8.73,8.04,16,13,174,850,353,51,22.21,1.28,West,Light Soil
SOIL00974,Peaty,7.67,7.96,30,17,268,690,434,41,17.82,2.09,South,Neutral Soil
SOIL00975,Chalky,4.74,2.1,7,37,135,1655,277,90,22.92,0.87,Central,Light Soil
SOIL00976,Silty,6.58,7.43,18,30,58,1923,149,51,18.79,1.81,South,Neutral Soil
SOIL00977,Clayey,4.85,6.64,17,20,93,111,279,26,6.86,0.16,South,Acidic Soil
SOIL00978,Peaty,8.97,8.84,23,5,80,1516,18,50,24.99,2.49,Central,Alkaline Soil
SOIL00979,Silty,7.22,3.93,44,18,96,155,299,26,15.1,2.07,North,Neutral Soil
SOIL00980,Clayey,8.26,9.2,14,14,172,550,60,25,28.96,1.71,East,Alkaline Soil
SOIL00981,Clayey,7.04,2.29,20,22,217,1001,363,75,17.47,0.95,West,Neutral Soil
SOIL00982,Silty,8.55,6.78,49,38,235,578,204,77,13.84,1.2,Central,Alkaline Soil
SOIL00983,Silty,5.71,5.72,18,18,257,436,493,69,13.4,0.75,Central,Neutral Soil
SOIL00984,Loamy,6.79,2.7,37,15,93,1318,421,9,11.31,2.41,Central,Neutral Soil
SOIL00985,Chalky,7.98,3.74,21,18,144,1071,398,81,6.71,0.15,North,Light Soil
SOIL00986,Loamy,6.11,7.25,36,4,213,1965,451,92,22.43,0.23,North,Neutral Soil
SOIL00987,Loamy,7.52,1.11,43,28,249,652,214,6,7.26,2.37,Central,Neutral Soil
SOIL00988,Silty,6.53,6.86,42,11,105,1874,304,75,13.54,1.26,South,Neutral Soil
SOIL00989,Peaty,4.57,8.02,44,33,280,595,485,54,8.28,1.49,West,Acidic Soil
SOIL00990,Peaty,8.11,7.48,5,30,130,1072,293,24,12.4,1.13,South,Alkaline Soil
SOIL00991,Sandy,7.6,7.81,5,10,243,460,119,46,21.15,2.15,Central,Light Soil
SOIL00992,Loamy,8.56,2.88,16,19,232,692,108,27,15.41,0.9,East,Alkaline Soil
SOIL00993,Loamy,6.24,2.89,6,4,176,380,200,26,29.61,0.18,West,Neutral Soil
SOIL00994,Loamy,4.97,4.46,46,24,93,590,99,34,28.63,2.35,West,Acidic Soil
SOIL00995,Sandy,5.1,6.6,36,6,64,1376,433,96,14.61,1.78,West,Light Soil
SOIL00996,Chalky,7.36,2.39,38,30,147,415,301,16,16.93,0.21,East,Light Soil
SOIL00997,Sandy,6.68,3.4,38,37,172,766,487,35,28.38,1.98,West,Light Soil
SOIL00998,Clayey,6.54,7.17,30,16,295,552,116,58,22.32,0.69,South,Neutral Soil
SOIL00999,Loamy,6.71,4.7,48,18,108,345,353,84,27.93,0.1,South,Neutral Soil
SOIL01000,Sandy,8.06,5.73,20,19,274,1214,179,90,11.19,0.9,East,Light Soil
