stock_symbol,sector,days_since_listing,avg_trading_volume,pe_ratio,market_sentiment,quarterly_growth_percent,gdp_growth_percent,inflation_rate_percent,recent_news_score,beta_value,forecast_price_inr
WIPRO,Banking,2906,586973.0,38.05,0.89,11.91,5.39,4.75,0.42,1.11,204.33
TCS,Energy,4866,1243868.0,25.78,-0.68,19.57,6.03,4.91,1.93,0.94,189.9
RELIANCE,Infrastructure,3686,1383937.0,12.54,0.48,8.73,8.67,6.18,-1.0,1.03,163.79
ICICIBANK,IT,4506,804741.0,17.57,-0.1,15.83,4.55,3.31,0.62,1.17,184.69
HDFCBANK,Infrastructure,4620,827764.0,13.57,-0.59,21.42,8.9,7.45,0.4,0.99,184.91
ICICIBANK,Energy,4791,436547.0,39.37,-0.64,4.3,8.96,5.35,1.56,1.19,209.46
SBIN,IT,1606,1127538.0,16.13,0.91,6.09,7.33,7.3,-1.26,1.23,175.97
SBIN,Infrastructure,2371,963955.0,37.12,0.26,6.23,5.6,6.63,-0.23,0.97,165.44
ITC,Finance,2987,1209618.0,21.85,-0.57,8.53,6.88,3.74,-0.56,1.19,190.7
SBIN,Energy,3015,832552.0,29.19,0.42,21.07,7.87,5.58,-1.57,0.96,208.97
ICICIBANK,Infrastructure,1982,1175567.0,14.27,0.1,17.66,8.0,3.67,-1.75,1.14,201.75
RELIANCE,Infrastructure,1219,1139747.0,21.32,-0.41,-2.47,5.87,6.4,1.87,1.05,151.41
RELIANCE,Finance,1365,1533385.0,35.25,-0.24,14.9,6.45,4.89,-1.22,0.95,241.98
SBIN,Infrastructure,101,658433.0,23.51,-0.63,-2.46,8.81,5.93,1.18,1.28,163.09
ITC,Finance,1829,1251775.0,24.47,0.78,5.2,4.68,6.76,0.28,1.2,167.8
INFY,Energy,288,1238392.0,36.6,-0.0,28.22,6.48,3.35,-0.13,1.54,282.38
ITC,Infrastructure,4936,1377631.0,8.19,-0.36,14.43,8.73,6.52,-0.42,1.18,163.69
ICICIBANK,Energy,217,765004.0,13.85,0.94,20.35,7.8,3.32,-0.39,0.96,213.14
WIPRO,Banking,4674,1005588.0,8.89,-0.61,8.59,5.71,4.03,-0.67,0.65,152.08
ICICIBANK,IT,416,1291236.0,13.32,0.61,4.18,4.54,5.21,-1.84,1.28,167.27
ICICIBANK,Energy,1765,941375.0,22.68,-0.7,-8.8,3.25,5.11,0.49,0.88,133.46
RELIANCE,Banking,2740,879079.0,20.39,-0.69,15.8,8.39,6.37,1.86,1.12,205.86
INFY,IT,4780,1179484.0,22.1,0.09,17.33,3.67,4.93,1.53,1.01,196.32
ICICIBANK,Infrastructure,4156,1219867.0,17.03,-0.85,-7.02,5.56,5.2,-1.44,0.99,120.75
LT,Infrastructure,881,1095411.0,32.64,0.34,-6.33,5.07,5.41,0.63,0.98,157.43
WIPRO,Banking,1573,869609.0,34.91,0.55,-8.94,5.09,4.57,0.38,1.17,163.09
RELIANCE,Energy,4494,1115416.0,20.8,0.69,15.88,6.44,7.55,0.22,1.17,183.31
SBIN,Energy,3143,1170664.0,15.44,-0.5,-5.35,8.18,5.03,1.98,0.79,99.56
HDFCBANK,Energy,2211,979129.0,10.24,0.57,7.28,7.99,6.21,0.09,1.28,205.12
WIPRO,Infrastructure,1260,748808.0,30.8,1.0,11.55,6.22,6.05,-1.1,0.98,217.07
LT,Energy,1404,654063.0,22.07,0.85,14.62,5.72,4.3,1.02,1.07,187.5
TCS,Finance,666,759351.0,19.0,0.88,-5.55,6.6,4.18,0.12,1.32,149.78
ICICIBANK,IT,4319,918450.0,25.15,0.82,0.09,3.69,3.92,1.8,0.98,179.08
ADANIENT,Finance,1588,1203179.0,11.77,-0.75,28.78,3.4,6.02,1.83,1.04,172.24
RELIANCE,Finance,2662,677976.0,23.0,-0.85,28.73,6.15,5.17,1.62,1.04,204.46
TCS,Energy,1793,955301.0,28.65,-0.84,0.61,5.7,5.52,-1.52,0.97,180.79
HDFCBANK,Infrastructure,3485,861639.0,9.21,0.46,24.82,4.29,4.5,1.76,1.16,178.53
ITC,Banking,3560,269907.0,20.14,-0.7,18.23,3.91,7.59,0.72,0.99,168.48
ITC,Energy,1947,1203448.0,35.87,-0.93,-9.0,4.55,6.15,1.41,0.5,166.89
ADANIENT,Infrastructure,4201,741233.0,13.13,0.21,28.86,3.65,5.38,-0.71,1.07,179.82
ITC,IT,2031,736187.0,34.47,-0.66,23.66,7.29,7.52,0.5,1.04,208.2
SBIN,Finance,4444,491013.0,26.81,0.28,7.08,3.35,7.33,-0.6,1.09,152.28
RELIANCE,Banking,1268,1270371.0,6.61,-0.33,-6.56,5.9,4.75,0.94,1.12,117.1
INFY,Banking,3845,1321067.0,40.58,-0.75,7.49,3.85,4.63,-1.59,1.09,162.73
ITC,Finance,1509,1334396.0,28.22,0.57,18.97,7.97,3.43,1.51,0.79,252.96
WIPRO,Infrastructure,3199,1027977.0,23.48,0.32,8.91,3.91,4.16,-0.18,1.25,180.6
INFY,Finance,4737,888660.0,40.89,0.2,-4.08,4.29,3.48,1.88,1.07,182.02
WIPRO,IT,4276,1027185.0,24.3,0.66,-2.56,7.62,4.97,-0.88,1.22,142.44
ICICIBANK,Banking,1790,976856.0,33.4,-0.23,16.38,3.61,3.79,1.61,0.79,155.37
WIPRO,IT,530,1008554.0,51.25,-0.94,21.66,7.03,5.72,1.39,1.08,275.55
INFY,Infrastructure,730,865352.0,53.71,-0.24,-1.42,8.62,7.65,1.99,0.64,228.73
LT,Energy,459,1189756.0,34.88,-0.38,18.53,3.23,6.16,-1.53,0.8,185.0
INFY,IT,798,1373589.0,31.32,0.33,18.97,5.37,7.61,-1.2,0.87,215.6
TCS,Finance,857,847637.0,22.75,-0.1,11.43,3.7,7.68,1.17,1.28,183.57
LT,Infrastructure,3836,776568.0,26.27,0.09,29.67,8.48,5.44,-0.63,1.23,220.57
SBIN,Infrastructure,4014,998512.0,37.02,-0.25,18.21,8.28,6.74,1.65,0.76,226.14
SBIN,Finance,4317,1352464.0,40.91,0.87,8.0,7.41,3.55,-0.6,1.13,191.02
ADANIENT,Infrastructure,3461,700722.0,17.12,0.08,-0.27,6.84,4.78,-0.93,1.15,184.63
RELIANCE,IT,4889,1027533.0,53.32,0.74,27.5,7.68,5.62,-0.64,1.35,302.62
ICICIBANK,Energy,418,1183144.0,14.52,0.77,12.13,3.22,6.51,1.77,1.2,173.17
LT,Energy,1435,1188947.0,45.93,-0.02,6.47,3.48,3.27,0.53,0.7,164.07
INFY,Infrastructure,4064,956921.0,28.68,-0.5,-6.9,3.99,5.74,-0.01,1.28,179.21
RELIANCE,Banking,2958,911810.0,5.0,0.09,-6.6,5.12,3.55,-1.36,0.84,142.07
LT,IT,4501,1068056.0,40.26,0.11,-0.43,3.99,7.76,1.92,1.1,206.2
ADANIENT,Infrastructure,148,832706.0,12.49,0.08,12.4,6.46,5.26,-0.02,1.39,159.09
SBIN,Infrastructure,2426,1048886.0,15.58,0.55,0.04,6.46,3.72,1.43,0.61,162.06
RELIANCE,Infrastructure,410,1254349.0,16.87,-0.16,-2.85,4.13,5.8,-0.1,0.64,117.22
RELIANCE,Energy,406,897194.0,29.03,0.47,11.45,8.31,4.31,0.4,0.56,206.16
RELIANCE,IT,3428,940598.0,22.7,-0.19,6.88,6.8,7.53,0.61,0.64,167.76
ADANIENT,Banking,3427,845507.0,31.41,-0.78,29.31,8.81,6.45,1.26,0.75,197.08
ADANIENT,IT,946,983870.0,19.6,0.88,6.42,8.72,5.08,0.85,0.8,163.01
ICICIBANK,Infrastructure,1391,815416.0,16.48,0.64,-8.21,8.47,6.59,0.71,0.67,141.23
ITC,Banking,312,1183231.0,30.64,0.83,11.77,6.27,3.06,-1.91,0.88,165.49
SBIN,IT,2452,692750.0,22.31,0.26,15.19,5.73,4.34,-0.98,0.91,213.57
SBIN,Banking,2862,1095782.0,39.96,-0.62,27.73,5.5,3.34,1.07,0.81,261.09
RELIANCE,Infrastructure,1969,647627.0,36.64,-0.76,-8.46,6.75,6.77,0.47,1.08,204.35
TCS,Banking,1705,1446616.0,22.97,0.11,1.24,6.19,5.15,1.74,0.96,184.38
INFY,Finance,1949,1239522.0,30.69,0.69,27.86,3.96,3.03,-0.39,0.95,222.1
WIPRO,IT,4921,1176157.0,36.9,-0.5,16.75,3.73,5.18,-0.02,1.04,195.89
SBIN,Finance,157,563325.0,32.34,0.78,0.39,8.74,5.02,1.61,0.65,209.94
SBIN,Banking,2102,1276537.0,27.22,-0.7,13.17,5.39,6.82,-0.29,0.77,179.31
ITC,Infrastructure,353,1029202.0,22.97,-0.18,-2.69,7.25,3.81,-1.52,0.96,164.39
ICICIBANK,Banking,1354,1340761.0,39.98,-0.48,27.01,7.67,6.33,-1.19,1.03,231.05
TCS,Infrastructure,3966,1269513.0,23.56,0.84,2.17,5.73,3.74,0.91,1.11,191.75
ICICIBANK,Infrastructure,3374,727324.0,35.19,0.61,4.79,4.53,5.16,-1.49,0.94,170.91
ITC,Finance,4357,1163904.0,17.12,-0.06,-2.02,4.15,5.74,-1.95,0.92,140.6
ITC,Finance,2808,854519.0,25.63,0.27,28.06,3.78,6.84,-1.46,0.89,222.63
ADANIENT,Infrastructure,1858,943925.0,31.82,0.88,14.07,4.79,6.75,1.07,1.16,238.72
HDFCBANK,IT,4342,810870.0,27.23,0.96,-1.65,3.35,5.92,-0.4,1.07,173.1
RELIANCE,Banking,2205,1243917.0,18.61,0.84,-0.0,7.16,5.97,-0.73,0.84,139.33
TCS,Energy,4326,1049744.0,17.68,0.69,16.9,7.46,6.29,1.71,0.67,188.22
ITC,Infrastructure,4791,919437.0,19.22,0.41,15.74,3.13,5.89,1.77,1.17,191.0
ITC,Energy,4943,1105799.0,24.15,-0.07,16.32,7.27,7.53,-1.86,0.94,202.77
ADANIENT,Infrastructure,3558,1334007.0,23.56,0.56,17.89,3.3,6.76,1.94,0.88,215.15
HDFCBANK,Energy,2390,889126.0,33.89,0.35,8.66,5.92,6.6,0.14,0.96,210.55
ITC,Infrastructure,4009,771343.0,21.67,0.8,13.21,7.11,5.66,1.06,0.77,206.61
SBIN,IT,242,1017639.0,28.36,-0.2,-7.37,7.57,3.01,0.25,1.36,182.15
ICICIBANK,Finance,499,485568.0,22.97,0.69,-6.08,4.07,4.48,-1.5,0.97,117.05
HDFCBANK,Energy,583,1098889.0,27.39,-0.96,13.26,7.54,6.7,-1.33,0.54,175.12
LT,Energy,3606,989976.0,26.11,0.08,13.62,4.5,7.56,0.37,1.23,234.34
RELIANCE,Banking,1023,1528305.0,8.53,-0.62,17.84,3.52,5.93,0.94,1.16,144.22
RELIANCE,Infrastructure,3976,813114.0,30.51,0.28,14.63,8.54,5.64,0.3,1.02,200.85
ADANIENT,IT,1053,1247974.0,15.23,-0.07,17.16,8.45,4.58,-1.58,0.81,179.68
RELIANCE,Banking,4373,997204.0,38.34,-0.76,-2.54,3.56,3.3,0.45,1.14,185.14
LT,IT,3518,835514.0,28.09,0.23,29.37,5.99,4.42,-1.72,0.77,202.08
WIPRO,IT,35,1172740.0,31.26,0.43,-9.44,6.87,6.43,-0.62,1.66,167.07
RELIANCE,IT,2738,809942.0,30.86,-0.06,1.02,4.75,4.2,1.17,0.88,180.96
LT,IT,3207,622314.0,16.79,-0.8,19.17,6.16,6.67,-1.52,1.0,152.39
HDFCBANK,Finance,1355,1001556.0,48.94,-0.49,29.21,6.98,7.35,0.94,0.81,195.37
WIPRO,Banking,3132,916211.0,14.76,0.84,16.68,6.25,6.76,0.68,0.7,183.61
INFY,Banking,2879,1009821.0,7.89,-0.35,12.29,5.5,7.36,1.58,0.9,195.58
WIPRO,Infrastructure,2911,899397.0,27.87,0.22,-9.37,7.54,7.02,0.45,1.02,152.37
HDFCBANK,Finance,2474,757480.0,19.94,0.61,26.77,6.4,3.6,0.87,1.04,209.96
INFY,Energy,535,1226843.0,16.73,0.17,24.61,3.38,5.18,-0.92,0.88,150.03
ICICIBANK,Banking,197,758254.0,28.63,-0.17,4.13,3.39,6.62,0.82,1.05,157.68
ITC,IT,736,1060014.0,19.34,-0.94,29.62,8.0,5.45,-0.2,0.89,198.71
ITC,Banking,4323,1181914.0,22.22,0.09,-6.89,4.13,7.51,-0.49,1.02,154.52
ITC,Infrastructure,2777,1141826.0,31.65,0.75,-5.7,3.98,6.76,-0.52,1.1,137.91
ICICIBANK,Finance,4167,1100267.0,7.65,0.99,18.06,4.4,3.03,-1.57,1.02,193.0
WIPRO,Banking,680,1187695.0,24.73,0.52,23.89,8.42,4.11,0.3,0.59,220.28
TCS,Infrastructure,2925,1143926.0,11.04,0.2,5.9,8.2,6.47,0.16,0.73,154.54
ADANIENT,Banking,3848,875218.0,26.13,-0.92,10.67,7.53,6.99,-0.44,0.67,149.92
ICICIBANK,Banking,4414,1258355.0,24.72,0.93,9.68,3.28,6.81,-0.27,1.15,161.21
ITC,Infrastructure,438,418516.0,9.78,-0.17,9.28,8.01,4.64,-0.66,1.13,199.3
TCS,Finance,4829,1067949.0,30.58,0.87,9.78,7.27,5.01,0.84,1.01,216.12
RELIANCE,Finance,1842,1168584.0,29.3,-0.15,-6.68,8.37,3.26,-1.01,1.1,183.8
LT,IT,249,1003430.0,23.4,-0.55,12.44,8.48,4.23,0.83,1.0,172.41
ADANIENT,Finance,2813,1321069.0,32.48,0.53,21.44,4.59,7.09,0.44,1.11,214.18
TCS,Banking,704,938978.0,32.46,0.51,-0.46,3.07,4.34,-0.62,1.06,160.67
INFY,Banking,3324,780576.0,19.57,0.37,15.54,6.04,6.73,1.09,1.33,204.92
INFY,Infrastructure,4903,1189445.0,24.34,0.07,-8.53,8.16,6.03,0.58,1.12,176.84
TCS,Infrastructure,1907,1378960.0,12.17,0.09,8.7,5.77,3.75,-1.52,1.07,180.71
SBIN,IT,3315,1701782.0,25.22,0.26,15.66,3.46,4.53,1.13,1.17,220.99
TCS,IT,284,1075363.0,25.41,0.54,-1.14,4.44,4.79,-1.5,1.42,192.84
RELIANCE,Finance,209,1275693.0,30.31,-0.08,13.11,6.16,6.24,-1.7,1.13,216.27
HDFCBANK,Energy,1072,705182.0,29.89,0.77,20.07,8.8,5.78,-1.38,1.1,198.19
HDFCBANK,IT,896,1537250.0,16.09,0.84,22.97,3.77,7.23,0.12,0.7,179.12
TCS,IT,2026,1175088.0,26.17,-0.8,16.83,4.14,3.88,-1.41,0.86,192.37
SBIN,Finance,1974,1090906.0,24.62,0.76,15.23,4.05,6.32,0.99,0.78,232.56
TCS,Infrastructure,3430,719266.0,19.34,-0.56,25.04,8.43,5.97,-0.12,1.01,202.85
SBIN,Banking,3808,991700.0,13.59,-0.77,25.18,5.99,7.06,-0.96,1.31,167.7
ADANIENT,Banking,3167,1061392.0,27.98,0.16,17.7,7.22,6.51,-1.1,0.73,192.2
INFY,Energy,4277,892998.0,18.74,0.4,28.8,7.61,7.94,-1.49,1.22,231.21
ITC,Banking,610,954718.0,8.0,0.12,12.48,8.09,3.52,-1.14,1.28,204.85
LT,Banking,1978,927920.0,25.4,-0.13,-5.35,5.49,6.58,-0.08,1.16,142.02
INFY,IT,2212,1212394.0,28.86,-0.28,12.29,3.35,3.41,-1.27,1.08,164.44
ADANIENT,Finance,1603,690397.0,27.79,-0.12,21.86,8.77,5.92,-0.78,0.99,216.08
HDFCBANK,Energy,2002,650251.0,40.02,0.87,26.38,3.19,5.75,-0.05,0.86,232.09
HDFCBANK,Infrastructure,2736,1054952.0,24.06,0.36,27.04,5.6,3.32,0.74,1.19,253.3
HDFCBANK,Finance,217,1128241.0,25.15,0.6,17.06,3.1,8.0,1.21,1.3,191.5
HDFCBANK,IT,3802,810482.0,23.85,0.88,25.39,5.09,4.69,-1.03,1.22,210.26
RELIANCE,Energy,959,1209678.0,22.81,0.84,29.14,8.57,3.01,-1.52,1.0,234.21
INFY,Energy,1793,1024248.0,22.82,0.27,-1.34,6.14,4.26,-1.11,0.9,168.63
RELIANCE,IT,4137,1237139.0,21.17,-0.5,4.98,6.94,7.64,1.94,0.67,164.01
ICICIBANK,Banking,4706,1548221.0,21.0,0.24,-4.98,6.8,7.5,-1.97,1.15,138.53
TCS,IT,764,885944.0,34.73,0.66,22.03,6.31,7.72,-1.59,1.04,195.48
ADANIENT,Banking,3638,875067.0,12.65,0.72,2.62,6.05,4.38,-1.99,0.93,141.64
TCS,Banking,2778,835290.0,31.3,-0.93,23.86,6.85,3.47,-0.65,1.04,201.4
TCS,Energy,3810,1049879.0,26.77,-0.41,-8.34,3.94,6.88,0.26,0.97,83.68
TCS,Banking,3172,1401070.0,35.21,-0.6,16.4,3.97,6.23,-0.99,1.26,204.21
ICICIBANK,IT,3182,1023119.0,11.69,0.96,24.17,6.34,7.52,0.3,0.83,159.16
TCS,Energy,1033,1075178.0,41.66,-0.39,-8.79,3.46,5.15,1.94,1.1,172.99
ICICIBANK,Infrastructure,1754,1474803.0,24.33,-0.94,1.78,6.97,7.77,1.17,0.77,141.42
ADANIENT,Energy,3063,826751.0,35.79,-0.17,20.5,6.23,4.67,1.21,0.81,238.97
HDFCBANK,Infrastructure,1222,984877.0,31.3,0.66,24.66,4.73,7.52,1.57,1.13,260.44
LT,IT,4915,572427.0,37.34,-0.98,0.75,4.14,7.82,1.72,1.17,180.64
ITC,Finance,1376,717678.0,23.15,-0.27,10.29,6.29,3.78,0.74,0.98,165.49
LT,Finance,3463,1348610.0,20.35,-0.8,6.13,8.9,4.64,1.65,0.97,182.76
ICICIBANK,Finance,1669,1217388.0,49.11,-0.47,3.11,7.71,7.51,-0.77,0.8,193.58
ICICIBANK,IT,1881,1182890.0,38.83,-0.77,4.06,5.28,6.35,-1.37,0.95,169.8
SBIN,Infrastructure,133,1020000.0,28.66,0.9,27.29,8.09,4.26,0.54,1.14,228.87
ADANIENT,Infrastructure,397,606429.0,21.77,0.68,8.08,8.42,6.65,-0.83,0.64,165.16
LT,Energy,764,1004209.0,19.95,0.63,5.58,6.23,5.84,0.39,1.02,179.44
TCS,Energy,2527,1053453.0,25.42,0.55,25.27,3.13,5.54,-1.11,0.89,215.61
RELIANCE,Banking,2787,1002530.0,18.41,0.5,25.84,8.6,6.9,-1.49,0.65,203.35
WIPRO,Energy,2904,689799.0,27.55,-0.9,26.1,7.33,5.45,-0.45,0.9,237.74
TCS,Finance,1853,596704.0,47.54,-0.44,11.97,8.06,6.84,0.73,1.08,212.75
RELIANCE,Energy,4147,1193452.0,18.07,-0.52,-4.69,8.28,5.57,-1.98,1.04,139.73
RELIANCE,Energy,3535,1375762.0,30.11,-0.58,20.28,5.53,3.13,-0.98,0.87,160.47
ITC,Banking,4507,1497824.0,29.35,0.31,27.2,6.4,6.6,1.92,0.67,253.01
ITC,IT,1451,928376.0,36.57,-0.95,-7.35,3.33,6.26,1.61,1.01,169.09
SBIN,Banking,3711,938867.0,15.72,0.22,19.28,5.12,7.03,-1.7,1.2,203.74
RELIANCE,Infrastructure,3879,1190995.0,24.07,-0.37,14.06,4.91,3.11,-1.9,1.13,189.1
ADANIENT,Infrastructure,2451,1213034.0,22.81,0.25,-5.68,5.89,6.91,0.99,0.96,150.5
ICICIBANK,Energy,4995,1148474.0,22.31,-0.14,9.67,8.28,6.59,1.01,0.79,197.74
RELIANCE,IT,128,661460.0,26.62,-0.45,1.83,5.25,5.66,-1.42,0.97,139.59
INFY,Energy,4510,1002026.0,25.72,0.99,6.82,8.3,3.1,1.23,1.16,218.21
RELIANCE,Finance,1219,1545395.0,22.13,0.99,6.03,6.81,7.27,-0.12,1.14,164.74
INFY,Finance,4262,891487.0,40.68,0.12,12.2,6.44,4.12,0.33,1.16,218.7
WIPRO,Infrastructure,545,1513705.0,27.04,0.37,-2.98,3.95,4.4,0.32,1.3,155.82
LT,Finance,1582,1395638.0,21.24,-0.99,-5.51,5.05,7.73,0.01,0.79,111.86
SBIN,Infrastructure,1230,644993.0,37.51,0.72,-6.36,6.86,3.94,0.76,0.88,158.09
RELIANCE,Finance,2076,935547.0,18.2,-0.25,6.8,7.05,3.29,1.16,1.15,181.94
ICICIBANK,Banking,3660,1035362.0,27.91,-0.31,19.47,3.31,5.65,1.08,1.09,223.64
TCS,IT,465,1459366.0,37.89,0.9,29.5,8.97,5.82,0.36,1.06,267.67
TCS,Banking,143,938011.0,27.73,-0.99,19.84,6.56,3.47,-0.33,0.84,201.62
ITC,Banking,1031,1257031.0,19.35,0.6,24.81,8.04,7.79,1.58,0.6,205.27
TCS,Banking,2515,1253741.0,26.58,0.82,7.7,8.17,4.1,-0.71,0.81,186.57
INFY,Infrastructure,4550,784511.0,24.82,-0.75,-3.22,5.85,3.02,-1.49,1.23,178.09
WIPRO,Finance,1647,662838.0,21.22,0.92,1.32,5.27,3.98,-0.21,0.86,154.22
INFY,Energy,1944,1175426.0,33.99,-0.03,-3.39,4.58,4.23,1.72,0.86,163.2
INFY,Energy,4689,921631.0,22.71,0.99,18.68,8.73,7.18,-0.87,1.05,212.28
TCS,IT,887,942954.0,15.9,-0.45,23.26,7.09,4.19,-1.85,0.72,192.17
ICICIBANK,Infrastructure,737,1359129.0,28.31,0.64,2.13,3.35,7.2,1.31,0.95,163.39
HDFCBANK,Energy,403,1132725.0,24.06,0.55,12.02,6.1,4.0,-1.01,1.23,227.7
HDFCBANK,Infrastructure,2337,1360254.0,27.3,0.2,13.76,3.05,7.98,-1.49,0.9,170.35
HDFCBANK,IT,2720,642088.0,14.47,-0.33,18.06,6.15,6.42,0.15,1.16,199.11
SBIN,IT,1397,1361776.0,29.26,-0.15,11.5,5.71,4.88,-1.6,1.38,158.53
INFY,Finance,4070,1218129.0,22.3,-0.5,17.26,4.79,3.94,0.92,1.35,232.45
HDFCBANK,IT,4213,407714.0,25.26,0.77,22.29,5.89,3.56,-0.56,1.14,189.81
ITC,Infrastructure,4948,929914.0,11.75,0.84,8.13,8.14,7.94,-1.74,1.11,134.68
INFY,Energy,1490,425989.0,14.6,-0.6,-8.48,4.74,5.54,-1.99,0.88,105.86
ICICIBANK,Infrastructure,2003,1031070.0,14.23,0.84,0.96,8.92,5.55,-1.37,1.02,178.68
SBIN,Banking,1441,956155.0,24.96,-0.75,0.76,4.57,6.23,-1.63,1.09,145.43
HDFCBANK,Energy,2511,990397.0,20.54,-0.26,6.08,3.38,7.72,0.88,1.08,139.04
LT,Infrastructure,3255,1130229.0,18.09,-0.04,25.6,8.77,7.4,-0.56,0.87,194.31
ICICIBANK,IT,810,745257.0,26.38,0.2,-1.76,4.14,4.19,0.47,0.94,163.86
LT,Banking,3189,1599598.0,33.96,-0.39,29.07,6.85,6.58,-1.71,1.27,205.11
LT,Infrastructure,3022,778029.0,26.01,-0.11,18.73,5.93,6.77,-1.92,1.22,187.95
ADANIENT,IT,4842,969864.0,16.94,0.05,-7.36,7.15,4.76,0.96,0.98,131.24
WIPRO,Infrastructure,123,714282.0,35.28,0.27,-6.78,6.5,5.22,-0.42,0.86,148.61
LT,Finance,2130,1330792.0,13.78,-0.99,23.64,4.77,3.26,0.13,1.02,256.6
RELIANCE,Finance,1919,1135188.0,24.22,-0.9,-8.0,7.85,3.95,-0.36,0.87,141.17
RELIANCE,Banking,621,1063981.0,24.68,-0.77,20.43,7.84,7.99,-1.68,1.17,187.11
TCS,Finance,2132,889732.0,23.17,-0.19,26.01,3.53,6.16,1.01,1.19,247.48
RELIANCE,Energy,1412,686071.0,32.13,-0.42,7.46,3.51,3.15,0.36,0.68,167.08
LT,Infrastructure,4723,1094774.0,22.83,0.71,7.09,8.43,3.27,0.44,1.61,233.5
HDFCBANK,Energy,4392,808670.0,13.43,0.9,29.23,8.11,6.49,-1.58,0.75,207.85
LT,Infrastructure,1738,1273191.0,15.9,0.14,6.75,4.82,4.81,1.35,1.14,186.63
ITC,IT,2715,1139749.0,26.82,0.08,13.47,6.17,3.97,1.65,1.33,231.88
ADANIENT,Banking,3142,1160326.0,25.44,-0.4,16.0,4.43,3.51,1.86,1.12,210.08
INFY,Energy,3289,1140683.0,10.85,0.63,23.59,4.63,3.72,-0.16,0.77,190.35
ADANIENT,Finance,50,1057955.0,13.63,-0.84,-6.85,8.23,7.15,-1.87,1.02,124.22
TCS,Infrastructure,334,1200501.0,30.73,0.25,15.3,3.98,4.29,0.03,0.73,169.28
HDFCBANK,Banking,3833,1344382.0,22.25,0.72,1.59,6.79,5.94,-0.15,0.95,129.77
INFY,Infrastructure,2932,1045701.0,32.91,-0.2,2.08,7.4,4.4,-0.85,1.07,153.26
TCS,Infrastructure,4777,1244454.0,18.31,-0.89,22.45,7.17,4.3,0.84,1.21,218.62
ADANIENT,Energy,54,1579463.0,51.8,0.91,24.52,3.35,7.89,-0.68,1.03,228.38
LT,Energy,2299,731267.0,30.55,0.82,6.05,4.46,7.31,0.93,1.01,206.97
TCS,Banking,2522,742575.0,6.71,0.24,-2.68,7.83,4.23,0.9,0.87,143.87
HDFCBANK,IT,4895,975700.0,34.91,0.5,9.95,6.0,3.42,1.59,0.86,211.01
INFY,Banking,2732,1206144.0,16.17,0.68,1.12,4.51,7.48,-1.5,1.36,186.54
SBIN,Banking,787,756093.0,9.39,0.66,5.59,7.51,4.86,-0.28,1.04,167.81
RELIANCE,IT,3610,1196072.0,18.51,0.06,5.68,7.98,5.44,0.4,0.87,180.87
INFY,Finance,3670,735989.0,25.25,-0.37,10.41,4.78,6.78,0.48,0.75,184.17
ITC,Banking,1364,1145892.0,31.2,-0.66,-9.37,6.67,5.86,-1.94,1.15,159.77
ADANIENT,Banking,318,937152.0,26.34,0.72,13.91,5.48,6.8,-0.2,1.26,209.4
ADANIENT,Banking,412,980408.0,37.46,0.11,-8.94,7.51,5.19,0.52,1.03,188.85
ITC,Banking,645,1450769.0,27.34,0.17,23.48,4.57,7.36,0.12,0.92,173.46
RELIANCE,Energy,1293,1258403.0,13.5,0.11,29.97,5.22,7.01,-1.52,0.99,220.94
ADANIENT,Infrastructure,4369,913470.0,16.72,0.53,-5.19,7.24,7.95,-0.47,1.08,107.21
RELIANCE,IT,2118,1143212.0,15.31,0.47,14.55,4.8,7.97,1.49,1.3,182.4
SBIN,IT,3029,607584.0,11.5,0.91,19.23,8.06,7.97,1.36,0.66,191.67
LT,Energy,2508,1007513.0,40.56,0.12,-5.69,4.7,7.42,1.5,0.92,176.33
ADANIENT,Finance,3876,1176867.0,11.55,-0.52,16.93,4.32,5.79,-0.8,0.76,153.62
RELIANCE,Finance,3756,922717.0,30.71,-0.4,-1.82,7.45,6.61,0.36,1.09,140.43
LT,IT,1538,1644591.0,25.96,0.09,-3.09,6.48,5.85,0.8,1.38,207.77
TCS,Finance,4366,434562.0,26.62,0.84,6.63,8.39,4.05,-0.68,0.94,158.4
LT,Banking,680,852240.0,20.59,0.16,23.74,3.05,5.67,0.97,1.25,223.97
HDFCBANK,IT,4694,1466302.0,23.28,-0.27,11.76,3.7,4.83,-0.92,1.54,183.77
ITC,Infrastructure,4070,806939.0,25.64,0.53,20.64,3.08,5.89,-0.06,1.09,224.95
SBIN,Banking,1542,1294257.0,13.6,-0.8,19.37,5.52,4.48,-1.07,1.05,172.76
SBIN,Finance,3968,1189103.0,26.89,-0.63,29.43,6.39,3.78,-1.28,1.2,186.43
TCS,IT,2918,907911.0,33.45,0.98,6.7,6.15,5.68,-0.81,0.95,210.44
LT,Banking,225,1271730.0,27.01,0.03,8.22,4.61,7.34,-1.44,0.57,165.25
ITC,Banking,1524,793120.0,38.1,-0.96,19.09,7.57,4.43,-0.61,0.97,203.39
HDFCBANK,Banking,2150,504600.0,20.66,0.75,16.95,3.66,5.48,1.99,1.03,211.91
RELIANCE,IT,1770,901239.0,41.08,-0.54,-4.39,5.3,7.62,-1.37,0.94,168.01
ICICIBANK,Banking,2149,766306.0,6.64,-0.25,15.41,6.18,3.4,1.97,1.15,168.02
TCS,Infrastructure,1311,1308336.0,24.75,0.2,24.62,8.17,5.2,-0.35,1.03,212.91
TCS,IT,3849,1071868.0,35.19,-0.45,28.05,4.58,4.3,-0.98,0.99,245.7
WIPRO,IT,1226,518938.0,5.0,0.45,1.67,6.87,5.56,-1.87,1.25,158.73
TCS,Energy,1651,1265119.0,9.7,-0.31,13.95,4.27,5.42,-1.34,1.05,141.09
ITC,Finance,3764,1049638.0,37.99,0.57,25.17,8.57,6.33,0.5,0.85,203.59
RELIANCE,Energy,3022,1063249.0,20.62,-0.45,23.24,4.25,6.76,0.11,0.91,160.77
INFY,Energy,4258,903010.0,39.92,0.36,28.3,3.87,4.81,-0.53,0.83,244.88
HDFCBANK,IT,4933,1253709.0,14.17,-0.83,12.01,3.9,5.85,0.05,1.46,154.46
HDFCBANK,Infrastructure,1357,560949.0,28.82,0.98,25.76,5.59,5.26,1.93,1.07,242.71
SBIN,Infrastructure,700,627950.0,36.79,0.76,29.21,6.31,6.13,0.78,0.96,278.64
ICICIBANK,Banking,4607,1024995.0,14.12,-0.84,3.08,4.66,3.77,-0.57,1.35,170.82
SBIN,IT,647,1101471.0,21.75,0.79,21.89,5.61,5.69,0.95,1.05,200.91
LT,Finance,1359,1146736.0,23.75,0.82,24.29,8.08,5.4,1.82,0.77,217.28
ITC,IT,4747,851956.0,28.56,-0.92,-2.4,4.52,3.09,0.4,0.92,179.44
RELIANCE,Energy,2604,1324381.0,20.93,-0.64,23.96,7.45,4.41,1.11,0.96,209.89
ADANIENT,Finance,212,1113524.0,13.56,0.46,13.23,5.39,3.74,-0.81,0.96,187.03
ICICIBANK,Finance,1979,1247204.0,18.07,-0.08,-1.97,6.13,7.56,-0.52,0.73,148.11
ITC,Finance,3265,1123699.0,15.52,0.73,22.2,6.28,4.5,0.39,1.14,201.65
WIPRO,Finance,1109,1212146.0,36.92,0.89,-1.93,4.21,6.65,-1.0,0.84,188.56
ADANIENT,Energy,759,834949.0,33.02,0.93,-3.45,5.61,7.14,0.12,0.9,172.86
TCS,IT,1166,1230855.0,47.12,0.21,5.52,3.38,6.73,-1.69,0.51,187.62
WIPRO,Finance,4257,1147685.0,27.1,-0.61,8.29,4.44,5.27,1.75,0.5,157.93
INFY,Finance,595,1316338.0,12.26,0.16,18.56,4.68,4.42,-1.57,0.5,188.58
ITC,Energy,2564,485885.0,32.18,-0.73,15.59,3.76,4.02,1.39,0.94,200.6
ICICIBANK,Banking,1094,852567.0,34.59,-0.63,13.1,5.39,3.11,-1.25,0.83,229.59
SBIN,Infrastructure,1913,1391144.0,35.91,-0.46,7.28,8.98,5.05,0.6,0.99,202.31
HDFCBANK,IT,4224,1477583.0,17.68,0.19,-5.71,4.51,4.31,-0.44,1.21,125.52
WIPRO,IT,4732,1475006.0,32.74,0.29,-5.27,5.25,7.17,1.41,0.94,180.07
ADANIENT,Energy,2448,1062171.0,28.6,0.89,24.74,7.82,4.05,-1.31,0.8,230.95
INFY,IT,4910,1039454.0,33.61,0.15,18.25,3.67,6.43,-0.43,0.92,213.36
TCS,IT,1295,1210037.0,20.9,-0.03,-4.93,7.42,5.65,1.0,1.05,159.57
RELIANCE,IT,1411,707631.0,28.48,-0.43,6.32,5.64,6.18,1.79,0.89,201.51
WIPRO,Infrastructure,1565,657586.0,48.91,0.04,-9.61,3.63,7.89,-1.4,0.94,183.8
WIPRO,Finance,2542,1069910.0,33.24,-0.7,-7.17,4.23,7.13,1.85,1.3,190.81
INFY,Finance,2472,1513467.0,25.85,-0.64,0.46,7.49,6.16,-1.68,0.73,160.9
ITC,Energy,1152,627863.0,20.51,0.47,17.15,8.41,4.98,-1.88,1.09,197.01
HDFCBANK,Infrastructure,378,1021868.0,18.94,0.4,9.74,3.89,3.1,-1.64,0.79,153.54
WIPRO,Energy,2909,1071939.0,21.97,-0.72,-2.5,8.09,4.42,1.19,1.02,145.74
ICICIBANK,Energy,3956,817536.0,15.44,0.56,-2.21,6.17,7.28,-1.71,0.91,161.62
WIPRO,Finance,43,787924.0,21.43,0.49,18.37,5.72,7.52,-0.78,0.79,192.96
TCS,Banking,3581,1387354.0,5.17,-0.76,24.95,5.56,3.26,-1.76,0.73,167.53
RELIANCE,Infrastructure,3584,944085.0,18.08,-0.73,11.2,3.06,7.51,0.85,0.86,166.18
WIPRO,Infrastructure,4323,1233724.0,32.44,-0.58,8.63,5.4,4.11,1.15,0.82,195.52
LT,Infrastructure,121,534210.0,25.16,-0.36,23.74,8.07,3.89,-1.75,1.13,221.22
ADANIENT,Infrastructure,763,759442.0,22.26,-0.4,2.3,5.38,3.6,-0.15,0.98,136.71
ITC,Banking,4570,905647.0,31.76,-0.18,9.14,7.6,3.4,-0.99,1.05,202.44
ITC,Banking,1702,1322099.0,7.4,-0.79,20.79,8.73,4.34,-0.97,0.64,136.97
TCS,Infrastructure,4602,676896.0,25.66,0.3,9.18,8.04,7.07,0.5,1.22,206.56
SBIN,Infrastructure,3291,824665.0,23.8,-0.34,14.73,5.8,6.0,-0.88,1.47,221.6
LT,Infrastructure,1329,1072742.0,33.89,0.02,-3.46,3.91,5.77,1.43,0.91,150.23
ITC,Infrastructure,719,1486292.0,17.75,0.25,29.11,6.21,7.51,-0.55,0.79,219.8
HDFCBANK,IT,1502,911110.0,15.89,-0.76,-9.6,5.71,5.99,0.85,0.92,136.43
HDFCBANK,Banking,670,1020603.0,36.96,0.5,-1.22,7.93,7.1,1.87,0.9,188.86
HDFCBANK,Infrastructure,131,464055.0,20.88,0.3,-3.16,5.84,7.11,-0.58,0.85,147.22
ADANIENT,Energy,3608,694081.0,20.97,-0.28,5.09,6.04,3.81,1.3,1.22,143.03
HDFCBANK,IT,4769,1173447.0,31.37,0.7,-9.95,6.97,4.68,-0.02,1.04,175.01
ITC,Finance,3853,1093156.0,25.0,-0.2,5.01,4.32,4.39,0.14,1.13,177.71
INFY,Banking,2659,534191.0,13.71,0.56,-9.55,6.43,3.44,0.18,1.17,171.81
RELIANCE,Finance,1792,1245482.0,7.18,0.62,4.27,7.59,7.45,0.15,1.15,168.47
TCS,IT,784,948092.0,38.15,0.01,-5.04,6.05,4.93,1.96,1.15,144.79
RELIANCE,Energy,4385,1053186.0,33.61,-0.07,20.32,3.85,4.26,-1.01,1.12,224.1
INFY,Energy,1223,1179758.0,45.38,0.55,15.2,6.03,5.17,1.1,0.61,200.85
ITC,Banking,1049,1230815.0,10.38,0.15,18.11,8.76,7.53,1.78,1.28,203.55
ADANIENT,Banking,2171,1006805.0,20.57,0.29,-9.84,3.4,6.57,-1.66,0.95,84.01
TCS,IT,2619,1124372.0,23.49,-0.64,4.76,3.11,7.65,0.37,1.1,159.14
WIPRO,Finance,3340,947263.0,10.84,-0.0,-4.92,6.1,3.14,-0.26,1.19,142.77
INFY,Energy,3869,948622.0,28.52,-0.83,22.2,5.02,4.42,1.31,1.36,219.2
HDFCBANK,Finance,582,996399.0,46.08,0.31,9.24,6.6,7.0,0.26,1.02,228.19
TCS,IT,1281,977979.0,33.18,0.12,16.06,6.01,5.36,1.82,0.9,222.27
TCS,Finance,3022,1008334.0,25.71,-0.64,11.71,5.44,7.24,-1.26,0.65,184.21
ITC,IT,633,1208501.0,22.84,0.04,8.96,5.48,4.63,0.46,0.63,184.77
HDFCBANK,Infrastructure,1090,786227.0,11.35,-0.56,-2.66,3.55,3.39,1.99,1.0,143.75
LT,Infrastructure,1659,999673.0,30.86,0.65,18.8,5.75,5.59,-0.31,0.79,197.57
SBIN,Finance,1797,1193563.0,25.32,-0.8,22.9,8.34,6.7,1.71,1.03,219.42
SBIN,Banking,4930,1249609.0,44.33,-0.27,-1.46,7.4,3.53,1.65,1.07,210.44
RELIANCE,IT,2478,1039972.0,18.62,0.17,-2.94,4.71,7.99,-1.61,1.05,142.68
ICICIBANK,Finance,2270,1128664.0,5.0,-0.87,11.37,4.89,7.68,-0.33,1.11,154.24
TCS,Energy,4876,1198517.0,7.86,-0.7,28.0,4.76,4.07,-0.95,0.71,199.79
HDFCBANK,Finance,3227,1127572.0,30.39,-0.83,20.11,6.64,7.84,1.05,1.11,187.82
HDFCBANK,Banking,2917,729413.0,22.83,0.8,17.73,3.87,3.4,1.29,1.23,182.42
LT,Energy,2790,838689.0,39.35,0.63,3.82,6.05,7.52,-1.05,1.51,199.65
ITC,Infrastructure,4971,614287.0,33.0,0.5,12.38,6.63,3.75,0.84,1.07,237.01
LT,Banking,473,1028413.0,31.19,-0.87,0.68,8.57,5.57,-0.54,0.98,180.87
ADANIENT,Energy,4402,943248.0,18.98,0.22,4.75,4.67,6.39,0.14,0.83,134.33
TCS,Energy,1434,754021.0,31.28,-0.59,22.01,6.25,6.0,-1.84,0.95,203.37
HDFCBANK,Finance,961,1369675.0,15.46,0.31,24.06,3.05,4.99,1.03,1.04,160.75
RELIANCE,Energy,3250,824847.0,43.82,-0.42,0.13,6.79,7.12,-1.77,0.99,163.52
WIPRO,Energy,2864,812880.0,26.45,-0.14,10.64,4.12,6.04,0.39,0.99,173.01
HDFCBANK,Banking,685,1411917.0,17.16,0.31,13.56,7.8,4.1,-0.23,1.09,198.79
ADANIENT,Finance,3826,1060154.0,36.15,0.51,18.99,5.46,4.05,0.04,1.04,231.02
TCS,Infrastructure,4485,1070335.0,22.22,-0.58,8.46,3.77,6.81,0.99,1.2,124.58
HDFCBANK,Energy,3762,1130639.0,30.5,-0.19,-5.89,3.56,4.37,0.22,1.0,121.31
RELIANCE,Banking,134,611037.0,42.9,0.2,18.31,3.81,3.18,0.93,0.81,243.03
ICICIBANK,Banking,170,760144.0,8.4,0.01,12.44,4.21,3.49,-0.47,0.9,160.39
TCS,IT,2797,748143.0,28.96,-0.29,10.14,6.63,4.93,-1.67,0.66,197.33
RELIANCE,Energy,3566,500433.0,5.0,0.92,22.32,6.77,7.49,-1.82,0.82,196.05
HDFCBANK,IT,1731,1113921.0,38.22,0.34,-8.4,3.51,6.68,1.49,1.35,126.06
ICICIBANK,Finance,3089,1185214.0,31.54,0.11,-4.72,6.58,7.55,1.85,0.6,171.55
INFY,Energy,2346,995099.0,13.66,-0.33,21.47,7.65,5.66,1.81,0.9,208.19
TCS,Infrastructure,1566,704105.0,34.71,0.42,7.43,6.58,4.48,-0.63,0.85,170.44
SBIN,Energy,3768,1101422.0,35.83,-0.13,13.65,7.01,5.5,-0.5,1.14,187.67
HDFCBANK,Banking,4820,637285.0,32.27,-0.93,2.92,7.21,3.55,0.78,1.06,214.69
LT,IT,1609,827809.0,32.92,-0.94,0.25,3.18,7.88,0.41,0.94,173.45
INFY,Energy,911,848257.0,41.79,0.12,8.5,4.49,4.2,-1.47,0.82,218.82
WIPRO,Infrastructure,2391,1615328.0,6.62,0.14,18.94,3.28,7.5,0.82,1.46,147.48
LT,IT,4668,892762.0,27.71,0.54,22.54,4.47,6.26,-1.17,1.06,221.38
WIPRO,IT,4550,716363.0,17.92,-0.2,10.56,8.54,6.61,-0.58,1.06,171.28
TCS,Finance,4158,720748.0,22.75,0.58,28.96,8.97,6.83,0.43,0.87,239.18
TCS,Banking,2666,944964.0,28.94,0.82,3.01,3.79,3.39,-0.16,1.19,161.01
SBIN,Energy,382,1572703.0,34.9,-0.61,21.54,8.72,4.84,1.55,0.84,204.35
ITC,IT,3378,657283.0,5.0,0.15,17.64,8.04,4.56,1.79,0.9,197.74
HDFCBANK,Finance,1123,1403592.0,10.88,0.32,-4.07,8.23,4.91,-0.55,1.25,134.77
HDFCBANK,Energy,1999,692608.0,31.1,0.09,4.7,4.23,6.39,1.57,1.08,175.94
WIPRO,Infrastructure,2356,985572.0,27.79,0.45,-0.0,8.65,3.7,1.6,1.26,222.11
HDFCBANK,IT,839,1268055.0,28.64,-0.67,13.92,8.24,7.26,0.23,0.74,168.43
TCS,IT,910,1092487.0,21.55,-0.34,-6.76,4.72,7.29,-1.76,1.0,167.16
WIPRO,Banking,3884,1030992.0,24.73,-0.57,13.02,7.72,4.58,-1.17,0.91,154.9
SBIN,Finance,2784,799771.0,44.91,0.11,21.07,6.33,5.54,1.84,0.84,215.23
WIPRO,IT,3604,1186147.0,9.53,-0.12,28.47,5.91,4.32,1.5,0.98,176.85
LT,Infrastructure,369,969131.0,31.81,0.1,26.92,6.46,5.53,0.92,0.72,270.82
ITC,Finance,1211,553120.0,12.33,-0.69,5.09,4.52,7.54,-1.9,1.23,121.51
INFY,Banking,4435,940243.0,9.23,0.3,15.39,8.71,5.46,0.5,1.12,189.45
WIPRO,IT,1740,724797.0,22.33,0.93,-4.1,7.36,6.77,1.45,0.89,155.99
SBIN,Infrastructure,437,794340.0,23.37,-0.81,5.0,4.53,3.51,1.3,0.98,193.88
RELIANCE,Infrastructure,1990,1442020.0,26.48,-0.37,14.67,6.68,4.21,0.62,0.77,194.68
ADANIENT,Banking,2089,954715.0,42.46,-0.23,26.49,8.34,6.17,1.85,1.28,263.14
WIPRO,IT,2770,818491.0,14.3,0.81,19.04,7.12,3.08,-1.31,1.05,202.1
ICICIBANK,Infrastructure,2989,1600194.0,16.61,-0.35,22.27,5.44,4.22,-0.3,1.23,205.8
LT,IT,923,812294.0,40.35,-0.3,17.69,8.72,7.32,-0.44,0.55,232.74
HDFCBANK,Energy,883,628763.0,25.77,-0.2,2.17,7.55,3.37,-1.19,1.18,201.55
WIPRO,Banking,4009,1497232.0,26.94,-0.99,27.06,5.91,7.08,0.67,0.86,200.78
ADANIENT,Energy,1610,1046907.0,14.73,0.54,21.0,8.35,3.15,-1.86,1.09,216.58
ADANIENT,Finance,3079,1343880.0,16.11,0.56,-0.41,6.81,6.76,-1.38,0.96,116.78
SBIN,IT,4283,456722.0,10.65,-0.47,-6.86,3.34,6.38,0.49,0.91,100.27
INFY,Infrastructure,1183,733769.0,40.95,0.66,28.37,8.89,5.08,1.64,1.24,292.9
ADANIENT,Infrastructure,1451,1316269.0,24.32,0.09,-1.14,3.01,7.38,-1.63,0.75,138.78
HDFCBANK,Finance,2446,1050137.0,27.87,-0.39,-3.34,6.66,3.01,0.34,0.91,167.05
LT,IT,1949,820532.0,34.54,-0.46,8.02,7.12,6.32,0.04,0.83,198.67
WIPRO,Banking,2759,689136.0,25.21,0.42,0.54,6.57,7.26,0.89,1.38,188.71
HDFCBANK,IT,3920,1191642.0,15.52,0.13,25.2,6.22,7.95,-0.7,1.03,179.46
HDFCBANK,Finance,3790,955528.0,14.54,-0.02,-6.86,3.39,3.8,0.28,1.49,138.8
RELIANCE,Infrastructure,1357,760596.0,8.73,-0.72,-0.44,7.26,4.92,-1.98,0.97,110.79
LT,Infrastructure,3676,933047.0,38.43,0.33,-5.78,8.67,7.51,0.21,0.95,167.93
HDFCBANK,Finance,4597,812298.0,35.76,0.08,27.82,7.4,5.01,-1.76,0.9,219.5
ADANIENT,Infrastructure,3253,781677.0,34.81,-0.04,10.64,4.34,6.27,0.44,0.94,226.72
ITC,Energy,3278,635683.0,26.44,0.77,-2.51,7.65,6.24,-1.28,1.03,181.1
HDFCBANK,Energy,3525,1225327.0,13.11,0.31,24.99,7.93,6.38,1.45,1.07,194.27
INFY,Banking,4716,966253.0,5.0,-0.46,5.2,3.16,4.01,-1.42,0.88,112.77
WIPRO,Infrastructure,3037,1256531.0,29.58,0.92,6.59,5.17,3.27,0.81,1.2,207.85
LT,Infrastructure,1943,1432821.0,11.52,0.25,1.59,3.37,7.1,1.24,0.97,179.55
WIPRO,Finance,1764,1013478.0,16.2,0.57,-4.79,7.93,5.96,1.52,0.85,158.83
TCS,Finance,4261,1498722.0,10.44,-0.76,10.02,7.95,7.66,-0.18,0.76,185.39
WIPRO,Infrastructure,2665,1249562.0,20.14,0.23,-6.73,3.29,5.27,-1.43,0.98,151.09
INFY,Finance,166,902602.0,18.78,0.31,-4.04,7.33,7.68,0.8,1.12,183.52
SBIN,Energy,1118,1291930.0,40.22,-0.99,17.43,6.53,5.2,-1.65,0.89,204.42
SBIN,Energy,2227,748505.0,11.89,0.02,26.58,5.78,3.52,-0.73,1.0,173.94
ADANIENT,Finance,3451,1025847.0,23.56,-0.19,5.87,7.49,3.98,0.6,1.04,169.42
LT,Banking,3921,1231782.0,40.47,0.35,-5.65,7.19,5.52,0.35,0.93,173.25
ADANIENT,Banking,4912,1088800.0,30.18,-0.1,20.64,4.02,5.48,0.96,0.8,217.38
WIPRO,IT,2737,1150802.0,34.66,0.3,17.57,8.19,5.1,0.55,1.16,184.67
TCS,IT,2586,1305115.0,27.27,-0.23,11.04,3.08,3.49,1.25,1.26,190.17
INFY,Banking,275,1553276.0,23.75,-0.33,29.9,4.71,3.62,1.61,1.07,217.75
RELIANCE,Banking,3379,939278.0,14.44,-0.7,-8.48,6.39,3.58,-0.97,1.0,110.46
SBIN,IT,4768,1172649.0,23.86,-0.26,15.61,3.17,7.18,0.47,0.86,191.41
HDFCBANK,Finance,3117,653698.0,31.28,-0.6,-7.08,5.3,4.14,-0.22,0.74,118.32
RELIANCE,Infrastructure,475,985788.0,16.84,1.0,-1.07,8.42,5.7,0.26,0.87,156.8
SBIN,Infrastructure,3913,931783.0,27.16,0.87,7.7,5.95,4.75,1.02,0.93,212.79
ICICIBANK,Energy,4632,1208534.0,20.57,0.96,-5.51,7.62,7.12,-0.4,0.84,145.23
ICICIBANK,Energy,2088,987756.0,19.82,-0.27,-4.77,4.73,6.77,-0.47,1.17,153.08
LT,IT,588,1079663.0,29.13,-0.14,20.58,5.75,5.62,1.33,0.81,214.01
ICICIBANK,Energy,4907,1141776.0,34.15,0.19,25.61,7.36,5.97,0.12,1.03,249.66
ITC,Banking,2253,696609.0,25.6,0.57,2.86,3.68,4.43,-1.8,1.09,161.74
INFY,Finance,3686,1397278.0,40.83,0.23,4.33,4.85,5.48,-1.18,1.04,154.8
ICICIBANK,IT,1539,904646.0,19.88,-0.27,17.77,4.08,5.02,-1.22,0.93,198.65
ICICIBANK,Infrastructure,1189,1169405.0,7.24,-0.35,-3.26,7.98,4.35,1.81,1.16,134.48
ITC,Energy,701,608304.0,16.42,-0.44,20.93,6.67,5.34,1.34,1.08,193.4
ITC,Energy,729,1049945.0,23.36,0.19,-6.1,4.89,4.96,1.46,1.16,184.51
HDFCBANK,Energy,3097,1503174.0,7.96,0.5,-6.22,6.92,7.28,-1.13,0.9,152.79
ITC,Infrastructure,3183,1203964.0,40.84,-0.24,27.78,4.61,5.35,0.09,0.85,217.59
ADANIENT,Infrastructure,1099,1122193.0,18.09,-0.86,19.21,5.13,3.23,1.23,1.17,194.29
INFY,IT,236,1269693.0,25.12,-0.46,23.83,3.78,3.14,-1.73,1.03,204.5
HDFCBANK,Finance,997,1138223.0,36.36,-0.15,23.24,7.18,6.24,-1.66,1.24,206.6
HDFCBANK,IT,401,1155997.0,30.97,-0.41,1.13,7.81,3.55,0.1,1.04,184.56
HDFCBANK,Banking,4132,960932.0,19.46,0.31,-4.51,6.57,3.76,-1.25,1.18,136.13
ADANIENT,Infrastructure,2787,1023545.0,29.78,0.75,0.97,3.39,4.22,-0.34,1.01,179.57
ADANIENT,Finance,3312,714917.0,33.37,-0.7,6.3,8.42,3.83,1.33,1.2,228.31
TCS,Banking,2865,1361439.0,38.14,-0.18,29.78,6.47,6.16,1.31,1.14,258.44
ITC,Energy,1319,1317510.0,21.78,-0.2,-2.4,5.8,4.6,0.41,0.75,125.75
INFY,Energy,1008,777765.0,33.76,0.34,1.1,5.78,4.85,1.24,1.38,167.73
TCS,IT,696,1418312.0,31.12,-0.66,-3.05,3.94,4.32,0.25,0.89,138.42
INFY,Finance,3056,991965.0,44.95,-0.91,-2.3,8.59,4.11,1.74,1.35,212.16
SBIN,Infrastructure,1105,757762.0,18.01,-0.9,21.8,5.27,5.85,-1.59,0.87,197.64
LT,Finance,1922,1118067.0,13.18,0.93,26.24,4.14,5.42,1.77,0.95,210.15
HDFCBANK,Energy,2469,852534.0,21.71,0.22,6.55,4.97,3.58,-1.6,1.0,192.07
SBIN,IT,4682,817418.0,26.59,0.37,11.37,5.95,6.93,-1.4,1.26,150.53
ADANIENT,IT,320,852651.0,35.85,0.67,24.43,8.7,5.78,-0.49,0.67,228.98
HDFCBANK,Energy,2372,1183348.0,31.29,0.07,-3.66,7.19,7.99,1.51,0.84,158.96
RELIANCE,IT,4917,1091725.0,33.74,-0.31,-4.21,3.58,3.12,1.28,0.85,148.55
ITC,IT,3401,983818.0,32.59,-0.22,20.14,7.67,5.88,-1.43,1.26,222.87
HDFCBANK,Banking,3502,646436.0,16.66,0.12,28.38,8.04,4.48,-1.37,0.8,197.96
INFY,IT,210,1079215.0,16.6,0.17,3.84,4.0,3.91,0.21,0.92,154.24
INFY,IT,3176,1160077.0,43.19,0.99,17.81,7.09,4.12,-0.64,0.82,222.6
ADANIENT,Finance,4807,1258478.0,14.35,-0.09,3.12,3.29,6.08,1.39,1.48,176.96
ADANIENT,Banking,4891,1819503.0,18.73,-0.61,20.43,4.6,4.4,1.76,0.73,205.93
ADANIENT,Energy,3569,1290550.0,15.31,0.54,26.12,8.56,6.74,1.57,1.0,190.09
ITC,Banking,752,921472.0,19.88,-0.34,24.49,5.81,5.57,1.82,0.9,213.22
ADANIENT,Banking,490,1097502.0,42.88,-0.02,7.68,6.53,6.45,1.31,0.92,197.29
WIPRO,Energy,4056,966615.0,5.0,0.04,15.95,5.49,4.13,1.81,1.16,170.72
INFY,Finance,276,1348301.0,40.89,-0.01,2.76,8.91,7.27,-0.5,1.35,182.76
HDFCBANK,Banking,1043,1080830.0,21.28,0.51,4.73,4.36,6.98,-0.06,0.99,181.45
RELIANCE,Infrastructure,1721,823566.0,24.54,-0.73,-3.04,7.23,3.46,1.16,1.15,192.12
HDFCBANK,Energy,4256,1293774.0,9.4,-0.97,7.28,4.91,4.36,-1.74,1.08,167.16
TCS,Energy,917,1333851.0,21.32,-0.54,4.69,8.34,7.33,-1.13,0.95,142.19
INFY,Infrastructure,3585,1006029.0,26.21,0.35,15.47,5.84,6.79,0.28,1.06,199.26
SBIN,Finance,614,1021687.0,12.36,-0.33,-1.56,6.16,3.34,0.1,1.29,163.52
HDFCBANK,IT,3882,1170445.0,49.35,-0.85,23.88,5.0,3.5,1.75,0.71,267.49
INFY,IT,2472,666761.0,40.9,-0.45,24.08,8.58,5.09,1.01,0.91,252.02
INFY,Energy,4210,1082675.0,31.4,-0.76,-5.57,3.59,3.81,1.79,0.99,193.02
ICICIBANK,Finance,3556,1317395.0,26.62,-0.01,-3.56,3.95,3.53,1.84,1.4,208.05
SBIN,IT,2257,953700.0,25.03,0.52,14.79,7.41,7.6,0.25,1.03,197.39
ADANIENT,Finance,4339,1130953.0,24.0,0.19,9.94,6.27,3.87,-0.56,1.21,217.51
ICICIBANK,IT,3642,1013368.0,5.0,-0.49,26.93,3.56,6.71,-1.63,0.63,177.09
HDFCBANK,IT,4343,1713388.0,22.88,0.67,28.22,4.1,5.61,0.98,0.96,236.91
INFY,Banking,3820,798228.0,57.63,0.58,13.38,6.85,6.93,-1.43,0.68,259.26
ITC,IT,4397,1106561.0,33.84,0.15,1.24,8.98,4.62,-1.5,1.17,199.25
WIPRO,Finance,2046,753029.0,36.82,0.25,5.14,7.31,6.14,1.78,1.24,194.69
ITC,Finance,3437,895164.0,16.57,0.21,0.79,6.42,3.19,-1.5,1.01,166.27
LT,Energy,2892,1073218.0,26.56,0.32,21.57,7.27,3.17,1.31,1.1,199.97
HDFCBANK,Banking,3021,1024525.0,27.87,0.21,15.71,4.24,3.55,1.14,0.73,211.13
ITC,Finance,885,811432.0,33.81,-0.22,21.5,4.66,7.19,-0.56,1.22,218.74
LT,Finance,250,1230636.0,44.24,0.37,-6.63,5.17,3.53,-0.36,0.91,158.78
WIPRO,Banking,1477,1553534.0,38.55,-0.48,26.55,6.3,6.16,0.59,0.71,188.18
WIPRO,Energy,1852,999994.0,11.2,-0.29,19.07,8.93,5.1,-1.15,1.38,177.36
ADANIENT,Finance,2096,845130.0,30.5,0.66,-8.63,5.43,7.28,0.34,1.0,134.02
SBIN,IT,1796,1364379.0,29.48,0.53,1.83,4.83,4.81,0.55,0.64,123.47
HDFCBANK,Finance,787,950501.0,19.99,-0.33,-0.28,7.63,3.9,0.68,1.07,155.64
INFY,Finance,2264,1122197.0,21.69,-0.38,25.07,3.82,4.1,-1.63,0.91,248.15
SBIN,Banking,197,1277213.0,19.89,-0.27,13.68,3.25,6.35,-0.35,1.13,153.58
HDFCBANK,Energy,2048,1044925.0,28.33,0.38,-9.04,3.81,5.43,-0.88,1.24,151.35
ICICIBANK,Banking,3834,920333.0,39.86,-0.07,-4.72,7.66,4.55,1.98,0.95,191.42
HDFCBANK,Infrastructure,3028,956303.0,39.91,0.63,-6.91,8.12,5.11,-0.33,0.89,156.91
TCS,Infrastructure,873,947495.0,38.44,-0.75,0.78,7.57,4.94,-0.03,1.06,192.8
TCS,IT,2615,590300.0,30.37,-0.91,0.99,5.12,3.37,1.93,0.83,177.01
TCS,Infrastructure,4226,1393400.0,16.67,0.08,0.92,8.59,6.49,0.19,1.12,153.13
WIPRO,IT,1745,686152.0,29.64,-0.67,-4.32,5.77,5.63,0.2,0.98,143.82
LT,IT,4937,1091057.0,16.71,-0.89,5.47,6.74,3.8,1.49,0.81,152.85
TCS,Infrastructure,3798,1381577.0,36.51,0.98,27.04,8.25,4.43,-0.58,0.77,264.6
ICICIBANK,Finance,3242,899164.0,27.08,-0.0,11.37,5.3,7.25,-1.46,0.9,173.78
INFY,IT,4503,676758.0,21.57,0.95,5.98,4.92,7.52,0.46,1.18,160.31
HDFCBANK,Energy,753,813126.0,20.24,-0.51,22.95,6.21,5.06,0.5,1.26,191.63
ADANIENT,Banking,1856,1056132.0,21.93,0.53,22.29,8.42,6.61,0.01,0.84,189.04
ADANIENT,Finance,2892,1188939.0,32.14,-0.8,22.77,3.35,6.09,-1.96,0.98,189.89
INFY,Finance,3264,1323657.0,22.0,-0.23,17.05,7.86,3.38,0.24,0.91,167.58
HDFCBANK,IT,1660,1256309.0,32.01,-0.68,-0.06,6.74,5.89,1.56,1.09,187.17
WIPRO,Banking,2369,1013332.0,25.66,0.63,-2.39,4.16,6.68,0.37,0.81,130.77
INFY,Banking,4124,1096674.0,34.89,0.48,6.01,4.16,3.11,-1.28,1.25,193.0
LT,Banking,450,1012320.0,30.6,-0.23,11.6,5.61,4.34,0.31,0.96,224.21
ICICIBANK,Infrastructure,1217,1036445.0,30.48,0.35,2.35,5.5,7.91,-0.38,0.63,137.33
ADANIENT,Finance,1156,773006.0,10.86,-0.25,12.57,7.4,3.0,-0.04,0.57,160.55
ADANIENT,Infrastructure,4226,1217741.0,18.32,0.14,29.87,4.82,5.15,0.62,1.15,183.92
LT,Energy,1700,882234.0,15.59,-0.02,3.56,6.69,3.06,-0.54,0.9,159.3
ITC,Finance,2638,846291.0,33.11,0.17,-8.22,5.71,5.37,0.58,0.86,159.95
HDFCBANK,IT,1480,1378073.0,22.96,-0.46,29.93,7.62,7.01,0.93,0.92,242.66
ICICIBANK,IT,2175,1154730.0,31.32,-0.74,16.65,5.41,6.7,-1.02,0.92,206.66
LT,Energy,3526,572057.0,29.72,0.24,1.03,7.54,6.98,-1.4,1.03,154.08
INFY,IT,4885,1109924.0,18.64,0.56,-9.97,3.46,4.99,-1.72,0.92,113.66
TCS,Banking,406,835795.0,37.06,0.94,-1.93,7.86,6.77,0.87,1.19,230.64
ADANIENT,Banking,1229,1272871.0,5.0,0.81,-8.14,4.26,3.65,-1.73,0.91,123.99
HDFCBANK,IT,3261,629394.0,18.03,-0.79,23.01,8.06,3.84,0.79,1.08,189.3
WIPRO,Energy,4209,1316729.0,31.81,-0.24,4.6,6.83,5.83,-0.65,0.76,171.22
INFY,Banking,2530,1278194.0,17.61,0.01,1.79,4.71,5.02,-0.35,1.13,148.73
WIPRO,IT,866,893472.0,19.31,-0.05,21.82,6.96,3.76,-0.95,1.14,175.75
WIPRO,Infrastructure,4487,429333.0,11.18,0.83,-1.99,7.03,4.28,1.51,0.95,126.88
SBIN,Energy,1119,1000001.0,31.93,-0.14,2.48,8.09,5.25,-0.65,0.88,175.38
RELIANCE,Banking,2206,1042750.0,23.07,-0.18,1.15,6.08,7.2,-1.18,0.92,152.8
RELIANCE,IT,772,1191629.0,10.39,-0.35,-4.76,7.07,5.13,-1.04,0.56,108.77
HDFCBANK,Finance,4473,991862.0,36.16,-0.33,-8.58,6.27,7.62,0.88,1.19,177.77
SBIN,Banking,3109,544207.0,23.89,-0.97,14.44,8.1,4.79,0.98,0.98,169.1
SBIN,Infrastructure,369,1177049.0,17.01,-0.99,27.43,7.93,5.97,-1.51,1.01,203.44
RELIANCE,IT,4491,1025034.0,27.9,0.47,-6.35,6.55,3.5,0.2,1.05,129.28
INFY,IT,296,877488.0,33.26,-0.13,0.06,7.87,4.39,0.94,1.39,177.62
SBIN,Banking,476,855955.0,17.49,0.58,21.16,7.37,5.63,0.99,0.95,192.72
LT,IT,595,862505.0,22.66,0.75,-5.8,4.28,5.6,0.89,1.0,137.23
ADANIENT,Infrastructure,4065,979643.0,5.0,0.15,24.91,3.66,3.61,1.21,1.05,196.73
ICICIBANK,Finance,2185,985737.0,19.53,-0.74,22.48,3.38,5.09,1.94,0.75,198.01
ICICIBANK,Finance,2421,1222466.0,14.69,-0.65,-2.74,8.8,7.5,-1.39,0.89,96.09
INFY,IT,2317,1092863.0,9.3,0.24,15.18,7.92,3.1,1.24,1.35,203.29
SBIN,IT,4690,1272311.0,34.61,0.87,26.4,8.37,3.97,-1.19,0.96,222.37
ADANIENT,Finance,93,1403762.0,24.02,0.28,21.73,8.12,7.15,0.66,1.06,220.49
RELIANCE,Energy,1133,870798.0,18.75,-0.92,8.69,3.7,5.76,-0.97,0.78,134.06
INFY,Energy,3696,1219160.0,18.36,0.77,-9.56,5.25,6.09,-0.42,1.1,152.56
ADANIENT,Banking,2110,1379045.0,23.02,0.17,-9.94,4.73,3.0,0.6,0.73,99.53
HDFCBANK,Finance,2824,1120901.0,31.86,0.82,-2.1,8.91,4.35,0.55,0.78,218.5
WIPRO,Finance,2627,600702.0,15.66,0.13,16.91,3.14,4.57,-1.88,0.9,176.5
ITC,Energy,1027,882653.0,22.65,0.17,-2.36,6.9,5.62,0.46,0.66,153.14
ITC,IT,1694,1056428.0,20.44,0.19,7.7,3.12,4.18,-1.58,1.04,161.28
TCS,Infrastructure,119,1032744.0,29.63,0.21,4.45,6.57,3.14,-0.93,1.05,179.02
HDFCBANK,Infrastructure,1513,905940.0,40.24,0.93,4.34,3.08,3.55,1.82,0.81,214.87
LT,Infrastructure,1445,585448.0,19.96,-0.73,9.18,5.65,6.49,-1.02,1.39,183.67
TCS,Banking,4609,1028435.0,27.97,0.88,29.1,4.51,4.83,-1.97,1.14,218.61
INFY,Infrastructure,691,984162.0,36.96,0.1,26.89,6.04,6.82,0.68,1.06,244.86
ITC,Banking,2359,452859.0,12.07,0.37,25.73,3.69,7.21,0.28,0.79,157.79
LT,Energy,324,804422.0,14.32,-0.84,18.41,3.55,7.7,0.25,1.21,185.51
HDFCBANK,Banking,1628,1270683.0,24.34,0.73,8.09,7.09,3.07,-0.91,1.19,206.3
INFY,Finance,2991,1129265.0,28.12,0.09,-1.02,6.81,4.45,-1.0,0.92,171.5
SBIN,Infrastructure,3564,904646.0,12.39,0.97,9.01,4.71,6.62,-0.83,0.83,149.68
ITC,IT,2614,449520.0,30.92,0.75,-1.97,5.21,4.91,-0.45,0.68,193.98
ITC,IT,4950,719565.0,23.7,0.5,10.14,7.25,6.76,-1.2,1.03,153.38
RELIANCE,Finance,975,1394828.0,27.44,-0.42,0.19,3.29,4.92,1.81,1.21,181.45
ADANIENT,IT,4793,877184.0,22.79,0.26,21.07,3.17,6.83,-1.61,0.64,173.95
WIPRO,Infrastructure,472,691825.0,17.17,-0.2,20.93,6.78,6.77,-0.88,0.95,160.07
LT,IT,1756,766915.0,13.0,-0.78,20.71,7.88,7.17,0.48,1.39,197.64
TCS,Banking,2245,1111659.0,39.75,-0.94,27.03,6.53,7.83,0.38,1.21,244.37
TCS,Finance,3310,1254803.0,38.51,-0.72,20.06,7.48,3.99,0.3,0.9,232.11
ITC,Infrastructure,4098,781663.0,25.57,-0.06,20.97,8.55,4.38,-1.81,1.25,202.9
LT,Banking,2809,832107.0,31.16,-0.39,20.56,8.03,3.44,0.19,0.97,212.46
TCS,Energy,4695,922209.0,12.7,-0.48,12.48,6.14,5.1,-1.58,1.25,186.25
HDFCBANK,Energy,1670,802973.0,20.8,-0.13,8.06,7.8,7.09,-1.08,0.91,183.65
ICICIBANK,Banking,221,1136505.0,29.42,0.35,-0.89,4.59,4.32,0.95,1.08,188.6
LT,Finance,4573,488261.0,40.25,0.51,13.04,7.0,7.12,1.0,1.17,223.98
TCS,Finance,767,1215479.0,32.62,-0.75,14.9,3.02,7.81,0.51,0.78,147.26
ADANIENT,Banking,4108,820551.0,27.56,-0.38,6.47,8.93,6.63,-1.54,0.87,154.59
WIPRO,Energy,2531,848005.0,31.08,-0.73,-5.47,4.95,4.76,-1.1,1.04,161.4
WIPRO,Banking,4456,1187092.0,32.36,0.15,17.96,7.09,3.28,-0.17,1.04,209.76
TCS,IT,944,1046655.0,30.24,0.26,-8.21,8.58,4.0,0.84,1.07,157.2
RELIANCE,Finance,2434,984919.0,24.41,-0.19,25.18,6.19,5.08,-0.41,0.96,199.47
INFY,IT,3378,733126.0,42.83,0.52,0.86,5.61,3.25,1.45,1.0,231.82
ADANIENT,Infrastructure,2148,749315.0,26.37,0.66,21.9,5.19,7.39,-1.1,1.0,216.81
INFY,IT,4760,1211715.0,19.36,0.85,-4.85,4.6,5.75,1.48,0.88,126.46
LT,Infrastructure,4789,1743825.0,32.87,0.61,3.67,5.42,6.77,-1.79,1.36,174.2
ITC,Infrastructure,2608,788224.0,29.27,0.19,9.2,6.52,7.67,0.51,0.73,212.51
LT,IT,1683,880859.0,17.41,0.94,28.48,5.86,5.86,1.58,0.97,192.6
RELIANCE,Energy,4742,1064578.0,21.97,0.47,11.2,3.27,7.55,-1.71,0.86,190.5
HDFCBANK,IT,3158,1054671.0,21.46,0.28,9.52,4.05,5.42,1.39,1.02,172.27
SBIN,Infrastructure,2716,1068596.0,20.2,0.53,2.48,8.26,3.42,-0.57,0.84,174.71
INFY,Banking,4362,1353189.0,15.59,0.59,9.69,3.95,6.6,1.74,1.13,184.53
ITC,Energy,1653,923031.0,16.55,-0.74,24.21,3.26,4.08,0.29,1.24,210.24
WIPRO,IT,654,1080076.0,21.45,-0.82,8.82,5.61,4.96,-0.63,0.93,207.98
ICICIBANK,Energy,2546,925748.0,11.41,-0.12,0.48,3.19,6.48,1.92,0.89,125.77
ICICIBANK,Energy,4062,1372441.0,19.05,0.93,-0.04,6.14,3.01,1.2,1.24,161.4
INFY,Infrastructure,1362,1235346.0,29.19,0.07,-6.89,6.98,3.6,-1.4,1.02,153.84
WIPRO,Energy,2272,614545.0,30.65,0.92,12.8,4.86,4.87,-1.3,0.79,178.95
LT,Infrastructure,4630,952837.0,12.07,0.52,17.06,6.37,6.45,-0.54,1.23,161.42
ICICIBANK,Banking,1306,1085990.0,28.04,-0.67,25.46,3.29,3.82,-1.54,0.87,239.05
RELIANCE,Infrastructure,84,1316149.0,31.37,-0.21,-6.44,8.0,4.4,1.19,0.96,173.5
RELIANCE,IT,2277,1326294.0,47.18,-0.23,0.26,7.41,5.45,1.85,1.02,248.02
LT,IT,369,856325.0,8.46,0.64,-9.26,8.39,5.97,-1.92,1.1,139.33
HDFCBANK,Finance,2633,1362569.0,32.35,-0.08,4.99,8.03,7.06,1.33,0.86,205.27
ICICIBANK,IT,3851,1347512.0,33.94,-0.95,-9.62,3.62,6.19,-1.51,1.1,148.14
RELIANCE,IT,1945,1228968.0,28.19,0.7,2.17,5.13,7.32,1.33,0.91,186.33
ICICIBANK,Infrastructure,1917,1098765.0,34.15,-0.2,29.01,6.8,3.04,1.98,0.82,269.02
WIPRO,Banking,4678,939608.0,37.06,-0.04,15.59,6.14,3.29,-0.32,1.01,232.76
RELIANCE,Infrastructure,4579,1550409.0,9.93,-0.46,28.11,3.51,7.66,-1.39,0.68,157.02
LT,Finance,4869,674369.0,38.85,-0.54,-6.72,5.01,3.69,0.52,1.02,160.84
LT,Finance,4932,725004.0,16.5,0.84,11.49,8.99,5.39,-0.93,0.98,159.36
INFY,IT,2797,1162263.0,38.21,0.23,27.46,5.34,4.01,-1.13,1.33,261.86
SBIN,Infrastructure,1817,1059419.0,22.39,-0.15,-3.53,8.5,5.41,0.47,0.87,182.68
SBIN,Infrastructure,108,810024.0,26.37,-0.8,1.3,8.73,3.39,-0.66,1.13,132.97
INFY,Finance,840,906099.0,19.21,0.08,21.53,7.86,6.0,-0.77,0.9,167.5
ICICIBANK,IT,918,564842.0,37.26,-0.03,9.32,8.28,7.48,-0.53,0.9,188.19
TCS,Energy,1886,839303.0,33.33,-0.39,13.86,6.5,5.74,-0.77,1.02,240.26
ADANIENT,Infrastructure,4599,916487.0,25.01,-0.83,3.5,6.19,3.92,-1.98,1.21,147.68
RELIANCE,Finance,329,800875.0,26.99,0.38,20.91,7.34,4.75,-1.38,1.28,172.67
WIPRO,Energy,3984,1139068.0,38.9,0.87,6.21,5.02,5.38,-1.7,0.83,185.38
SBIN,Infrastructure,1078,911445.0,21.4,-0.66,20.27,8.59,3.7,0.36,0.78,206.99
HDFCBANK,Energy,3618,562689.0,25.99,-0.87,24.13,3.55,6.57,-1.69,0.8,212.62
INFY,Finance,2585,899632.0,27.64,0.72,19.94,4.92,6.13,1.86,1.24,254.3
RELIANCE,Energy,297,674016.0,40.49,-0.39,5.98,7.07,3.81,1.34,1.19,214.42
SBIN,Infrastructure,2182,844894.0,31.15,0.44,17.44,5.06,4.8,0.55,0.79,224.15
ITC,IT,3960,992958.0,18.9,-0.5,9.1,8.31,3.45,-0.05,1.19,151.89
INFY,Banking,3265,1615057.0,27.64,0.41,16.85,5.17,5.28,-1.26,0.99,211.72
RELIANCE,Infrastructure,4602,784423.0,19.36,0.66,-7.4,8.25,4.07,-1.9,1.08,151.35
SBIN,Finance,2391,944989.0,22.33,0.32,-5.34,7.16,6.08,1.44,0.67,164.1
TCS,Banking,3492,572259.0,18.75,0.64,22.67,4.44,3.2,-1.03,0.73,211.05
LT,IT,3221,484865.0,25.55,-0.22,21.12,7.42,5.23,1.41,1.3,236.66
ICICIBANK,Banking,2121,1190362.0,35.8,0.45,-0.15,4.93,3.05,1.89,0.79,173.71
WIPRO,Finance,219,912669.0,26.3,-0.74,4.88,7.9,5.51,-0.39,0.69,130.15
ITC,Banking,2438,947215.0,28.91,0.3,15.64,4.27,6.78,-1.82,0.68,174.73
ITC,Banking,4836,1234891.0,41.21,0.41,-9.13,4.75,4.58,-0.06,1.54,155.62
ICICIBANK,IT,4916,904625.0,23.4,0.23,13.66,8.01,5.59,1.91,0.74,205.51
RELIANCE,Energy,1642,981272.0,22.01,0.24,27.59,3.69,3.98,1.63,1.14,233.85
ICICIBANK,Banking,2143,1102486.0,19.91,0.49,4.78,7.89,3.05,-0.88,0.82,155.54
ITC,Finance,3438,957667.0,29.82,-0.21,5.95,8.79,6.42,-0.3,0.63,183.98
ICICIBANK,Energy,455,936635.0,22.97,0.97,4.35,8.3,7.41,-1.34,0.59,190.51
SBIN,Infrastructure,4670,1029060.0,33.33,0.77,1.82,6.08,4.15,-0.02,0.82,215.95
HDFCBANK,Finance,2929,799050.0,19.15,-0.63,2.33,5.73,7.25,-0.51,0.74,149.05
ADANIENT,Banking,4641,982076.0,30.78,-0.66,27.89,6.31,4.2,-0.62,1.15,248.94
ITC,Banking,779,1057170.0,38.97,0.01,24.15,3.76,7.45,-0.41,0.8,240.36
INFY,Finance,3687,1302243.0,29.43,0.33,-6.94,4.08,7.17,1.85,0.96,151.56
WIPRO,Banking,1648,929263.0,19.2,-0.91,-1.7,3.09,5.86,1.59,1.13,143.93
ITC,Energy,3244,1121659.0,14.03,-0.33,13.42,7.91,5.76,-0.37,1.31,168.61
TCS,Infrastructure,3771,1387131.0,30.92,0.81,-9.57,6.51,5.12,-1.2,0.93,147.94
WIPRO,Energy,2698,1013077.0,24.82,0.95,19.19,8.86,7.25,-1.92,0.86,216.68
HDFCBANK,IT,1097,1345652.0,18.64,-0.43,-6.45,5.34,4.66,-0.46,0.61,106.89
ADANIENT,IT,4081,713921.0,27.63,0.97,-2.29,7.3,6.66,-1.49,0.69,188.9
INFY,Banking,2805,915439.0,32.72,0.81,14.8,8.41,6.46,0.35,1.22,221.68
INFY,Energy,4037,991550.0,22.68,-0.18,14.15,4.06,7.96,0.57,0.87,162.93
WIPRO,Infrastructure,3319,1154291.0,17.69,-0.15,12.97,8.23,3.12,-1.2,1.15,187.87
ITC,Energy,3399,1245994.0,14.81,-0.47,29.23,4.12,5.9,1.11,1.06,188.28
RELIANCE,Infrastructure,4550,942676.0,26.26,-0.32,14.06,5.1,3.79,0.48,1.03,181.04
TCS,Infrastructure,856,1202954.0,42.29,0.62,8.69,5.34,3.99,-0.03,0.71,198.54
ITC,Finance,1307,938353.0,35.66,0.11,-2.1,7.66,6.88,-0.6,0.67,160.81
RELIANCE,Banking,1600,1568248.0,13.44,-0.05,2.15,5.13,3.6,-1.79,1.0,157.81
TCS,Infrastructure,139,853941.0,25.15,-0.78,18.9,5.5,8.0,0.12,1.17,206.93
SBIN,Finance,4857,246367.0,30.72,0.9,22.13,8.47,5.6,-1.88,1.14,238.07
WIPRO,Energy,1499,858277.0,26.8,0.65,26.65,5.77,6.62,0.39,0.78,236.05
WIPRO,Finance,2532,1301211.0,24.33,0.4,26.89,7.67,6.19,1.96,1.06,237.09
WIPRO,Energy,705,668236.0,24.21,-0.69,29.56,4.37,3.35,1.48,1.02,192.28
INFY,IT,4966,1191212.0,44.4,-0.18,2.34,8.27,3.71,1.33,1.14,228.54
LT,Energy,1620,803151.0,24.42,-0.44,10.74,8.51,5.15,1.9,0.76,182.98
ADANIENT,Banking,2979,920193.0,32.2,-0.97,20.95,3.18,4.9,-1.08,0.53,171.19
TCS,IT,53,986389.0,21.91,-0.25,13.46,8.1,7.95,0.44,0.65,176.42
SBIN,IT,4752,1014687.0,30.75,0.14,1.59,4.94,3.75,-0.32,1.38,175.41
LT,Infrastructure,4502,935571.0,23.2,-0.05,15.03,5.51,5.91,0.69,1.03,181.29
ITC,Finance,1153,214323.0,10.52,-0.82,0.76,3.55,7.31,-1.51,1.05,97.01
WIPRO,Banking,4115,945735.0,30.85,-0.55,23.96,6.15,7.73,-0.11,1.19,178.84
ICICIBANK,Infrastructure,4611,1011532.0,19.36,-0.2,-1.04,8.12,4.69,0.36,0.83,156.88
ITC,Finance,1406,975042.0,21.41,0.05,14.44,8.89,4.31,1.51,0.86,210.63
LT,Finance,1471,757612.0,28.86,-0.82,2.27,7.69,5.98,0.66,1.16,207.49
ITC,Infrastructure,4732,908150.0,36.56,0.05,-4.86,6.29,7.85,-1.83,0.96,164.38
ICICIBANK,Energy,4019,712990.0,23.36,-0.52,-3.96,5.11,3.93,1.54,0.78,137.79
SBIN,Energy,1591,1026645.0,21.31,-0.65,-9.67,3.09,5.22,-1.75,0.98,117.63
WIPRO,IT,252,820970.0,16.93,-0.12,14.6,4.88,5.74,0.02,0.6,160.47
TCS,Banking,3949,1059677.0,28.02,-0.84,24.14,7.24,6.66,-0.52,1.04,169.36
ICICIBANK,Energy,4134,706866.0,29.26,0.37,16.89,5.56,5.2,1.08,0.92,196.93
ICICIBANK,Finance,2842,1089495.0,30.12,0.55,-6.87,7.04,7.07,-0.49,1.09,174.93
ADANIENT,Finance,722,815725.0,15.51,-0.06,13.14,6.58,3.74,1.04,0.99,185.89
LT,Banking,4338,895328.0,24.66,-0.05,25.71,8.2,7.27,1.85,0.75,198.77
WIPRO,Banking,4244,890185.0,30.93,0.8,13.78,6.17,5.92,1.94,0.74,225.9
WIPRO,IT,3380,1125605.0,29.27,-0.04,18.82,5.16,4.12,-0.13,0.97,213.27
ICICIBANK,Banking,2342,395154.0,48.1,-0.22,-6.32,4.69,5.93,-1.93,1.1,204.12
HDFCBANK,IT,1821,1082828.0,15.38,-0.81,7.76,8.48,5.7,-1.44,0.85,154.48
HDFCBANK,Infrastructure,4972,630052.0,35.46,0.75,-4.87,4.69,3.44,1.42,1.2,195.2
INFY,Banking,2491,646496.0,25.59,-0.34,6.28,4.76,7.83,0.2,0.67,167.84
TCS,Finance,4924,1062256.0,39.58,0.47,26.05,7.59,3.34,-0.12,1.22,272.26
ITC,Finance,4203,1100039.0,33.3,-0.34,26.94,8.31,4.81,0.11,1.22,243.84
HDFCBANK,Energy,123,743894.0,32.12,0.37,9.14,7.92,5.85,-0.06,1.25,211.86
ICICIBANK,Energy,1281,1176685.0,39.93,0.82,-3.0,4.81,7.61,1.97,0.83,197.32
HDFCBANK,Energy,1188,1406580.0,27.35,0.24,16.5,8.25,4.22,1.25,1.02,227.78
TCS,IT,3630,709831.0,33.1,-0.25,5.16,7.59,4.84,0.55,0.98,190.59
HDFCBANK,Infrastructure,79,977111.0,33.44,0.31,-5.78,5.24,5.63,-0.54,0.8,156.59
ADANIENT,Energy,428,793210.0,31.02,0.14,28.31,6.04,3.66,-0.7,1.07,209.4
HDFCBANK,Banking,734,1143026.0,29.67,0.57,15.34,7.27,3.61,0.73,1.08,197.32
LT,Banking,736,837933.0,23.18,-0.37,16.68,8.12,4.57,-0.18,1.14,159.63
ITC,Infrastructure,4849,891877.0,17.44,0.32,1.37,7.18,3.66,-0.74,1.12,128.83
ITC,Finance,4733,855755.0,13.55,-0.68,29.4,4.74,7.5,0.92,0.75,199.34
ITC,Infrastructure,426,654518.0,19.12,0.36,8.13,5.4,4.54,-1.26,0.94,148.98
TCS,Energy,1303,748140.0,17.39,0.66,-8.63,7.56,5.37,-1.46,0.82,177.09
RELIANCE,IT,1217,816675.0,15.34,-0.62,15.52,4.92,6.49,-1.6,0.91,145.98
HDFCBANK,IT,3280,1248858.0,20.52,0.3,10.84,8.84,6.28,1.14,1.03,211.64
TCS,Infrastructure,2455,728733.0,10.27,-0.69,-9.41,5.86,7.39,-0.58,0.91,136.16
TCS,Energy,1795,1079589.0,22.18,0.47,19.7,4.17,6.58,1.44,0.82,215.4
INFY,Infrastructure,1191,804445.0,35.16,0.11,14.93,8.72,4.16,1.53,0.77,236.34
ICICIBANK,Finance,4091,1257505.0,32.89,-0.86,27.46,8.39,4.4,-0.93,0.66,213.92
SBIN,Finance,4610,928001.0,30.89,-0.81,-6.91,4.45,7.23,-1.92,0.74,182.29
WIPRO,Finance,2546,1067977.0,35.93,-0.02,7.72,7.12,4.21,-0.75,0.85,181.64
INFY,Finance,1279,1175803.0,11.46,0.75,27.12,6.62,3.48,1.19,1.15,215.38
ITC,Energy,442,1074257.0,41.38,0.28,14.66,7.07,7.49,1.8,1.04,223.47
INFY,Infrastructure,4591,1770895.0,19.3,0.97,-2.6,5.78,3.35,0.19,0.99,138.09
SBIN,Finance,4560,726926.0,15.86,0.98,15.65,6.59,6.77,-1.89,0.89,184.83
LT,IT,1202,1308556.0,18.02,-0.77,12.58,4.93,5.28,-0.56,1.08,173.57
ITC,Infrastructure,1799,1186759.0,27.54,-0.1,19.25,4.86,3.9,-0.8,0.89,179.74
RELIANCE,Finance,1095,859585.0,18.24,-0.53,28.57,4.25,6.62,-0.58,1.22,211.72
LT,Banking,3915,942564.0,22.94,-0.96,-1.66,3.09,5.83,-0.46,1.04,122.69
ITC,Infrastructure,3798,815661.0,11.27,0.83,3.66,3.59,7.11,0.36,0.7,142.75
ADANIENT,Infrastructure,192,652204.0,33.94,-0.19,12.07,5.25,6.75,-1.26,1.09,165.42
ITC,IT,804,1197460.0,26.59,0.02,23.23,5.42,4.6,1.57,1.22,208.63
WIPRO,Finance,530,887640.0,19.05,-0.79,3.94,6.56,5.67,-1.36,1.37,133.12
TCS,IT,4404,1280828.0,27.45,-0.15,27.63,7.07,6.51,-0.71,0.88,237.31
WIPRO,Banking,1544,833439.0,33.79,0.04,21.95,8.78,7.69,1.82,0.81,231.76
TCS,Infrastructure,2869,1228698.0,12.63,0.4,20.2,8.68,4.66,-0.86,1.02,196.34
RELIANCE,Finance,280,1160299.0,28.85,0.6,13.97,3.57,6.43,-1.5,0.8,186.55
LT,Energy,2143,1095534.0,29.45,0.53,23.54,3.31,3.24,-0.09,1.12,245.78
SBIN,Infrastructure,4959,782365.0,30.83,0.97,-2.13,4.69,3.14,1.04,0.86,172.08
ICICIBANK,Finance,2988,593445.0,17.8,0.22,12.98,3.51,5.33,0.6,1.0,161.74
TCS,Banking,1988,1138377.0,30.53,-0.2,20.4,4.63,3.06,-0.21,0.82,188.95
TCS,IT,466,1130513.0,27.55,-0.97,-6.17,3.97,6.18,0.52,0.6,155.8
ICICIBANK,Energy,3946,1217221.0,9.15,0.11,7.64,8.84,3.5,1.37,0.84,197.83
WIPRO,Finance,2286,100000.0,23.91,0.9,2.3,3.31,6.69,1.74,1.13,205.29
TCS,Banking,1479,742230.0,16.08,-0.63,-7.32,7.97,3.42,-0.0,0.97,185.33
SBIN,Infrastructure,3309,890555.0,35.66,-0.61,-0.36,5.78,4.22,-0.65,1.04,160.84
HDFCBANK,IT,2125,935715.0,23.31,-0.6,-0.3,3.88,3.42,0.38,0.83,180.52
LT,IT,1198,902458.0,28.14,-0.54,24.2,7.35,4.37,1.78,0.7,235.56
RELIANCE,Finance,2623,1002459.0,21.12,-0.13,22.12,8.23,3.36,1.77,0.66,205.5
TCS,Infrastructure,1054,423744.0,26.2,-0.75,1.23,5.15,6.99,0.99,1.05,188.79
ADANIENT,IT,1466,1275493.0,13.9,-0.83,3.91,7.47,7.63,0.31,1.0,159.45
ITC,Infrastructure,2641,782972.0,36.88,0.19,3.94,3.49,4.87,1.14,1.04,174.68
WIPRO,Infrastructure,261,815916.0,5.0,0.66,25.34,6.36,4.54,1.43,1.6,205.0
ADANIENT,Energy,4055,1222529.0,22.94,0.85,15.31,5.48,5.69,0.22,1.19,224.13
ICICIBANK,Energy,3187,798293.0,14.6,-0.15,23.26,6.4,7.7,-1.9,0.93,174.01
ADANIENT,IT,1127,850704.0,27.7,-0.14,0.71,4.42,6.77,1.28,0.9,132.53
ITC,Infrastructure,2406,1533975.0,28.78,-0.56,7.34,6.38,5.52,-0.32,0.78,197.43
HDFCBANK,Banking,4009,453429.0,35.49,0.55,26.88,6.19,6.45,1.92,1.07,258.01
INFY,Infrastructure,4768,1289020.0,44.44,0.9,27.16,3.69,6.11,-0.01,1.09,250.28
INFY,Infrastructure,1475,1319850.0,28.18,0.1,22.17,7.2,5.4,-1.72,1.06,222.36
WIPRO,Energy,4070,1062484.0,30.92,0.19,9.32,3.14,3.82,-1.2,0.67,171.69
LT,Energy,2798,850543.0,26.73,-0.32,-1.61,8.44,6.91,-1.69,0.73,125.56
INFY,IT,615,942112.0,19.62,-0.44,3.93,7.12,4.08,1.83,0.82,162.18
LT,Banking,1903,1020351.0,38.25,0.2,12.51,3.98,4.0,-0.46,1.17,203.86
ICICIBANK,Finance,987,779032.0,13.57,-0.85,-5.28,3.71,7.98,1.59,0.93,140.72
RELIANCE,Energy,4135,790603.0,27.45,-0.72,1.88,8.49,3.33,-1.47,1.12,198.77
SBIN,Banking,3035,1051032.0,21.76,0.17,2.47,3.84,5.19,-1.26,1.26,192.29
HDFCBANK,Banking,3682,901775.0,16.02,-0.84,-0.46,6.37,5.32,1.56,1.15,152.95
ICICIBANK,IT,2790,1230874.0,7.4,-0.76,16.88,3.82,7.28,-1.33,1.05,147.15
INFY,Energy,760,1003736.0,26.34,-0.07,13.21,6.1,5.99,1.72,1.12,200.85
TCS,Infrastructure,1169,776332.0,28.11,0.22,20.9,5.75,3.03,1.57,0.72,216.68
TCS,Finance,3150,1233232.0,22.15,0.85,14.78,3.75,6.54,1.16,0.94,192.63
ICICIBANK,Finance,2972,1435101.0,31.69,-0.04,15.66,5.45,3.91,-1.46,0.85,220.16
RELIANCE,IT,1236,680851.0,33.94,-0.72,7.4,5.82,4.9,-1.03,0.99,191.25
WIPRO,Energy,453,1057692.0,21.6,0.59,-7.19,3.59,4.31,-0.56,1.17,124.54
WIPRO,Infrastructure,1160,1166865.0,39.91,0.41,-5.04,7.77,3.01,1.96,1.07,202.91
ITC,Energy,4084,872663.0,23.77,0.22,22.26,8.22,5.19,-0.77,0.93,227.02
RELIANCE,Banking,2559,874902.0,31.52,0.91,21.08,7.76,3.19,-0.83,0.94,228.79
INFY,IT,3542,792676.0,31.93,0.22,5.87,6.94,6.35,0.85,0.92,185.33
RELIANCE,Energy,1216,1105329.0,16.35,-0.86,23.54,7.03,7.81,-0.97,0.98,168.89
WIPRO,Banking,2754,678291.0,42.51,0.1,-7.02,6.44,3.32,-0.43,0.92,177.03
SBIN,Banking,1861,1120246.0,16.43,-0.59,13.59,4.96,3.97,-1.52,0.77,137.04
RELIANCE,Infrastructure,587,1038283.0,18.81,0.89,26.14,3.04,7.93,0.07,0.5,208.42
WIPRO,Infrastructure,1437,1241206.0,26.44,0.16,22.72,7.3,7.17,0.57,1.33,195.52
TCS,Banking,1337,1088637.0,40.43,-0.39,-4.62,6.03,5.03,-1.67,1.24,172.7
RELIANCE,Energy,3321,744742.0,16.01,-0.47,4.56,6.0,6.3,-1.51,1.26,166.43
SBIN,Energy,2692,1137244.0,15.19,0.01,3.93,7.61,7.31,0.63,0.86,121.09
RELIANCE,Finance,1322,696396.0,11.36,0.56,12.7,5.2,6.59,-0.47,0.82,151.16
LT,Energy,3162,803853.0,19.97,-0.6,13.03,3.54,4.57,0.2,0.99,152.5
ITC,Energy,1439,735463.0,28.29,-0.92,5.78,5.39,6.81,0.94,1.36,148.94
ICICIBANK,Finance,3977,1234200.0,11.73,-0.37,29.44,4.94,6.32,1.54,0.55,179.05
RELIANCE,IT,2583,1214246.0,26.65,-0.13,-3.69,3.34,6.77,1.21,1.06,122.56
HDFCBANK,IT,4257,817938.0,10.93,-0.69,3.08,7.23,5.66,1.71,0.71,157.02
SBIN,Banking,2840,1008177.0,20.45,-0.02,19.31,7.3,6.09,1.42,0.79,185.31
TCS,IT,3603,1032939.0,17.61,-0.52,5.96,6.9,4.43,1.35,0.73,143.47
HDFCBANK,Finance,4441,1299043.0,9.02,0.52,-2.38,3.17,5.76,-0.41,1.22,144.89
RELIANCE,Finance,1410,750256.0,14.68,-0.0,-0.95,7.73,5.12,1.16,0.67,125.66
TCS,Infrastructure,778,963733.0,19.67,-0.35,-6.9,6.18,6.11,1.33,1.01,115.5
INFY,IT,2437,1251106.0,31.26,-0.45,28.83,5.41,6.6,-1.06,1.16,221.12
ICICIBANK,Energy,2784,737269.0,48.23,0.5,2.92,6.9,3.96,0.4,0.85,240.51
ADANIENT,IT,384,1189513.0,15.13,-0.25,-4.31,5.91,4.47,-0.02,1.26,123.07
TCS,IT,40,935721.0,29.63,-0.65,-4.15,4.56,5.09,-0.79,1.2,154.71
ADANIENT,Finance,2862,1043783.0,13.84,0.25,28.26,8.2,3.27,-1.57,0.93,217.56
INFY,Energy,3278,1014789.0,18.9,0.8,0.33,4.79,3.95,-0.71,1.21,157.54
WIPRO,Infrastructure,4968,836692.0,15.59,0.83,12.45,4.58,5.57,1.43,1.11,165.22
TCS,Banking,118,1000417.0,5.0,0.44,26.23,8.23,3.46,-0.03,1.16,207.16
LT,Banking,4637,803035.0,9.12,-0.34,-9.16,4.72,3.46,-0.81,1.09,110.0
SBIN,IT,1954,851751.0,11.53,-0.74,-5.02,7.47,4.47,-1.82,0.71,93.64
WIPRO,Banking,919,842097.0,38.07,0.57,-1.87,8.65,6.31,-0.48,1.16,220.75
INFY,Infrastructure,1962,1310258.0,34.33,-0.98,26.56,8.21,3.41,1.75,1.11,267.22
INFY,IT,3309,1228945.0,32.51,0.98,29.22,5.36,3.6,1.82,0.74,227.21
INFY,Finance,2974,639372.0,29.97,-0.15,-1.0,7.76,7.44,-0.05,0.66,180.12
SBIN,Finance,4521,1179866.0,18.15,-0.26,26.81,8.53,5.37,-1.67,1.33,218.92
HDFCBANK,Finance,165,738492.0,22.31,-0.2,28.76,3.8,5.89,-1.37,1.21,217.95
RELIANCE,Infrastructure,2375,1034038.0,5.0,-0.82,21.11,4.15,6.15,-1.59,0.93,167.51
TCS,Energy,542,948106.0,21.34,-0.7,-1.76,5.02,3.63,0.89,1.1,165.51
TCS,Energy,1422,1450598.0,35.82,0.4,21.87,6.07,3.5,0.18,1.27,229.53
HDFCBANK,Infrastructure,4014,637112.0,24.06,-0.04,-0.07,6.14,6.77,-1.81,0.9,139.41
INFY,Infrastructure,3439,1096788.0,30.04,-0.05,-8.86,3.52,7.09,0.89,0.99,171.98
ICICIBANK,Energy,2766,1124931.0,20.63,-0.93,10.12,3.91,4.23,0.65,0.97,181.52
RELIANCE,Finance,3121,640872.0,35.68,-0.11,-1.27,7.78,4.57,-1.67,0.99,175.48
WIPRO,IT,938,556294.0,27.17,-0.65,2.23,8.98,6.35,0.38,0.9,146.46
ITC,Energy,4065,790146.0,24.77,-0.36,7.25,7.31,6.88,-0.84,0.7,129.12
HDFCBANK,IT,2137,1007169.0,23.07,0.71,-9.33,8.3,3.2,-0.63,0.89,163.53
RELIANCE,Banking,801,1056982.0,15.41,-0.46,-2.06,6.85,6.82,-1.16,1.11,164.24
HDFCBANK,IT,1913,757226.0,33.47,-0.42,25.07,6.17,4.68,-1.91,0.82,236.72
ICICIBANK,Energy,2865,1101178.0,32.51,-0.52,-7.17,5.23,7.46,1.57,1.06,157.21
LT,Finance,1917,1140841.0,45.15,-0.81,7.85,5.39,6.72,0.85,0.91,228.6
ADANIENT,Energy,1475,1011258.0,35.88,0.16,0.5,7.34,4.55,1.85,1.15,246.64
HDFCBANK,Energy,3974,1240221.0,28.69,0.96,26.69,7.41,5.4,-0.53,0.69,216.43
WIPRO,Banking,1776,1264107.0,15.34,-0.44,-8.26,6.94,6.1,-0.39,1.26,142.56
LT,Energy,2101,1071522.0,37.37,-0.2,24.4,7.52,4.13,-1.26,1.06,236.08
ITC,Energy,618,955337.0,16.73,0.55,14.03,7.72,7.02,-1.71,1.1,221.68
INFY,Energy,4219,771377.0,28.19,-0.09,21.28,5.51,5.69,-0.5,0.95,181.07
INFY,Finance,2185,742251.0,13.78,0.3,25.45,8.12,5.39,0.9,1.13,232.05
LT,Energy,1770,778294.0,33.33,-0.69,23.43,7.69,7.16,0.59,1.34,211.26
HDFCBANK,Energy,1729,1339750.0,27.0,0.81,7.43,8.56,3.81,-0.75,1.06,226.56
WIPRO,Finance,884,836642.0,5.0,-0.65,0.63,7.76,4.34,1.37,1.01,184.24
HDFCBANK,IT,486,1119901.0,23.13,0.11,8.09,4.52,3.32,-0.99,1.08,178.85
HDFCBANK,Infrastructure,1593,766923.0,44.24,-0.16,20.46,4.22,4.55,0.2,0.65,171.58
RELIANCE,Banking,1542,827178.0,23.41,-0.87,4.34,6.02,3.39,-1.27,1.09,159.09
INFY,Energy,4268,1079032.0,27.83,-0.51,-1.11,5.04,3.01,-0.02,0.95,186.6
SBIN,Finance,121,878724.0,27.07,-0.51,24.89,6.83,7.57,-1.22,1.26,206.3
INFY,Finance,431,507326.0,23.8,-0.35,-6.67,4.78,3.58,-1.19,1.05,168.66
INFY,Finance,1220,900586.0,35.36,0.84,4.07,4.53,4.24,-1.23,1.21,185.82
LT,Banking,612,1256336.0,19.61,0.69,22.29,7.41,4.73,0.06,1.11,225.04
SBIN,Infrastructure,2256,1611931.0,29.26,-0.74,27.88,6.2,3.63,-0.94,1.47,251.94
ADANIENT,Energy,1601,1299131.0,26.73,-0.48,-3.13,6.17,3.48,1.87,1.07,197.03
ADANIENT,Banking,2545,836572.0,26.18,-0.99,29.46,3.92,7.14,-0.24,1.23,179.83
HDFCBANK,Finance,3845,843946.0,24.0,0.43,29.33,3.16,3.7,1.22,1.21,248.97
ITC,Energy,807,726795.0,26.99,0.98,25.87,5.24,4.72,-0.73,1.02,180.47
HDFCBANK,Banking,1017,357967.0,26.49,-0.51,0.95,3.71,6.22,-1.38,0.96,191.01
INFY,Energy,2638,484457.0,15.04,-0.97,23.51,3.82,7.09,-0.72,0.78,167.48
TCS,Infrastructure,2616,1105851.0,17.33,0.04,8.84,4.3,4.93,-1.91,1.09,159.03
SBIN,Energy,531,701546.0,27.36,0.44,-5.04,4.35,7.51,0.01,1.39,169.9
HDFCBANK,Banking,2327,1011663.0,23.36,-0.71,17.46,8.24,6.88,-0.44,0.98,200.24
INFY,Banking,4176,966428.0,13.87,0.63,1.59,6.64,5.0,-0.01,1.34,143.97
TCS,Banking,2526,1184264.0,34.53,0.11,-2.08,7.54,4.94,-1.53,0.93,176.53
ADANIENT,Banking,1683,743532.0,11.95,0.04,19.55,3.48,4.29,-1.31,1.32,199.84
WIPRO,Finance,685,1106467.0,21.9,0.25,3.79,5.94,6.45,-1.1,1.16,152.66
HDFCBANK,Infrastructure,3196,889192.0,30.52,-0.0,12.2,4.89,5.74,1.35,1.18,201.76
RELIANCE,IT,4156,1162508.0,30.03,-0.54,3.99,3.54,6.57,-1.05,0.74,159.67
TCS,IT,3965,888167.0,19.03,-0.07,-7.35,3.32,3.38,-1.91,1.11,130.66
WIPRO,Finance,2436,462615.0,16.68,-0.8,-7.52,3.99,6.4,0.08,1.07,121.46
TCS,Finance,3906,1141545.0,5.0,0.56,8.36,3.75,4.94,1.45,0.74,157.13
SBIN,Finance,4297,997809.0,30.14,0.13,-8.58,8.33,6.28,1.9,1.2,174.59
ITC,Infrastructure,4962,928555.0,32.03,0.88,7.62,6.83,7.75,0.07,0.9,225.25
HDFCBANK,Banking,1901,941766.0,28.11,-0.21,10.89,6.31,3.95,0.86,1.13,181.12
ICICIBANK,IT,222,1322280.0,16.76,-0.53,-3.42,7.56,6.58,-1.68,0.83,138.65
LT,Energy,2014,1376293.0,40.16,0.62,-2.67,4.08,3.42,-0.88,1.16,225.24
TCS,Infrastructure,809,513535.0,25.98,0.2,24.77,4.16,5.93,-1.61,0.73,196.78
RELIANCE,Energy,2825,1181612.0,25.19,-0.62,13.18,5.27,6.71,0.51,0.79,208.02
LT,Banking,2065,1010834.0,15.01,-0.36,3.28,6.41,3.78,-1.11,0.65,132.49
SBIN,Infrastructure,268,1530805.0,25.19,-0.42,14.46,7.09,6.04,-0.95,0.97,185.04
WIPRO,IT,1850,984143.0,26.32,-0.57,4.58,6.54,7.23,1.37,1.26,163.58
WIPRO,Finance,4773,1079444.0,19.83,-0.97,-3.95,4.52,3.72,-1.73,1.15,136.76
INFY,IT,2303,1268156.0,14.63,-0.83,-1.03,5.12,4.14,-0.9,0.55,122.28
LT,Energy,1611,833979.0,14.29,-0.1,22.33,7.59,6.65,-0.95,1.17,186.87
ITC,Finance,1866,747945.0,10.36,0.42,6.51,6.55,6.03,1.63,0.98,164.2
ITC,Finance,2125,680174.0,26.11,-0.28,-9.86,4.37,7.6,-1.83,0.92,96.62
RELIANCE,Infrastructure,4387,626781.0,27.89,0.56,6.71,4.28,4.39,-1.59,1.19,178.79
ADANIENT,Energy,4828,1190580.0,26.24,0.57,-6.18,3.66,3.99,-1.41,1.21,137.44
SBIN,Finance,1720,806757.0,18.43,-0.94,-0.19,7.91,3.01,1.87,1.1,187.8
ICICIBANK,Banking,233,458859.0,35.66,0.99,12.37,5.32,6.74,-1.15,1.37,272.77
HDFCBANK,IT,217,819723.0,52.21,-0.12,-1.14,7.04,6.13,0.24,0.89,217.43
TCS,Energy,455,700074.0,28.65,0.0,-2.52,5.53,6.11,-0.52,1.14,203.19
ICICIBANK,Banking,3665,1110531.0,31.02,-0.4,-3.26,7.38,3.89,0.2,1.06,163.8
HDFCBANK,Finance,4428,695356.0,39.68,-0.06,9.67,5.51,3.01,-1.15,1.2,222.22
INFY,Infrastructure,898,722296.0,28.41,0.97,25.27,8.13,7.56,1.06,0.71,193.53
ITC,Infrastructure,2174,1343555.0,16.49,0.57,-2.61,3.36,7.55,0.21,1.17,119.08
ADANIENT,Finance,4318,1311867.0,20.66,-0.88,-5.06,3.83,7.72,1.27,1.04,89.17
WIPRO,Finance,1338,1033154.0,24.51,-0.82,10.25,5.59,6.58,-1.77,1.07,166.98
HDFCBANK,Infrastructure,3158,823905.0,22.0,0.02,27.28,7.35,7.5,-1.57,0.63,171.94
ADANIENT,Infrastructure,985,1192862.0,48.96,0.64,13.46,6.57,7.54,0.01,1.17,258.84
RELIANCE,Energy,657,1342246.0,22.42,0.61,16.26,3.96,3.87,-0.96,0.8,224.26
RELIANCE,IT,2786,802090.0,19.45,0.85,-0.43,4.95,6.8,-0.82,0.72,140.88
ICICIBANK,Finance,4589,957321.0,24.36,-0.65,21.87,6.25,7.14,-1.1,1.08,146.2
LT,Finance,1776,664637.0,56.32,0.29,27.58,3.49,5.28,1.09,1.11,247.71
HDFCBANK,Infrastructure,1480,1414431.0,8.24,0.35,18.8,6.06,5.13,-0.77,1.0,222.91
HDFCBANK,Infrastructure,4175,844085.0,35.31,0.52,16.68,5.82,5.1,-0.56,1.12,231.09
ITC,Banking,3609,600920.0,46.07,-0.76,28.6,8.56,6.85,-1.15,1.08,220.96
ADANIENT,Finance,841,1434624.0,27.38,-0.45,-3.78,5.95,4.23,-1.37,0.83,140.03
RELIANCE,Banking,2141,700280.0,22.3,0.93,-4.07,4.92,6.12,-1.82,0.85,154.78
WIPRO,Energy,2215,975497.0,20.56,-0.59,14.06,4.1,4.93,-1.38,0.82,234.47
SBIN,Infrastructure,1746,567824.0,6.77,0.87,28.56,5.7,6.06,0.31,0.61,195.9
ADANIENT,Banking,4067,1047963.0,34.58,-0.99,21.79,8.87,3.05,0.25,1.11,230.45
INFY,Infrastructure,4864,910253.0,23.08,-0.21,3.83,7.59,6.51,1.85,0.66,162.31
INFY,IT,3630,802705.0,18.34,0.81,22.79,6.23,6.03,-0.13,1.21,223.82
INFY,Banking,2704,1260398.0,7.93,-0.44,29.38,3.87,7.93,1.85,1.27,243.07
ITC,Infrastructure,3853,981618.0,27.15,-0.48,14.76,6.6,3.07,0.64,0.54,241.77
HDFCBANK,Banking,4388,740477.0,25.3,0.62,6.12,4.27,7.76,-0.61,1.33,214.74
SBIN,Energy,4606,643574.0,50.25,0.65,2.25,5.83,4.68,1.6,0.93,251.77
ADANIENT,Energy,2466,1268836.0,24.53,-0.27,24.62,8.44,3.51,1.49,1.11,223.07
ICICIBANK,Infrastructure,3434,1234468.0,24.1,-0.09,11.46,7.17,7.59,1.12,0.88,214.63
INFY,Energy,111,1111596.0,18.37,0.51,0.6,6.7,4.55,0.51,1.14,159.57
LT,Banking,3705,721722.0,32.93,0.47,-5.43,8.32,7.86,-0.05,0.91,179.0
ICICIBANK,Finance,2966,1364091.0,21.42,0.62,0.26,8.62,5.47,-1.98,1.03,166.54
LT,Banking,405,545359.0,20.42,0.45,18.85,4.63,6.32,1.68,1.43,237.96
ICICIBANK,Finance,2395,1079174.0,24.88,-0.37,29.68,6.12,4.05,-1.69,0.97,236.02
ITC,IT,3968,1039547.0,16.67,-0.2,10.86,6.79,7.57,0.84,0.85,144.95
WIPRO,IT,1162,549188.0,35.82,0.18,14.21,6.41,3.1,-0.7,1.02,217.01
INFY,Energy,4738,934675.0,33.18,0.62,11.41,4.21,4.01,-1.53,1.18,166.63
RELIANCE,Infrastructure,3763,725103.0,24.61,-0.38,17.27,8.04,3.8,-0.46,0.97,225.39
ICICIBANK,Energy,4574,1127738.0,18.68,0.77,25.0,6.81,3.89,-1.99,0.5,203.46
RELIANCE,Banking,2032,1285462.0,18.47,-0.78,20.13,4.21,7.14,0.35,0.81,176.69
ITC,Energy,3717,1259329.0,13.14,0.59,-2.1,8.19,5.88,-1.73,0.85,132.26
HDFCBANK,Infrastructure,209,1308576.0,30.94,0.42,17.7,7.67,4.56,-1.2,0.99,227.16
LT,Energy,4839,820755.0,20.71,-0.53,-3.02,3.52,6.79,-0.65,0.99,121.54
WIPRO,Banking,3302,1410634.0,14.94,0.17,18.79,6.63,7.07,1.27,0.65,170.77
SBIN,Infrastructure,2248,859732.0,36.77,0.15,10.55,6.66,5.75,0.08,0.97,201.46
INFY,Energy,1518,1237724.0,44.76,0.44,0.21,3.82,4.99,1.13,1.04,209.64
ITC,Energy,53,1029202.0,21.23,0.42,20.84,8.04,5.33,-0.97,1.0,200.59
ICICIBANK,Infrastructure,4802,990457.0,25.9,-0.17,29.01,3.43,6.13,-0.92,0.98,193.99
WIPRO,Banking,4527,441779.0,39.92,-0.34,15.39,8.53,6.91,0.74,0.98,232.43
LT,Banking,2890,1166657.0,45.45,0.79,22.02,3.27,4.74,1.79,1.03,252.64
HDFCBANK,Banking,2824,672824.0,48.86,0.71,5.91,5.63,7.57,1.0,1.1,228.78
ICICIBANK,Energy,2480,1145906.0,18.25,0.71,13.71,6.97,7.07,1.82,0.75,228.61
SBIN,Infrastructure,1703,998822.0,22.48,0.25,-6.16,6.71,5.41,-1.79,0.86,157.9
ICICIBANK,IT,3418,939343.0,21.73,-0.16,17.39,4.26,4.02,-0.83,1.01,166.42
LT,Energy,1404,1313345.0,41.53,0.34,17.48,7.47,4.03,1.82,1.15,245.01
ITC,IT,4559,996763.0,25.82,0.13,1.42,4.38,7.63,-0.46,1.16,185.34
ITC,Banking,3777,1095400.0,23.05,-0.45,22.36,4.75,5.06,1.92,0.7,189.74
HDFCBANK,Finance,4374,1096633.0,17.04,-0.15,15.11,6.64,5.71,-1.97,0.88,174.84
SBIN,Banking,2338,996286.0,21.46,-0.43,10.1,7.13,7.69,-0.22,1.2,201.14
ICICIBANK,IT,4719,813961.0,29.7,-0.48,13.21,5.25,5.92,0.67,1.11,230.33
LT,IT,3583,915393.0,9.95,0.47,29.08,8.77,5.35,-1.5,0.76,224.75
ICICIBANK,Infrastructure,4738,1719469.0,34.87,-0.18,-4.86,5.29,7.27,0.23,0.9,151.98
TCS,Banking,172,839978.0,21.34,-0.27,16.99,8.41,7.57,-0.61,1.17,206.54
INFY,Energy,240,1008552.0,33.2,0.86,12.18,3.25,4.9,-1.54,0.94,179.65
TCS,Energy,1026,1312456.0,14.76,-0.83,-3.67,6.47,6.57,-0.5,0.81,128.12
RELIANCE,IT,733,779210.0,28.89,-0.66,1.51,8.79,7.47,0.08,0.77,201.32
HDFCBANK,Banking,2886,1084339.0,6.83,-0.85,2.84,6.51,5.04,0.17,1.06,145.99
SBIN,IT,1241,464331.0,37.27,-0.97,26.62,8.55,6.93,0.64,0.58,225.74
ADANIENT,IT,2794,1171912.0,25.6,-0.62,-3.11,8.68,6.26,0.95,1.17,191.59
HDFCBANK,Infrastructure,3470,672066.0,17.74,-0.06,-5.21,5.04,4.16,0.42,1.02,146.95
RELIANCE,Infrastructure,4728,757305.0,28.98,-0.04,3.4,3.76,5.26,1.42,1.33,212.72
ITC,IT,1555,1146597.0,27.02,0.01,8.94,4.07,5.69,0.09,1.17,178.99
ICICIBANK,IT,777,852935.0,22.0,-0.65,21.06,7.59,3.4,1.21,0.89,209.12
LT,Energy,2287,225692.0,39.72,-0.95,11.74,4.82,6.1,-1.54,0.95,154.41
SBIN,Energy,3327,964212.0,34.65,0.26,4.06,4.13,4.14,0.48,0.8,198.07
ICICIBANK,IT,4226,640108.0,29.65,-0.73,10.89,3.59,4.51,0.67,1.14,175.29
HDFCBANK,Infrastructure,643,909729.0,24.9,-0.08,27.07,4.16,6.3,-0.53,1.27,185.93
ADANIENT,Infrastructure,4057,630515.0,37.03,0.85,20.6,4.42,6.97,1.85,1.03,228.7
ICICIBANK,Energy,4534,1378460.0,23.8,-0.71,-4.8,4.23,5.87,0.46,0.77,148.06
TCS,Energy,64,1005530.0,15.69,0.52,20.86,8.4,7.63,-1.45,1.34,225.64
TCS,Energy,243,718941.0,18.47,0.87,25.32,8.37,7.19,-0.33,1.07,216.86
TCS,IT,1957,891366.0,17.36,-0.36,2.64,8.74,7.83,0.84,1.47,190.5
WIPRO,Energy,4533,1210602.0,14.15,-0.01,21.39,8.55,7.05,-1.47,0.72,184.5
ICICIBANK,Finance,3387,1060996.0,31.8,-0.34,15.89,5.52,4.06,-1.99,1.09,161.46
RELIANCE,IT,2428,1156139.0,34.45,-0.57,1.87,6.01,3.42,-0.12,0.85,175.49
HDFCBANK,Infrastructure,198,948032.0,42.05,0.87,22.7,5.63,4.53,-0.56,1.01,284.84
LT,Infrastructure,711,567774.0,16.35,0.84,-5.87,6.47,6.24,-1.86,1.04,148.19
HDFCBANK,IT,4846,610294.0,13.92,-0.18,-1.89,7.96,3.41,0.26,1.14,153.78
SBIN,Finance,2540,883909.0,11.6,0.53,-7.08,3.69,7.07,-1.89,1.21,137.59
TCS,Energy,1326,798106.0,35.14,0.84,28.58,8.73,6.73,1.64,0.8,255.39
TCS,Energy,1400,1007056.0,26.78,0.0,19.46,8.68,5.43,1.99,0.85,185.64
LT,Finance,663,1159536.0,16.32,0.78,25.75,3.34,3.94,1.96,1.16,230.44
RELIANCE,Banking,4825,1044630.0,32.0,-0.2,11.59,5.48,6.54,0.66,1.14,259.97
RELIANCE,Energy,1192,977999.0,26.46,-0.48,20.04,4.78,6.62,0.59,0.55,198.17
INFY,Energy,2151,1153192.0,32.04,-0.57,-6.6,6.89,7.8,1.56,1.0,148.21
WIPRO,Banking,4483,1043897.0,17.3,0.58,10.46,8.08,6.91,0.01,1.24,201.5
TCS,IT,1413,1092532.0,13.65,-0.19,29.81,8.94,3.49,-1.97,1.04,197.99
SBIN,Energy,1962,1134486.0,18.61,0.01,22.26,5.66,7.14,-1.24,0.61,170.47
WIPRO,IT,3446,724278.0,23.7,-0.34,15.3,7.83,3.42,-1.55,1.08,175.08
ADANIENT,Finance,1039,1492725.0,22.18,0.2,19.38,5.25,6.86,-0.61,1.32,195.71
ICICIBANK,Energy,3210,758950.0,25.22,0.45,24.29,6.19,3.64,-0.48,0.59,237.6
HDFCBANK,IT,1774,1228847.0,29.51,0.08,25.9,6.05,6.36,-0.75,1.15,221.86
ADANIENT,Infrastructure,944,955223.0,14.39,0.56,5.2,4.84,4.06,0.07,0.82,188.8
SBIN,Banking,4979,637694.0,30.16,-0.71,21.66,6.13,4.09,-0.24,1.17,225.88
TCS,Finance,3958,689277.0,27.76,-0.19,-3.17,3.99,3.03,1.48,1.23,191.83
SBIN,Finance,65,986992.0,33.91,0.04,28.55,8.17,4.98,0.61,1.04,257.31
ADANIENT,Infrastructure,977,982627.0,26.11,-0.14,-7.52,6.53,5.3,1.17,0.72,173.17
RELIANCE,IT,364,1040670.0,20.17,-0.52,-0.63,3.5,6.35,1.81,1.02,183.53
SBIN,IT,2355,919417.0,28.42,-0.34,12.13,4.88,3.2,-0.8,1.17,176.33
TCS,Infrastructure,2421,952934.0,12.23,-0.51,4.5,8.75,6.43,1.2,1.03,175.09
HDFCBANK,IT,2906,1142898.0,21.79,-0.44,-9.97,7.29,4.44,1.27,0.54,160.92
