Academic Score,Attendance (%),Course Engagement Score (0-10),Study Hours/Week,Parental Education,Gender,Pass/Fail
49.673992349538175,92.89791748242322,3.396432888574127,9.434586149051626,Postgraduate,Male,Fail
52.74780362550597,78.05932143954041,5.848656773966869,0.0,Graduate,Male,Fail
97.28293557303553,95.2777851479586,4.325246901646582,7.934508196387339,None,Male,Fail
66.78404395404178,86.80157742554483,7.19223459533429,6.591320043909466,High School,Male,Fail
68.17899477669313,65.832553879638,7.895088061315377,9.60998425777642,Graduate,Female,Fail
75.92519134379482,72.82185603238568,0.245472121901541,7.008249939474442,Graduate,Male,Fail
77.10037707382878,81.08010473351857,7.806723022411787,10.192485839894669,Postgraduate,Female,Fail
75.53802995612678,95.52274424311386,3.897728971882093,12.244667244768657,High School,Male,Fail
47.34216108031698,81.08437649648053,5.180729327147705,7.958636602858713,None,Female,Fail
37.11065058591502,95.89968842220932,3.6289445506614273,0.7100428923424911,Graduate,Female,Fail
37.5158248168672,65.86600182398506,1.6668400256570826,6.203729034923335,Graduate,Female,Fail
78.21034676176885,65.10393137504913,4.434359445517398,15.774096592608338,Postgraduate,Female,Fail
54.66333337538101,84.55611486176731,9.112695885892952,7.104913389280357,High School,Female,Fail
77.46351791406377,93.65859259494053,8.07606531330426,16.100202277837134,Postgraduate,Female,Fail
71.1218871986571,79.37121871889556,3.032497544561863,7.149925720852501,High School,Male,Fail
38.36617848697146,100.0,9.040095889819174,19.205415802299,High School,Male,Fail
51.70217018789295,81.58336458729667,3.6343317047958057,14.133456773060566,Graduate,Male,Fail
66.20354714351502,84.31172247840391,8.256739569575629,19.059432972832134,Postgraduate,Female,Fail
70.19866797748347,79.98706347378236,7.66099818763341,18.001137953526932,Postgraduate,Male,Fail
78.55458223742428,95.30975836147238,8.472361836943708,8.754922215063079,High School,Female,Fail
76.85289818350292,82.18003634617516,3.6495295101769933,12.00250808956202,Graduate,Male,Fail
51.707818178833406,85.37552839772017,9.709043448022381,17.341849711130244,Graduate,Male,Fail
58.676196029967514,100.0,2.1639378717566893,10.539522105132392,None,Female,Fail
41.54410238674292,95.80237592689316,8.314870782948521,7.028843717268181,High School,Female,Fail
74.08503374577323,88.92510397653122,5.78241136742903,8.440326052789977,None,Male,Fail
70.30961397149215,65.34195501727189,2.2205739651533363,13.588050376451525,Postgraduate,Female,Fail
71.23808230858474,75.02481352666098,4.695623003159718,9.130688012175517,High School,Female,Fail
71.6177147999619,86.69165263197758,6.501875368268579,15.434848333641625,Postgraduate,Male,Fail
65.81478063338,95.26086283819278,5.637620752771908,8.579281741016638,Postgraduate,Female,Fail
69.44296732346342,88.98452762341626,8.632672338848135,6.6193816414357745,Graduate,Female,Fail
62.95719671528473,71.97142910456944,7.84592840534088,16.19701662700892,Postgraduate,Male,Fail
61.37313022638201,88.44405972327029,7.626155839580444,6.581221286020023,Graduate,Male,Fail
79.90783631703731,90.39907954980862,8.473202320741436,13.744645113994268,Graduate,Female,Fail
60.3957796967591,88.81989415013517,9.72190779302686,8.479302455083413,Graduate,Female,Fail
68.04656466271221,67.5897496139894,8.86140445153732,2.34277717588445,High School,Female,Fail
68.0332930131151,84.52502709397913,6.3108170510175645,19.15248846241764,High School,Female,Fail
52.75328551242857,75.4559169069936,3.4409410101213633,15.125506982552642,Graduate,Female,Fail
23.817207223501413,73.94567424883452,8.944987970585746,7.4022571065388725,Graduate,Female,Fail
50.45485895728178,83.2735641748238,2.8664491200219047,12.376027602420477,Graduate,Female,Fail
77.10958277233017,83.4130934318756,7.132369289844075,19.546005205221277,Graduate,Female,Fail
52.94412242983112,95.44405528610658,9.488206387191413,5.414212724583145,Graduate,Female,Fail
75.55446612007367,86.98499870212082,0.25094394754496374,14.855806597121418,Graduate,Male,Fail
63.66495408528833,73.35402528939912,9.883578770173154,15.670175901858636,High School,Female,Fail
36.329819113034326,62.692525691515755,5.580159454669324,9.620128795550224,High School,Female,Fail
50.82484573955489,87.64470800025778,9.745067951061076,7.7314182347435985,Graduate,Male,Fail
69.3230374464122,88.36276460632628,9.555279439874692,16.95564244039259,None,Male,Fail
86.46299557335993,100.0,8.497213221607897,12.600570178942878,Graduate,Female,Fail
78.4092268679874,88.48874192286375,6.2091068373421185,13.936976118501429,Graduate,Female,Fail
39.25852303813589,86.27654771459136,6.219624624972577,12.403783599079603,Postgraduate,Female,Fail
89.86480796997985,74.06799818819154,8.329306348721678,0.0,High School,Male,Fail
63.94121395409089,77.11286461767475,6.928259356035923,4.7760583862885575,High School,Female,Fail
73.65828090623967,78.09701660225923,1.1526508918297773,12.352523108979328,None,Female,Fail
54.83956128300617,81.54277174795213,7.03822273826488,7.446619562296526,High School,Female,Fail
79.74218841563349,83.17044025022598,9.224469877639203,4.379496125411246,Graduate,Female,Fail
64.88032136177094,77.21760169073933,8.697024455286048,14.22700194098337,High School,Male,Fail
42.376577247351946,78.84338826173962,2.1696607989134034,13.959857200340982,Graduate,Female,Fail
68.07637702405918,75.17653811478627,2.409673005686738,15.464320477251018,Graduate,Male,Fail
38.07429180291389,83.82178708681113,1.5209634880195333,9.358015293357113,High School,Female,Fail
85.46413465176693,89.27130481128067,7.347617126869674,9.296556616250074,High School,Male,Fail
67.17540590325004,77.17072725245332,5.872500219759821,9.318627753045037,Graduate,Female,Fail
77.0996724902455,85.1411241414024,8.932110529640676,13.095215296142632,Graduate,Male,Fail
71.3217720747595,83.09951021238871,3.692929859613847,19.188843822638315,Graduate,Male,Fail
58.80629851749228,81.11859844926839,2.020378449825786,0.0,Graduate,Male,Fail
43.91530020080326,100.0,3.164862199135138,20.066038216442994,Graduate,Female,Fail
65.94187571886016,81.91891738828011,2.8145126519318464,3.4417282479968323,Graduate,Male,Fail
64.38229064838285,63.091954519322414,4.815191647475842,5.134576250157023,Postgraduate,Female,Fail
67.45330795266212,76.45347425101438,2.3447724738870948,12.761046075870485,Graduate,Male,Fail
62.86049580036311,76.29896226970395,6.347054484252378,14.299502457838507,High School,Male,Fail
53.41262368803693,86.68450542739849,2.5652842771599396,2.5931025142411634,Graduate,Male,Fail
35.612671256768984,97.08027367949435,4.751249283826805,8.97537530901847,High School,Male,Fail
53.63229115772556,86.24527376176766,0.5698012161718269,12.162465841175962,High School,Male,Fail
76.64115498221,87.2356373763204,5.369947938489023,8.439403778145575,Graduate,Male,Fail
55.88829752209003,91.28263571494676,8.494215054931617,14.1853748944752,High School,Female,Fail
58.4896682638248,96.72166584758847,6.8728963839899215,0.0,None,Male,Fail
58.143241715586285,71.44473948407375,8.987052410053325,3.9628847537237775,Graduate,Female,Fail
66.12685571040842,92.12105178686414,9.316403931420918,12.461119490008425,Postgraduate,Male,Fail
65.70643880297408,94.31427408511296,4.865228170585678,10.212454429140504,Graduate,Female,Fail
81.50996014079782,77.97169087190434,6.254882250419484,13.790700776096113,Graduate,Female,Fail
90.85898243685192,80.37065936355376,5.843195464035849,1.9347721862728946,Graduate,Male,Fail
61.53162331527424,81.28521937318402,8.569808633577829,14.492758483170363,Graduate,Female,Fail
53.181663092409515,88.40350460400813,4.0265827333414075,7.272037327520502,Postgraduate,Female,Fail
67.66537941150565,94.98323751318262,5.5189079862468695,7.920466962469131,Graduate,Female,Fail
78.53477058496391,95.08132916278971,3.5222733083225375,16.450067358676975,Postgraduate,Female,Fail
84.31978507043658,75.5413667055482,3.318711066459823,14.197607420083589,Graduate,Female,Fail
61.92159202956435,87.56898272677529,2.7626572669729543,1.990489086612797,Postgraduate,Male,Fail
49.05407111138268,74.31431262906327,6.631138042407513,8.754439416221963,Postgraduate,Male,Fail
72.57173017183987,79.70010866248434,5.458436299428593,0.0,Graduate,Male,Fail
68.99265968629433,94.35747199162229,7.387347345050078,11.408727383988058,High School,Male,Fail
57.186495926398266,100.0,7.807067700785333,13.981500192449897,None,Female,Fail
38.965099017235666,78.8443345472498,3.8036780199774354,7.252020107025201,Graduate,Male,Fail
83.28131420289843,90.73022967584345,8.361548248012717,12.117441780546187,Postgraduate,Female,Fail
69.79995228916636,85.71742809668628,7.512745786314694,17.818702143089887,Postgraduate,Male,Fail
66.88809297749314,82.44259320079847,6.427257639683858,8.723964344615155,None,Male,Fail
50.57847000631037,73.26858075005549,4.9328133098875915,3.3928171244420575,Graduate,Male,Fail
64.11071015817006,77.94911310758056,5.785493127661292,8.898526392732194,Graduate,Male,Fail
78.07636961066996,100.0,5.581854540183796,15.262862700215376,Graduate,Female,Fail
72.39501753196006,81.701602265777,3.658262583409141,6.179749601787119,High School,Male,Fail
65.33205827221269,73.06044431437229,5.819035177362317,14.214496218211428,Postgraduate,Male,Fail
60.653582912507446,100.0,9.658053589276841,0.0,High School,Female,Fail
72.6353771315443,89.56444582506286,5.221889444145661,16.670029211092206,Postgraduate,Female,Fail
55.07665711375872,94.66243032475019,8.983469636924962,7.730348694816337,High School,Male,Fail
97.0185403900664,100.0,7.3412810336240675,1.9898719374257894,Graduate,Female,Fail
48.641091932720386,78.57469239613317,6.54324431627673,15.001982146080827,High School,Male,Fail
55.71298380815361,84.66411338957074,6.550958931847907,6.297888950938875,Postgraduate,Female,Fail
82.03262571043516,100.0,3.318363167912982,12.71386483344292,Postgraduate,Male,Fail
49.50952037781616,93.22538990520052,0.8837304306242999,0.13195130106244868,Postgraduate,Female,Fail
73.23564603645613,73.88262693998563,5.882127706273518,13.193849459472858,High School,Female,Fail
64.22616890135136,82.4731348868693,6.316719114274971,7.392398346014923,Postgraduate,Female,Fail
78.87580320270878,61.04720444800549,8.919971420288238,6.829155697135091,Graduate,Male,Fail
73.160120308005,84.10509870644762,9.191882250371918,11.313239062237683,Graduate,Male,Fail
79.7114521533805,76.1948868810105,9.12394387497123,19.407809612037354,Graduate,Female,Fail
52.87199394392251,76.41911512833327,6.5764981989932005,4.156591905300557,Postgraduate,Male,Fail
65.84568781456105,66.1314621082294,5.728407642060861,11.286154878659486,Postgraduate,Female,Fail
62.99912219506925,77.91375677343358,3.925982144574597,6.046516883893622,High School,Male,Fail
65.49828472950036,100.0,5.583351471683153,13.125824259670935,Postgraduate,Male,Fail
63.62964947742093,80.78469547053473,3.6039359263246795,8.418660917518965,High School,Female,Fail
78.24743892054364,77.69094528586395,7.496104811203698,14.619260770993638,High School,Male,Fail
55.894295787679326,89.29249138263475,3.1743365190478445,18.260329539905904,Graduate,Female,Fail
59.69800987427032,82.40205093002675,5.734163837977125,12.846946601092764,Graduate,Male,Fail
57.43654863119755,93.18961385486682,0.2018555507915154,10.839996179771635,Postgraduate,Female,Fail
61.32960989184575,88.92864776463507,0.4440182976643081,11.509480214970207,Graduate,Female,Fail
49.1347553131736,85.08006189930096,4.365798016231387,13.304115788786413,Graduate,Male,Fail
60.17989137394996,78.26206609239125,4.7849299512259,5.349610672210266,Graduate,Female,Fail
57.17093935477207,80.36012782820991,3.3342464113210957,13.598063903011571,High School,Male,Fail
42.27488671132228,81.77782079010062,7.284514213697135,17.060040188995647,Graduate,Male,Fail
55.94127024619317,95.15055074818376,2.7014847673444664,0.0,Postgraduate,Female,Fail
68.4660437514338,64.4740088732754,6.052193734799771,9.405427519443835,High School,Male,Fail
53.23554035752079,93.1240342734075,1.7017268577061195,13.710152309388048,Graduate,Male,Fail
75.72624056018832,96.83046782898091,8.826931299034117,8.688506825666805,High School,Male,Fail
65.08953489602499,81.67137531095011,6.869591820393175,14.730562367378415,None,Female,Fail
31.5411241141636,94.79210828906689,2.1978756188709436,10.349728941426893,Postgraduate,Female,Fail
57.91097140067896,93.88619577279827,5.365688078508341,10.656914464608118,High School,Male,Fail
75.60643004076756,90.1689354438359,5.019674427995703,5.75533756009815,Graduate,Female,Fail
44.98586992395981,92.01501652773987,1.3349958093468905,15.76743827946577,Postgraduate,Male,Fail
76.00924794769662,69.62440819988815,6.741766523577713,0.0,Graduate,Male,Fail
29.33848288778448,80.73588446393282,7.753755035427055,1.029645136238095,Graduate,Male,Fail
41.08891494485462,90.56876430662632,5.467422041368,2.39755846653789,Graduate,Female,Fail
82.28241619974742,90.10096132702488,1.8166329727252728,9.636033252272277,Postgraduate,Female,Fail
76.3975894270942,83.22386336550423,5.562357562748467,15.046293603138313,Graduate,Male,Fail
83.68079243850079,77.90311027682489,7.770889494119986,1.065395346925408,High School,Male,Fail
72.99776764086651,95.73176184396219,9.299785358259388,13.94599871185039,Graduate,Female,Fail
49.05675110313448,92.56209191737167,2.323021779350347,8.681765372080761,Graduate,Female,Fail
97.36516764846739,94.20023237271265,6.947818705485038,13.011681886771704,Graduate,Male,Fail
57.375024414246845,65.0074462875383,6.478968263402135,16.856873106935314,Graduate,Female,Fail
67.65897020539289,85.57584605423567,9.266592154877314,9.81460445919874,None,Female,Fail
74.66451445275223,86.00947606067997,5.606126453770358,10.650294789073667,High School,Female,Fail
81.19225537864018,78.97899263897331,2.3101343669209093,13.5563398717166,None,Male,Fail
90.48927409864991,93.85250282550638,5.1777064751534745,7.932866992988929,High School,Female,Fail
71.27342231975913,88.24169339634261,4.717194363580709,14.521497534929953,High School,Male,Fail
43.333416688361794,56.29182109228807,0.693604388282929,17.937143054016374,None,Female,Fail
56.97091118051072,84.13759219023977,5.775938965139721,6.594892055111883,Postgraduate,Male,Fail
37.92344988923681,79.83245760667013,8.451134670767965,10.203455801495128,High School,Female,Fail
65.37179263482169,94.95877901797523,7.1884905572011535,10.674750686342838,High School,Female,Fail
57.833185832279966,70.34546564054118,5.345013741319034,2.6984746709376104,Graduate,Male,Fail
47.62986670131973,81.08348985007346,6.83931135156204,9.82391998503764,Graduate,Female,Fail
87.87873949750427,89.21956794296291,3.628590635814022,15.049297368050713,High School,Male,Fail
85.19987556727479,69.30764365266323,7.381495275163015,8.75379285168431,Graduate,Male,Fail
23.460977935136775,91.70557897668084,0.374195615032038,15.416495184496444,Graduate,Female,Fail
79.39876363778141,75.1239183090091,7.809763985674242,10.934850406681687,Graduate,Female,Fail
72.20445624415757,96.35606401460544,2.911683918798502,13.07001234620676,Graduate,Female,Fail
55.37957812202702,100.0,7.312986726205063,13.531773677672028,Graduate,Male,Fail
78.88372540286419,90.65548977034894,6.685798148843769,1.3480029731713792,Graduate,Male,Fail
75.64731371307415,86.01148227033562,5.628956252904182,15.405952119204127,Graduate,Female,Fail
46.76202435871577,96.95443353029572,7.0760855624638195,9.54097361730258,Postgraduate,Female,Fail
77.2493403526784,100.0,8.052247541710045,5.108065391548336,Graduate,Female,Fail
66.11034969121681,91.00211648318636,9.994931953087148,12.892231771127893,High School,Female,Fail
52.205496649228046,98.83301114190274,4.494658170021122,0.0,Graduate,Male,Fail
81.4058186400922,89.8166015589253,3.407042772382056,2.305686025138111,High School,Female,Fail
76.02921779849798,92.16061772322317,8.179946560095143,13.234269018209583,Graduate,Female,Fail
56.671237355737695,88.91934733949641,1.6713424812285982,5.183020660070417,Graduate,Female,Fail
59.150255621813955,80.77136376024225,4.45356776180852,9.46250646229421,High School,Male,Fail
56.27717241859699,88.5845478494551,1.807437134378429,4.081645374134809,High School,Female,Fail
55.49439341309271,70.04530335735679,6.415888768432452,3.837654882494421,Graduate,Female,Fail
54.45037301782426,85.31373854454934,5.527838516052851,1.7439294216989616,Graduate,Male,Fail
66.04965091726426,75.2223112951119,7.232555061244323,11.589790431663662,Graduate,Female,Fail
82.74798718226815,89.88829101658396,7.843448601190145,15.231805374612458,Postgraduate,Female,Fail
62.61240757571971,75.1546261435765,2.324899120498074,6.546058526413379,None,Female,Fail
87.51590622737388,87.61535873161331,2.937802139077422,10.363680556723347,Graduate,Female,Fail
45.47081208264038,85.34502626569562,6.838935855634438,13.529175211454694,None,Male,Fail
57.38518055587674,82.45616137669289,4.535010763915269,17.377252806417033,Graduate,Male,Fail
71.19203195569747,97.85582769364404,8.937283139549777,4.325500650712792,Graduate,Male,Fail
56.068054450182565,84.9626910464786,3.4223186312644573,12.66691285787628,Postgraduate,Female,Fail
68.30385384478248,97.28822261408138,2.312778384629265,2.5773747462405305,High School,Male,Fail
36.03671935514222,99.27767929060256,2.1421180885856628,11.470060009226499,Graduate,Female,Fail
48.92343068199355,95.01768714760354,3.0689474654953375,5.52872356176006,Graduate,Female,Fail
55.40005462774693,90.77332453232887,1.893072025222069,6.407680181281618,Graduate,Female,Fail
78.24667547228547,79.25039033584082,0.8793292648963236,11.882493071132854,Postgraduate,Male,Fail
59.55435823050327,74.0519238111166,9.751378877091149,13.4077136287529,Graduate,Male,Fail
86.9387522632766,87.9226047515047,5.978963650294914,8.235560437268402,Graduate,Female,Fail
17.75667121012974,78.9602054635882,0.4021513575222213,13.408769441092964,Postgraduate,Male,Fail
65.29502874628797,88.33100507818773,5.502256881097997,6.174065307434902,High School,Male,Fail
68.91385841986188,96.32250733008217,8.580613383904382,0.0,Graduate,Male,Fail
80.86946163611901,96.68236178570785,9.695891819084801,11.282652225259717,High School,Male,Fail
100.0,92.69403858605298,8.314188253041527,7.116602324684049,High School,Female,Fail
71.41132215907274,78.6872041673558,7.400604505110582,13.259610559089566,Postgraduate,Female,Fail
57.131551799505964,79.48900034870492,3.909663789865875,13.966561849930475,Postgraduate,Male,Fail
48.032800189669274,81.07129262771969,3.591530198857323,16.637844477611623,Graduate,Male,Fail
79.98712035404992,90.76217162617996,5.568494863574522,6.84345380493585,High School,Male,Fail
64.98760533618403,92.27849993424597,1.4294215694960655,3.261757110924707,High School,Female,Fail
62.72386039006418,96.5893304651267,0.23032530693545494,14.882740343138313,Graduate,Male,Fail
39.199529669981004,90.0635261204396,2.5084329156901006,17.94462201925493,Postgraduate,Male,Fail
44.05723075452591,84.23408401297979,8.744974197081728,16.708001362519497,Postgraduate,Female,Fail
47.97674818550821,93.9727727539715,4.841789099005,19.790874525474255,Graduate,Male,Fail
32.941541649519934,83.32016936644183,6.5118680194252505,5.4429372316603075,Graduate,Female,Fail
64.7817457176726,100.0,5.297448923175062,12.507882138824353,Graduate,Female,Fail
76.36013589258201,77.53641025679384,4.5757193214731515,10.546572409969329,Graduate,Male,Fail
88.28734799330586,67.71681719456504,9.040345716309696,12.373596923190537,Graduate,Male,Fail
66.46922817377698,97.06131555296099,3.601505875713773,12.595110523837398,Graduate,Female,Fail
71.61404233643688,72.1420063178822,7.271871433230059,11.287407053825698,High School,Male,Fail
62.555086669949965,82.11488001503189,4.779251463154366,6.751423227958083,High School,Female,Fail
60.31247983106637,100.0,9.601732063059949,15.479098783317276,None,Male,Fail
79.16921431441048,68.8726867651071,7.8652242575047815,10.856092845236711,Graduate,Male,Fail
76.67832058037125,81.97037845505315,9.407664939575309,11.212861670140928,High School,Female,Fail
54.610556799746846,75.01245307192418,9.089531742562995,15.342596645273312,Postgraduate,Female,Fail
90.62508131118743,85.72198480533704,7.894200738959114,9.174718117813152,None,Female,Fail
81.25708256555302,73.70758663606456,9.947627175081319,10.975219388378987,None,Female,Fail
64.11582969644944,92.76694518163414,6.745365245476968,13.471538354831203,None,Male,Fail
71.12330031396371,87.78863016817824,5.455786612145555,3.6949240703537054,Postgraduate,Male,Fail
58.07753269321996,94.98003902223631,3.8956707321897186,14.948072149881309,Graduate,Female,Fail
39.46400656488149,68.57368228579244,7.250932410360945,11.301301908675672,High School,Female,Fail
76.14759314468529,87.0252486306572,1.3887971054225734,15.3804445871428,Graduate,Male,Fail
67.08147518212482,76.483717885764,8.298853096606395,10.577978598715386,Postgraduate,Female,Fail
100.0,75.4046920360398,4.730093256889458,14.801967168509474,Graduate,Male,Fail
75.88159716270532,81.76976739855594,2.870378662602251,11.631036799450547,High School,Male,Fail
68.66097363861533,87.73087091913615,2.042767795591136,7.004180555267681,High School,Female,Fail
53.187474212647686,71.23843275448274,7.170079528621973,12.900241069302218,High School,Male,Fail
55.868502161367125,77.86364834699737,9.331686489410037,5.064168093773685,Graduate,Female,Fail
86.11360416628062,100.0,2.4606145931273815,7.934429245030904,None,Female,Fail
61.4910584981092,87.70284439208609,3.72254498880354,11.174548581983938,Graduate,Male,Fail
60.14697355423105,94.54841658106031,7.786834376635876,16.351523329298082,High School,Female,Fail
68.99627633363552,89.71074178315871,0.2034112350637951,17.71892586033077,Postgraduate,Male,Fail
55.501988300107755,92.61536186589632,4.738915854929164,3.642423017607049,Graduate,Male,Fail
58.61339971904028,75.81192131623354,1.1418240986999018,12.181856207708314,Graduate,Female,Fail
60.24517209640642,95.04435811828051,1.3105859852892654,0.6650666424260478,Graduate,Male,Fail
51.15675779321897,88.01743972154375,0.8157342731295403,3.647784588375753,High School,Female,Fail
71.48209504031827,84.08626589850003,6.501813340288204,11.78273034719577,None,Female,Fail
71.98235935537909,94.17662048839031,8.51079269421183,10.784764068971011,Graduate,Female,Fail
76.23626598559734,82.68770569880145,1.866182359807409,8.028439887270752,Graduate,Female,Fail
64.90865016119919,87.26003362708713,0.622990084645173,9.99303312275848,Graduate,Female,Fail
34.01920734832353,84.40668066317392,3.233234367592679,23.17142744153749,High School,Female,Fail
92.88012835619656,89.00374066318582,9.05335787452419,4.193191568561594,Graduate,Female,Fail
58.56758145034138,82.0097393858272,8.17255440148498,17.663393987357548,Graduate,Female,Fail
42.42164185949545,81.42489245342868,2.794154832284611,3.2675465094062517,High School,Male,Fail
65.1110834158746,86.34055722364462,3.6388121088113623,15.49272371955528,Postgraduate,Male,Fail
54.791158445249565,77.8534787236056,8.642103929811778,15.97027472714549,Graduate,Female,Fail
45.07189080891671,74.86127559536448,0.01839532658563736,19.38903829782634,High School,Female,Fail
80.41658974504763,97.71686784931873,7.350034058405597,14.039750039792732,High School,Male,Fail
64.81575831387299,72.20955259985018,9.598462598149304,11.459891932896996,High School,Male,Fail
71.10779852014453,75.55680620757215,9.551250407314885,22.33827804716559,Graduate,Female,Fail
60.677263871076036,96.64447834284674,0.9786678387304293,10.300270900650334,Graduate,Male,Fail
73.91713929157868,91.54521778156294,7.872683247542925,0.5635951082552264,None,Male,Fail
62.82260556760822,95.6164142131018,4.848561201373963,8.91373563229736,Postgraduate,Female,Fail
70.04123551891719,90.35013674331888,9.120920148577042,5.115423744091391,High School,Female,Fail
74.78284182259252,88.17898079110603,2.7972654088362225,5.570249172157465,None,Male,Fail
68.41332714131171,72.31539510684809,8.685003474602366,10.71551812077674,High School,Female,Fail
61.89281591349835,73.15918214100572,3.3222395267716665,10.002744898368855,Postgraduate,Male,Fail
60.145900050884876,64.29621828504476,5.279455544094882,15.11292956092241,Graduate,Male,Fail
42.80183931023305,83.93173209176464,3.7064962971393642,5.610315176285805,Graduate,Male,Fail
88.78508756400656,71.08926345194529,3.3184928758151546,16.80398370978403,High School,Male,Fail
56.839609311838224,85.41831395616634,0.843577738791994,14.849042728595853,Graduate,Male,Fail
57.20023035314271,100.0,2.2066313129763717,19.498500979604867,Graduate,Male,Fail
70.34020311532305,81.4771698333998,8.39026592428925,13.619290623943243,Graduate,Male,Fail
64.57065231623488,85.80394622017616,3.316597196457498,8.014564192307308,Graduate,Male,Fail
62.018025000409644,78.80825249315707,7.529051233075229,14.204254680940178,Graduate,Female,Fail
52.73119813526604,84.67668386638195,9.203931751252277,10.367135477079351,Graduate,Female,Fail
81.47242481314753,76.72950440950362,2.528828947428164,6.678173152096203,Graduate,Male,Fail
60.431732686000714,71.05014660565901,5.562358151558579,16.2672215994041,High School,Male,Fail
81.4760495642511,77.79772901145202,3.2058245919029362,10.927415314442474,Postgraduate,Male,Fail
59.662292427523,97.7518308990143,8.578740867558514,15.822488804025813,Postgraduate,Female,Fail
88.32935774145967,79.37762985631488,8.890963566412317,6.28792521556144,High School,Female,Fail
78.55288265671061,95.4717246390405,8.90610106116233,12.719290479341277,Postgraduate,Female,Fail
75.34717780724472,86.89755666736116,1.609424233334077,15.617495710741203,Graduate,Female,Fail
71.83502810962922,85.24676034473023,7.697289633065122,2.3996255170636447,High School,Female,Fail
71.8338590342438,100.0,4.708905758073303,13.955685504932658,Graduate,Female,Fail
88.89173632279324,72.08587105708355,2.42128595209385,9.204683477763488,Graduate,Female,Fail
82.46084456662678,82.93671471528941,5.839835350902352,4.984763326518746,Graduate,Male,Fail
57.82018127369964,85.65475474233956,9.892874366953738,12.011184443951718,Postgraduate,Male,Fail
55.918485159194404,61.06462239504788,2.4980156410292107,9.390738552842823,High School,Male,Fail
70.07620338453816,93.45987529631027,5.933495957932941,0.9940581049801089,High School,Female,Fail
56.34940344881575,82.80149120858461,3.016821024734717,5.043886051973753,Graduate,Male,Fail
62.243173240489014,71.36043580901696,4.529117309542192,14.8982003578406,Postgraduate,Male,Fail
70.80211849709798,69.77200522525587,0.6564400953224314,6.473844986177404,High School,Female,Fail
70.14640230202852,69.37445491982285,2.2774375395042568,3.902319563696671,High School,Female,Fail
82.48106150097473,82.08618341636502,0.8648793875887628,0.0,Postgraduate,Female,Fail
54.29995468136386,78.85005024357262,7.228670629150563,3.402646598790983,Postgraduate,Male,Fail
59.89604239577256,73.01692643011258,6.546737342053638,11.974193307091127,Graduate,Male,Fail
57.65369584920738,68.35926565516066,5.740844622419292,11.674552474591636,Postgraduate,Female,Fail
70.34857373094763,100.0,5.51358133108737,7.4348181112582,High School,Female,Fail
66.45935435320207,93.94329794969892,4.879865766166768,14.633756517688179,None,Male,Fail
71.64553128009368,79.62825656464182,1.4393726524914152,4.573900552128027,Graduate,Male,Fail
82.46691251512122,74.4391507746235,0.9382159943466784,12.511378292960254,Postgraduate,Male,Fail
86.5268896448427,78.7027849614767,0.6149063761267515,9.134220227483729,Graduate,Male,Fail
59.81522091034127,89.39234248970891,8.592598120600012,13.056805467719425,Graduate,Female,Fail
71.74429328685733,97.52761385973757,1.5753647559989947,0.0,High School,Male,Fail
57.49246513698979,83.41498622626399,3.643884936390116,15.602900028786793,Graduate,Female,Fail
72.67018102896712,86.10145875111475,5.731424725991908,10.061388280766527,Graduate,Male,Fail
60.72232521608933,79.4454169060935,1.241072420286583,5.736310565539782,None,Female,Fail
85.12680561740333,100.0,8.344540715859218,0.0,Graduate,Male,Fail
83.42976184808782,69.565140012543,2.0751712989244298,0.0,Graduate,Female,Fail
69.70114154188475,91.13584025002685,3.237547267942796,1.7812107507078565,Graduate,Female,Fail
42.317224292744726,68.19840755205982,7.263589824975104,14.082095887295445,Graduate,Female,Fail
67.76714512137288,95.36937942796392,5.678615354519129,22.230796926377614,Postgraduate,Male,Fail
73.25089458198497,83.6421324928884,9.804001162327156,16.117434375822928,High School,Female,Fail
62.52707743729219,76.54224905953718,0.36050559794177706,15.206121578456193,High School,Male,Fail
56.07509437989986,83.94407263556982,2.151695808470472,3.1338466416370094,High School,Male,Fail
73.73747181019789,82.01592006248865,6.317283380817602,5.499860822641639,Postgraduate,Female,Fail
57.234951030812354,80.64360832592743,0.875822618945794,9.343681853352903,High School,Female,Fail
58.58812917746303,78.19599399691177,1.4798923151848709,6.944383813989534,None,Female,Fail
74.47941457516657,96.74562256718495,6.9394167531732975,6.876310502269092,High School,Male,Fail
74.28062019770493,86.8589020421123,7.9048377411602075,4.8320379526613175,Graduate,Female,Fail
91.02831608911738,75.0398581876642,6.753303688176082,5.892950966928481,None,Male,Fail
70.3733278272355,83.60533510716188,9.237821932280104,3.150873779204291,None,Female,Fail
58.21267235339378,77.03100964642861,9.916032420203987,12.27788201385675,Graduate,Male,Fail
47.338591446269106,86.66358669778123,9.468061672275649,9.476152968193153,High School,Female,Fail
73.92743508802582,85.07232936271743,2.5056532694816225,9.805248812760777,High School,Male,Fail
60.785245294428734,94.27925599633039,0.3580210126971095,9.77400523539779,High School,Male,Fail
72.92853614629794,79.56657278591398,5.4624650967052135,6.190261133781176,Graduate,Male,Fail
81.37709207080053,79.75383567784563,1.0724749832690583,14.901102278663739,None,Male,Fail
67.94824303553789,77.29197220086762,2.238692028540057,14.940797418201893,None,Female,Fail
70.45466686766929,81.56115935531894,4.301001483747534,7.045959410505471,Graduate,Female,Fail
70.47794185726931,93.44848301595424,4.607415711386446,8.43087448241583,None,Female,Fail
48.75150037997922,86.69077706201608,6.040415140235742,7.415471182418689,Graduate,Male,Fail
56.59957579609742,86.6511586374411,8.265833954981144,2.8443058910915306,None,Female,Fail
87.43295991225007,90.50542971740158,6.555963726567068,8.77084896143187,High School,Male,Fail
74.26311811111263,61.08146649413226,6.264447969554992,7.440015748996284,Graduate,Female,Fail
59.18488070821934,86.34153954554893,6.5649976372875845,0.0,Graduate,Female,Fail
60.25576987335117,87.71603698211423,1.638757023100591,9.950132367316636,Graduate,Male,Fail
62.1904016400599,100.0,5.875275568046018,3.0920934887664764,Postgraduate,Female,Fail
53.0191537077352,91.85656599720755,7.635831762450264,7.533367448271129,Graduate,Female,Fail
58.23382374526498,95.7475397110433,2.828192085418584,10.773715402824605,High School,Female,Fail
40.8576999387854,97.84645357069336,5.783578132257152,19.51869621477379,Graduate,Female,Fail
44.813049791678885,83.20027585917069,6.716720740408974,5.112321742717933,High School,Female,Fail
63.15398335689425,68.85077749044852,6.754473000398171,12.723224612379353,Postgraduate,Female,Fail
67.76301594482781,81.37221280630423,9.298512153531595,13.998498509148716,Graduate,Female,Fail
54.371403636317666,75.90346439323258,7.851267319518738,5.1209268687378,High School,Male,Fail
63.004615586223856,90.58330686325834,1.732967787952845,14.202721622146615,None,Male,Fail
53.36287505237387,76.34545441668863,1.5972866838455635,19.842742266797043,None,Male,Fail
24.203534246377785,80.08770443537509,2.6512300016090706,13.438102579045237,Graduate,Male,Fail
55.30493332350979,100.0,3.6477357465868043,9.975348014928246,High School,Female,Fail
75.49676040527389,76.56434745931814,6.20977869548221,20.517991256474787,Postgraduate,Male,Fail
68.44328370178134,86.57351278321305,3.963446465052386,7.725527707034339,Graduate,Male,Fail
36.69959306594702,79.21149718411135,3.8335638994148358,8.009168710610396,Graduate,Male,Fail
37.11084557671845,82.8072253388178,0.33420939684830175,7.901497418306492,High School,Female,Fail
63.71109351658709,86.41431064160304,2.843580076987381,12.317047993352709,Postgraduate,Male,Fail
75.31607514194235,71.17617565460768,4.626022627794204,13.484897478831208,Graduate,Male,Fail
58.41755012783784,94.09618344565281,9.072920686683673,9.886799779941487,High School,Female,Fail
84.23444084310357,91.79516558352194,1.2802789315860064,8.58658432535795,Postgraduate,Female,Fail
67.4554739438579,92.5357778614979,6.320524801868576,12.643601342904299,Graduate,Male,Fail
58.8857223240996,80.97260440100905,5.714899994864796,17.647394758661733,Graduate,Female,Fail
51.553881593590944,84.98391317530961,3.149276531497631,8.895202710718785,Postgraduate,Male,Fail
59.1090272824904,94.0633384045992,7.101600319181337,0.5716394400968365,Postgraduate,Female,Fail
49.31984265585666,83.17868061567496,5.37428123976015,22.956394610875513,Graduate,Female,Fail
55.65272228481008,91.8430166756228,1.0461088672090357,0.6973984364174637,None,Male,Fail
61.90231635397793,75.07085863117116,3.094623315975602,2.8387058016737745,Postgraduate,Female,Fail
37.35011989192405,82.82360680385348,5.517145808371607,13.038712821668605,Postgraduate,Male,Fail
54.94779544805349,63.38958639993771,4.7607607297125405,9.809715124180348,Graduate,Male,Fail
46.882793633642066,76.82031285394027,8.824011607684309,2.7497383667824966,Graduate,Female,Fail
75.35181364492006,96.17996499173476,9.868389208828269,10.49783865469224,High School,Male,Fail
37.91612246881098,82.26710227127825,9.494854569085467,6.1904292671510115,High School,Male,Fail
45.83908051543331,74.56089138639943,1.9832815255621106,8.835377793724142,High School,Female,Fail
62.12132605742751,100.0,9.947812836062319,1.530173982218777,High School,Male,Fail
70.47880898445331,95.89560283225728,1.9581321298009124,6.1010843217944855,None,Male,Fail
94.38552888746604,90.37224538173946,5.012356718735592,9.977215222673314,Graduate,Female,Fail
76.73572425456946,100.0,7.7651960604726025,6.652932960042628,None,Female,Fail
52.217560421081785,99.50288023726773,3.748168707201869,18.30393816869337,Postgraduate,Male,Fail
80.35806820419671,96.20033610717118,4.021370275249256,12.774546213251943,Postgraduate,Female,Fail
45.70492888883687,89.60373175688528,4.610015453159988,10.75343091602978,Graduate,Male,Fail
62.91432623475984,66.51996802995939,2.176658894321072,7.732419872956369,Postgraduate,Male,Fail
91.19639500970405,75.58739922506085,3.8357569950956574,10.164130268111391,Graduate,Male,Fail
73.91363836789945,93.13448808498022,1.4915243090334096,20.307446212492366,Graduate,Female,Fail
56.17392632864087,85.508007171344,1.715373083709829,11.271982123667435,Graduate,Male,Fail
69.16673022511858,87.59951429181996,4.210389196844076,12.750951586822428,None,Male,Fail
26.571292147098113,93.33495373058943,5.059012143932233,16.263541693501537,High School,Male,Fail
78.61474978768703,86.36544163447353,7.307869924494477,7.084155088212105,High School,Female,Fail
48.564630406916756,82.1746308888704,6.390549555359623,10.295938401101395,Graduate,Female,Fail
67.00981950917031,91.23869664844099,7.118356849323155,0.6291744381158448,High School,Male,Fail
84.19308757330997,65.73415376968295,6.544011271476543,7.837106693753013,Graduate,Female,Fail
67.94858124426159,69.39521117589942,1.5255241809603726,5.523201797632018,High School,Male,Fail
63.82343217271833,82.22051777440825,9.68864028676426,8.34287020661376,High School,Male,Fail
93.57159956696293,84.07684233790985,8.181574053287914,12.546189943761776,Postgraduate,Male,Fail
72.11933726962336,73.6827937139919,6.1146984254674805,5.671578695473841,Graduate,Male,Fail
74.98071324742658,96.05448189785741,9.332623935784689,7.4887515554726924,High School,Female,Fail
74.0328746635923,75.54360419968859,2.1670659912700376,2.833928047957145,None,Female,Fail
73.14216483685534,89.13564507169838,7.080823325140968,5.558504998994182,High School,Male,Fail
66.20707797981318,85.00921423760194,5.717078017127256,6.508866980171527,High School,Male,Fail
66.71057750543123,87.36042450654857,3.5650377946636613,5.9534942378709115,High School,Female,Fail
33.119092192924974,84.77450186373495,3.7454713683700636,4.462407134792713,Graduate,Male,Fail
56.41856697194393,80.48202974914753,2.0787246910537127,12.742631282140069,Graduate,Female,Fail
55.83346830390351,100.0,1.9294943140398735,15.588203261147124,Graduate,Male,Fail
68.39786502764343,78.95948733410262,0.7121567936691198,0.0,Postgraduate,Female,Fail
52.23197698102183,100.0,4.17137846056569,12.551206018602212,Postgraduate,Male,Fail
27.8527736434745,100.0,2.627407499535087,5.219055063368411,None,Male,Fail
57.529442037753874,73.6717416030638,6.930195043062753,8.484087674894546,High School,Female,Fail
62.104302135407345,94.71713772556154,7.686379847265325,8.063674394744817,Postgraduate,Female,Fail
57.8649415324885,94.03476962653536,6.414976368909063,8.193168443622513,Graduate,Female,Fail
42.893323414991656,98.71509634587106,3.340547010992613,6.43914876294857,Graduate,Female,Fail
89.60900525119933,79.20429475628579,8.28737934638821,7.91267154051652,Graduate,Male,Fail
42.782688326374796,85.22109221108616,9.238702020945626,2.039917434870496,Graduate,Female,Fail
46.726766035577825,92.75676167285519,5.943512837399975,9.352632034405609,Postgraduate,Male,Fail
53.04899940149964,85.51285315459481,5.721889992403995,13.216037355204934,High School,Female,Fail
85.32687083435218,81.72459691045947,0.768877504463239,10.1808964746786,Postgraduate,Male,Fail
92.16525585881655,60.14303167097887,3.2909932062776037,2.1032927574642812,None,Female,Fail
61.02795868605718,84.4592725838874,8.04486668825291,17.596070858166826,Graduate,Female,Fail
57.74678711077513,82.38614116584827,7.795199922270256,7.760656462181096,High School,Male,Fail
74.14228106049632,83.27032268824257,9.570096343975331,18.966849095962573,Graduate,Female,Fail
74.06960541049007,75.9464315565388,3.581741075098507,5.149627654757975,Graduate,Female,Fail
50.480896043458756,82.29731443900644,4.011050478262453,8.513128652047524,Postgraduate,Male,Fail
69.72046293944142,89.61127951298995,1.1648352789773508,11.700137124180742,Graduate,Female,Fail
65.5006038461632,91.29032412615813,8.855211005062818,15.615049768354432,High School,Male,Fail
97.55006672321969,84.98776066751283,6.322263762757617,0.0,Graduate,Female,Fail
84.75856283877648,81.5860105279738,7.820019114139188,12.496343553175015,High School,Male,Fail
71.81464932970867,96.42523984703834,9.073501764409201,11.386250895653188,High School,Male,Fail
54.80308219990271,81.44922405316686,6.131318146559849,13.792423740749843,Graduate,Male,Fail
75.15206661563175,90.28198971254999,2.4108180388213487,12.775655028661106,Graduate,Female,Fail
85.67806405738787,75.44109575224849,9.805539432926071,5.258331224845522,None,Male,Fail
63.49754370272613,82.71587995226163,1.910647887889454,7.514748256729399,High School,Female,Fail
62.31880998736467,84.63142576649383,0.3933504991612746,12.582969840244292,Postgraduate,Male,Fail
73.32393168552044,83.22439382934792,0.9660764715993042,5.717914813654893,Graduate,Female,Fail
84.97131225612127,100.0,2.6815687959303416,9.701999555257647,Postgraduate,Male,Fail
75.89369681884287,76.50780566106287,9.293859551046769,16.180412077731443,Graduate,Female,Fail
84.64714296924168,95.55223429682839,2.066019243075252,13.95381721001173,Postgraduate,Male,Fail
83.90172981809825,75.58012080007316,4.530514387044896,12.519608120315631,Postgraduate,Male,Fail
65.66976819389257,78.49225255617905,6.630379868376755,10.427097186799378,High School,Female,Fail
74.64300265763416,83.58868538710644,4.531382149286913,8.985405389234959,Postgraduate,Female,Fail
56.170848263085645,93.45259156841644,6.453786042107515,12.908443311540225,Postgraduate,Male,Fail
93.69556539100074,78.02251472427417,1.9569395835516412,16.292573599049412,High School,Male,Fail
67.68629636247957,81.2249840449325,4.649936603287581,14.676376984126657,Graduate,Male,Fail
48.174360673612895,74.78367717834044,4.023812303162826,15.31059794683195,High School,Male,Fail
65.63149748316148,97.37606699537238,1.084289200053068,6.834502024295448,Graduate,Female,Fail
32.554911673428805,86.86721316866709,8.560476079998438,12.081889541354972,High School,Male,Fail
73.03303105777199,96.40188259227098,6.69230153576245,16.755236147571846,Postgraduate,Male,Fail
50.70375369462761,85.92962094070508,5.693862534738817,15.054515102384816,High School,Female,Fail
78.19281532637143,73.44123797026081,1.3916467721240744,5.7005041124058655,High School,Male,Fail
67.08198835535342,81.19223261405932,9.400933497539999,5.636095405005309,Graduate,Male,Fail
67.04840614215092,97.24835252993526,8.415295089889579,11.360870380066563,Postgraduate,Female,Fail
67.83028926965639,73.42471164383446,5.711230991880985,5.43320118146541,None,Female,Fail
56.88704189748654,100.0,4.837484144100258,11.533851346047332,Postgraduate,Male,Fail
62.90687106688785,100.0,0.7501511151036799,12.642108429796998,None,Male,Fail
69.2595303928019,86.57612677601985,8.064807729607566,10.017410803098281,High School,Male,Fail
68.36177883720443,77.59920464131213,3.169115832237731,14.730429532633533,High School,Female,Fail
78.83512574444754,85.33432294205626,1.5295435893414444,7.497314445656064,Graduate,Male,Fail
57.67644357281979,90.9064150546588,2.478774993051469,6.43294546524739,Postgraduate,Female,Fail
64.0265263499906,93.4092099511236,8.651855197269414,16.929153453120005,None,Male,Fail
50.485088839411446,92.14328436514458,2.645570393349118,6.002192878393819,Graduate,Male,Fail
91.36203204279497,81.55423096008917,1.9184062454796202,10.596404451140149,None,Female,Fail
56.498945107713425,86.43676588093932,4.268316018717211,6.621181588029037,None,Male,Fail
76.82194454706186,76.55561894583593,5.0226306976476405,16.19875512563916,High School,Female,Fail
63.30228009918435,89.21291419334135,4.499980241013636,10.015601499148426,High School,Male,Fail
66.65307640211459,68.44824317803975,1.0328670851298005,6.093659843390115,High School,Male,Fail
68.92097192358996,96.78282061426104,7.290325850696513,14.544500742279286,Graduate,Female,Fail
38.793581073572675,85.62719953271147,9.83548322549693,17.569540100387247,High School,Male,Fail
61.983952604431316,76.62978484672101,9.018366954321843,7.355804063173547,None,Female,Fail
49.71008468618298,82.40664278360724,9.668236615914461,0.0,High School,Female,Fail
64.71605960950636,85.35314131286115,0.8323021545627862,11.029409341502083,High School,Female,Fail
61.10173237030393,98.38183041238126,6.813076053922744,17.932358920633558,High School,Female,Fail
73.47035551986033,92.50455467158076,6.077728971752684,11.53294654883704,Graduate,Female,Fail
76.72469420203129,95.44060919799182,3.4112385858767826,17.87767416551099,Postgraduate,Female,Fail
61.130799816788176,96.45105927739786,6.780356314087332,7.8950404992000065,Graduate,Female,Fail
81.8977029310694,92.23100824358987,1.4932774554713524,11.30961822890576,Graduate,Male,Fail
47.207953093668564,82.68756616412553,8.91838199007694,5.349189126751879,Graduate,Female,Fail
52.21581358134824,73.61533188573489,1.6236797956714877,9.925123130684016,None,Male,Fail
84.39903920738227,74.40871227401838,7.561374131387115,10.31012771523747,Graduate,Female,Fail
67.85388132544047,74.4242896839916,4.415305064806149,9.593473372258565,High School,Male,Fail
58.668345977134756,73.9445909507223,9.602122137145626,12.001971641483955,High School,Male,Fail
83.09460783699252,75.98977151862107,7.818979567433432,10.918346424217507,Graduate,Male,Fail
61.832059701658665,84.16995854996682,7.283173517473193,12.161608367443085,None,Male,Fail
70.08780978121747,89.08209069479229,7.943678733331949,2.2336972161724873,Graduate,Male,Fail
65.98501310740508,100.0,0.13605996953618082,12.802535848517516,High School,Female,Fail
47.99356760363253,84.61321916763055,2.303812065140126,7.22598091008561,Graduate,Female,Fail
82.32136719331565,96.088038387801,4.576543352308235,15.998431203803925,Graduate,Female,Fail
81.67525684256552,95.86376740723911,2.196912623130569,7.192246174138755,High School,Male,Fail
88.02531411353935,100.0,0.36938240039017356,8.219885032547756,Graduate,Female,Fail
64.79380667097763,85.8012218249269,1.0489600296819601,9.366322060331294,High School,Male,Fail
68.32836640880699,77.09911600481807,2.5805499743008986,13.835962044005,High School,Female,Fail
42.54760639965235,83.77867748493158,2.748306883208639,9.745240093735088,Graduate,Male,Fail
72.0281654033535,83.878091739675,9.249573566062761,12.632040840730703,High School,Female,Fail
72.48805310460136,85.82026863723759,4.3906935059699865,17.408767566910896,High School,Male,Fail
58.894936997639135,88.84251766469153,1.8705873253265526,11.686536550002337,Postgraduate,Male,Fail
87.33222796939482,72.42950451009813,8.637456467066906,2.8743792617511392,High School,Male,Fail
66.89915148958856,90.07140884907302,1.003582750475135,3.6478959604352816,Graduate,Female,Fail
85.61992494924763,87.87195848871471,4.175981197255516,5.5895692990673,High School,Female,Fail
82.05548837349332,97.61359070981416,9.727302476767804,12.666207518348184,Graduate,Female,Fail
38.32565880382741,95.7598803381175,5.590042411267575,5.861484314186511,High School,Male,Fail
73.23598210949436,83.2877331734195,9.284435045252184,11.989105949496683,Graduate,Female,Fail
97.07805958421781,97.1792443383593,4.263447766664724,11.690736267321931,High School,Female,Fail
57.534679397365416,71.16796890910558,1.6112451231293101,10.536518253661093,Graduate,Male,Fail
48.253016660028244,79.84501945134478,7.780676982602905,7.106627324014484,High School,Male,Fail
82.77306579780964,84.04800875068594,5.1188230450346115,16.427634644072235,Postgraduate,Male,Fail
88.57175496511954,70.67558008401996,1.1038790257108633,15.612843194675978,High School,Female,Fail
63.72583712783325,85.39670927454395,7.8461900528278194,14.508796391284962,Graduate,Male,Fail
57.78026383404864,96.2589229542685,8.944857398910276,18.537912334097108,Graduate,Male,Fail
67.19528406672644,91.30656068509852,2.2507093326821206,13.191181979718458,High School,Male,Fail
67.01494017993122,81.66018101123989,9.413699880628066,9.194890499054962,High School,Female,Fail
69.3131245013416,97.54485417914725,4.866555718380372,7.652044686750347,Postgraduate,Female,Fail
80.78366014332724,99.7701440372665,5.70017992902093,5.542234936931965,None,Male,Fail
77.02104177595889,87.51644121926591,9.601534625169597,1.689404655952842,Graduate,Male,Fail
68.3168804910907,85.4880897057954,6.249814826401618,1.6271914639144498,Graduate,Female,Fail
66.85918217566528,92.40939528780926,6.5235450149875716,6.378950697105367,None,Female,Fail
64.74563290252969,73.02787393013986,1.8066938734517712,18.7667694248057,Graduate,Male,Fail
43.95489800572622,69.16295974190612,4.630372995410075,8.032559029777337,Postgraduate,Male,Fail
60.71171876229168,83.09259124764132,2.257506179191884,11.97805319687978,None,Male,Fail
61.27658767134056,73.34192385018441,7.196668400120952,0.8307005202488931,None,Female,Fail
75.57488858119272,80.0026799006395,3.4424028912074798,8.535297777837066,None,Male,Fail
59.896636450007904,80.84440984090888,6.535377159725209,11.766710137425378,Graduate,Female,Fail
59.63869572764517,100.0,4.372396438877539,3.0301712065047868,None,Female,Fail
48.74011468761127,83.63238520372988,2.2309338403798185,15.9213729467815,High School,Female,Fail
59.367176714995104,90.12918167527144,8.916470247378065,6.713714797046801,Graduate,Female,Fail
77.48257271896333,75.91825079486577,4.6368275656438875,16.894871584230724,Postgraduate,Female,Fail
65.53175075125087,95.0176559284202,0.9592606011583316,10.666216700120371,Graduate,Male,Fail
89.00756723970186,99.72327418369906,3.259781869081475,5.991464813199552,High School,Female,Fail
58.986083393489906,88.60277389605285,8.01576223452644,4.221306201926259,Postgraduate,Female,Fail
47.223794978703694,87.26179188785574,1.8667621677431634,0.0,None,Male,Fail
80.42685732979085,79.61354100578761,8.537874119546043,13.543585952598175,None,Female,Fail
50.778147028953285,100.0,5.331093664199628,13.478861150698645,Postgraduate,Male,Fail
67.49787714062175,80.35112762563564,8.328551111959527,3.1331954949006002,None,Female,Fail
49.70197478744702,84.59748344862511,1.3426284035439673,12.343145448254962,High School,Male,Fail
52.53943085006663,100.0,6.06813047635213,7.703203380447067,High School,Male,Fail
54.14756420566188,99.74946790142553,6.935445007123962,11.837817528347461,High School,Male,Fail
55.87689618494938,94.36505881650177,5.7959824621051,4.501058848077243,Graduate,Female,Fail
68.17976722264486,86.97819761596689,9.187576321419563,8.118454550144051,Graduate,Male,Fail
73.73717925449566,92.87818571977432,4.946901956603781,10.7791834670005,High School,Male,Fail
74.85321856883755,85.67167655704202,5.841923904794633,20.240449074026813,Graduate,Female,Fail
50.71911851168592,88.11849333800394,0.7912617562253299,11.127291866076312,High School,Female,Fail
58.556935234626096,85.24208334965799,4.429475461788018,13.303965692650486,None,Female,Fail
95.47722950358057,80.40735402064148,4.871158240538035,13.636195724815627,Graduate,Female,Fail
57.45605902912963,81.9641693318705,8.740839053169697,18.74227263613259,Graduate,Female,Fail
56.10405997143019,90.73243388493039,9.34915019519768,10.932650240851599,Postgraduate,Male,Fail
83.93519292149762,97.85715087286142,9.811466836877127,6.307265413430173,Graduate,Male,Fail
62.41837344772775,86.60166681805164,9.266329018154591,12.909934700931064,Graduate,Male,Fail
55.17951597660658,100.0,4.687943193167284,9.737093279384446,Postgraduate,Male,Fail
40.725961699219624,67.8201328362825,1.7199644401794245,2.574866421249852,High School,Female,Fail
66.52893112236423,81.28754329169954,1.1688395155281894,8.021285696632976,Graduate,Female,Fail
69.63636590935401,90.91028630265988,1.6162858317026196,4.829232082352815,High School,Male,Fail
73.94789252853137,96.19761972063777,4.7782982684647255,0.0,None,Male,Fail
77.38548126939783,96.55432932066564,8.500394852091373,14.89544103993777,Graduate,Male,Fail
75.1398411231628,90.62268333249435,3.54454611790207,16.00748887570618,High School,Female,Fail
57.97229090121329,88.86938729780553,5.746378198458358,20.765891361254212,Graduate,Male,Fail
68.17543503236463,83.98764249413381,4.4564116045645825,5.941047171630665,Graduate,Male,Fail
70.7839826398825,87.66185854742061,5.234618066736735,7.231959139709361,None,Female,Fail
46.57958693393442,93.41616731716444,0.49572659244245254,14.171019998679022,Postgraduate,Female,Fail
70.72070063949224,81.40998257279296,6.8875030651363005,2.3441286137638144,Postgraduate,Female,Fail
60.73577383863561,70.96388174581848,0.6609675553311456,16.864823337683553,Postgraduate,Male,Fail
71.42518816015186,82.30001290733941,2.0646849299997774,4.3412351225296195,High School,Male,Fail
56.18063290851275,93.9044454360759,8.821936337626076,11.25509057466178,High School,Female,Fail
57.23486772592698,78.00453388065672,7.4241778813312385,6.714388416605686,Graduate,Male,Fail
52.38556930542573,100.0,1.885087349842558,14.06076910563262,Graduate,Female,Fail
92.66242376605106,90.58042781781596,6.704510192526772,11.741647153034908,Graduate,Female,Fail
89.2456003826489,74.8616486978923,0.17478221525296544,15.766376092165574,High School,Male,Fail
61.804700518204335,75.13777832015288,9.738997698642017,9.375490252937556,Graduate,Female,Fail
64.29734818366231,85.39975104854105,7.085676731516855,7.49310088759905,High School,Male,Fail
68.60464854717978,97.38173323845986,0.633765331721059,9.6228036403865,Graduate,Female,Fail
53.7726438952471,85.01871838941904,2.2941883953877475,10.560784624779302,High School,Male,Fail
73.72511712504262,92.66008836672516,1.7814123881038635,7.827911696498338,Graduate,Female,Fail
81.36677842588212,76.78358107965093,8.016549883996177,10.77967190630711,Graduate,Female,Fail
83.35124522546779,89.00985306981548,9.980398015198306,6.417895861009979,Postgraduate,Female,Fail
90.88141183029045,84.18856972786325,4.061729574995066,13.971943656120917,High School,Female,Fail
82.05274460655575,80.8889321692732,3.9108399046773625,1.4637490361311354,Graduate,Male,Fail
87.93796345516166,91.25442651421884,4.5558516058080905,12.750643374610908,None,Female,Fail
78.88910233217118,82.04068949454191,8.462521310150722,9.784404595656406,Postgraduate,Male,Fail
52.78188201503002,89.56768518059437,9.764568299595753,10.591146392546078,Postgraduate,Male,Fail
53.95080305838776,100.0,6.459227604233551,8.230837301316305,Graduate,Male,Fail
68.93190275566687,96.93645573810039,5.772360819422586,16.38255676925287,Graduate,Female,Fail
52.03113586315303,100.0,0.20880255032679207,2.3671094447018763,Graduate,Female,Fail
49.714219396758836,86.54509456344398,7.960105118972585,21.735014828007508,Postgraduate,Female,Fail
69.21817967381867,82.09882381247124,7.686695579618219,0.0,High School,Male,Fail
43.74898733586694,95.63889770520184,0.8841900314099993,10.991472481416732,Graduate,Female,Fail
49.910414963402445,85.87220929148701,5.752493495143613,12.713754511139353,Postgraduate,Male,Fail
50.480058866142315,80.26781806397446,7.681956502831088,7.15292567152895,High School,Female,Fail
83.06901361883854,97.80990951491353,2.3037300512251333,4.664685940711929,Postgraduate,Female,Fail
64.18097650387742,91.16508881857844,9.396559454023798,8.97403978885971,Postgraduate,Female,Fail
61.23014739668334,83.01370349785519,7.910506016550283,15.968045454716645,High School,Female,Fail
64.99661500887038,91.87507728582403,6.8536673046279,16.3821522541812,High School,Male,Fail
66.45463512585131,83.60110076094273,9.807722007320752,6.079084491476641,High School,Male,Fail
95.91997870640151,79.0677505888477,8.441133340513282,19.288906220154022,Postgraduate,Male,Fail
56.744042423965304,86.05391447972964,2.51519569806936,11.787513256987376,High School,Male,Fail
71.77492009794518,84.63178737506271,1.732102471440733,10.58067352439887,High School,Female,Fail
60.77172853275817,82.08735564680339,4.1930594358609605,13.819882887204193,Graduate,Male,Fail
66.8512241668199,74.48730484970274,3.873398903488421,5.109643824281668,None,Male,Fail
61.57252061280586,81.02801666630596,7.707344932411382,9.228604220215884,High School,Female,Fail
87.451086718243,93.9287825519806,9.149834131012001,13.037594861790044,Postgraduate,Female,Fail
76.52556013289048,78.44326733466782,6.715574637660362,0.0,Graduate,Male,Fail
53.64044775744657,100.0,9.184965971267223,8.966338787805906,High School,Male,Fail
57.389080175160984,86.1315388689195,4.67021861568988,3.9947140930509253,Graduate,Male,Fail
50.95079048223374,84.01654369734227,4.053346218869183,7.144081709137436,Postgraduate,Male,Fail
32.588756369011705,89.27285336595952,6.673476377121541,22.49309594292885,Graduate,Female,Fail
58.228486461361896,86.02182652597695,8.492993880139908,15.041993972438412,High School,Female,Fail
58.368232981643835,93.34985642125336,7.317118022401607,12.65026313153791,Graduate,Male,Fail
58.8433061618579,85.93693539131222,3.1268217083009917,4.518812766330838,High School,Male,Fail
77.75690757920518,78.39785459043978,7.932566469641982,12.28437660933594,None,Male,Fail
60.92987691798662,97.259175390419,1.7721579206722504,6.841021921506646,Postgraduate,Female,Fail
75.6626462140697,74.47199423828981,4.896106318779612,16.00107730103798,Postgraduate,Male,Fail
48.73239043625685,78.88534453917752,0.021927568347032134,9.903222943432723,High School,Male,Fail
77.26232338369066,85.34646176606867,7.58486529535443,21.651833191154232,Graduate,Male,Fail
66.60367750870563,65.35081902135975,9.684612552355054,17.58415175054349,High School,Male,Fail
77.81622100559697,96.86942631965343,6.21045355854721,7.811991931868409,High School,Female,Fail
57.45564560489736,88.34126653354083,3.2340002146817137,8.249352407598126,Postgraduate,Female,Fail
63.310045884002406,91.24258986587913,8.98927157245867,18.876329084430104,Graduate,Male,Fail
59.51309338392243,86.14745053879217,6.1949142257595105,7.687416489726297,High School,Male,Fail
66.56090230694458,76.8386502201603,0.0018199028306109533,13.868462251198983,Graduate,Male,Fail
57.17278085085081,84.03410446933418,9.24379322808642,14.920141845759428,Graduate,Male,Fail
73.74027877082447,89.74107266257491,5.579153500162299,2.6070362997725685,Graduate,Male,Fail
45.214862928473096,86.24372940568415,2.226627802926294,10.082793906467646,High School,Female,Fail
98.75686194468855,86.39335053518599,2.9212896469652163,2.228380996618262,Postgraduate,Female,Fail
76.12710264992195,81.2804514157642,8.21420872668866,14.951013959388424,Postgraduate,Female,Fail
100.0,89.08439935476697,0.2238661984136936,9.11800511978342,High School,Male,Fail
76.69616378366257,92.7913207982285,7.869552070374894,11.589715059646664,Graduate,Male,Fail
61.38307860992196,83.57600380247219,1.596648569089446,6.740527392719861,Graduate,Male,Fail
76.82357511746287,74.02982156320004,2.333841086578672,4.639711366820785,High School,Female,Fail
70.04241609063487,74.2919760352216,0.425498759629489,5.836306539854003,Graduate,Male,Fail
59.25550049663797,95.24278911264656,5.195489446774614,10.615486333114166,Graduate,Male,Fail
73.12060513390483,97.4782358967404,4.775017140653488,12.825152076187102,High School,Male,Fail
68.10488255535228,72.09971563655388,3.766041090978691,9.588033666256342,Postgraduate,Male,Fail
72.79927894815378,76.6761653278547,8.711578830725921,11.460553667822873,High School,Female,Fail
44.88066784982976,89.73414076646438,1.1724680583164027,16.35697687052743,Graduate,Male,Fail
94.37726317023079,99.90706682667765,7.513935812344962,13.222788160775384,High School,Male,Fail
61.37329394688559,89.15925353420788,9.836727231795788,14.79006539934435,High School,Female,Fail
56.89271085508588,89.62241268754768,8.4652382354758,6.543981411168793,High School,Male,Fail
49.85858603508105,83.32317893620153,3.7399443412626567,10.558813575152284,None,Female,Fail
50.78650649100554,70.56615852150854,8.840439485013304,14.726645459922633,High School,Female,Fail
63.54183681321329,94.93928137111708,3.697072185713406,10.656256000319658,None,Female,Fail
73.81945975993008,84.39969061835428,3.874048269545043,5.367090844367382,None,Male,Fail
72.07899024719664,84.19867694164184,9.820049872842784,2.68587904065543,High School,Female,Fail
78.60182302062401,74.9230176472463,0.14616649049015162,6.694661860609244,None,Male,Fail
66.38833424780593,100.0,1.304999008016161,21.705712755043848,Graduate,Male,Fail
46.036790120599285,80.19925043994476,9.694816678256046,3.977588420226902,Graduate,Female,Fail
75.2507954557919,77.9460365137552,8.848966272269749,9.352003561313296,Graduate,Female,Fail
39.3462410209206,79.57687024908556,4.373748533792478,18.801064119401286,Postgraduate,Male,Fail
51.048383707722834,77.52272896227346,0.9137584229413609,5.949975001128765,High School,Male,Fail
81.05196187627949,100.0,4.088588519950267,8.07494452252218,High School,Female,Fail
54.22093419110034,71.22658924172508,3.475301211748325,8.663667886112911,High School,Male,Fail
58.909040426610524,87.33003109581774,2.945661717722672,6.9839629930425815,None,Female,Fail
54.062978008597156,98.07647624339909,6.174094380235571,9.095089364198982,Postgraduate,Female,Fail
63.115359665482835,78.5656321468339,6.014529878298608,2.476940964732563,High School,Male,Fail
66.03491134926672,72.63189680844432,9.908122895991056,8.750101926170927,None,Female,Fail
60.611343847028266,99.57988384287758,1.3324378933532188,3.9216749548070844,None,Male,Fail
83.43780415322584,100.0,8.422953404069107,9.093990754583276,High School,Male,Fail
58.77726819199046,93.85185646247893,5.358786710259114,16.50630927940994,High School,Male,Fail
65.47698995071313,70.05484875778055,5.119610681123729,16.748027118319882,Graduate,Male,Fail
49.34425565656825,70.864523340164,9.973800226626336,7.72772148563189,None,Male,Fail
72.29762943068447,89.5789866971407,3.873473926615625,12.790438775765718,High School,Male,Fail
41.4681164433115,82.06969781857177,7.101157121905047,10.022180746206184,Postgraduate,Female,Fail
73.6331212433872,93.67706927310331,3.473576613559659,14.368687395031186,High School,Male,Fail
79.29558343217997,96.81891438738752,7.328975427806137,12.213601031198442,High School,Male,Fail
54.690081130876486,100.0,1.664832578222889,11.395516858834153,Postgraduate,Female,Fail
74.61478717569376,92.91829621406592,9.199255577769947,2.5431475870538893,High School,Male,Fail
53.27234377570052,80.66031769700021,3.4730280414604486,0.0,High School,Male,Fail
56.478791838652555,66.44682046785822,3.2056922854547043,10.52105010759113,High School,Female,Fail
69.2127103069661,94.6575382740893,0.4525286860089561,8.39670601054631,Graduate,Female,Fail
70.72587168479834,100.0,6.0913453021470785,16.257779493045582,Postgraduate,Female,Fail
54.8340368892335,80.24056517212534,9.411830078699467,13.092191309350007,Graduate,Male,Fail
94.19334313380696,100.0,0.3537227055168124,8.286594238874963,High School,Female,Fail
61.889374161551565,74.40353833913919,2.3049657287301386,9.861060061882126,High School,Female,Fail
51.53904976902849,80.9967938170938,3.8850995533243573,9.425472659413876,Postgraduate,Male,Fail
45.28734098771817,85.31874824597442,0.08962508852188633,8.184149634082504,Postgraduate,Male,Fail
40.238418195340486,78.41357349649536,7.851291530032749,7.450796903376075,None,Male,Fail
63.83440014521505,90.19756232170602,5.480295730469599,9.11450866821364,Postgraduate,Male,Fail
76.83586743080728,79.71210843658837,3.193362949442836,2.9648623119321975,Graduate,Male,Fail
76.26983707065875,90.70225993538511,2.247318097014003,15.683670051240323,High School,Female,Fail
78.31365568671154,84.72561139124659,0.9543632979432115,3.8396911561073486,Graduate,Male,Fail
41.25025061003251,75.89688599923048,8.022043629362672,13.094227750800622,Postgraduate,Female,Fail
55.524039261462555,85.96388471932805,8.309948350983335,7.658105237501639,Graduate,Female,Fail
73.91173777445056,75.8703790660225,3.720080450261325,12.098526457248285,Postgraduate,Male,Fail
63.17023968832092,78.35809241315611,5.2205261680361295,12.546914352941272,Postgraduate,Male,Fail
35.33051636334459,69.0451087256173,8.172911230539949,5.169518713435033,High School,Male,Fail
65.70422856418884,79.17559772095562,7.165969911925312,14.592161052734669,None,Female,Fail
59.7495712681691,100.0,2.590902900686114,9.37916507830301,Graduate,Female,Fail
68.25503915582058,86.39855201764375,6.905212286613839,10.606146807132397,Graduate,Female,Fail
69.08623359311956,71.2143702925225,8.915885092787935,0.0,Graduate,Male,Fail
55.39825681382717,87.39969133507475,5.36644090827671,10.455876219669411,High School,Male,Fail
87.26563710805313,99.16306948073864,9.98420964818742,16.530604031017504,Postgraduate,Female,Fail
67.40453141302072,76.24207143731527,5.658599815300378,8.257393277833275,High School,Female,Fail
81.59841600130302,100.0,4.413350545477689,4.733862729727791,Graduate,Male,Fail
60.35135007121545,85.9235112319066,5.407107438370181,4.881643889264966,Graduate,Female,Fail
55.39828518010424,80.41792339884742,8.848243318433154,12.512403339137002,High School,Female,Fail
82.09511817813217,82.39721083595762,6.468299448458402,9.544553816275897,High School,Female,Fail
90.82667449762405,79.70285448853048,7.142892728613096,15.307990454545731,High School,Male,Fail
88.47384972285325,71.89508798804526,6.663281583653966,9.866276538426732,Graduate,Female,Fail
54.9717428739361,88.2481481172729,7.989996795469237,12.514337767313432,High School,Female,Fail
86.8264741853411,91.63724211780571,0.6550508249676856,9.520095429733336,None,Female,Fail
51.08739960653883,71.27234294853982,4.796392917016511,14.802744117700911,Graduate,Female,Fail
54.4650087173084,87.67159053231195,2.6155442074475266,8.890369718631838,Graduate,Female,Fail
61.80822593552557,86.91574945800004,4.3641437781611785,0.0,None,Female,Fail
65.11227230976652,81.74875662046571,8.379491895225385,17.266680550615092,High School,Male,Fail
71.01923711954889,94.16200487124179,5.088439509666677,8.144466008159469,Graduate,Female,Fail
71.72531778040857,100.0,7.39201944921899,11.955299417061374,Graduate,Female,Fail
75.51610641910851,87.08856940195953,1.786802883942803,1.9862440548583997,Postgraduate,Female,Fail
70.17781901795097,97.44504912079927,8.258901967445485,12.880183758979541,High School,Female,Fail
56.31006143742261,83.49907763191904,3.205374484068394,13.200478914439786,Graduate,Female,Fail
45.97371090284483,92.81821743601162,3.7241295035222444,9.97954926733932,High School,Male,Fail
63.734677186105955,70.8353305620166,4.307334600171407,4.324178507006766,Graduate,Male,Fail
43.68048112047473,74.72392510311805,6.274474749696365,2.287325599862604,Graduate,Male,Fail
71.56277890969855,84.27703110094652,8.286110182348706,14.951073279497214,Graduate,Female,Fail
72.69423378969644,92.7712567107608,1.0066030915289925,4.973594110304967,Postgraduate,Female,Fail
58.16805167940219,100.0,9.793578513690838,5.824766266896654,Graduate,Female,Fail
71.03652035857793,68.9664257792792,4.677389010903076,9.166410936067155,High School,Female,Fail
58.06414074791301,70.6672972058027,0.7783051953621944,11.142390187366802,Graduate,Male,Fail
74.413486338158,79.43431439960884,8.29450749290326,24.412175578343735,High School,Male,Fail
64.20223935436181,96.36134016731748,4.069229235479749,7.5026035988515165,Graduate,Female,Fail
53.39515548391561,97.59903702040052,4.146225884080779,4.427209466116386,Postgraduate,Male,Fail
59.07446157952458,80.02254734946466,9.157707188614006,7.389246952169766,Graduate,Female,Fail
71.87644593357491,91.07810283672808,3.2301479680808987,11.794449910458395,Graduate,Male,Fail
65.27985934942967,89.67539689304925,5.159652100279258,6.765886265414707,High School,Female,Fail
62.557190005809964,75.30351360390063,0.8542463314182969,8.515823859896463,Postgraduate,Female,Fail
63.83084855891184,100.0,4.161069766763193,9.013116953874409,Postgraduate,Female,Fail
57.35885693668932,86.60472455829931,9.352430409174799,13.39069609762916,High School,Female,Fail
81.26252635278561,78.43097252272759,4.251125864216148,15.955360779879836,Graduate,Female,Fail
86.22052514119362,90.08340932931131,0.1278574534064525,8.408178196920822,High School,Female,Fail
58.671335268969436,85.11194141327512,4.638666939127977,17.168665798291613,Graduate,Male,Fail
58.533536091014696,73.96560637913613,5.239788824559315,11.315016123037605,High School,Male,Fail
53.70864179192453,93.5410131026953,9.099194930622453,12.952099877319466,Graduate,Male,Fail
52.93039773757157,80.14057535720019,7.268985215470912,4.108961326612336,Postgraduate,Female,Fail
67.23340913784082,85.4768484184401,1.172218059902339,14.400511270341225,Graduate,Female,Fail
54.076474750265334,89.0748141687225,8.4772353040497,14.47729361575416,Postgraduate,Female,Fail
93.57604193365864,78.27212627082788,8.064714472547722,10.265780466760908,High School,Female,Fail
42.02499603325832,86.61236710898531,5.588997229228699,15.312820877731573,High School,Male,Fail
76.23875463428426,81.9691363027702,3.0109485869245756,14.530036173098292,High School,Female,Fail
81.11064800671203,74.47130255575453,9.737457799708523,1.2350170332926407,Graduate,Female,Fail
84.99783802615534,93.63811177967386,9.332960849403843,7.5748522357722425,Graduate,Female,Fail
88.81736379703024,94.44860675302779,2.2112924787288613,10.003133444975775,Postgraduate,Female,Fail
57.40371294558156,84.1935191741045,4.486896757354186,5.116796529649891,Postgraduate,Female,Fail
50.580424010525014,87.18932203425338,8.228781723144,8.27324961348343,Graduate,Male,Fail
43.75047073239432,82.07620473556392,7.233310589308287,3.7837261368944866,Graduate,Male,Fail
39.68130411451041,81.4372969763683,0.30985742307585107,5.850990907410624,High School,Female,Fail
56.1487869784297,97.89898607624544,7.192813389628926,12.301848630940807,Graduate,Female,Fail
78.80316451200433,57.73231325514114,0.8392179765542596,12.73380189678797,Postgraduate,Female,Fail
52.78486022674579,91.97737146880954,9.925698218745138,11.316621500501821,Graduate,Male,Fail
64.29895609131398,85.0231766484214,8.96930563941091,9.075829373598367,Graduate,Male,Fail
83.42535407855104,96.22490028283663,7.4231154232114385,12.427236417716074,Graduate,Female,Fail
61.609133594120486,77.27020747152346,2.3226654369785074,4.489077067743272,High School,Female,Fail
47.43722476465416,84.10299952292765,4.770697095790274,3.2472444759748598,Graduate,Female,Fail
60.800171131952595,84.60983986119577,1.1254171678550573,10.245255419728219,Graduate,Female,Fail
76.85510076426021,90.97937211056527,7.939093673792962,14.91491578242501,High School,Female,Fail
98.2461398642383,81.73488500149995,1.3619359840968337,5.626951904117392,High School,Female,Fail
64.50567211979414,78.76251097550823,3.570060215032309,3.940505903127579,High School,Female,Fail
55.01890973683406,91.16866532190718,8.364661391162972,1.6947124192085425,Graduate,Male,Fail
49.161296394356405,84.87882868287987,9.824876297433887,19.039134517211853,Graduate,Male,Fail
72.92347608493286,80.04974034582513,1.1859647962698316,14.713541579333702,Postgraduate,Male,Fail
65.53665753016416,88.95786844174462,7.731365315016517,10.731539555850647,None,Male,Fail
80.84783707084671,87.44884684830387,8.5751520344651,10.239145423020265,Graduate,Female,Fail
92.92900611832935,70.85585869205266,3.482419857537492,4.800500642068352,High School,Female,Fail
77.33206026508978,97.30096292739742,8.853815141591246,8.919319316621216,Graduate,Male,Fail
44.91075370665568,80.90117471088412,0.7216710284323447,9.186903472927886,Postgraduate,Male,Fail
43.14298558107157,74.13051734626818,7.011686109479757,11.158439628515826,Postgraduate,Female,Fail
64.25845285895237,85.6769854644853,3.7255214293483876,0.0,Graduate,Female,Fail
47.414073273875715,90.19305125844588,8.899286382869471,5.088297934434133,Graduate,Female,Fail
65.5675660430821,78.03306001231432,7.243596463375029,16.820529740565394,Graduate,Female,Fail
58.61111019374844,65.66670669967013,7.05115615242467,14.7611193390831,High School,Male,Fail
56.70875246820347,74.46094941761325,5.393371805069447,10.672836046625244,Graduate,Male,Fail
54.023372181034496,84.82264223470884,4.7694157509872035,9.455512865895935,None,Male,Fail
67.76736815196433,71.30878726206218,7.008750736584975,11.69457697430032,Graduate,Female,Fail
59.74424113551137,87.07903750260152,1.1678700423528576,7.582114542516122,Graduate,Male,Fail
88.81662494449378,87.35453634554923,0.683034796668538,9.162577963064445,Graduate,Female,Fail
56.3166621613213,86.60281904844875,5.595179144009866,13.781067081212308,Graduate,Male,Fail
45.964816811850525,77.50807738737737,0.38815153413692793,11.637135545509086,High School,Female,Fail
75.65305888800614,65.74189168880824,0.5923062332979612,14.146991584163548,Graduate,Female,Fail
86.57090475676975,79.23545359016583,3.405651601044962,0.0,Postgraduate,Female,Fail
100.0,81.80851008921803,0.9198247115089397,10.552879638611653,High School,Female,Fail
62.86637253235851,95.67893086990613,2.549901496187087,11.828956164415613,None,Female,Fail
84.00293044049673,81.15892823633042,5.034024977432693,0.0,Graduate,Male,Fail
51.06341806585447,100.0,6.380810874889166,9.49070992289193,Graduate,Female,Fail
81.60988795350403,94.38482295366107,4.9177659081193505,0.0,Graduate,Female,Fail
66.73903611604332,60.189882180741186,3.814790482110715,12.960957487738382,High School,Male,Fail
40.90591775101923,72.950398802351,6.044105000705794,10.891388077550433,Graduate,Male,Fail
66.80688367573794,82.08002916274059,3.7439808823628526,12.352392247331679,Postgraduate,Male,Fail
72.57696643150004,90.67431623034501,1.112870322640015,4.513848895042808,High School,Male,Fail
54.227288897173366,98.73074764259944,9.063463784212686,7.295201193249791,Graduate,Male,Fail
53.654977525859074,84.92608699254576,9.165081641819501,14.998638301974747,Graduate,Female,Fail
36.151592158182865,80.81812734600598,5.613712442929289,3.3405349106581825,Graduate,Male,Fail
47.57319455649314,96.23998000620952,2.031776790735246,12.144285519647898,Postgraduate,Male,Fail
57.55340594957853,79.91285868228366,5.993659857298596,15.750959786257544,None,Male,Fail
66.17649780858027,85.1027237460526,6.783074758366711,11.314653175168674,Graduate,Male,Fail
74.32513706898636,81.32966747296904,6.2566287222241375,10.506805710822597,High School,Female,Fail
47.031184725770956,67.46934869857559,3.2089142733919274,2.287927052641784,High School,Female,Fail
68.85690490898372,91.1265889464044,3.8221523160726067,15.140785707059974,High School,Female,Fail
54.866564005054585,96.16091171196605,8.381853419307133,10.37312870956819,Graduate,Male,Fail
64.53690056787455,69.24413116819159,6.710990914293421,5.960334191002928,None,Female,Fail
40.4231076213471,76.73442864099198,7.263931616341609,16.989457813144444,Graduate,Male,Fail
48.334089044508524,75.27540922481329,7.434921764446808,9.64862643330447,Graduate,Male,Fail
92.63068441892835,88.35968421725217,1.7407606847013446,9.682163090905288,High School,Female,Fail
41.97224642302826,85.93289841020861,0.8876687049012921,12.05440118265177,None,Female,Fail
89.37137554208186,83.10844843202541,7.4111292003866724,14.166871484492606,Graduate,Female,Fail
86.78365908755819,90.81830984868394,5.471654485937453,7.462176475258098,Graduate,Female,Fail
87.81953840917119,90.67659054497148,2.806274709580584,7.501939778129625,None,Female,Fail
39.125712074731425,82.19123933902046,7.3776484189827904,3.882034893062155,None,Female,Fail
47.09382423571972,81.84012705773787,1.9216036846520013,0.14773933827786756,Graduate,Male,Fail
73.77699569928224,92.60857930008876,7.49024077459879,3.496393962230032,Postgraduate,Male,Fail
75.83835323009397,89.41467071290931,7.985072562850325,9.020123040902062,Graduate,Male,Fail
63.000772434120776,78.09875020854969,3.260850102815981,4.969241264566816,High School,Female,Fail
83.91524194840122,99.23160340841099,8.327677393726336,18.55296751787636,Graduate,Male,Fail
59.821249047923864,79.92905136078147,6.101772158540928,10.915770145494436,Graduate,Female,Fail
69.32080104413498,87.16288136145411,8.077440428847346,3.057707533443617,Graduate,Female,Fail
57.91015680455119,65.23360052552633,8.364771330703242,7.14262578028551,High School,Male,Fail
79.12723320771879,88.93884693077584,4.018550290924992,10.33047943117779,Postgraduate,Male,Fail
46.865855869017075,100.0,1.084073853490094,17.387418148311667,High School,Female,Fail
80.47096553005137,77.56977607324201,6.320820747779672,10.115120269714895,None,Male,Fail
70.6270244575338,80.2841915805472,9.421588788294642,11.697952063398871,Postgraduate,Female,Fail
42.974922709257385,94.6337287592132,8.016867370167606,10.129349716823002,High School,Male,Fail
42.20406823548279,97.75821336593535,5.2850079580808496,10.2778636480264,Graduate,Female,Fail
69.50366526421318,93.44682668096944,7.731830145236046,12.412587872567503,Postgraduate,Female,Fail
67.3359057227659,71.60799758060405,8.659237326034646,16.08066898573167,Graduate,Male,Fail
74.15062121081218,98.68194609396163,7.483801183842403,8.830076705506363,High School,Female,Fail
53.46424673406037,82.29687849454582,9.931919771448115,18.121507959840685,None,Male,Fail
51.02356771223854,81.07362344762005,3.1108377135784258,10.749502926385494,High School,Female,Fail
68.59382113145722,83.11524357201263,2.0149569795560507,6.846948448619612,None,Male,Fail
75.56807122871176,88.28146681059735,7.07675895805014,13.497540602212645,High School,Male,Fail
62.01191085624284,87.0621594516737,4.786716322019502,7.041110886686584,Postgraduate,Female,Fail
62.979450890352226,85.52547850535193,3.256687724330105,11.922175234105044,Postgraduate,Female,Fail
56.37936028664362,66.27847670130892,3.274860822017316,1.541151266352868,High School,Female,Fail
51.23178066786501,70.00352487838725,7.0957567207975245,10.7808729465251,None,Male,Fail
93.09088336386465,95.3042611783034,6.766690232271925,9.59608135528152,None,Male,Fail
67.423205915614,82.77430624581925,2.935292628765589,20.174210560220857,Graduate,Female,Fail
39.484323901513,83.00372752900502,2.391058886507712,10.190514393577264,Postgraduate,Male,Fail
55.752210851086346,88.33316221050265,6.882606519907077,17.526928362525354,High School,Female,Fail
52.60178449739244,91.5557473562946,0.3160686988216066,7.526163344969749,Graduate,Female,Fail
52.7698172374255,89.85606859641828,5.443412171388963,15.375040037706473,Graduate,Female,Fail
84.62333107272923,75.02859301820341,4.638444273596419,8.916971141969137,Graduate,Male,Fail
74.02819623357249,97.71418493926691,3.365897308574486,17.549928295959305,Postgraduate,Female,Fail
54.118766223709194,81.8355482513657,9.884992775488588,4.36834249605989,Graduate,Female,Fail
87.27592754251705,71.88732239125343,2.5173923180262383,10.539166999141226,Graduate,Female,Fail
69.99289974962842,78.07140020900631,7.312308359964196,8.812190376497774,Graduate,Male,Fail
71.2005338616234,79.36870861578552,6.989390045767678,6.488533682927262,Graduate,Female,Fail
89.00167548167006,87.92011210384942,4.411864890033038,9.692263125278224,Graduate,Male,Fail
35.141036960566616,87.17169652145489,9.724941399389774,6.6066942761527,High School,Male,Fail
41.949755898327055,93.72942796240783,7.042821990673369,13.375188222700267,High School,Female,Fail
63.58176555121675,100.0,2.963691369998455,7.850079743639362,Postgraduate,Male,Fail
60.62407575226308,84.2759305458773,2.0064120525035936,13.239825789905064,Graduate,Female,Fail
54.92250111906894,91.87089753305973,3.2716276160571613,11.727829080325371,Postgraduate,Male,Fail
68.76307936394186,79.24929743496146,6.228297374684088,13.754182411188987,Graduate,Male,Fail
76.33043829446967,77.62220034208242,7.316988735017156,6.106028847916882,High School,Female,Fail
49.951382570204416,80.94741898698115,9.76420120800261,0.0,High School,Male,Fail
66.09019638425339,90.14469792554821,6.142056129078548,10.067865672633662,Graduate,Female,Fail
57.92980286539891,92.96226721620711,5.4378384724106255,8.661349053223374,High School,Female,Fail
56.19603563901644,84.84786673422994,2.4431633441650122,10.510597559308502,Postgraduate,Male,Fail
96.21655597878289,86.48322836066582,0.23763783037650255,14.675775403356345,Graduate,Male,Fail
57.89635346668765,84.12957751294869,6.205755635599516,7.273937394882664,None,Male,Fail
59.28875260903553,74.45756307344996,7.692402437630489,12.077822997603182,High School,Female,Fail
45.89394309826262,62.40541833996488,4.382982786703966,14.607983868625976,High School,Male,Fail
82.4072816539074,86.91975136014379,9.459643971385535,7.3543033420766655,Graduate,Female,Fail
56.02134023272475,77.476911565828,8.198089267558027,1.970068365902609,Graduate,Female,Fail
71.12139847258234,91.05767348224872,6.171364938825715,6.606674246595331,High School,Female,Fail
54.43927897582545,84.17098071932348,4.332295035644891,10.695622072105103,Graduate,Female,Fail
73.86369453010809,92.74406356005652,6.481852440078751,0.0,High School,Female,Fail
70.13257737595634,100.0,1.8703330937886475,9.117495229054743,Graduate,Female,Fail
64.62753127821823,71.73449580543878,2.9407166877583437,15.702979081725438,Graduate,Female,Fail
70.24717370293325,89.76725630788528,3.766262738839643,10.897870260711798,Postgraduate,Female,Fail
81.65362272759808,95.12068318547342,7.405621781892123,2.993356661059707,Graduate,Female,Fail
68.15487949127234,84.20156378716933,4.898523757233042,12.010598230649473,None,Female,Fail
50.14914662126711,93.9178963215534,1.887309174264764,3.336430075801533,High School,Male,Fail
81.6422957972843,74.55036791880671,3.57675559157137,15.067656223016565,High School,Female,Fail
78.2327402183522,83.20803028315056,2.716215932583299,14.470564673905615,Graduate,Female,Fail
62.05737515860764,99.37365510260166,3.668564935968801,7.6390665534260815,Postgraduate,Female,Fail
50.673997291314436,100.0,2.5429970831382853,12.121486730348064,Graduate,Female,Fail
62.98400368811362,86.90677913584663,0.6991282651187214,1.6547745149933881,Graduate,Male,Fail
81.74396934831024,84.77724185922257,3.4188941976702516,11.258342853308312,Graduate,Female,Fail
78.57709568399531,87.61235015811151,9.036244678215425,7.864673511325178,High School,Female,Fail
50.21032101276199,92.50070267159174,0.5878724609335062,5.999407915528393,Graduate,Male,Fail
68.84948169809732,94.41768396087049,8.72582243159166,18.892478889214768,Graduate,Male,Fail
79.85944124914008,100.0,8.487723964609192,13.900618030776624,None,Female,Fail
77.82442557567438,85.61796365447205,1.7381646734257983,8.630453633182437,High School,Male,Fail
81.24579556109335,84.07414978413861,5.225616255921894,8.454255603243492,Graduate,Female,Fail
68.41098219077962,99.42215358998497,0.7478959699459486,8.301185907878411,High School,Male,Fail
64.2489207588654,87.20746697943689,5.553874944074541,5.080200386487702,Postgraduate,Female,Fail
51.99738082880106,99.59178620344093,5.294293284467157,9.589918972966437,Graduate,Female,Fail
51.773454574497194,71.454593848958,5.62569467934515,2.284231256532677,Postgraduate,Male,Fail
93.94476568323505,87.42533300015691,5.83076487385177,9.742561216905921,Graduate,Male,Fail
87.95122010066886,83.38775393270657,6.880630405973694,3.247156301658011,High School,Female,Fail
65.88105736271362,76.42594754444492,4.915375663195673,18.331598278444233,Postgraduate,Male,Fail
60.829218486878574,91.21181126649009,1.0836301228355205,8.109176220588745,Graduate,Male,Fail
62.323979799782954,77.86358926757367,2.412354846552894,7.845203010424619,Postgraduate,Male,Fail
60.99908430891482,87.4081256602471,9.10829681527038,4.028747003652699,Graduate,Male,Fail
81.36596986651419,84.59446454956456,2.0886104958412766,6.4110270540740935,High School,Female,Fail
40.50129461083988,92.26077308061815,3.441858170432801,12.429889378573222,High School,Male,Fail
32.66650144792906,95.33065556355268,6.665726820925302,18.88113513123951,Graduate,Female,Fail
43.25562259467073,95.06221405713934,8.511756028235945,12.89189463529242,Graduate,Male,Fail
71.7815164922588,85.49075609828937,8.334492584317626,2.0952014115563493,High School,Male,Fail
82.24966230435945,77.95347504125864,6.763742483200588,15.825112369885035,Graduate,Female,Fail
64.98237030927491,72.17484395897611,3.886063135324307,13.576163575343761,High School,Female,Fail
58.39919974923774,72.51046440349215,0.45450719065394884,11.79723932814405,Postgraduate,Male,Fail
55.59035584721563,83.80327010627668,9.992035593480628,13.649973955792897,High School,Male,Fail
65.81253288481122,70.89505698567366,9.25418887691294,20.195173830169576,Postgraduate,Male,Fail
100.0,81.86022936865145,6.6144244775288366,7.197118080996017,Postgraduate,Male,Fail
53.96290206695807,99.99346604686475,1.1026021670992425,11.186828107142123,Graduate,Male,Fail
66.49487679086131,86.00138813230066,3.894933940626758,11.117795691431686,Graduate,Male,Fail
38.370954970647404,85.25583084158296,3.7366200784698353,0.0,Graduate,Male,Fail
74.91448730201625,83.43896655882972,7.979876131256349,7.289142860804527,None,Male,Fail
33.25850837707688,90.41940624845051,1.53162793152543,9.934433991437352,High School,Male,Fail
64.35702063094189,88.07829070684309,8.268094356227717,3.538404632632016,Graduate,Female,Fail
75.20089365955329,80.7587433032251,1.9053676591834767,6.122341324086529,High School,Male,Fail
60.24528345020218,76.30990320626168,4.8285344924887355,7.78548514593056,High School,Female,Fail
64.45517389831441,81.84404844149074,6.721752109409017,13.901250239787501,Graduate,Female,Fail
63.80651114536928,75.41332125714469,7.035219161982073,11.820991286436653,Graduate,Female,Fail
69.92583026135661,98.44093390335503,4.027242222547731,13.228405393046746,Graduate,Female,Fail
58.568989503830714,96.55248383069348,4.488010298985596,11.192820222112449,Graduate,Male,Fail
41.21729695968221,95.4133244766358,1.1979312333511227,7.777760682266688,Postgraduate,Male,Fail
46.70824586131913,91.00223995987233,6.445434931503662,15.169297222672263,High School,Female,Fail
47.972700160560976,83.06264576265019,4.11686590999337,18.337001640426337,Graduate,Female,Fail
43.29514891678424,83.97410034899275,6.532298784811159,12.71714826240935,Graduate,Male,Fail
55.46600214310189,82.79490053759827,2.849242792448048,14.050856637221022,High School,Female,Fail
65.47563374177386,90.24962685548972,5.962041114163209,11.410257780090676,Postgraduate,Male,Fail
65.43663716171281,84.61242600097353,2.820947313208191,18.65210461365976,High School,Male,Fail
56.495168274875034,84.7688392709489,1.9624397014462047,18.493937603058853,Graduate,Female,Fail
63.985283938321274,80.67701895672595,9.594432448593347,21.217074410866175,High School,Male,Fail
63.15297905760748,81.00221486075343,8.101072731171467,19.161228267038158,Graduate,Male,Fail
58.858678326692235,80.62180397121834,2.188087473805802,18.942500020666756,Graduate,Female,Fail
41.05232924283257,76.42535306198063,2.814348860001492,13.95643045056131,Graduate,Female,Fail
69.63615220784665,85.58713043725017,6.065645807879294,7.441273626932981,None,Male,Fail
59.26861279885566,75.33168146044447,1.7107646052516967,6.840741541579205,Graduate,Male,Fail
64.26439450521755,85.27044538097196,9.434687175158734,10.32254467337968,High School,Female,Fail
83.39712102320854,69.41663564408165,5.785081123100513,15.936622270799333,High School,Female,Fail
78.40281369512836,83.63264369170325,8.151180727616223,10.703394539092603,High School,Female,Fail
74.98771580083235,100.0,7.687102084879319,8.051160875669229,Graduate,Male,Fail
51.67904708435502,89.28032280652053,6.090998567534394,7.781315448688741,High School,Male,Fail
83.75211584823111,100.0,7.344519004209818,10.691477520525927,Postgraduate,Male,Fail
64.32813529994046,73.02513256112046,1.8765433015751154,15.987631402371308,Graduate,Female,Fail
52.94971990848241,77.65400650541379,6.571650879257231,3.585979752202501,Graduate,Female,Fail
53.530210660479135,90.86996143604243,9.373292963058024,10.659759123744701,Graduate,Female,Fail
65.0830101146597,100.0,2.469069599477216,5.353982030712439,High School,Female,Fail
85.85959673158789,69.02680158920263,0.02017644328855095,13.959963872484025,None,Female,Fail
49.6244242170459,78.53398779931969,3.7468231816718256,10.303126382585456,High School,Female,Fail
75.92251570325053,91.95713425008397,1.4582450778644473,10.898124841368494,None,Male,Fail
32.535017776772015,86.59712388785378,3.9896376144759236,2.948002557750044,None,Female,Fail
74.8319213025668,85.88351614169753,4.822735541667173,7.793406974247829,None,Male,Fail
69.65422780294341,84.91366084367125,8.155086969426778,9.167639729712938,None,Male,Fail
45.795105448448666,86.97377395242542,0.8658590986764458,4.552468622003217,Postgraduate,Male,Fail
70.40260443193081,74.91059040031408,1.29734220027643,0.9816734384657781,Postgraduate,Female,Fail
71.16507967170405,85.63751015683629,2.707308823044862,2.9407796675997657,Graduate,Male,Fail
62.49482522999482,83.33893323270082,8.555375957766946,7.2732448889284385,Postgraduate,Female,Fail
65.92177120063548,94.9495190452949,7.002673865177254,8.893109322667305,High School,Female,Fail
47.28243165871051,81.7944649068735,6.000435710265675,7.275989071403462,High School,Male,Fail
87.43545677251205,85.23577869737014,0.09698402764022007,12.205699352890356,Postgraduate,Female,Fail
78.47978322220763,90.40905503675698,9.557176114348202,6.355295588327189,High School,Male,Fail
80.52561179814613,89.44951557105576,3.9959611020131627,18.64242848310397,High School,Male,Fail
61.02055386778714,90.65393051207354,5.5108369547680605,17.025067275665492,Postgraduate,Female,Fail
40.99770887769874,92.50936706810802,6.714366888728,9.526783053600239,Postgraduate,Male,Fail
98.51787907054553,96.46470720347597,9.508575498721413,4.839535521994787,High School,Male,Fail
72.69468489849191,100.0,7.528590318545451,7.984716703021903,High School,Male,Fail
64.65357198095299,76.28322569453478,6.153685867901702,10.523611364266468,Graduate,Female,Fail
52.496304596243185,74.52665693587167,0.30333936495512526,9.810800160918637,Postgraduate,Female,Fail
45.54830736125105,94.65897717333725,4.961888862124609,14.167954096308403,Postgraduate,Female,Fail
71.46536566168002,94.26662794582485,3.938941315757499,8.697102613784724,Graduate,Female,Fail
67.36789609681338,73.3833132513502,8.524289498748983,11.999069429010344,High School,Male,Fail
34.062238941289884,100.0,9.303440110586694,4.44454913286015,High School,Male,Fail
39.262518258224986,80.51240195757688,3.9934294837484297,10.040044477901345,Graduate,Female,Fail
73.16977618201979,90.83794524459101,7.4112965736433125,16.482393949006962,Graduate,Female,Fail
64.21369791155486,77.36405136445389,4.0317201432315635,4.648528270011693,Graduate,Female,Fail
63.81066817583539,84.64947375311417,2.6476824793747102,3.7234578177066835,None,Female,Fail
82.01170296488935,87.541085445662,9.959944600912428,6.379008061611994,Graduate,Female,Fail
65.07814424667528,100.0,7.3443791676420025,14.151889421273385,Graduate,Female,Fail
69.49528908458758,83.62294598277138,9.169297116163033,17.253657682673385,Postgraduate,Male,Fail
65.08017141822937,77.0632441847725,3.875811306494107,11.073601849547419,Graduate,Male,Fail
70.19962642294202,74.6879470383514,8.706741441895756,7.017792965001904,Postgraduate,Male,Fail
60.88607901129914,84.0364143864638,3.7919865463807523,12.342734406245341,Graduate,Male,Fail
70.72203426945546,98.94053375220095,1.1266367823469714,5.941510001528489,High School,Female,Fail
92.8230486256277,75.88949718690117,8.420510150332685,4.374518910319471,Graduate,Female,Fail
98.05411940300536,100.0,7.229357874559421,8.759516615503262,High School,Female,Fail
54.12478980697881,90.09269686385932,0.9357225313319095,6.218991595738608,High School,Male,Fail
71.37049468255425,78.80018657887095,0.04890561964985274,6.964599834400021,High School,Female,Fail
55.96414441662287,76.56730635148529,0.09663757540404938,8.430937515011006,Postgraduate,Male,Fail
37.859987210326096,98.14775625354022,9.539517812331727,20.60847151922895,High School,Female,Fail
55.53141708336549,81.95473138806366,4.950554263442205,10.292520063654877,Graduate,Male,Fail
72.29178971774174,94.90773537497336,9.791275593318954,12.409253864535788,Graduate,Female,Fail
64.24212507790614,72.6695974545185,8.490839180172484,6.878882633641545,High School,Male,Fail
62.14475360948769,96.80980872844671,9.007721278072477,9.416666146278839,Postgraduate,Female,Fail
64.8880681261002,86.88174707883721,2.09765880802978,14.716741178911072,Graduate,Male,Fail
80.98637069916283,93.36156354943815,6.962468525719032,5.408551438213733,Postgraduate,Male,Fail
37.30405853855869,81.98505640364965,5.322992190882198,5.763230011429591,High School,Female,Fail
84.5194360544035,99.43579578843652,8.546857680528007,14.505036211600393,Postgraduate,Female,Fail
41.24514349788134,85.0653424138761,1.8828964173911844,9.66118684307398,None,Female,Fail
77.87415831460001,90.35724640905072,4.194087657116691,13.908081204058988,Graduate,Male,Fail
62.28065945492534,77.17574633391774,7.307173628361615,9.815310775416604,High School,Female,Fail
70.25493601802053,83.62542756521083,7.189848171043832,10.426398093319296,Graduate,Female,Fail
67.99266143426522,86.66215759386002,0.3282036507210373,14.63257155410242,Postgraduate,Male,Fail
46.87091275401674,96.96381538985028,2.906154607215562,17.08927253363362,None,Male,Fail
48.81339695844599,91.39847642123037,3.1439248497336436,9.52709466596337,High School,Male,Fail
25.970434586754997,100.0,9.511860258556283,5.6148558512091675,High School,Female,Fail
64.93306471322762,90.0480437873369,4.653961449965552,6.392237126156982,Graduate,Male,Fail
68.8450196169672,93.14419923784442,0.5933418111190947,12.571635064878759,High School,Female,Fail
64.41296880707188,73.00373295129113,4.830520995208007,10.299334065839842,None,Female,Fail
60.74344903606475,85.68716793393142,9.033652546241221,3.319325443166468,None,Female,Fail
59.39280695500949,94.88226794020296,6.158226535975647,16.173214782460775,Graduate,Male,Fail
67.27004248656264,93.01664938260187,4.390268685578689,17.368457181029374,High School,Male,Fail
60.236990412617345,97.35346341011244,1.949765086959564,6.135690848462999,Postgraduate,Male,Fail
49.51856375635536,74.01737164719412,6.293161985569299,11.30510529631126,High School,Female,Fail
76.27753977975213,76.56541253828473,9.599172182383002,11.258565790092193,High School,Female,Fail
76.09651442885672,86.90154908964807,7.811062206792024,11.806395465472386,Graduate,Male,Fail
63.4614259752646,81.31586570751853,9.20120933012887,18.205507382465516,Graduate,Female,Fail
63.45227677260937,78.90152478912022,5.386160682997638,15.588694265793084,High School,Male,Fail
48.27148771072149,75.86026961383283,9.835705223564904,4.209657284010323,Postgraduate,Male,Fail
64.90321950931924,97.82630135079309,8.51179508993918,4.06907174300591,High School,Male,Fail
65.0810488319912,81.24665630361461,0.7320539486217248,19.79292944797192,Postgraduate,Female,Fail
75.73148099193477,86.07186880367642,5.634423401033901,3.111917878829252,High School,Male,Fail
63.2811972852041,72.78890335613484,2.049841213840704,13.053908024684898,Graduate,Male,Fail
82.06174251212468,96.16294998909784,5.176566115022409,8.71751933164116,Graduate,Male,Fail
45.590020447664415,87.5172373947293,2.5700773478238723,8.952194772266687,Postgraduate,Male,Fail
45.3289563002233,83.9760828334864,9.47637365816631,5.988766440545221,Graduate,Male,Fail
69.60042192579023,96.18000246585841,4.101159174390798,0.0,High School,Male,Fail
36.00606448128977,79.06884595276321,5.938445629489827,4.765707194861753,Graduate,Male,Fail
66.11405202369788,100.0,6.944628701370221,10.036102757423768,Graduate,Female,Fail
34.99816296384604,93.44161871695619,7.127806940298766,13.749501713816443,Graduate,Female,Fail
83.77916043054323,87.21778483040988,5.716970535004743,7.383755382464049,High School,Female,Fail
