car_make,car_model,year_of_manufacture,kms_driven,fuel_type,transmission,owner_type,engine_cc,mileage_kmpl,car_condition_score,estimated_price_in_inr
Maruti,Tiago,2018,47998.0,Petrol,Manual,First,866.0,22.36,4.42,417505.0
Honda,Innova,2021,42365.0,CNG,Manual,Second,1159.0,20.4,9.66,505652.0
Tata,Innova,2021,46442.0,CNG,Manual,First,1796.0,16.94,9.78,499572.0
Tata,EcoSport,2019,41307.0,Petrol,Manual,Second,1303.0,14.88,5.67,456022.0
Maruti,EcoSport,2015,104373.0,CNG,Manual,First,1431.0,18.75,4.49,400376.0
Tata,Tiago,2020,25566.0,Diesel,Manual,First,800.0,20.71,8.76,545648.0
Mahindra,Alto,2015,65825.0,CNG,Manual,Second,800.0,20.87,4.96,408926.0
Maruti,i20,2019,92691.0,CNG,Manual,First,1212.0,8.0,5.22,436903.0
Ford,City,2015,43914.0,Diesel,Manual,Third+,800.0,18.96,4.14,380336.0
Toyota,EcoSport,2021,29080.0,Petrol,Manual,Second,1009.0,25.35,5.64,512272.0
Honda,Alto,2016,96450.0,Diesel,Manual,First,1175.0,14.68,1.21,341032.0
Hyundai,Swift,2019,113092.0,Electric,Manual,First,970.0,17.53,2.51,415177.0
Maruti,Alto,2016,82130.0,CNG,Manual,First,1568.0,15.21,3.45,415502.0
Ford,Scorpio,2016,22637.0,Diesel,Manual,Third+,953.0,14.01,8.44,471683.0
Ford,i20,2015,24661.0,CNG,Manual,First,800.0,13.76,4.07,358606.0
Hyundai,Innova,2017,71447.0,Electric,Manual,First,1273.0,25.67,8.05,474264.0
Maruti,City,2016,52674.0,CNG,Manual,Second,1320.0,17.43,7.34,473248.0
Honda,Nexon,2015,81693.0,Electric,Manual,First,1020.0,18.29,4.07,403171.0
Ford,City,2021,89547.0,Petrol,Automatic,First,1406.0,15.65,8.31,526001.0
Mahindra,i20,2016,101541.0,Petrol,Manual,Third+,2103.0,11.94,6.95,371012.0
Toyota,Nexon,2020,79796.0,CNG,Automatic,First,1633.0,10.76,1.1,467178.0
Tata,Innova,2016,49151.0,Diesel,Manual,First,1731.0,17.79,1.1,355155.0
Honda,Innova,2021,13617.0,Petrol,Automatic,First,1764.0,22.24,6.29,573453.0
Tata,Nexon,2016,84144.0,Petrol,Automatic,Third+,1697.0,11.72,7.42,416092.0
Honda,Swift,2017,98214.0,CNG,Manual,Second,1824.0,19.39,9.01,408182.0
Toyota,Swift,2016,48101.0,Diesel,Manual,First,1235.0,16.01,8.65,439305.0
Honda,i20,2015,105066.0,Petrol,Manual,First,1086.0,15.85,8.87,408651.0
Toyota,Innova,2020,33509.0,Petrol,Manual,First,1674.0,20.35,4.17,470380.0
Tata,Swift,2021,49992.0,Diesel,Manual,First,800.0,15.54,7.74,527548.0
Honda,EcoSport,2021,60797.0,Petrol,Manual,Second,800.0,16.01,1.45,463756.0
Maruti,Tiago,2020,43534.0,Diesel,Manual,Second,800.0,17.97,4.83,490326.0
Hyundai,i20,2019,72994.0,Diesel,Manual,First,1482.0,15.57,8.24,506183.0
Mahindra,EcoSport,2015,46780.0,Petrol,Manual,Second,800.0,16.88,6.87,403805.0
Hyundai,Innova,2020,74256.0,Electric,Automatic,First,937.0,12.07,4.4,515370.0
Mahindra,EcoSport,2021,59314.0,Petrol,Manual,First,849.0,24.5,1.33,461946.0
Hyundai,EcoSport,2017,37242.0,CNG,Manual,Second,2005.0,11.74,8.44,450877.0
Mahindra,Scorpio,2015,62410.0,Diesel,Manual,Second,929.0,17.2,5.64,419918.0
Toyota,Swift,2015,37176.0,Diesel,Manual,First,1155.0,25.71,5.89,373087.0
Maruti,Swift,2021,43395.0,Electric,Manual,Second,1356.0,22.68,6.61,580865.0
Honda,EcoSport,2019,20113.0,CNG,Manual,Second,944.0,12.99,6.94,520771.0
Hyundai,Innova,2016,45439.0,Petrol,Automatic,Second,945.0,10.82,7.87,456350.0
Ford,Innova,2018,99623.0,Petrol,Manual,First,1689.0,13.21,3.2,459120.0
Mahindra,Alto,2019,63496.0,Petrol,Manual,Third+,887.0,20.31,9.64,505199.0
Mahindra,Innova,2018,25536.0,Diesel,Manual,Second,935.0,24.19,9.55,490345.0
Tata,Alto,2018,65999.0,CNG,Manual,First,1152.0,14.12,5.63,449852.0
Hyundai,City,2019,95408.0,Electric,Manual,Second,836.0,19.45,4.85,471948.0
Mahindra,Swift,2016,38105.0,Diesel,Manual,First,879.0,17.15,1.35,355212.0
Maruti,Alto,2021,101857.0,Diesel,Manual,First,1350.0,22.82,2.53,405468.0
Ford,Alto,2016,62309.0,Petrol,Manual,Second,1664.0,11.65,1.37,378634.0
Hyundai,Swift,2018,48545.0,Petrol,Manual,Second,1113.0,18.66,3.94,417160.0
Toyota,City,2016,53493.0,Diesel,Manual,First,800.0,14.13,4.75,362245.0
Maruti,Scorpio,2017,46757.0,CNG,Manual,Second,800.0,15.82,2.28,461093.0
Hyundai,Nexon,2019,27238.0,Diesel,Manual,First,1102.0,12.71,8.8,534790.0
Toyota,Nexon,2015,68120.0,Electric,Manual,First,800.0,12.3,9.46,506748.0
Toyota,Innova,2018,76593.0,CNG,Automatic,First,2136.0,20.53,5.89,434648.0
Mahindra,Tiago,2017,25681.0,Diesel,Manual,First,927.0,15.2,5.38,418962.0
Honda,i20,2016,66679.0,Diesel,Manual,First,1731.0,11.15,7.07,384689.0
Ford,Nexon,2016,64789.0,Diesel,Automatic,First,1283.0,17.98,5.67,455445.0
Toyota,Tiago,2018,51872.0,Petrol,Manual,First,800.0,20.69,6.66,468665.0
Hyundai,City,2019,82905.0,Petrol,Manual,First,1673.0,25.5,6.12,443983.0
Mahindra,Alto,2021,121043.0,Petrol,Manual,First,1252.0,14.4,4.06,454785.0
Mahindra,Nexon,2020,65221.0,CNG,Automatic,First,800.0,15.96,4.09,480295.0
Ford,Innova,2018,91113.0,Diesel,Manual,First,1367.0,18.33,6.3,433455.0
Mahindra,Swift,2018,56248.0,Petrol,Manual,First,1542.0,21.61,7.41,428324.0
Maruti,Innova,2017,79546.0,Petrol,Automatic,Second,1040.0,19.49,4.47,425353.0
Maruti,Tiago,2018,24588.0,Petrol,Manual,Second,1747.0,12.21,6.07,423960.0
Hyundai,City,2019,34310.0,Petrol,Manual,Third+,1616.0,13.85,9.42,498343.0
Hyundai,Alto,2021,58193.0,Petrol,Manual,First,800.0,11.97,4.49,473178.0
Hyundai,Innova,2021,79428.0,Petrol,Manual,First,1035.0,24.04,4.81,424271.0
Toyota,EcoSport,2017,105428.0,Petrol,Manual,First,1510.0,9.1,4.19,359224.0
Mahindra,Scorpio,2020,19916.0,Electric,Automatic,First,1215.0,20.55,7.88,600450.0
Maruti,EcoSport,2021,24168.0,Petrol,Manual,Third+,800.0,16.95,6.13,516377.0
Ford,City,2017,46086.0,Electric,Automatic,First,1175.0,10.87,5.58,516921.0
Mahindra,Swift,2017,88403.0,CNG,Manual,First,800.0,23.54,8.26,427822.0
Maruti,City,2015,91498.0,Petrol,Automatic,First,1240.0,24.28,1.59,367325.0
Mahindra,Tiago,2021,47556.0,Diesel,Manual,First,1369.0,17.52,8.0,530101.0
Tata,i20,2018,75195.0,Petrol,Manual,First,800.0,24.88,7.57,423419.0
Tata,Innova,2020,71688.0,Diesel,Manual,Second,1401.0,21.1,9.69,488123.0
Ford,i20,2016,35759.0,Diesel,Manual,First,1571.0,26.89,6.56,471489.0
Honda,Scorpio,2016,121172.0,Diesel,Automatic,First,1882.0,19.84,3.53,377260.0
Ford,City,2015,64012.0,Diesel,Manual,Second,870.0,22.93,4.33,353758.0
Maruti,EcoSport,2015,43577.0,Diesel,Manual,First,1352.0,16.33,3.43,365619.0
Toyota,Alto,2020,72709.0,Diesel,Automatic,First,1449.0,23.66,9.59,556323.0
Mahindra,Nexon,2019,60280.0,Petrol,Automatic,Third+,1431.0,23.85,2.17,465199.0
Toyota,Swift,2016,32414.0,Petrol,Manual,First,1424.0,15.31,5.02,393265.0
Toyota,Innova,2017,81353.0,Electric,Manual,First,800.0,21.85,1.65,421503.0
Maruti,City,2015,47851.0,Petrol,Manual,First,1634.0,22.67,5.64,421217.0
Tata,City,2019,61192.0,Petrol,Manual,Second,972.0,14.76,2.57,434330.0
Tata,Nexon,2021,70187.0,Diesel,Manual,Third+,1344.0,18.78,1.67,455839.0
Toyota,i20,2016,43180.0,Electric,Manual,Second,1152.0,16.86,3.44,395592.0
Tata,Innova,2018,64031.0,CNG,Automatic,First,800.0,13.88,3.82,458319.0
Ford,Scorpio,2018,52423.0,Diesel,Manual,First,1357.0,26.31,9.13,479861.0
Honda,Alto,2020,33678.0,Petrol,Manual,Third+,1337.0,14.34,6.34,448365.0
Tata,i20,2021,81595.0,Petrol,Manual,Third+,1122.0,26.68,6.01,500386.0
Maruti,i20,2020,83622.0,Electric,Manual,First,1493.0,18.01,7.44,513890.0
Maruti,Alto,2019,57984.0,Electric,Manual,Third+,800.0,12.01,9.49,521863.0
Honda,Alto,2021,65473.0,Diesel,Manual,First,2010.0,14.08,2.57,465053.0
Ford,Swift,2015,52691.0,Petrol,Automatic,First,800.0,13.96,9.07,500024.0
Mahindra,Tiago,2020,51093.0,Petrol,Manual,Second,1434.0,24.37,4.99,419809.0
Honda,Innova,2019,92247.0,Petrol,Manual,Third+,1271.0,20.11,6.26,483212.0
Ford,EcoSport,2018,5000.0,CNG,Automatic,First,1848.0,25.69,3.77,440541.0
Tata,City,2021,77443.0,Petrol,Manual,Second,1391.0,17.49,2.2,487814.0
Toyota,Alto,2019,60058.0,CNG,Automatic,Third+,1421.0,10.83,8.94,524405.0
Tata,Scorpio,2021,88062.0,Petrol,Manual,First,1094.0,14.95,6.58,441634.0
Tata,Scorpio,2016,40676.0,Diesel,Automatic,First,1441.0,14.53,8.61,467524.0
Toyota,Alto,2021,57757.0,Diesel,Manual,Second,1139.0,19.07,4.63,433780.0
Maruti,Scorpio,2016,59025.0,CNG,Manual,Second,800.0,15.61,7.78,441418.0
Mahindra,Alto,2021,74948.0,Diesel,Manual,Second,800.0,13.32,6.2,455417.0
Honda,Alto,2016,51837.0,Diesel,Manual,First,800.0,19.37,3.92,413887.0
Mahindra,Swift,2019,44406.0,Petrol,Automatic,Third+,1314.0,19.84,6.14,522805.0
Ford,Alto,2020,75422.0,Diesel,Manual,First,1350.0,24.04,1.84,381309.0
Ford,City,2018,59697.0,Diesel,Automatic,First,1157.0,14.26,9.5,450592.0
Tata,Nexon,2017,47624.0,Diesel,Manual,Second,1261.0,18.29,9.56,445732.0
Hyundai,Alto,2017,69895.0,Petrol,Manual,First,800.0,22.89,3.85,405648.0
Hyundai,Scorpio,2015,66122.0,Diesel,Manual,First,1172.0,17.62,4.94,424774.0
Hyundai,City,2015,24640.0,Petrol,Manual,First,2074.0,13.73,8.72,463236.0
Toyota,Innova,2016,90752.0,Petrol,Manual,First,1574.0,21.89,8.25,447495.0
Honda,City,2019,49753.0,Electric,Manual,First,924.0,18.54,9.71,553606.0
Mahindra,City,2018,32826.0,CNG,Manual,First,800.0,21.93,7.24,495944.0
Maruti,City,2021,61692.0,Petrol,Manual,Second,1087.0,18.3,1.8,422630.0
Hyundai,Nexon,2015,72983.0,Petrol,Manual,First,1654.0,16.5,8.45,441073.0
Toyota,Tiago,2017,42583.0,Diesel,Automatic,First,998.0,15.53,3.98,431864.0
Maruti,Innova,2019,11667.0,Petrol,Automatic,First,1738.0,27.28,6.53,527555.0
Hyundai,i20,2019,33652.0,Electric,Manual,First,1202.0,17.6,1.94,449863.0
Toyota,Scorpio,2017,59557.0,Diesel,Manual,Second,800.0,20.67,4.09,371913.0
Toyota,Tiago,2019,25772.0,CNG,Manual,Second,1181.0,20.12,2.58,477973.0
Ford,Scorpio,2021,65198.0,CNG,Automatic,First,990.0,21.63,4.43,479423.0
Toyota,Innova,2016,65886.0,Diesel,Manual,First,1541.0,20.19,2.56,359909.0
Maruti,City,2020,64007.0,CNG,Manual,First,1388.0,24.38,6.72,462022.0
Toyota,i20,2016,41270.0,Petrol,Manual,Second,1343.0,19.7,7.25,467563.0
Tata,Alto,2021,11855.0,Diesel,Manual,Second,1263.0,14.55,5.09,495117.0
Maruti,Scorpio,2017,45589.0,Electric,Manual,First,923.0,17.25,4.84,500605.0
Maruti,Nexon,2017,52021.0,Petrol,Manual,Second,1489.0,22.18,5.69,448626.0
Honda,City,2019,86697.0,Petrol,Automatic,First,1004.0,22.26,9.91,559088.0
Ford,EcoSport,2021,50397.0,Petrol,Manual,First,1503.0,20.49,2.34,485359.0
Honda,Alto,2021,115342.0,Petrol,Manual,First,800.0,11.71,5.77,421104.0
Tata,Tiago,2018,83462.0,Petrol,Manual,First,1318.0,10.27,7.42,443851.0
Maruti,Tiago,2015,5000.0,Diesel,Manual,Second,800.0,18.76,4.57,408735.0
Hyundai,Tiago,2020,29876.0,CNG,Manual,Third+,1687.0,22.5,5.29,471762.0
Toyota,Alto,2021,52700.0,Petrol,Manual,First,862.0,18.7,5.43,492773.0
Maruti,i20,2018,74186.0,Petrol,Automatic,First,985.0,15.53,6.6,434441.0
Hyundai,Innova,2016,94327.0,Petrol,Manual,First,1055.0,23.57,4.6,390613.0
Toyota,Scorpio,2019,59815.0,Electric,Manual,Third+,1164.0,20.27,9.99,563441.0
Honda,Swift,2019,49545.0,CNG,Manual,Third+,999.0,24.02,5.84,458905.0
Hyundai,EcoSport,2017,88100.0,Diesel,Manual,First,1665.0,24.75,8.61,432023.0
Maruti,EcoSport,2021,47282.0,Petrol,Automatic,First,1633.0,14.66,2.78,465712.0
Maruti,i20,2015,60257.0,Electric,Automatic,First,1941.0,17.29,5.62,463181.0
Toyota,City,2016,50824.0,Petrol,Manual,Second,800.0,13.4,9.68,433212.0
Tata,City,2016,16173.0,Diesel,Manual,First,1581.0,19.17,9.7,494230.0
Ford,Scorpio,2016,75316.0,Diesel,Manual,First,1470.0,13.24,3.07,406267.0
Hyundai,Alto,2021,87902.0,Electric,Manual,Third+,800.0,18.52,2.06,476284.0
Maruti,Nexon,2021,20610.0,CNG,Automatic,Second,1599.0,17.75,1.72,521504.0
Honda,i20,2016,39336.0,Diesel,Manual,Second,1822.0,19.23,5.24,434421.0
Mahindra,Scorpio,2020,35689.0,Petrol,Manual,First,842.0,17.63,8.28,539523.0
Hyundai,Scorpio,2021,68399.0,Diesel,Automatic,First,931.0,12.16,9.18,533212.0
Honda,Alto,2015,62332.0,Petrol,Manual,First,1644.0,23.61,3.05,377841.0
Mahindra,Nexon,2017,55271.0,Electric,Manual,Second,1929.0,15.18,8.33,513278.0
Mahindra,EcoSport,2020,74546.0,Electric,Manual,Second,1345.0,16.23,2.07,489292.0
Maruti,i20,2015,74191.0,Petrol,Manual,Second,1420.0,20.05,9.95,429026.0
Ford,Alto,2021,52978.0,CNG,Manual,Second,1001.0,12.13,2.25,454311.0
Honda,Innova,2018,52100.0,Diesel,Manual,First,1481.0,14.21,7.42,470670.0
Tata,Innova,2020,79021.0,Petrol,Manual,First,1018.0,17.94,5.48,438742.0
Tata,Alto,2019,71037.0,Electric,Automatic,First,1032.0,11.57,4.6,546738.0
Hyundai,Alto,2015,42747.0,CNG,Manual,First,1572.0,15.99,8.9,456056.0
Ford,Scorpio,2020,95579.0,Electric,Manual,Third+,1554.0,17.08,3.66,482625.0
Mahindra,City,2017,47323.0,Petrol,Manual,Second,2043.0,13.75,2.16,374440.0
Hyundai,Tiago,2018,65407.0,Electric,Manual,Second,1143.0,18.48,1.26,489808.0
Hyundai,Scorpio,2019,10584.0,Petrol,Manual,First,1369.0,14.89,5.3,458733.0
Tata,Swift,2018,69847.0,Petrol,Automatic,First,1134.0,17.35,6.17,483226.0
Toyota,Scorpio,2019,115409.0,CNG,Manual,First,1223.0,13.95,5.82,415643.0
Tata,Scorpio,2018,41424.0,CNG,Manual,First,1865.0,20.07,1.51,463495.0
Hyundai,Nexon,2017,48210.0,Petrol,Automatic,First,917.0,23.27,6.96,460762.0
Honda,City,2020,84084.0,Petrol,Manual,First,862.0,18.98,5.84,463468.0
Ford,Innova,2021,91896.0,Petrol,Manual,First,1286.0,17.25,1.37,405135.0
Ford,Alto,2015,81117.0,Electric,Manual,Second,1803.0,21.73,7.61,442821.0
Toyota,Tiago,2021,26520.0,Diesel,Manual,First,1475.0,16.09,3.85,496382.0
Honda,Alto,2019,94205.0,Electric,Manual,Third+,1433.0,13.89,2.29,431596.0
Honda,i20,2015,53242.0,CNG,Automatic,First,800.0,16.67,7.27,439369.0
Hyundai,Scorpio,2021,50184.0,Electric,Automatic,First,800.0,21.31,9.27,667199.0
Honda,Innova,2019,55288.0,Petrol,Automatic,First,1349.0,16.48,1.8,426221.0
Ford,Tiago,2016,68204.0,Diesel,Manual,Second,1477.0,24.47,7.44,376061.0
Honda,City,2015,65155.0,Diesel,Automatic,Third+,1401.0,11.84,5.31,405413.0
Hyundai,Innova,2021,61314.0,Electric,Automatic,Second,1161.0,21.02,8.88,593144.0
Maruti,i20,2015,13196.0,Petrol,Manual,Second,1211.0,16.17,7.03,423150.0
Maruti,Swift,2021,22509.0,Diesel,Manual,First,1285.0,16.23,1.07,437249.0
Tata,Scorpio,2016,85761.0,CNG,Automatic,Second,800.0,16.86,9.01,444402.0
Toyota,Scorpio,2021,54436.0,CNG,Manual,First,800.0,17.48,9.96,513820.0
Tata,Innova,2017,55009.0,Petrol,Manual,Second,837.0,11.42,1.23,373442.0
Toyota,Nexon,2017,68333.0,Petrol,Automatic,First,1544.0,17.51,2.78,388273.0
Honda,City,2015,76389.0,Petrol,Automatic,Second,1423.0,14.16,2.98,360238.0
Mahindra,i20,2020,72140.0,Electric,Manual,First,1451.0,21.72,7.14,540821.0
Honda,Tiago,2018,35071.0,Diesel,Manual,Second,1968.0,19.81,8.86,477360.0
Hyundai,Alto,2015,91785.0,Petrol,Manual,First,1450.0,14.77,3.29,340535.0
Hyundai,Nexon,2018,52089.0,Diesel,Manual,First,1162.0,13.09,2.25,400835.0
Tata,i20,2018,27218.0,Electric,Manual,First,1314.0,20.28,7.89,517272.0
Ford,EcoSport,2020,42679.0,Diesel,Automatic,Second,1221.0,18.28,7.97,586117.0
Ford,EcoSport,2017,45922.0,Diesel,Manual,First,1468.0,8.0,5.6,396807.0
Mahindra,Alto,2018,67300.0,Petrol,Manual,First,800.0,20.72,9.04,464468.0
Mahindra,Alto,2018,65429.0,Diesel,Automatic,Second,800.0,22.41,2.97,483221.0
Mahindra,Innova,2015,81824.0,Electric,Manual,Second,1174.0,17.8,9.62,462708.0
Toyota,Tiago,2017,97896.0,CNG,Automatic,First,1840.0,19.61,4.47,428814.0
Toyota,EcoSport,2021,58190.0,Electric,Manual,First,800.0,14.58,9.1,542676.0
Honda,Nexon,2015,77177.0,Diesel,Automatic,Second,1499.0,13.78,2.73,395078.0
Honda,Swift,2016,45623.0,Electric,Automatic,Second,800.0,17.34,4.22,520129.0
Tata,Tiago,2016,41556.0,Electric,Automatic,First,1619.0,19.04,7.06,525004.0
Tata,Scorpio,2016,49869.0,Petrol,Manual,First,975.0,15.51,1.38,375070.0
Mahindra,i20,2021,72862.0,Diesel,Automatic,Second,1230.0,17.39,9.1,553607.0
Tata,Innova,2016,79906.0,Petrol,Manual,First,1391.0,11.05,7.14,361295.0
Hyundai,Nexon,2020,59620.0,Diesel,Manual,Third+,1216.0,16.83,7.18,497401.0
Toyota,Alto,2017,63708.0,Petrol,Manual,First,1583.0,11.77,9.12,428481.0
Tata,i20,2015,57824.0,Electric,Manual,First,1372.0,20.12,6.23,435030.0
Maruti,EcoSport,2017,33644.0,Diesel,Automatic,First,1476.0,17.83,1.24,444971.0
Maruti,Scorpio,2020,5000.0,Diesel,Manual,First,1191.0,16.7,7.04,495735.0
Honda,Nexon,2018,64799.0,Diesel,Manual,First,1233.0,15.41,3.44,366007.0
Hyundai,City,2018,41192.0,CNG,Manual,Second,868.0,23.66,4.29,480371.0
Tata,Tiago,2016,75144.0,Diesel,Automatic,First,1796.0,16.31,3.57,423599.0
Tata,Alto,2017,57927.0,Petrol,Manual,Second,800.0,19.38,3.06,460951.0
Hyundai,Scorpio,2021,79360.0,Diesel,Manual,First,1500.0,20.74,4.07,461870.0
Ford,Innova,2018,97594.0,Petrol,Manual,First,1350.0,13.87,7.42,385100.0
Maruti,Swift,2017,26836.0,Petrol,Automatic,First,1269.0,11.35,8.7,477988.0
Mahindra,i20,2015,71918.0,Electric,Automatic,Second,1348.0,19.97,2.01,413970.0
Mahindra,Scorpio,2017,85302.0,CNG,Manual,Second,1356.0,22.23,1.97,355112.0
Ford,Swift,2017,58004.0,Petrol,Manual,First,1321.0,20.12,7.16,468027.0
Tata,City,2019,82295.0,Diesel,Automatic,First,1189.0,20.58,5.37,456497.0
Mahindra,Nexon,2021,33876.0,Electric,Manual,Second,1296.0,13.72,2.76,539147.0
Honda,Tiago,2021,55520.0,Diesel,Manual,Third+,1598.0,16.8,7.0,480024.0
Toyota,Innova,2018,95934.0,Petrol,Manual,Second,914.0,18.77,7.19,417015.0
Tata,Swift,2019,102978.0,Diesel,Automatic,First,859.0,16.59,1.42,434615.0
Mahindra,Swift,2020,64767.0,CNG,Manual,First,1778.0,16.46,4.39,418587.0
Hyundai,Swift,2015,59443.0,Petrol,Manual,First,1082.0,24.93,2.89,413165.0
Tata,Innova,2015,66531.0,CNG,Automatic,Second,1504.0,14.1,1.46,391792.0
Hyundai,i20,2021,78752.0,Petrol,Automatic,First,987.0,21.08,2.98,492957.0
Toyota,Innova,2017,83544.0,Diesel,Automatic,Third+,1090.0,22.06,9.54,453056.0
Toyota,Tiago,2020,98231.0,Diesel,Manual,First,800.0,18.07,1.93,430098.0
Tata,Alto,2018,61545.0,Diesel,Automatic,First,800.0,21.14,3.18,428664.0
Mahindra,Alto,2017,57685.0,Diesel,Manual,Second,1870.0,20.84,3.48,418136.0
Honda,Nexon,2017,96055.0,Petrol,Automatic,First,1297.0,20.08,7.43,491989.0
Maruti,Tiago,2021,65519.0,Electric,Manual,First,1082.0,14.32,1.96,480412.0
Tata,Innova,2015,96479.0,Electric,Automatic,Second,1950.0,13.13,1.72,422152.0
Tata,Swift,2021,26136.0,Electric,Automatic,Second,1696.0,15.72,6.66,635558.0
Ford,Swift,2018,66063.0,Diesel,Manual,First,1045.0,16.91,2.7,468115.0
Tata,Innova,2016,55969.0,CNG,Manual,First,951.0,13.69,3.15,415625.0
Mahindra,Nexon,2018,38565.0,CNG,Manual,First,875.0,22.62,2.61,398587.0
Maruti,City,2021,75530.0,Diesel,Manual,First,1193.0,11.9,2.16,455318.0
Maruti,Tiago,2017,42159.0,Petrol,Automatic,First,1080.0,21.54,1.7,443879.0
Ford,i20,2019,66020.0,Diesel,Manual,Second,1576.0,14.77,3.25,404708.0
Maruti,Nexon,2019,58986.0,Electric,Automatic,Third+,1312.0,15.31,9.06,583418.0
Toyota,Scorpio,2019,78152.0,Petrol,Manual,First,800.0,16.35,6.43,406699.0
Tata,City,2021,85827.0,Electric,Manual,First,2101.0,16.49,5.03,533393.0
Mahindra,Scorpio,2016,85156.0,Diesel,Automatic,First,1742.0,19.1,4.97,452150.0
Tata,Tiago,2018,61227.0,Petrol,Manual,Second,1182.0,13.72,7.68,447124.0
Hyundai,EcoSport,2020,42384.0,Petrol,Manual,Second,1558.0,17.18,6.23,489802.0
Maruti,Innova,2016,27937.0,Petrol,Manual,First,1402.0,17.18,2.33,402829.0
Tata,Alto,2015,28776.0,CNG,Manual,Second,800.0,17.91,9.57,452604.0
Ford,Alto,2016,57008.0,Petrol,Manual,First,1411.0,18.37,2.1,398768.0
Honda,Innova,2021,24738.0,Electric,Automatic,Second,1299.0,27.36,5.17,600022.0
Hyundai,Nexon,2020,52151.0,Diesel,Automatic,Third+,1213.0,11.68,3.88,504664.0
Honda,Nexon,2018,97484.0,Diesel,Manual,Second,800.0,19.35,7.34,448181.0
Hyundai,Scorpio,2015,62503.0,Petrol,Manual,First,800.0,25.86,2.53,326347.0
Toyota,Tiago,2015,60640.0,CNG,Manual,Second,1502.0,20.3,4.97,388366.0
Maruti,Swift,2017,56097.0,Diesel,Manual,First,1145.0,15.03,1.39,328450.0
Honda,Alto,2019,73549.0,Diesel,Manual,Second,800.0,16.34,2.62,399875.0
Maruti,i20,2017,67696.0,Electric,Manual,First,1480.0,15.29,2.75,412906.0
Mahindra,Innova,2015,49397.0,Petrol,Manual,First,1347.0,16.68,3.24,387768.0
Tata,Innova,2018,38275.0,CNG,Manual,Third+,924.0,10.69,5.63,476517.0
Mahindra,Nexon,2021,52110.0,Petrol,Manual,First,1863.0,16.93,7.0,494272.0
Hyundai,Alto,2020,36033.0,Diesel,Automatic,Third+,800.0,22.91,9.42,529058.0
Ford,Tiago,2016,93602.0,Electric,Automatic,Second,1845.0,16.16,1.48,448615.0
Honda,City,2018,88881.0,Petrol,Automatic,First,800.0,10.82,8.85,470205.0
Toyota,City,2019,86033.0,Petrol,Manual,First,1251.0,14.6,3.24,428528.0
Ford,Nexon,2019,75006.0,CNG,Manual,Second,1241.0,25.31,2.26,453127.0
Ford,Nexon,2015,55157.0,Diesel,Manual,First,900.0,19.23,5.0,413594.0
Hyundai,Scorpio,2019,57435.0,CNG,Manual,Third+,1211.0,17.17,9.33,472010.0
Ford,Tiago,2021,54487.0,CNG,Manual,Second,2040.0,23.08,6.87,516164.0
Ford,i20,2020,73124.0,Petrol,Manual,First,1380.0,17.75,7.01,473636.0
Maruti,Scorpio,2018,59031.0,Diesel,Manual,First,1471.0,25.8,7.6,461288.0
Hyundai,City,2016,59422.0,Diesel,Manual,First,1672.0,16.53,3.69,353103.0
Hyundai,i20,2016,49193.0,Petrol,Manual,Second,1276.0,20.39,9.57,469166.0
Honda,City,2021,50006.0,Petrol,Manual,Second,800.0,18.21,9.66,542704.0
Ford,Alto,2018,49055.0,Petrol,Manual,First,970.0,17.7,6.09,506831.0
Tata,City,2017,38563.0,Electric,Manual,Second,1992.0,18.07,1.8,387561.0
Ford,Swift,2015,61468.0,Diesel,Manual,First,1366.0,15.91,5.36,440643.0
Honda,Tiago,2018,35829.0,CNG,Manual,Second,887.0,20.72,2.72,429921.0
Maruti,i20,2019,60676.0,CNG,Manual,First,1197.0,17.38,9.31,492641.0
Ford,Scorpio,2020,21042.0,Diesel,Automatic,Second,2007.0,19.32,7.08,551855.0
Hyundai,Tiago,2016,56582.0,Electric,Manual,Second,1464.0,15.25,5.02,495065.0
Maruti,Nexon,2015,110955.0,Petrol,Manual,First,1562.0,16.26,7.61,378711.0
Ford,Swift,2020,70701.0,Petrol,Automatic,First,1034.0,17.58,2.98,445183.0
Toyota,Alto,2020,113182.0,Diesel,Manual,First,1051.0,17.74,5.33,394334.0
Maruti,i20,2018,30063.0,Diesel,Manual,First,800.0,24.61,6.84,482840.0
Honda,Tiago,2019,41635.0,Diesel,Automatic,Second,1318.0,27.26,9.61,547257.0
Mahindra,Alto,2016,74675.0,Diesel,Manual,Second,1211.0,23.76,8.24,409263.0
Maruti,Swift,2021,132616.0,Petrol,Manual,Second,894.0,23.38,8.35,495718.0
Mahindra,Scorpio,2018,20067.0,Petrol,Manual,Second,1094.0,19.63,7.19,449038.0
Mahindra,City,2016,43835.0,CNG,Manual,First,987.0,15.89,6.22,426912.0
Toyota,Nexon,2016,77393.0,CNG,Manual,Second,1149.0,19.53,1.05,341731.0
Hyundai,Alto,2017,63993.0,Diesel,Manual,Second,1037.0,11.53,2.55,402684.0
Hyundai,Scorpio,2020,62209.0,Petrol,Automatic,First,1048.0,23.53,9.41,531426.0
Honda,Tiago,2020,59784.0,Petrol,Manual,First,1988.0,8.0,1.37,437885.0
Ford,City,2016,64934.0,Electric,Manual,Second,1172.0,21.74,3.17,413680.0
Maruti,EcoSport,2020,34776.0,Diesel,Manual,First,1487.0,22.27,4.61,479098.0
Hyundai,Swift,2019,61594.0,Diesel,Manual,Third+,1631.0,16.65,5.7,425665.0
Honda,Scorpio,2015,55847.0,Petrol,Manual,First,1116.0,18.46,8.55,445027.0
Toyota,Innova,2018,84874.0,Petrol,Manual,Third+,1173.0,20.93,6.84,461769.0
Hyundai,EcoSport,2021,51986.0,Diesel,Manual,First,800.0,21.62,7.36,486260.0
Toyota,Scorpio,2017,60589.0,Petrol,Manual,First,1454.0,16.5,5.1,414362.0
Ford,Swift,2019,73523.0,Petrol,Manual,Second,1067.0,20.55,7.41,487181.0
Toyota,Nexon,2016,71124.0,Petrol,Manual,Second,1317.0,15.99,2.85,339603.0
Honda,EcoSport,2018,74135.0,Electric,Automatic,Third+,1242.0,19.51,5.75,495726.0
Maruti,Swift,2017,78773.0,Diesel,Manual,First,1320.0,24.16,9.69,473199.0
Ford,i20,2021,88662.0,CNG,Automatic,First,1095.0,20.67,2.25,473993.0
Honda,Swift,2016,114589.0,Electric,Automatic,First,1396.0,19.08,3.68,454417.0
Maruti,City,2018,38208.0,Diesel,Manual,Second,1629.0,19.84,8.87,514775.0
Honda,Scorpio,2017,33817.0,Petrol,Automatic,First,1306.0,17.96,7.15,479390.0
Toyota,Innova,2018,84147.0,Petrol,Automatic,First,978.0,19.12,8.62,469118.0
Hyundai,Tiago,2021,83167.0,Petrol,Manual,First,800.0,20.31,8.47,522880.0
Mahindra,Scorpio,2015,30958.0,Petrol,Manual,First,800.0,10.85,9.65,440029.0
Tata,i20,2015,105415.0,Electric,Manual,Second,1392.0,15.38,4.34,389195.0
Ford,Tiago,2021,48781.0,Diesel,Automatic,First,1347.0,17.32,8.24,523100.0
Toyota,City,2019,74595.0,CNG,Automatic,Third+,1147.0,23.85,9.32,542871.0
Hyundai,Scorpio,2016,40910.0,Diesel,Automatic,Second,1446.0,16.47,4.11,454931.0
Hyundai,Nexon,2020,59124.0,Petrol,Manual,First,1918.0,10.18,3.1,473109.0
Mahindra,Tiago,2019,66353.0,Diesel,Manual,First,835.0,18.46,2.53,414816.0
Tata,Alto,2017,124957.0,Petrol,Manual,Second,1175.0,14.84,3.39,359686.0
Tata,Alto,2018,56557.0,Petrol,Manual,First,1814.0,22.71,7.47,423595.0
Maruti,Innova,2018,40158.0,CNG,Manual,First,800.0,21.66,3.59,423461.0
Maruti,Innova,2016,34220.0,CNG,Manual,Second,1039.0,16.24,7.32,451404.0
Honda,Swift,2017,57591.0,Diesel,Automatic,First,800.0,20.48,5.54,421699.0
Tata,i20,2016,94851.0,Petrol,Manual,First,800.0,22.04,2.56,379859.0
Hyundai,Scorpio,2019,37224.0,Electric,Manual,First,1394.0,19.83,5.65,553662.0
Ford,Swift,2015,104620.0,Petrol,Manual,Second,800.0,12.38,7.73,400729.0
Tata,EcoSport,2021,72732.0,Diesel,Automatic,First,1427.0,21.12,7.37,539143.0
Tata,City,2019,44500.0,Petrol,Manual,Second,1521.0,16.09,1.82,414624.0
Hyundai,City,2018,38918.0,Petrol,Manual,Second,1867.0,21.24,6.87,472902.0
Mahindra,City,2019,92869.0,Electric,Automatic,First,1689.0,24.53,7.87,499198.0
Mahindra,Innova,2020,52387.0,Diesel,Manual,Second,1826.0,8.0,1.62,402772.0
Ford,Nexon,2015,84769.0,Electric,Manual,First,1394.0,20.58,3.16,381976.0
Honda,Alto,2021,29174.0,Petrol,Manual,First,1923.0,19.56,1.13,482393.0
Tata,Tiago,2018,89525.0,Petrol,Automatic,Third+,1715.0,13.83,6.38,442404.0
Honda,Swift,2020,64704.0,Electric,Manual,First,800.0,20.88,3.68,479764.0
Ford,Scorpio,2017,80904.0,Electric,Automatic,Second,800.0,18.83,5.57,480626.0
Hyundai,Nexon,2018,52463.0,Petrol,Manual,First,1320.0,17.48,7.3,472222.0
Maruti,Tiago,2021,96089.0,CNG,Manual,First,1770.0,8.61,8.58,492423.0
Maruti,Nexon,2016,60163.0,Petrol,Manual,Second,1601.0,18.71,2.3,355993.0
Toyota,i20,2017,73393.0,Diesel,Manual,First,800.0,19.95,1.08,340940.0
Tata,Innova,2019,40439.0,Diesel,Manual,First,800.0,18.42,5.86,457045.0
Maruti,Nexon,2016,56564.0,Petrol,Manual,First,1326.0,9.69,2.79,372436.0
Toyota,Tiago,2019,64155.0,Diesel,Manual,First,1327.0,21.32,2.37,435135.0
Mahindra,Tiago,2017,89910.0,Petrol,Manual,First,1246.0,19.71,8.73,430874.0
Toyota,City,2021,75996.0,CNG,Manual,First,800.0,23.32,8.22,499419.0
Maruti,i20,2015,99104.0,Petrol,Automatic,First,1231.0,23.0,9.09,418023.0
Ford,Innova,2016,72620.0,Diesel,Manual,First,925.0,22.09,1.72,366741.0
Honda,Innova,2018,80360.0,Petrol,Manual,Second,800.0,14.95,1.89,376221.0
Tata,Scorpio,2017,30009.0,CNG,Manual,First,1381.0,19.69,8.04,446197.0
Tata,Swift,2018,61718.0,Petrol,Manual,Second,1201.0,18.93,9.23,475964.0
Hyundai,City,2016,84706.0,Electric,Manual,First,800.0,15.59,9.93,461074.0
Mahindra,Nexon,2017,80042.0,Diesel,Manual,First,800.0,18.8,4.3,415285.0
Ford,i20,2019,90884.0,Petrol,Automatic,First,1651.0,19.51,8.48,536924.0
Toyota,Nexon,2021,32543.0,Petrol,Manual,First,1076.0,19.63,9.82,542618.0
Tata,i20,2020,38914.0,Petrol,Manual,First,1790.0,19.55,6.28,471440.0
Maruti,Nexon,2015,64754.0,Diesel,Manual,First,800.0,12.9,7.13,417595.0
Ford,EcoSport,2016,50790.0,Diesel,Manual,First,800.0,22.91,4.28,354396.0
Tata,City,2018,44754.0,Petrol,Manual,First,1209.0,17.42,9.42,476842.0
Mahindra,i20,2016,37151.0,Diesel,Automatic,Third+,2032.0,15.7,2.26,432781.0
Maruti,Nexon,2015,92066.0,Petrol,Automatic,Third+,1342.0,16.3,7.8,440710.0
Mahindra,Innova,2017,50617.0,Electric,Automatic,Second,999.0,19.02,2.82,477990.0
Toyota,Innova,2017,62680.0,Petrol,Automatic,Second,800.0,13.94,1.02,348796.0
Tata,Nexon,2018,29472.0,Electric,Manual,First,800.0,11.03,3.87,457743.0
Toyota,Scorpio,2015,87907.0,Petrol,Automatic,First,857.0,17.84,8.03,475379.0
Maruti,i20,2017,66293.0,Electric,Manual,Second,2189.0,11.72,9.94,522753.0
Mahindra,Nexon,2021,57440.0,Diesel,Manual,First,1422.0,16.51,6.61,533527.0
Mahindra,City,2016,87950.0,Diesel,Automatic,First,860.0,18.4,3.77,463225.0
Mahindra,i20,2018,45172.0,Diesel,Manual,Third+,1211.0,15.16,2.9,361403.0
Mahindra,Scorpio,2019,109786.0,Electric,Manual,Second,1109.0,12.71,8.47,470730.0
Tata,Tiago,2021,81104.0,Electric,Automatic,First,1537.0,23.98,7.68,587869.0
Hyundai,Innova,2016,65544.0,Diesel,Manual,First,1659.0,21.03,2.27,324281.0
Tata,Tiago,2021,83548.0,CNG,Manual,First,800.0,17.35,9.35,523958.0
Maruti,Innova,2021,15505.0,Petrol,Manual,Third+,800.0,20.28,6.22,515632.0
Ford,Alto,2021,102185.0,Electric,Automatic,Third+,925.0,16.52,7.41,556600.0
Honda,Tiago,2016,47016.0,Diesel,Manual,First,800.0,19.0,1.73,385260.0
Hyundai,City,2018,47003.0,Diesel,Manual,First,842.0,16.46,6.92,455775.0
Maruti,Nexon,2020,93096.0,Diesel,Automatic,First,1688.0,22.22,7.77,505703.0
Ford,Alto,2021,5000.0,Electric,Automatic,Second,800.0,21.49,7.75,619706.0
Maruti,Tiago,2020,67408.0,Diesel,Manual,First,800.0,12.18,8.9,491746.0
Maruti,City,2015,54767.0,CNG,Manual,Second,1659.0,17.33,9.46,461421.0
Honda,Tiago,2019,29163.0,Electric,Manual,First,800.0,21.16,4.57,542106.0
Maruti,Alto,2018,74688.0,Electric,Manual,Second,945.0,15.56,4.05,428416.0
Toyota,Nexon,2020,52847.0,Petrol,Manual,First,1444.0,19.13,3.0,478927.0
Mahindra,City,2017,87190.0,Electric,Manual,Third+,800.0,14.61,3.24,446641.0
Maruti,EcoSport,2018,48598.0,CNG,Manual,First,1216.0,21.04,7.56,474819.0
Tata,Nexon,2018,74506.0,CNG,Manual,Third+,876.0,22.01,6.39,472626.0
Toyota,EcoSport,2019,71116.0,Petrol,Manual,Second,1365.0,16.8,5.56,430435.0
Ford,Scorpio,2021,66871.0,Diesel,Manual,First,800.0,8.0,1.78,422241.0
Mahindra,Tiago,2017,58030.0,Diesel,Automatic,Second,824.0,15.63,5.63,447643.0
Hyundai,City,2020,74031.0,Electric,Automatic,First,1480.0,13.52,5.45,566526.0
Hyundai,Alto,2018,47996.0,Petrol,Manual,First,800.0,26.2,9.41,498678.0
Tata,EcoSport,2021,24337.0,Diesel,Manual,First,958.0,18.74,9.85,543887.0
Maruti,Tiago,2021,70039.0,Petrol,Manual,Third+,1100.0,19.41,2.55,455799.0
Toyota,Scorpio,2019,113290.0,Petrol,Manual,First,1463.0,19.4,1.21,340053.0
Tata,i20,2018,49200.0,Diesel,Automatic,Second,800.0,15.49,5.06,493299.0
Tata,i20,2021,87166.0,Petrol,Manual,First,1775.0,12.57,1.4,374620.0
Tata,EcoSport,2020,64768.0,Electric,Automatic,First,1439.0,15.57,1.66,525378.0
Ford,Tiago,2017,77141.0,CNG,Automatic,Third+,1427.0,21.35,1.84,464689.0
Mahindra,Scorpio,2019,78576.0,Diesel,Manual,Second,908.0,14.43,6.42,487952.0
Mahindra,Swift,2016,67257.0,Electric,Manual,Third+,1078.0,15.34,1.46,417068.0
Mahindra,i20,2018,81378.0,Electric,Automatic,First,1422.0,28.3,3.36,479128.0
Maruti,Alto,2016,78856.0,Electric,Automatic,Second,1234.0,23.98,1.8,450698.0
Mahindra,EcoSport,2016,52548.0,Petrol,Manual,First,928.0,18.62,7.18,448555.0
Tata,City,2019,85127.0,Petrol,Manual,Second,1109.0,8.68,2.6,439294.0
Mahindra,Swift,2016,34860.0,Electric,Manual,First,800.0,16.56,7.56,485644.0
Hyundai,Alto,2019,60759.0,Diesel,Manual,First,1690.0,17.44,8.51,499567.0
Mahindra,Scorpio,2017,66388.0,Diesel,Manual,Second,1624.0,18.76,1.73,367125.0
Hyundai,City,2015,68964.0,Diesel,Manual,First,913.0,15.63,1.46,320279.0
Hyundai,Alto,2019,85927.0,Petrol,Automatic,First,1009.0,11.78,2.02,415908.0
Ford,EcoSport,2018,87525.0,Petrol,Automatic,First,1148.0,24.92,4.69,457508.0
Mahindra,EcoSport,2015,70083.0,Diesel,Manual,Second,1350.0,18.73,6.97,395502.0
Honda,City,2019,42687.0,Electric,Manual,First,1162.0,16.41,1.34,458646.0
Hyundai,i20,2018,68677.0,Petrol,Manual,First,1654.0,12.73,9.53,468056.0
Mahindra,EcoSport,2019,71384.0,Electric,Manual,First,1723.0,26.22,6.33,505945.0
Ford,City,2016,65493.0,Diesel,Automatic,First,1514.0,17.74,3.27,380857.0
Toyota,i20,2019,51886.0,Electric,Automatic,First,2544.0,27.68,4.2,554201.0
Honda,Alto,2021,70599.0,Diesel,Manual,Third+,1101.0,26.58,3.71,455517.0
Hyundai,Scorpio,2015,44879.0,CNG,Automatic,First,1971.0,20.02,6.98,492556.0
Maruti,Innova,2020,48742.0,Electric,Automatic,First,1507.0,18.59,7.19,525922.0
Toyota,Tiago,2016,74483.0,Electric,Automatic,First,1233.0,16.51,5.88,453027.0
Ford,Alto,2018,98969.0,Diesel,Manual,Second,1683.0,29.17,9.97,468551.0
Ford,Innova,2018,53164.0,Petrol,Manual,First,934.0,20.24,5.27,485223.0
Mahindra,Tiago,2017,80565.0,Diesel,Manual,Second,1212.0,20.48,6.35,432443.0
Hyundai,Scorpio,2015,44337.0,Electric,Manual,First,1028.0,15.38,1.1,436164.0
Maruti,EcoSport,2016,34568.0,Petrol,Manual,Second,1309.0,23.02,5.97,459477.0
Toyota,Tiago,2017,56176.0,Electric,Manual,First,1097.0,20.72,2.13,444666.0
Honda,Innova,2017,14773.0,CNG,Manual,Second,1458.0,21.28,8.09,486562.0
Mahindra,City,2020,76287.0,Diesel,Manual,First,1638.0,15.46,2.87,477225.0
Honda,Alto,2021,27895.0,Electric,Manual,Third+,800.0,19.02,5.72,519122.0
Honda,City,2021,55705.0,Diesel,Manual,Second,1613.0,19.42,5.03,477551.0
Maruti,Alto,2018,17957.0,Petrol,Manual,First,800.0,16.89,4.21,438876.0
Hyundai,City,2018,61426.0,Diesel,Manual,Second,1104.0,17.91,4.35,390844.0
Tata,Tiago,2018,42919.0,Diesel,Manual,First,1524.0,17.0,3.46,459504.0
Tata,City,2016,71379.0,Petrol,Manual,Second,1642.0,19.73,4.01,359758.0
Ford,Swift,2018,81229.0,Diesel,Automatic,First,904.0,16.98,3.42,443477.0
Maruti,Tiago,2018,118330.0,Petrol,Automatic,First,800.0,15.75,7.11,423436.0
Maruti,Innova,2018,53735.0,Diesel,Manual,First,800.0,18.27,4.44,433165.0
Ford,Innova,2021,87084.0,Petrol,Manual,Third+,1485.0,14.95,7.57,483364.0
Honda,Alto,2019,66397.0,Petrol,Manual,First,800.0,23.43,7.24,437388.0
Honda,Swift,2018,88915.0,Electric,Manual,First,1218.0,17.71,8.45,505011.0
Tata,i20,2020,5758.0,Diesel,Manual,First,826.0,19.1,10.0,544408.0
Mahindra,Innova,2017,26332.0,Diesel,Automatic,First,1398.0,15.34,8.28,499232.0
Ford,Alto,2016,30408.0,Petrol,Manual,Second,1741.0,17.56,6.34,430722.0
Mahindra,Scorpio,2018,82645.0,CNG,Manual,Second,1063.0,19.81,8.52,460137.0
Honda,EcoSport,2015,28939.0,Diesel,Automatic,Third+,800.0,15.89,1.73,423686.0
Ford,i20,2015,101698.0,Diesel,Manual,Second,1151.0,18.09,8.19,389979.0
Toyota,Swift,2018,68007.0,Petrol,Automatic,Second,1128.0,25.3,3.09,442597.0
Ford,Tiago,2015,46224.0,Petrol,Manual,First,800.0,17.53,8.98,463784.0
Tata,Alto,2017,92324.0,Electric,Automatic,First,926.0,15.96,1.46,423297.0
Maruti,Swift,2018,72526.0,Diesel,Manual,Second,1348.0,21.54,7.76,463422.0
Toyota,City,2020,76758.0,Petrol,Manual,Second,877.0,15.16,1.07,442595.0
Tata,Innova,2020,57369.0,Petrol,Manual,Second,1400.0,18.63,9.17,543309.0
Ford,City,2015,115897.0,Petrol,Automatic,First,910.0,18.33,1.05,348365.0
Toyota,i20,2020,98022.0,Electric,Automatic,First,1410.0,13.71,3.46,494152.0
Hyundai,Swift,2019,111330.0,CNG,Manual,Third+,800.0,13.6,8.77,492186.0
Ford,Tiago,2019,88023.0,Electric,Manual,First,1121.0,10.95,7.24,483175.0
Maruti,Scorpio,2019,14093.0,Petrol,Automatic,First,800.0,15.38,4.75,507551.0
Maruti,Nexon,2015,60628.0,Petrol,Manual,First,1014.0,10.4,2.96,387297.0
Tata,i20,2021,73186.0,Diesel,Manual,Second,1214.0,19.45,9.89,507937.0
Honda,Nexon,2018,67117.0,Petrol,Manual,First,1120.0,8.56,6.74,437696.0
Ford,Nexon,2020,72110.0,Diesel,Automatic,First,1335.0,23.11,4.55,499620.0
Honda,Swift,2015,92222.0,CNG,Manual,First,810.0,11.83,5.77,385010.0
Mahindra,i20,2020,92062.0,CNG,Automatic,First,1594.0,20.43,1.27,450399.0
Toyota,Alto,2015,44146.0,Petrol,Automatic,Second,1338.0,21.35,6.72,451648.0
Honda,i20,2015,53523.0,CNG,Automatic,First,1130.0,14.68,1.5,393911.0
Ford,Swift,2016,104525.0,Diesel,Automatic,First,1435.0,12.57,8.1,443952.0
Maruti,Innova,2017,89829.0,Petrol,Manual,First,1062.0,17.52,3.97,429136.0
Honda,i20,2017,66298.0,Diesel,Manual,Second,999.0,17.38,1.15,362255.0
Honda,City,2020,76475.0,Diesel,Automatic,First,1343.0,19.57,2.5,463534.0
Toyota,Nexon,2018,11941.0,Diesel,Manual,First,800.0,19.3,2.81,444461.0
Hyundai,Nexon,2020,92594.0,Diesel,Manual,First,1881.0,18.55,7.64,455983.0
Toyota,Alto,2016,9561.0,Diesel,Automatic,First,1376.0,16.33,6.23,507490.0
Ford,Nexon,2020,81076.0,Electric,Automatic,First,894.0,18.34,3.84,558811.0
Ford,Swift,2017,39540.0,CNG,Manual,Second,932.0,21.15,6.85,416772.0
Mahindra,Alto,2020,87974.0,CNG,Manual,Second,960.0,10.65,5.91,437653.0
Maruti,Nexon,2021,51491.0,Petrol,Manual,First,800.0,18.18,5.38,528125.0
Maruti,i20,2019,61302.0,Petrol,Manual,First,1294.0,16.57,3.71,413840.0
Toyota,Tiago,2021,58009.0,Electric,Manual,Second,981.0,21.92,5.87,573977.0
Maruti,EcoSport,2020,45698.0,CNG,Manual,First,1184.0,16.43,4.9,475283.0
Toyota,Nexon,2017,8207.0,Petrol,Automatic,First,1272.0,23.36,8.0,548458.0
Tata,Swift,2017,53313.0,Diesel,Manual,Third+,1594.0,13.4,7.9,460981.0
Tata,Swift,2017,36647.0,Diesel,Manual,Second,980.0,23.79,9.94,470043.0
Ford,Innova,2017,83211.0,Electric,Manual,Second,1285.0,14.61,4.31,352362.0
Hyundai,Nexon,2019,31120.0,Electric,Automatic,First,1435.0,20.87,9.99,603788.0
Tata,Innova,2021,69213.0,Electric,Manual,First,1537.0,22.72,8.95,617488.0
Ford,Nexon,2019,68789.0,Electric,Manual,First,1192.0,22.45,7.37,512844.0
Maruti,City,2018,77990.0,Diesel,Manual,Second,800.0,14.69,2.34,442682.0
Tata,Tiago,2018,64888.0,Electric,Manual,Second,1324.0,19.89,4.63,492390.0
Maruti,City,2020,22548.0,Electric,Manual,First,1148.0,25.32,5.33,553495.0
Maruti,Innova,2018,32135.0,Electric,Manual,First,1151.0,17.15,5.09,524902.0
Mahindra,i20,2016,60150.0,Petrol,Manual,First,1372.0,17.79,6.48,400779.0
Ford,Alto,2016,87652.0,Petrol,Manual,First,1444.0,9.8,6.02,441148.0
Toyota,Tiago,2016,77490.0,Diesel,Manual,Second,1462.0,13.21,9.52,442037.0
Maruti,Swift,2021,27155.0,Diesel,Manual,Second,1120.0,20.77,7.44,541066.0
Ford,Tiago,2019,64823.0,Electric,Manual,First,859.0,9.73,9.37,514991.0
Mahindra,Scorpio,2016,96998.0,Diesel,Manual,First,1264.0,23.15,1.62,385543.0
Ford,Scorpio,2017,67509.0,Electric,Manual,First,1399.0,21.09,7.17,456296.0
Toyota,Scorpio,2019,85569.0,Diesel,Automatic,First,1300.0,14.16,1.63,411942.0
Tata,Alto,2018,93675.0,Electric,Automatic,Third+,919.0,14.37,4.74,500941.0
Tata,City,2021,62711.0,CNG,Manual,Second,1404.0,14.6,5.92,483468.0
Maruti,i20,2017,79085.0,Petrol,Automatic,First,1201.0,15.51,6.97,458634.0
Tata,Nexon,2020,62591.0,Petrol,Manual,Second,1202.0,22.45,7.94,521419.0
Toyota,EcoSport,2018,20786.0,Petrol,Manual,Second,1143.0,20.2,4.11,424238.0
Tata,EcoSport,2017,40859.0,CNG,Manual,First,1064.0,22.59,6.18,414337.0
Honda,Nexon,2019,58743.0,Diesel,Manual,Third+,1116.0,11.76,2.44,410298.0
Mahindra,Scorpio,2021,88698.0,Petrol,Manual,First,1272.0,15.91,9.7,484605.0
Tata,Swift,2019,66452.0,Diesel,Manual,First,1191.0,15.34,2.84,428440.0
Tata,Swift,2019,67025.0,Petrol,Manual,First,902.0,21.78,3.43,407067.0
Maruti,EcoSport,2019,104559.0,Electric,Manual,First,1065.0,28.34,8.75,505720.0
Maruti,Innova,2015,33621.0,Petrol,Automatic,First,1821.0,21.8,7.27,444046.0
Tata,Innova,2021,95379.0,Diesel,Automatic,Second,1276.0,19.65,7.22,503208.0
Maruti,Scorpio,2017,42193.0,CNG,Manual,Second,1072.0,15.12,8.59,458538.0
Tata,Innova,2021,83958.0,Electric,Automatic,Third+,1570.0,15.64,9.95,569613.0
Ford,Alto,2021,81996.0,Diesel,Manual,First,1794.0,19.94,6.58,501135.0
Toyota,Innova,2017,90180.0,Petrol,Manual,Second,800.0,17.19,5.36,412006.0
Tata,EcoSport,2018,103728.0,Petrol,Automatic,Third+,1713.0,20.83,3.92,429641.0
Maruti,Nexon,2019,73247.0,Diesel,Manual,Second,1767.0,10.9,2.22,387301.0
Maruti,Scorpio,2015,10108.0,Petrol,Automatic,First,1105.0,23.25,2.17,431050.0
Tata,Swift,2018,44172.0,Electric,Automatic,First,800.0,23.12,3.67,534459.0
Maruti,City,2018,49608.0,Diesel,Automatic,Third+,1126.0,18.34,7.16,453846.0
Honda,Innova,2018,69928.0,Diesel,Automatic,First,853.0,22.57,2.6,403275.0
Mahindra,Alto,2016,27526.0,Diesel,Manual,First,1600.0,17.16,9.23,432298.0
Toyota,Alto,2019,54442.0,Petrol,Manual,Second,1390.0,19.26,6.42,436335.0
Hyundai,i20,2016,79106.0,Diesel,Manual,First,1386.0,26.24,5.28,382245.0
Ford,Tiago,2020,111250.0,Petrol,Manual,First,1070.0,15.9,4.9,394577.0
Ford,Nexon,2017,82395.0,Diesel,Automatic,First,923.0,16.53,3.34,422554.0
Maruti,EcoSport,2018,77584.0,Diesel,Automatic,First,800.0,11.96,5.51,484153.0
Hyundai,EcoSport,2019,40881.0,Petrol,Manual,First,1694.0,9.67,4.26,423503.0
Mahindra,Nexon,2021,35199.0,Petrol,Manual,Third+,1051.0,16.04,6.6,473184.0
Maruti,EcoSport,2020,47933.0,Electric,Manual,First,1677.0,13.4,7.23,559341.0
Ford,City,2017,107724.0,Petrol,Automatic,Second,1886.0,17.73,9.96,486034.0
Ford,EcoSport,2015,52457.0,Diesel,Manual,Third+,1168.0,20.36,7.71,440623.0
Maruti,City,2016,78824.0,Electric,Automatic,First,1850.0,18.13,6.42,513980.0
Tata,Alto,2016,42058.0,Diesel,Manual,First,1078.0,24.53,3.89,430602.0
Ford,Swift,2017,43129.0,Diesel,Automatic,First,1257.0,24.1,1.48,427677.0
Honda,Swift,2017,36261.0,Diesel,Manual,First,1656.0,12.62,5.83,463014.0
Maruti,EcoSport,2019,45246.0,Petrol,Manual,First,800.0,14.93,2.49,452047.0
Hyundai,i20,2015,47854.0,Diesel,Manual,Second,800.0,16.5,2.33,361363.0
Tata,EcoSport,2018,62586.0,Petrol,Automatic,First,1156.0,24.93,1.12,436772.0
Ford,EcoSport,2016,88192.0,Petrol,Automatic,Second,1051.0,14.62,8.67,469209.0
Mahindra,EcoSport,2016,63954.0,Petrol,Automatic,Third+,800.0,16.86,5.11,440458.0
Toyota,Alto,2018,43459.0,Diesel,Manual,Second,1594.0,20.04,3.93,424759.0
Ford,i20,2020,96418.0,Electric,Automatic,First,2058.0,20.65,6.36,542606.0
Maruti,Nexon,2017,80428.0,Petrol,Manual,First,800.0,18.1,3.83,387746.0
Maruti,City,2017,9390.0,Petrol,Automatic,First,1508.0,16.65,1.44,479432.0
Toyota,Innova,2021,73540.0,Petrol,Manual,Second,1424.0,18.99,5.93,485857.0
Hyundai,Tiago,2015,50992.0,CNG,Automatic,First,917.0,18.79,7.66,432981.0
Mahindra,Alto,2016,114262.0,Diesel,Automatic,First,1365.0,15.13,6.99,416069.0
Mahindra,Alto,2015,54322.0,CNG,Manual,Third+,1334.0,21.91,4.14,381550.0
Mahindra,Swift,2016,5000.0,Diesel,Automatic,First,1278.0,20.76,4.17,464029.0
Toyota,Innova,2020,103215.0,Diesel,Manual,Second,1180.0,15.14,2.26,450503.0
Hyundai,EcoSport,2018,53529.0,CNG,Manual,Second,1616.0,19.14,8.45,497693.0
Maruti,Nexon,2016,78694.0,Petrol,Manual,Third+,1206.0,15.54,6.18,373406.0
Mahindra,Alto,2018,55718.0,Electric,Automatic,Second,1237.0,19.2,1.28,471983.0
Maruti,i20,2021,104068.0,Petrol,Automatic,Third+,848.0,19.39,9.58,584739.0
Honda,Swift,2021,72756.0,Petrol,Automatic,First,800.0,15.08,5.55,507270.0
Mahindra,Innova,2015,108847.0,Diesel,Manual,First,1191.0,17.1,1.61,345018.0
Toyota,i20,2018,97294.0,Diesel,Automatic,First,800.0,12.23,5.34,483889.0
Ford,Swift,2017,41703.0,CNG,Manual,First,1780.0,16.27,5.48,457970.0
Ford,EcoSport,2015,65003.0,Petrol,Automatic,Third+,819.0,18.41,4.14,445678.0
Maruti,City,2021,54523.0,CNG,Automatic,First,800.0,20.47,8.77,547839.0
Mahindra,Innova,2019,14389.0,CNG,Manual,Second,970.0,16.84,9.57,494657.0
Mahindra,Innova,2020,54219.0,Diesel,Manual,Third+,1124.0,18.03,8.78,484636.0
Maruti,Tiago,2021,76464.0,Diesel,Manual,First,1044.0,13.27,5.96,464334.0
Maruti,Alto,2021,37564.0,Petrol,Manual,Second,2120.0,16.11,3.54,476730.0
Hyundai,City,2018,91790.0,Petrol,Automatic,First,1410.0,22.2,5.13,468030.0
Hyundai,Alto,2019,45428.0,CNG,Manual,Second,1544.0,14.86,6.73,435922.0
Toyota,Scorpio,2018,59456.0,Petrol,Automatic,First,1177.0,18.87,7.54,480298.0
Tata,Tiago,2018,50008.0,Diesel,Automatic,First,1338.0,14.58,4.41,482434.0
Ford,i20,2017,65790.0,Petrol,Manual,First,976.0,13.43,9.82,442129.0
Ford,City,2020,43867.0,Electric,Manual,First,1260.0,11.82,8.72,544479.0
Toyota,Swift,2016,51804.0,Diesel,Manual,Third+,1420.0,22.68,2.24,367638.0
Tata,City,2018,69182.0,Petrol,Automatic,First,894.0,17.77,9.02,475026.0
Hyundai,City,2017,55508.0,Petrol,Manual,Second,800.0,21.6,3.14,381899.0
Ford,City,2016,48872.0,CNG,Manual,First,2069.0,18.16,3.17,384361.0
Toyota,Scorpio,2019,38717.0,Diesel,Manual,Third+,924.0,14.77,7.73,449422.0
Ford,Tiago,2018,25510.0,Diesel,Manual,First,800.0,25.94,2.37,435419.0
Ford,City,2017,58043.0,Diesel,Manual,First,1752.0,14.37,1.26,372789.0
Hyundai,i20,2020,97124.0,Petrol,Manual,Second,1072.0,21.56,8.6,483246.0
Mahindra,Scorpio,2018,53867.0,Petrol,Manual,Second,1285.0,22.23,4.21,395992.0
Ford,i20,2019,71474.0,CNG,Manual,First,1109.0,15.12,4.01,401709.0
Maruti,City,2017,50484.0,Petrol,Manual,First,958.0,25.17,9.19,452636.0
Hyundai,Alto,2020,80902.0,Diesel,Manual,First,1180.0,16.22,2.23,405815.0
Maruti,Swift,2018,5000.0,Petrol,Manual,First,811.0,28.35,9.77,524720.0
Hyundai,Innova,2017,72174.0,Electric,Manual,First,930.0,18.32,9.15,525443.0
Honda,Nexon,2018,44698.0,Diesel,Automatic,First,1436.0,19.07,2.79,448696.0
Maruti,Scorpio,2015,53809.0,Diesel,Manual,Second,1448.0,13.79,1.46,385265.0
Mahindra,Tiago,2021,73885.0,Diesel,Manual,Second,805.0,15.82,1.81,492180.0
Toyota,i20,2020,48560.0,Petrol,Automatic,First,1144.0,16.79,8.98,525879.0
Maruti,Innova,2015,89379.0,Diesel,Manual,First,1430.0,21.51,7.73,392015.0
Mahindra,Swift,2019,40445.0,Electric,Manual,First,848.0,14.83,5.8,521681.0
Toyota,i20,2016,55992.0,Diesel,Manual,First,1006.0,17.53,1.24,345654.0
Honda,Scorpio,2015,66818.0,Diesel,Automatic,Third+,974.0,24.4,4.55,428104.0
Tata,Innova,2016,12816.0,Diesel,Automatic,Third+,1100.0,18.22,6.45,459475.0
Hyundai,Nexon,2020,74789.0,Diesel,Manual,First,1779.0,19.82,5.61,494971.0
Mahindra,Swift,2016,55805.0,Petrol,Manual,First,1191.0,13.21,8.42,387913.0
Mahindra,Tiago,2020,98870.0,Petrol,Manual,Second,1417.0,12.16,1.39,401871.0
Honda,Innova,2015,72110.0,Diesel,Manual,First,1210.0,16.83,3.16,373513.0
Tata,Nexon,2015,22815.0,Diesel,Automatic,First,1513.0,18.5,7.66,462220.0
Mahindra,EcoSport,2016,18918.0,Diesel,Manual,Third+,867.0,27.2,6.08,449211.0
Toyota,Swift,2017,79338.0,Diesel,Manual,First,1134.0,16.19,2.67,364158.0
Toyota,Alto,2021,41742.0,Petrol,Manual,First,2011.0,24.83,7.04,505640.0
Maruti,Innova,2019,58021.0,Petrol,Manual,Second,1154.0,10.78,5.3,424150.0
Maruti,EcoSport,2015,55852.0,Petrol,Manual,First,1221.0,15.3,4.01,420069.0
Maruti,Alto,2017,57269.0,Diesel,Manual,First,1178.0,23.36,1.93,347455.0
Honda,Swift,2018,82292.0,Petrol,Manual,Second,800.0,20.77,3.27,430316.0
Ford,City,2018,92120.0,Petrol,Manual,First,800.0,17.55,7.48,441640.0
Ford,i20,2019,97285.0,Electric,Automatic,First,998.0,22.94,1.14,476236.0
Toyota,City,2020,113784.0,CNG,Manual,Second,800.0,20.83,8.89,467981.0
Honda,Innova,2017,30908.0,Petrol,Manual,First,1043.0,17.03,4.17,425439.0
Hyundai,Alto,2021,59018.0,Petrol,Automatic,First,1490.0,14.5,2.0,470445.0
Toyota,City,2016,57041.0,Petrol,Manual,Third+,1089.0,21.18,5.7,350891.0
Tata,Scorpio,2021,63104.0,Electric,Manual,Second,800.0,16.05,8.06,510141.0
Ford,i20,2020,85752.0,Petrol,Manual,First,1226.0,15.46,2.95,416659.0
Ford,Nexon,2016,12254.0,CNG,Automatic,Second,1322.0,23.15,1.45,408746.0
Honda,Alto,2015,44064.0,CNG,Manual,Third+,1236.0,15.72,2.25,389573.0
Ford,EcoSport,2016,33555.0,Electric,Automatic,Second,814.0,23.92,7.26,507274.0
Ford,EcoSport,2018,72430.0,Petrol,Manual,Third+,1521.0,13.4,9.99,450760.0
Toyota,Scorpio,2019,101462.0,Petrol,Manual,Second,1462.0,13.2,5.11,455245.0
Toyota,City,2021,74324.0,CNG,Manual,First,844.0,11.53,8.77,458449.0
Hyundai,Innova,2017,29027.0,Petrol,Manual,First,1406.0,18.53,3.0,379346.0
Honda,Swift,2017,84907.0,Electric,Automatic,Third+,1539.0,15.54,2.95,454737.0
Honda,Swift,2018,76629.0,Petrol,Manual,First,876.0,14.82,2.32,385023.0
Mahindra,Nexon,2020,73579.0,Petrol,Manual,Third+,2222.0,19.12,2.43,395919.0
Ford,Scorpio,2020,65618.0,CNG,Automatic,First,1139.0,10.16,1.66,445391.0
Maruti,EcoSport,2019,35951.0,Petrol,Manual,First,1009.0,18.41,2.61,427717.0
Maruti,i20,2016,62832.0,Petrol,Automatic,First,1544.0,16.67,4.63,403438.0
Ford,EcoSport,2017,50796.0,Petrol,Manual,First,1006.0,18.97,5.01,362598.0
Mahindra,Swift,2015,23641.0,Petrol,Manual,First,1897.0,12.72,3.19,356206.0
Toyota,Swift,2015,117356.0,Diesel,Automatic,Second,1457.0,8.0,5.61,374876.0
Toyota,Innova,2018,38357.0,Petrol,Automatic,First,1388.0,11.33,7.83,476372.0
Hyundai,City,2018,72234.0,Petrol,Manual,Second,1045.0,17.65,6.16,421990.0
Ford,Scorpio,2017,85679.0,Diesel,Manual,Third+,1503.0,21.37,1.47,344271.0
Mahindra,Swift,2015,97107.0,Petrol,Manual,First,800.0,16.36,5.54,371211.0
Maruti,Tiago,2017,89981.0,Diesel,Manual,First,867.0,15.71,5.62,437514.0
Toyota,Innova,2019,67605.0,Petrol,Automatic,Second,800.0,12.88,8.02,443887.0
Mahindra,Innova,2018,30794.0,Petrol,Automatic,First,1507.0,12.54,3.71,496701.0
Ford,Innova,2016,40370.0,Diesel,Manual,First,1085.0,19.19,8.19,455786.0
Tata,Innova,2016,83824.0,Petrol,Manual,First,1295.0,18.18,1.22,395602.0
Mahindra,City,2017,104900.0,Diesel,Manual,Second,1002.0,16.09,2.8,403615.0
Honda,Tiago,2019,80494.0,Diesel,Manual,Second,1783.0,22.82,7.11,455216.0
Mahindra,i20,2017,72604.0,CNG,Manual,First,1124.0,22.73,1.09,364062.0
Ford,i20,2016,65144.0,CNG,Automatic,First,800.0,19.16,8.58,469786.0
Toyota,City,2015,45783.0,CNG,Manual,First,1353.0,23.87,1.11,379109.0
Hyundai,Alto,2021,72407.0,Petrol,Manual,Second,1789.0,15.79,2.6,469518.0
Honda,Innova,2018,47618.0,Diesel,Manual,Third+,800.0,14.37,9.99,503587.0
Honda,Swift,2015,42062.0,Diesel,Manual,First,955.0,16.51,5.96,362248.0
Hyundai,EcoSport,2019,93565.0,Diesel,Manual,Third+,2158.0,21.55,5.4,489431.0
Honda,Scorpio,2021,22482.0,Diesel,Automatic,Second,1358.0,14.14,2.82,505136.0
Maruti,EcoSport,2018,19669.0,Petrol,Manual,First,956.0,16.26,8.47,467447.0
Hyundai,Alto,2021,24160.0,Petrol,Manual,First,800.0,17.65,9.38,523775.0
Toyota,Swift,2017,82316.0,Diesel,Manual,Second,1328.0,21.77,7.13,412982.0
Tata,Scorpio,2016,57951.0,Petrol,Automatic,First,800.0,11.88,2.1,419313.0
Honda,Scorpio,2015,68134.0,CNG,Manual,Second,800.0,18.52,3.76,364686.0
Tata,Tiago,2019,37088.0,Petrol,Manual,Second,800.0,23.27,1.3,404381.0
Ford,Scorpio,2016,15158.0,Diesel,Manual,First,1544.0,13.99,7.72,488413.0
Tata,Innova,2016,77321.0,Electric,Automatic,First,1268.0,24.61,1.2,503092.0
Tata,Innova,2017,68088.0,Electric,Manual,First,1605.0,14.57,5.85,469142.0
Tata,Nexon,2017,105414.0,Petrol,Manual,First,800.0,24.29,1.15,362192.0
Honda,i20,2016,52164.0,Diesel,Manual,First,1505.0,19.16,6.89,463705.0
Mahindra,Scorpio,2020,43739.0,CNG,Manual,Second,1349.0,21.69,4.03,486252.0
Toyota,i20,2020,29062.0,Diesel,Manual,First,1262.0,22.18,1.7,435813.0
Toyota,City,2018,126877.0,Diesel,Manual,First,800.0,18.15,5.6,363336.0
Hyundai,Innova,2017,98481.0,Diesel,Manual,Second,800.0,17.22,3.71,429481.0
Maruti,City,2018,60172.0,Diesel,Manual,First,1230.0,18.44,1.29,423344.0
Maruti,Swift,2020,27029.0,Diesel,Automatic,First,1010.0,14.28,7.68,537004.0
Tata,i20,2018,17824.0,Electric,Manual,Second,1233.0,24.89,5.54,487331.0
Tata,Innova,2018,22867.0,Diesel,Manual,First,1013.0,22.63,6.94,502125.0
Honda,Alto,2019,54871.0,Petrol,Automatic,First,800.0,20.73,2.7,460419.0
Hyundai,City,2016,33920.0,Petrol,Manual,First,947.0,18.95,9.25,503420.0
Ford,i20,2016,51346.0,Petrol,Manual,First,800.0,15.78,2.67,336536.0
Toyota,Scorpio,2015,52682.0,Diesel,Manual,First,1138.0,13.21,2.64,360853.0
Honda,Tiago,2020,29559.0,Petrol,Manual,Second,1678.0,17.58,7.94,494090.0
Honda,City,2018,103940.0,Petrol,Manual,First,800.0,17.13,6.14,424829.0
Tata,Nexon,2018,61124.0,Diesel,Manual,First,1474.0,8.07,2.51,438256.0
Honda,EcoSport,2015,94459.0,Electric,Manual,Second,1385.0,15.93,9.98,496599.0
Maruti,Scorpio,2017,82620.0,Electric,Manual,First,1954.0,21.77,4.4,415291.0
Mahindra,Scorpio,2017,36088.0,Diesel,Manual,First,800.0,13.35,4.4,405568.0
Ford,Nexon,2017,70626.0,CNG,Automatic,Second,1399.0,23.49,5.87,431727.0
Ford,EcoSport,2021,76149.0,Petrol,Manual,First,1219.0,11.15,9.9,503857.0
Toyota,City,2016,64155.0,Diesel,Manual,Second,1771.0,16.76,8.17,392085.0
Ford,Nexon,2020,77571.0,Diesel,Manual,First,1233.0,28.62,9.38,533964.0
Honda,Alto,2017,36078.0,Diesel,Manual,First,1246.0,16.01,8.69,422878.0
Maruti,Tiago,2015,12312.0,Electric,Automatic,Third+,1241.0,22.5,7.81,565882.0
Toyota,City,2016,83831.0,Diesel,Manual,Second,1516.0,17.12,9.3,441838.0
Mahindra,Scorpio,2021,29085.0,Electric,Manual,Third+,1877.0,17.28,1.07,533753.0
Maruti,Swift,2019,46724.0,CNG,Automatic,First,1354.0,17.75,8.64,547611.0
Tata,Scorpio,2018,20849.0,Petrol,Manual,First,821.0,18.64,2.19,422468.0
Honda,Swift,2016,46327.0,CNG,Manual,First,800.0,19.41,9.93,460271.0
Tata,City,2017,86099.0,Petrol,Manual,Second,1989.0,15.38,8.43,406453.0
Mahindra,Tiago,2015,78752.0,Diesel,Automatic,First,800.0,16.92,5.33,429120.0
Toyota,Alto,2018,25343.0,Petrol,Manual,Second,1410.0,17.46,2.27,403955.0
Ford,Nexon,2021,89551.0,Petrol,Manual,Second,1410.0,15.29,5.37,441500.0
Tata,City,2019,96423.0,Electric,Manual,Second,800.0,13.59,3.95,475589.0
Hyundai,i20,2018,107605.0,Petrol,Automatic,First,1703.0,25.54,6.83,428052.0
Mahindra,Nexon,2021,54339.0,Petrol,Manual,Second,1232.0,19.83,3.75,457409.0
Maruti,Alto,2019,45983.0,Petrol,Manual,First,800.0,19.68,7.34,483162.0
Maruti,EcoSport,2016,74753.0,Petrol,Manual,First,1099.0,17.88,6.57,453001.0
Hyundai,Alto,2015,76070.0,Petrol,Manual,Second,800.0,26.02,9.35,418042.0
Mahindra,Scorpio,2019,56894.0,Petrol,Automatic,First,1348.0,23.55,2.09,474629.0
Hyundai,Tiago,2020,70009.0,Petrol,Automatic,First,872.0,18.25,2.95,473278.0
Tata,Swift,2016,36628.0,Diesel,Manual,Second,1175.0,15.88,6.28,415694.0
Mahindra,EcoSport,2016,53973.0,Petrol,Automatic,First,967.0,19.32,4.77,405875.0
Honda,i20,2017,67334.0,Diesel,Automatic,First,1046.0,16.93,2.68,418739.0
Mahindra,Scorpio,2016,81383.0,Diesel,Manual,Second,1951.0,8.6,7.4,406330.0
Ford,City,2021,63936.0,Petrol,Automatic,First,1659.0,15.42,6.45,513078.0
Toyota,Scorpio,2019,62725.0,Diesel,Manual,First,1677.0,14.61,7.06,443847.0
Mahindra,Alto,2016,25386.0,Petrol,Manual,Third+,946.0,16.6,4.18,406809.0
Honda,i20,2017,75124.0,Petrol,Automatic,Third+,1285.0,19.39,2.37,452659.0
Maruti,Swift,2015,66863.0,Petrol,Automatic,Second,1161.0,17.2,2.74,408883.0
Toyota,i20,2015,56294.0,Petrol,Automatic,First,800.0,12.72,2.92,342965.0
Honda,Swift,2015,54301.0,Petrol,Automatic,First,1451.0,13.5,3.06,352144.0
Ford,City,2015,24382.0,Diesel,Manual,Second,1286.0,21.29,8.95,469171.0
Mahindra,City,2017,45640.0,Electric,Manual,First,926.0,21.74,1.2,466341.0
Tata,Scorpio,2021,109961.0,Diesel,Manual,First,1652.0,15.08,4.5,409210.0
Mahindra,Scorpio,2015,31689.0,Petrol,Automatic,Third+,1271.0,17.67,5.47,460670.0
Toyota,Scorpio,2019,73525.0,Diesel,Manual,First,1794.0,15.14,6.76,459904.0
Toyota,Swift,2015,5000.0,CNG,Manual,Second,1235.0,17.91,8.91,502887.0
Honda,i20,2021,38832.0,Petrol,Automatic,Third+,800.0,18.87,8.02,542519.0
Hyundai,i20,2018,79022.0,Diesel,Automatic,Second,1581.0,23.5,5.09,457436.0
Tata,Nexon,2021,106393.0,CNG,Manual,Second,804.0,17.69,5.41,476988.0
Toyota,EcoSport,2021,66116.0,Diesel,Automatic,First,1221.0,24.57,6.66,565462.0
Maruti,Swift,2017,89368.0,Diesel,Manual,First,800.0,14.46,6.78,407906.0
Toyota,Scorpio,2017,39901.0,Electric,Manual,First,1469.0,24.51,3.61,501609.0
Maruti,Swift,2016,59231.0,Petrol,Automatic,Third+,1172.0,15.93,4.13,494530.0
Toyota,Swift,2020,45117.0,Petrol,Automatic,First,800.0,19.33,9.5,562804.0
Honda,Nexon,2019,84913.0,Diesel,Automatic,First,1010.0,22.32,2.34,400194.0
Tata,Scorpio,2021,48496.0,CNG,Manual,Third+,882.0,22.79,8.32,466619.0
Ford,Tiago,2015,44164.0,Electric,Manual,First,1215.0,19.37,4.49,452967.0
Hyundai,Tiago,2020,49848.0,CNG,Automatic,Second,1246.0,23.66,2.6,500648.0
Ford,Scorpio,2017,75746.0,CNG,Automatic,Second,1231.0,17.35,3.62,420681.0
Toyota,Innova,2021,52195.0,Petrol,Manual,First,853.0,16.26,4.25,416261.0
Honda,Scorpio,2020,27129.0,Petrol,Manual,First,1258.0,19.41,6.43,512179.0
Honda,Nexon,2016,5000.0,Petrol,Manual,Second,940.0,14.49,1.47,385753.0
Mahindra,City,2019,63430.0,CNG,Manual,First,1057.0,20.27,2.39,444820.0
Ford,EcoSport,2021,67398.0,CNG,Manual,First,1044.0,22.53,2.18,407997.0
Tata,Innova,2021,47186.0,Diesel,Automatic,First,1295.0,19.93,9.99,607630.0
Tata,City,2015,83735.0,CNG,Manual,Second,1582.0,13.34,3.07,394051.0
Honda,i20,2020,99930.0,CNG,Manual,First,901.0,21.41,4.16,413144.0
Ford,Swift,2020,92086.0,Petrol,Manual,Second,861.0,17.76,9.0,481572.0
Honda,City,2017,31367.0,Diesel,Automatic,Second,1134.0,15.33,9.38,509587.0
Mahindra,City,2021,72289.0,CNG,Manual,Second,1412.0,21.96,7.49,556660.0
Toyota,Alto,2018,43802.0,Diesel,Manual,Second,800.0,13.85,2.46,395904.0
Mahindra,Scorpio,2019,73576.0,Electric,Manual,Second,1231.0,14.86,4.06,436711.0
Tata,Nexon,2021,58275.0,Petrol,Manual,Second,1239.0,21.56,6.6,509491.0
Toyota,Swift,2019,77826.0,CNG,Manual,First,1674.0,18.18,2.03,360769.0
Tata,Innova,2016,82009.0,CNG,Manual,First,800.0,21.34,9.92,441577.0
Mahindra,City,2020,53964.0,CNG,Manual,First,1784.0,19.09,1.43,425291.0
Tata,i20,2017,21567.0,Petrol,Manual,First,994.0,12.17,6.65,439472.0
Mahindra,Scorpio,2017,52790.0,Petrol,Manual,First,800.0,14.03,3.32,408102.0
Toyota,Swift,2021,48226.0,CNG,Manual,Second,1079.0,19.39,4.48,452473.0
Maruti,Tiago,2015,68713.0,Diesel,Automatic,First,858.0,22.76,8.28,445475.0
Honda,Swift,2017,55383.0,Diesel,Manual,First,951.0,20.94,9.88,472565.0
Hyundai,Scorpio,2021,27078.0,Petrol,Manual,First,1595.0,21.22,3.61,497463.0
Maruti,i20,2020,53590.0,Petrol,Manual,First,1240.0,16.86,6.73,480164.0
Hyundai,Tiago,2018,69988.0,Petrol,Manual,First,800.0,15.06,1.57,383852.0
Hyundai,City,2021,58259.0,Diesel,Manual,Second,1704.0,12.84,3.87,447094.0
Toyota,City,2019,78865.0,Electric,Manual,First,800.0,19.86,6.03,497782.0
Maruti,City,2018,62598.0,CNG,Manual,First,1277.0,14.44,5.38,438122.0
Maruti,Swift,2020,30445.0,Electric,Manual,First,1266.0,13.28,1.36,486325.0
Mahindra,i20,2019,53576.0,Diesel,Manual,Third+,1200.0,11.45,9.01,478021.0
Toyota,Innova,2020,61634.0,Petrol,Manual,First,1832.0,12.37,6.71,461711.0
Tata,Innova,2018,98235.0,Petrol,Automatic,Second,1955.0,14.39,2.19,414982.0
Honda,Tiago,2015,65567.0,Petrol,Manual,First,1201.0,19.2,9.3,438688.0
Maruti,Innova,2020,52379.0,CNG,Manual,Second,1634.0,17.36,6.33,446549.0
Honda,Alto,2020,54349.0,Petrol,Automatic,First,846.0,11.12,9.44,528207.0
Tata,i20,2016,68109.0,Petrol,Manual,First,1537.0,12.92,3.14,363273.0
Hyundai,Scorpio,2016,59467.0,Electric,Automatic,First,1488.0,11.03,6.06,448646.0
Hyundai,i20,2017,77618.0,Petrol,Manual,Second,905.0,16.28,6.97,455916.0
Mahindra,EcoSport,2021,73227.0,Petrol,Manual,First,1488.0,19.86,2.32,483619.0
Tata,Nexon,2019,62013.0,Diesel,Manual,Second,1351.0,26.43,1.47,470092.0
Maruti,Swift,2021,97302.0,Diesel,Manual,Second,1430.0,19.89,2.62,459528.0
Hyundai,Alto,2021,90600.0,CNG,Manual,Second,853.0,20.41,1.7,453214.0
Mahindra,Innova,2019,56179.0,CNG,Manual,Second,800.0,24.05,2.99,418387.0
Toyota,i20,2017,26989.0,Petrol,Automatic,Third+,970.0,20.64,5.74,472923.0
Toyota,Swift,2020,78565.0,Petrol,Manual,First,1306.0,16.02,2.5,408266.0
Toyota,Tiago,2021,36822.0,Electric,Manual,First,1109.0,16.74,5.53,562159.0
Ford,Nexon,2021,91917.0,Diesel,Manual,Second,1396.0,19.61,1.72,420748.0
Honda,Tiago,2018,27621.0,CNG,Automatic,First,1026.0,19.23,6.07,427883.0
Mahindra,Nexon,2016,23318.0,Diesel,Manual,First,1007.0,16.45,6.2,405130.0
Ford,Innova,2018,51686.0,Petrol,Manual,First,1486.0,13.76,9.34,486504.0
Toyota,Innova,2018,57738.0,Petrol,Automatic,First,1363.0,16.71,1.85,385553.0
Tata,Swift,2016,84389.0,CNG,Manual,First,822.0,13.94,8.23,413203.0
Toyota,i20,2015,52926.0,CNG,Manual,First,1470.0,25.83,1.79,386080.0
Maruti,Scorpio,2019,43574.0,Petrol,Automatic,First,1621.0,18.32,1.73,430607.0
Maruti,City,2021,46543.0,Diesel,Automatic,Second,1394.0,17.46,9.47,568443.0
Ford,Scorpio,2021,72952.0,CNG,Manual,Second,1595.0,24.03,6.09,487370.0
Tata,City,2016,62723.0,Diesel,Manual,Second,957.0,19.26,3.86,394749.0
Toyota,EcoSport,2016,89094.0,CNG,Automatic,First,1129.0,16.27,3.76,415254.0
Honda,Nexon,2016,56120.0,Petrol,Automatic,First,1447.0,17.87,3.3,406669.0
Toyota,EcoSport,2016,63531.0,Diesel,Manual,First,1194.0,15.17,4.77,354804.0
Ford,Scorpio,2021,99548.0,Electric,Manual,First,1452.0,21.81,6.67,544421.0
Maruti,EcoSport,2016,81826.0,Petrol,Manual,First,1231.0,17.08,5.09,415184.0
Maruti,Alto,2016,79622.0,Petrol,Manual,First,1116.0,9.37,9.24,450098.0
Honda,i20,2019,63730.0,Petrol,Manual,Second,992.0,18.85,5.56,497278.0
Toyota,i20,2021,126567.0,Electric,Manual,First,1451.0,16.68,8.8,528853.0
Ford,Innova,2019,55802.0,Diesel,Manual,First,1631.0,15.94,1.05,393929.0
Ford,Swift,2015,57287.0,Electric,Automatic,Second,2008.0,16.4,6.6,495392.0
Tata,Alto,2020,39986.0,Diesel,Manual,Second,2082.0,17.16,1.65,400717.0
Maruti,Scorpio,2021,86888.0,Diesel,Automatic,Second,1273.0,24.96,8.09,550649.0
Hyundai,Nexon,2016,59074.0,Petrol,Automatic,Second,1033.0,27.24,9.16,489796.0
Toyota,City,2015,58559.0,CNG,Manual,Second,891.0,14.47,3.92,398846.0
Toyota,Alto,2016,79697.0,Petrol,Automatic,First,800.0,21.8,7.75,434650.0
Ford,i20,2021,57963.0,Petrol,Automatic,Second,1668.0,13.26,2.21,488817.0
Hyundai,i20,2017,28909.0,Petrol,Manual,Third+,1125.0,8.0,1.67,425773.0
Mahindra,i20,2020,49900.0,CNG,Automatic,Third+,1622.0,19.86,2.34,485701.0
Mahindra,Tiago,2021,84291.0,Electric,Manual,Second,958.0,16.61,5.52,513608.0
Hyundai,City,2019,21743.0,Electric,Manual,Second,1284.0,16.31,8.52,537658.0
Ford,Scorpio,2020,112530.0,Electric,Manual,Second,1347.0,17.78,2.35,450722.0
Mahindra,EcoSport,2018,43971.0,Electric,Manual,Third+,1185.0,15.37,7.84,514777.0
Maruti,Nexon,2016,60835.0,Diesel,Manual,Second,1148.0,12.69,9.19,416294.0
Maruti,Innova,2021,49234.0,Petrol,Manual,First,1396.0,16.39,2.05,450655.0
Hyundai,Nexon,2017,64683.0,Electric,Manual,First,1410.0,18.48,4.03,475785.0
Toyota,Nexon,2015,67613.0,Electric,Manual,First,1076.0,19.21,5.55,498998.0
Toyota,Tiago,2015,54153.0,Diesel,Automatic,First,1277.0,25.8,5.26,393528.0
Honda,City,2018,40812.0,Diesel,Manual,First,1515.0,22.54,7.06,509327.0
Tata,Tiago,2021,74933.0,CNG,Manual,Second,800.0,18.22,2.37,438512.0
Mahindra,Scorpio,2015,72102.0,Petrol,Manual,Second,1286.0,10.95,2.64,351665.0
Maruti,City,2021,47087.0,Petrol,Manual,First,1211.0,15.52,8.33,583133.0
Hyundai,Innova,2017,37288.0,Petrol,Manual,First,1428.0,21.14,2.81,413154.0
Ford,Tiago,2018,5000.0,Petrol,Manual,First,1459.0,19.0,3.55,420948.0
Maruti,Tiago,2020,84621.0,Diesel,Manual,First,1169.0,19.86,2.79,449459.0
Tata,Innova,2015,106518.0,Petrol,Manual,First,1764.0,19.09,9.41,399380.0
Toyota,Swift,2018,54521.0,Electric,Manual,Second,983.0,17.55,9.69,549648.0
Hyundai,Swift,2015,63577.0,Electric,Automatic,First,1297.0,14.59,7.36,490638.0
Maruti,Tiago,2020,96821.0,Diesel,Automatic,First,800.0,12.9,9.79,534225.0
Honda,Innova,2018,70331.0,Petrol,Manual,Second,1328.0,16.26,3.98,435456.0
Hyundai,EcoSport,2019,76357.0,Diesel,Manual,First,800.0,21.9,7.57,472100.0
Hyundai,Scorpio,2016,85683.0,Electric,Automatic,First,1000.0,16.03,1.7,375292.0
Mahindra,Innova,2016,42327.0,CNG,Manual,First,800.0,20.0,5.09,402416.0
Ford,i20,2020,46562.0,Petrol,Manual,First,1319.0,22.06,7.81,449272.0
Honda,Swift,2015,13954.0,Diesel,Manual,First,992.0,16.71,2.58,369382.0
Honda,Alto,2017,27019.0,CNG,Manual,Second,1550.0,22.52,7.87,433987.0
Honda,EcoSport,2018,63987.0,Diesel,Automatic,Second,1761.0,20.78,3.1,423006.0
Honda,Nexon,2019,62601.0,CNG,Manual,Second,2336.0,20.61,6.52,477083.0
Maruti,Swift,2021,74650.0,Petrol,Automatic,First,1040.0,17.63,1.67,432634.0
Tata,Tiago,2016,66005.0,Petrol,Manual,First,1136.0,16.44,2.27,435221.0
Hyundai,Alto,2018,5000.0,Petrol,Manual,Second,800.0,19.09,9.1,485870.0
Ford,EcoSport,2016,39148.0,Diesel,Manual,First,1187.0,12.66,8.15,490692.0
Tata,Swift,2017,82787.0,Diesel,Manual,Second,837.0,21.17,5.81,409475.0
Mahindra,EcoSport,2019,70917.0,Petrol,Manual,Second,1475.0,19.09,8.52,505171.0
Honda,Tiago,2017,37384.0,Diesel,Automatic,Third+,1234.0,13.09,3.26,389410.0
Honda,City,2020,87976.0,CNG,Manual,First,924.0,13.18,9.34,454696.0
Honda,Scorpio,2018,46316.0,Petrol,Manual,Second,1043.0,24.35,4.4,420832.0
Honda,Swift,2015,72432.0,Diesel,Automatic,First,800.0,19.2,6.83,436484.0
Ford,Swift,2020,56769.0,Electric,Manual,Third+,1043.0,14.73,2.8,460104.0
Ford,Scorpio,2017,59933.0,Petrol,Manual,Second,1639.0,12.2,3.72,385489.0
Maruti,Nexon,2018,22018.0,Diesel,Manual,First,836.0,14.95,6.8,469123.0
Ford,Nexon,2015,86034.0,Petrol,Manual,First,1455.0,15.93,5.73,407977.0
Toyota,Scorpio,2018,66135.0,CNG,Manual,First,1387.0,20.65,4.75,385232.0
Maruti,Alto,2017,80482.0,Petrol,Manual,First,800.0,20.19,4.1,335103.0
Honda,City,2015,23112.0,Petrol,Automatic,First,800.0,28.56,9.69,472901.0
Maruti,Alto,2020,67703.0,Diesel,Manual,First,1676.0,17.54,6.46,468364.0
Mahindra,EcoSport,2017,81700.0,Diesel,Automatic,First,1177.0,24.16,1.23,403403.0
Hyundai,Nexon,2017,45966.0,Diesel,Manual,First,1140.0,15.3,2.88,429809.0
Ford,Tiago,2017,48242.0,CNG,Automatic,Second,800.0,19.41,8.59,522343.0
Tata,Alto,2021,44991.0,CNG,Automatic,First,1041.0,24.44,6.54,526491.0
Honda,Nexon,2015,60633.0,Diesel,Manual,Second,1135.0,8.0,6.13,420550.0
Hyundai,Swift,2021,45179.0,Petrol,Automatic,First,800.0,15.3,7.34,573368.0
Tata,i20,2018,5000.0,CNG,Automatic,First,800.0,20.08,3.43,420335.0
Maruti,Innova,2018,49454.0,Petrol,Manual,Second,866.0,24.11,6.79,475190.0
Ford,Swift,2015,50570.0,Petrol,Manual,First,1048.0,10.58,8.9,445625.0
Tata,City,2015,85932.0,Petrol,Manual,First,1288.0,18.43,3.49,336398.0
Ford,Nexon,2021,52649.0,Diesel,Manual,First,1329.0,16.12,3.6,486604.0
Mahindra,EcoSport,2018,81666.0,Diesel,Manual,Second,1206.0,17.7,1.71,416238.0
Maruti,EcoSport,2015,64890.0,Diesel,Automatic,Second,1474.0,25.05,2.6,409690.0
Tata,Swift,2021,58858.0,Petrol,Manual,Second,800.0,21.43,2.11,474136.0
Honda,Alto,2017,38445.0,Electric,Manual,First,1334.0,20.64,2.96,447494.0
Honda,i20,2016,56697.0,Diesel,Automatic,First,800.0,13.41,4.18,422983.0
Mahindra,Scorpio,2015,16341.0,Diesel,Automatic,First,1278.0,21.64,9.35,468970.0
Maruti,EcoSport,2019,33902.0,Diesel,Manual,Third+,1469.0,19.07,3.36,465099.0
Tata,City,2020,81460.0,Petrol,Automatic,First,800.0,26.57,2.66,481060.0
Mahindra,Scorpio,2015,22452.0,Diesel,Manual,Second,956.0,17.22,5.72,407926.0
Mahindra,City,2018,85408.0,Diesel,Manual,First,1100.0,22.19,8.6,468317.0
Maruti,Nexon,2016,136216.0,Electric,Manual,Third+,839.0,19.91,5.28,390913.0
Honda,Nexon,2020,36215.0,Diesel,Manual,First,1548.0,23.56,3.77,464186.0
Toyota,Swift,2016,92740.0,Petrol,Automatic,Third+,1662.0,26.38,3.0,402945.0
Honda,Nexon,2019,41379.0,Petrol,Manual,First,1131.0,16.56,5.49,466840.0
Toyota,Nexon,2018,73003.0,Electric,Manual,First,1272.0,21.65,5.96,488257.0
Ford,Alto,2017,54270.0,Electric,Manual,Second,1010.0,17.37,5.52,474497.0
Toyota,Scorpio,2016,75756.0,Electric,Manual,Third+,1392.0,17.53,6.39,440839.0
Mahindra,Tiago,2020,53021.0,Electric,Manual,First,1410.0,24.61,3.96,521490.0
Maruti,EcoSport,2021,57246.0,Electric,Manual,First,898.0,15.4,8.3,596315.0
Ford,Nexon,2021,74996.0,Diesel,Manual,First,1692.0,12.61,6.44,479260.0
Toyota,Alto,2015,63709.0,Diesel,Manual,First,1887.0,17.92,3.37,374420.0
Hyundai,EcoSport,2017,66146.0,CNG,Manual,Second,1176.0,21.94,8.05,452975.0
Toyota,Alto,2020,96489.0,Diesel,Manual,First,966.0,15.34,4.11,425215.0
Mahindra,Scorpio,2016,32982.0,CNG,Manual,Second,1281.0,20.51,1.24,344762.0
Honda,i20,2018,42268.0,Electric,Manual,First,800.0,16.29,4.97,465982.0
Ford,Tiago,2021,49441.0,Diesel,Manual,First,1321.0,23.16,9.92,526950.0
Maruti,Tiago,2020,87305.0,Diesel,Manual,First,1055.0,15.7,4.76,431348.0
Honda,Tiago,2016,93549.0,CNG,Automatic,First,1900.0,16.35,3.69,367073.0
Mahindra,Innova,2015,62332.0,Petrol,Manual,First,800.0,19.37,7.77,407165.0
Tata,Swift,2021,35506.0,Diesel,Manual,First,1072.0,17.65,2.44,435581.0
Honda,Scorpio,2021,82022.0,Petrol,Manual,First,1584.0,14.64,8.18,500467.0
Hyundai,Alto,2016,76712.0,Petrol,Manual,Second,1479.0,20.82,4.18,415494.0
Tata,Nexon,2015,68131.0,Diesel,Manual,Third+,800.0,21.11,9.7,453312.0
Toyota,Scorpio,2018,61078.0,Diesel,Manual,Second,1234.0,20.96,6.26,459278.0
Tata,Swift,2015,60079.0,Petrol,Manual,Second,1860.0,15.26,3.08,352534.0
Mahindra,Swift,2020,16194.0,Electric,Manual,First,1529.0,15.04,5.2,544321.0
Toyota,EcoSport,2021,109179.0,Electric,Manual,Second,800.0,10.86,2.97,488787.0
Honda,Scorpio,2016,85170.0,CNG,Manual,Second,1929.0,16.13,4.66,342566.0
Maruti,Nexon,2021,62663.0,Petrol,Manual,Second,1243.0,17.77,2.83,469070.0
Maruti,EcoSport,2019,93377.0,Petrol,Manual,First,889.0,14.49,1.8,414120.0
Honda,Scorpio,2016,82870.0,Electric,Manual,First,1238.0,13.01,4.13,423154.0
Hyundai,Nexon,2017,86912.0,Petrol,Manual,First,1034.0,13.35,2.27,386391.0
Toyota,Innova,2017,74971.0,Electric,Manual,First,1719.0,18.43,5.63,434510.0
Honda,i20,2019,59126.0,CNG,Manual,First,1199.0,20.74,7.95,469477.0
Maruti,Tiago,2021,41357.0,Diesel,Manual,First,1435.0,20.02,2.6,473370.0
Tata,Swift,2016,49174.0,Petrol,Automatic,Third+,800.0,20.36,4.32,433336.0
Honda,Swift,2017,19403.0,Petrol,Manual,Second,800.0,19.27,8.77,516022.0
Toyota,City,2015,60818.0,Electric,Manual,First,1151.0,19.72,5.35,456911.0
Toyota,i20,2021,91269.0,Petrol,Automatic,First,1172.0,19.13,8.05,510122.0
Honda,City,2015,41116.0,Diesel,Manual,First,978.0,21.22,3.86,371900.0
Maruti,Tiago,2019,74058.0,Petrol,Manual,Third+,1307.0,17.93,1.25,432106.0
Honda,Alto,2019,46886.0,CNG,Manual,Second,855.0,22.65,6.35,461042.0
Toyota,Tiago,2017,83813.0,Petrol,Manual,Second,1052.0,14.71,8.81,429916.0
Tata,Nexon,2015,33471.0,Diesel,Manual,Second,1586.0,18.88,4.31,424398.0
Hyundai,Innova,2021,11134.0,Petrol,Manual,First,800.0,24.29,7.81,527454.0
Mahindra,EcoSport,2017,87566.0,Electric,Manual,Second,1304.0,8.36,2.85,409592.0
Tata,EcoSport,2019,70691.0,Petrol,Automatic,Second,1182.0,24.49,4.94,477509.0
Toyota,Nexon,2015,39670.0,CNG,Manual,First,1142.0,19.31,1.29,363024.0
Hyundai,Innova,2015,58446.0,Diesel,Automatic,Second,1424.0,18.25,5.09,390444.0
Toyota,City,2021,51634.0,Diesel,Manual,Third+,1496.0,18.63,8.14,505334.0
Mahindra,Nexon,2016,89614.0,Diesel,Manual,First,1185.0,16.31,2.27,337676.0
Toyota,City,2017,79824.0,Electric,Automatic,Second,1411.0,13.07,3.96,461870.0
Ford,Innova,2015,55929.0,Petrol,Manual,First,1298.0,14.58,9.1,450351.0
Honda,Innova,2020,64569.0,Diesel,Manual,Third+,1933.0,20.87,3.57,461457.0
Maruti,Nexon,2016,9351.0,Petrol,Automatic,Second,800.0,20.38,9.53,514490.0
Hyundai,Swift,2017,55944.0,Petrol,Manual,Second,1581.0,12.31,5.34,387915.0
Mahindra,Tiago,2019,39956.0,CNG,Automatic,Third+,932.0,22.88,5.73,515880.0
Mahindra,City,2017,57013.0,Diesel,Manual,First,1592.0,14.23,7.97,397403.0
Mahindra,Alto,2015,77360.0,Petrol,Manual,Third+,2090.0,17.37,4.9,366015.0
Mahindra,Tiago,2020,59437.0,CNG,Manual,Second,1300.0,16.87,8.81,479419.0
Honda,Tiago,2018,52411.0,Electric,Automatic,Second,1158.0,9.23,6.7,525907.0
Tata,i20,2019,82151.0,Diesel,Manual,First,1642.0,15.43,4.92,442147.0
Hyundai,Alto,2020,61296.0,Diesel,Manual,First,1120.0,23.54,2.88,473758.0
Maruti,Nexon,2021,45314.0,Diesel,Manual,Second,936.0,15.04,3.97,467568.0
Maruti,Scorpio,2018,68706.0,Diesel,Automatic,Second,1331.0,17.69,2.67,443257.0
Hyundai,i20,2019,69102.0,Diesel,Manual,Second,1133.0,12.11,6.97,463927.0
Maruti,Tiago,2015,70327.0,Electric,Manual,First,800.0,21.85,9.12,482797.0
Tata,Innova,2021,15033.0,Petrol,Manual,Second,984.0,23.55,9.37,532396.0
Toyota,i20,2017,73316.0,CNG,Automatic,Third+,1802.0,19.61,4.53,466169.0
Toyota,i20,2015,53186.0,Electric,Manual,First,938.0,19.25,8.45,434199.0
Ford,Swift,2020,22965.0,Petrol,Manual,First,1218.0,17.84,1.18,463416.0
Hyundai,Scorpio,2020,73988.0,Diesel,Automatic,First,1423.0,17.94,6.86,511477.0
Honda,EcoSport,2020,80223.0,Diesel,Manual,First,1620.0,15.81,2.15,432824.0
Mahindra,Swift,2021,67013.0,Petrol,Manual,First,1491.0,22.04,7.57,493752.0
Tata,Scorpio,2016,71489.0,Petrol,Automatic,First,868.0,22.23,6.51,480957.0
Ford,Swift,2020,56638.0,Diesel,Manual,First,800.0,20.09,2.97,410855.0
Ford,Innova,2018,20743.0,Diesel,Manual,Second,1258.0,13.43,7.14,436528.0
Ford,Nexon,2016,65033.0,Petrol,Manual,Third+,1226.0,21.23,6.91,430961.0
Tata,Alto,2017,53365.0,Diesel,Manual,Second,1073.0,26.73,7.57,408929.0
Toyota,Scorpio,2019,50925.0,Petrol,Automatic,First,1127.0,22.69,9.03,555194.0
Mahindra,i20,2021,36912.0,CNG,Automatic,First,1614.0,25.1,6.58,591472.0
Toyota,City,2015,67350.0,Diesel,Manual,Second,1224.0,16.08,5.33,365105.0
Maruti,Innova,2021,49736.0,CNG,Automatic,First,1739.0,17.0,5.51,485432.0
Hyundai,Nexon,2019,50181.0,Diesel,Manual,Second,1800.0,21.19,1.4,442156.0
Hyundai,City,2019,83132.0,Diesel,Manual,First,1211.0,21.34,5.13,448477.0
Hyundai,City,2017,36954.0,Petrol,Manual,First,2020.0,18.97,8.57,463524.0
Maruti,i20,2020,96376.0,Petrol,Manual,Second,1357.0,17.9,5.83,453900.0
Ford,City,2021,68105.0,Diesel,Automatic,First,1534.0,19.16,5.57,501023.0
Mahindra,Nexon,2018,74087.0,CNG,Manual,First,1008.0,18.56,3.04,372063.0
Honda,EcoSport,2015,68799.0,CNG,Automatic,First,800.0,20.1,8.85,454763.0
Ford,Swift,2021,105880.0,CNG,Automatic,First,1208.0,16.39,4.36,469130.0
Honda,Scorpio,2020,107265.0,Diesel,Manual,Second,1073.0,16.37,7.61,468046.0
Ford,Innova,2017,54574.0,Petrol,Manual,First,1274.0,14.88,1.64,333322.0
Honda,Innova,2017,46643.0,Diesel,Manual,Third+,1554.0,17.94,3.14,348811.0
Toyota,Alto,2017,61724.0,Petrol,Manual,First,1666.0,19.68,2.96,405673.0
Ford,Scorpio,2021,55677.0,Electric,Automatic,Second,800.0,13.6,7.88,548390.0
Mahindra,Nexon,2016,48049.0,Petrol,Manual,First,907.0,23.96,4.34,392833.0
Toyota,Swift,2015,54282.0,Diesel,Manual,Second,986.0,17.37,3.38,362451.0
Maruti,Scorpio,2018,50478.0,Electric,Manual,First,1127.0,17.74,4.13,495616.0
Mahindra,EcoSport,2015,116694.0,Petrol,Manual,First,1205.0,14.26,7.49,397832.0
Ford,Scorpio,2020,61397.0,Petrol,Automatic,Second,1369.0,27.57,7.63,516444.0
Hyundai,Scorpio,2015,5000.0,Diesel,Automatic,Third+,1057.0,16.53,5.39,420174.0
Ford,Innova,2021,55851.0,Petrol,Automatic,Third+,800.0,19.45,5.85,518723.0
Maruti,Tiago,2020,19330.0,Electric,Manual,Third+,800.0,14.26,3.36,480775.0
Honda,Scorpio,2020,93808.0,Petrol,Manual,First,1178.0,11.44,8.91,535628.0
Maruti,Swift,2016,63022.0,Diesel,Manual,First,1186.0,14.56,1.27,338185.0
Toyota,Swift,2015,80513.0,Electric,Manual,First,1154.0,18.43,2.82,399213.0
Ford,Innova,2017,70863.0,CNG,Automatic,First,1470.0,17.95,4.99,436963.0
Ford,Alto,2019,27551.0,Electric,Manual,First,1537.0,16.85,5.64,538264.0
Ford,Nexon,2017,86233.0,CNG,Manual,First,2016.0,26.61,9.1,473683.0
Toyota,Tiago,2018,97223.0,Diesel,Manual,First,1278.0,13.31,1.18,370692.0
Maruti,Tiago,2020,34717.0,CNG,Manual,First,800.0,14.41,8.59,532799.0
Hyundai,Innova,2015,21554.0,Diesel,Manual,Second,872.0,20.2,5.12,409759.0
Mahindra,Scorpio,2015,71881.0,Petrol,Manual,Second,800.0,14.39,6.91,425923.0
Mahindra,Nexon,2020,83484.0,Petrol,Manual,First,1614.0,19.16,3.21,490631.0
Ford,Tiago,2015,83390.0,Petrol,Automatic,First,1118.0,20.9,2.91,340645.0
Hyundai,i20,2016,81748.0,Electric,Manual,First,1044.0,10.75,1.63,426196.0
Toyota,Nexon,2020,68091.0,Diesel,Manual,First,1536.0,16.51,2.52,413424.0
Hyundai,Innova,2018,101364.0,Petrol,Manual,First,1694.0,14.82,2.51,404595.0
Tata,Swift,2018,84248.0,Diesel,Automatic,First,1549.0,13.97,4.04,434546.0
Tata,Nexon,2020,37628.0,Electric,Automatic,Second,1489.0,27.6,1.87,534119.0
