Claim Amount,Policy Age (Years),Previous Claims,Accident Severity,Vehicle Age (Years),Claim Time,"Witness Present (0=No, 1=Yes)",Repair Cost,"Fraudulent Claim (1=Yes, 0=No)"
34673.99,3,0,Low,8,Weekday,1,27899.37,0
37747.8,2,0,Low,5,Weekday,1,23254.6,0
82282.94,7,0,Low,2,Weekend,0,46270.94,0
51784.04,15,2,Low,2,Holiday,0,39562.54,0
53178.99,13,1,Medium,5,Weekday,1,31897.49,0
60925.19,1,0,Low,4,Weekday,1,27217.93,0
62100.38,8,1,Medium,2,Weekday,1,35240.61,0
60538.03,1,1,Low,1,Weekday,1,57244.37,0
32342.16,13,3,Low,5,Weekend,1,15367.99,0
22110.65,10,1,Low,3,Weekday,1,18613.24,0
22515.82,18,0,Low,9,Weekday,1,17934.09,0
63210.35,11,0,Medium,12,Weekday,1,53027.55,0
39663.33,9,2,Medium,6,Weekend,1,34413.09,0
62463.52,8,1,Low,3,Holiday,1,36053.07,0
56121.89,19,1,Low,5,Weekday,1,22525.95,0
23366.18,15,1,High,0,Weekday,1,18654.54,0
36702.17,19,0,Low,11,Weekend,1,32238.41,0
51203.55,13,2,Low,0,Weekday,1,23568.83,0
55198.67,19,0,Low,9,Weekend,0,34147.79,0
63554.58,1,0,High,13,Weekday,1,60736.06,0
61852.9,18,0,Low,2,Weekday,1,47641.09,0
36707.82,4,0,Medium,5,Holiday,0,24748.73,0
43676.2,10,1,Low,9,Weekday,1,30839.93,0
26544.1,8,2,Medium,2,Holiday,1,21926.1,0
59085.03,14,2,High,0,Weekday,1,42335.8,0
55309.61,13,0,Medium,6,Weekday,1,36756.23,0
56238.08,4,1,Low,11,Weekday,1,25348.29,0
56617.71,0,1,Medium,2,Weekend,1,30028.87,0
50814.78,2,1,Medium,3,Weekday,1,29543.7,0
54442.97,18,1,Medium,2,Holiday,1,42409.97,0
47957.2,6,2,Low,1,Weekday,1,31476.65,0
46373.13,5,1,Medium,7,Weekday,1,42523.08,0
64907.84,17,0,Low,9,Weekday,0,64129.1,0
45395.78,10,1,Medium,0,Weekday,1,37844.36,0
53046.56,0,0,High,13,Weekend,1,22997.69,0
53033.29,4,0,Low,5,Weekday,1,29454.49,0
37753.29,2,0,Medium,6,Weekday,1,24307.14,0
8817.21,17,0,Low,6,Weekend,1,8791.12,0
35454.86,8,2,Medium,0,Weekday,0,33255.46,0
62109.58,13,0,Medium,9,Weekday,1,43240.91,0
37944.12,15,1,Low,5,Weekday,1,21544.36,0
60554.47,1,0,Low,12,Weekend,1,36247.31,0
48664.95,11,0,Low,1,Weekend,0,37391.78,0
21329.82,14,0,High,2,Weekday,1,10146.79,0
35824.85,2,0,Medium,2,Weekday,1,30695.86,0
54323.04,19,0,High,10,Weekday,1,48276.18,0
71463.0,19,1,High,5,Weekday,1,37655.71,0
63409.23,6,2,Low,8,Weekend,1,34153.82,0
24258.52,5,1,Low,7,Weekend,1,12141.36,0
74864.81,6,0,Low,1,Weekday,0,31927.91,0
48941.21,13,1,Low,12,Weekday,0,34087.29,0
58658.28,0,0,High,10,Weekday,1,31279.25,0
39839.56,15,1,Low,10,Weekend,1,26631.28,0
64742.19,13,2,Medium,4,Weekend,0,41546.95,0
49880.32,15,1,Low,12,Weekday,1,37937.36,0
27376.58,2,2,Low,10,Weekday,0,22354.28,0
53076.38,18,1,Medium,4,Weekday,1,36509.1,0
23074.29,12,1,Medium,5,Weekday,1,13724.84,0
70464.13,4,0,Medium,13,Holiday,1,56247.29,0
52175.41,1,3,Medium,4,Weekday,0,33812.28,0
62099.67,9,3,High,10,Holiday,1,38636.87,0
56321.77,0,1,Medium,4,Weekday,1,47426.16,0
43806.3,7,1,Low,3,Weekday,1,32992.28,0
28915.3,12,1,Low,2,Weekend,0,22567.55,0
50941.88,13,1,Medium,6,Weekend,0,24718.8,0
49382.29,3,0,High,2,Holiday,1,37769.24,0
52453.31,16,0,Low,0,Weekday,1,20994.27,0
47860.5,15,0,Low,13,Weekday,0,43228.86,0
38412.62,18,1,Low,3,Weekday,0,25516.41,0
20612.67,2,1,Low,4,Weekday,1,14767.84,0
38632.29,18,0,Low,13,Weekday,0,20949.71,0
61641.15,11,0,Low,11,Weekday,1,32798.71,0
40888.3,3,0,Low,4,Weekday,1,16497.58,0
43489.67,5,3,Medium,3,Weekday,0,17408.32,0
43143.24,11,0,High,7,Weekend,1,33511.19,0
51126.86,13,2,High,11,Weekday,1,30267.09,0
50706.44,11,0,Low,6,Holiday,1,25758.79,0
66509.96,19,0,Low,1,Weekend,1,40868.85,0
75858.98,8,1,Low,10,Weekday,1,47085.85,0
46531.62,12,2,Medium,3,Weekday,1,24285.49,0
38181.66,7,0,High,3,Weekend,1,32879.7,0
52665.38,19,3,Medium,5,Weekday,0,36838.73,0
63534.77,9,1,Medium,7,Weekday,1,35323.7,0
69319.79,13,0,Low,11,Weekday,0,55789.42,0
46921.59,17,0,Low,11,Weekday,0,34608.6,0
34054.07,17,0,Medium,10,Weekday,1,19988.36,0
57571.73,10,4,Low,11,Weekday,1,28794.2,0
53992.66,4,1,Low,10,Weekday,0,50923.62,0
42186.5,13,1,Medium,11,Weekday,0,30481.31,0
23965.1,6,1,Low,2,Weekend,1,12793.51,0
68281.31,12,3,Low,13,Weekend,1,50710.1,0
54799.95,18,0,Low,11,Weekday,0,32501.06,0
51888.09,1,1,Medium,13,Weekend,1,32502.32,0
35578.47,16,2,High,2,Weekday,1,34016.75,0
49110.71,12,1,Low,14,Weekday,0,47599.27,0
63076.37,12,1,Low,11,Holiday,1,41583.93,0
57395.02,1,0,Medium,11,Weekday,1,41763.33,0
50332.06,10,0,Medium,7,Weekend,1,30119.88,0
45653.58,0,0,Medium,8,Weekday,1,43199.54,0
57635.38,13,0,High,11,Weekday,1,43313.77,0
40076.66,13,0,Medium,5,Weekday,1,25394.66,0
82018.54,12,0,Low,1,Weekday,1,56401.41,0
33641.09,10,2,Medium,8,Weekday,1,28959.39,0
40712.98,1,1,Low,13,Weekday,1,38973.32,0
67032.63,9,1,High,14,Weekday,0,66528.91,0
34509.52,13,0,Medium,8,Weekday,0,25905.71,0
58235.65,6,2,Low,14,Weekday,1,47308.08,0
49226.17,19,2,Low,13,Weekday,1,35285.08,0
63875.8,7,1,Medium,3,Weekday,1,49889.73,0
58160.12,1,2,Medium,10,Weekend,1,37054.25,0
64711.45,17,2,Low,4,Weekday,1,57340.56,0
37871.99,13,0,Low,5,Weekend,1,32577.69,0
50845.69,7,0,Low,0,Weekday,1,50723.76,0
47999.12,5,1,Low,3,Weekday,1,37271.57,0
50498.28,0,0,Low,9,Weekday,0,39085.37,0
48629.65,3,2,Low,9,Weekday,1,41546.36,0
63247.44,0,2,Low,9,Weekday,1,25641.53,0
40894.3,6,2,Medium,14,Weekday,0,35751.55,0
44698.01,14,0,Low,5,Weekday,1,25843.14,0
42436.55,8,0,Low,0,Weekday,1,25325.83,0
46329.61,13,0,Low,9,Holiday,1,39327.67,0
34134.76,0,0,Medium,4,Holiday,1,15705.85,0
45179.89,5,0,Low,3,Weekday,0,39084.61,0
42170.94,17,1,Low,13,Weekend,1,32615.51,0
27274.89,2,1,Medium,4,Weekday,1,27219.78,0
40941.27,4,2,High,5,Weekday,1,36542.1,0
53466.04,15,1,High,9,Weekend,1,24076.53,0
38235.54,17,2,Medium,11,Weekday,0,29442.34,0
60726.24,15,3,Low,0,Weekday,1,40401.28,0
50089.53,19,2,Low,4,Holiday,0,45763.22,0
16541.12,6,1,Medium,1,Weekend,1,7215.69,0
42910.97,9,0,Low,8,Weekday,1,32998.64,0
60606.43,13,1,High,0,Weekday,1,40661.16,0
29985.87,11,0,Low,9,Weekday,1,15853.46,0
61009.25,10,2,Low,9,Holiday,0,42718.54,0
14338.48,17,1,Low,8,Holiday,1,8157.56,0
26088.91,16,1,Low,3,Weekday,0,14940.97,0
67282.42,13,1,Low,12,Weekday,0,50232.76,0
61397.59,18,2,Medium,12,Weekday,0,51634.64,0
68680.79,12,1,Low,1,Weekend,1,47532.98,0
57997.77,7,0,Low,5,Weekday,1,47459.59,0
34056.75,9,1,Low,13,Weekend,1,33295.58,0
82365.17,6,0,Low,6,Weekday,1,37640.67,0
42375.02,12,2,Low,0,Weekday,1,19792.97,0
52658.97,19,3,Low,10,Weekday,0,22870.37,0
59664.51,7,1,High,8,Holiday,1,39054.34,0
66192.26,19,1,Low,10,Weekday,0,39262.93,0
75489.27,5,3,Low,9,Holiday,1,58297.22,0
56273.42,14,1,Low,0,Weekend,0,26262.07,0
28333.42,1,0,Low,12,Weekday,1,14917.89,0
41970.91,11,1,Medium,8,Weekend,1,25655.23,0
22923.45,15,2,High,11,Weekday,1,21124.76,0
50371.79,16,1,Low,3,Weekday,0,43577.58,0
42833.19,7,1,Low,9,Weekday,1,26906.88,0
32629.87,6,1,Medium,14,Holiday,1,26623.09,0
72878.74,5,0,Low,11,Weekday,0,66015.1,0
70199.88,16,0,Medium,5,Weekday,1,50000.83,0
8460.98,16,1,Low,8,Weekday,0,4025.5,0
64398.76,11,0,High,14,Weekday,1,43779.88,0
57204.46,18,0,Low,2,Holiday,1,48495.91,0
40379.58,8,2,Medium,3,Weekday,0,16769.18,0
63883.73,8,1,Low,10,Holiday,1,26901.3,0
60647.31,14,1,Low,7,Weekday,1,35650.1,0
31762.02,17,0,Low,6,Weekend,1,23254.52,0
62249.34,7,2,Low,6,Weekday,1,58110.59,0
51110.35,16,0,Low,3,Weekend,1,36679.98,0
37205.5,9,1,High,8,Weekday,0,34780.78,0
66405.82,9,0,High,9,Weekday,1,28398.62,0
61029.22,14,1,Low,11,Weekend,1,60614.59,0
41671.24,10,0,Low,0,Weekday,0,19790.11,0
44150.26,1,0,Low,3,Weekday,1,24869.87,0
41277.17,17,1,Medium,4,Weekday,0,28754.34,0
40494.39,6,0,High,7,Weekend,1,31497.12,0
39450.37,11,0,Low,2,Weekday,1,16345.22,0
51049.65,6,4,Low,5,Weekday,0,40696.7,0
67747.99,10,3,Medium,1,Weekday,1,36859.92,0
47612.41,10,0,Medium,1,Weekday,1,19899.91,0
72515.91,12,1,Low,11,Weekday,1,62068.87,0
30470.81,5,1,High,14,Holiday,0,27292.14,0
42385.18,2,1,Medium,14,Weekday,1,34636.52,0
56192.03,8,0,Medium,1,Weekday,1,50231.28,0
41068.05,17,2,Medium,5,Weekday,1,30353.6,0
53303.85,17,0,Low,2,Weekday,0,45134.29,0
21036.72,9,2,Low,9,Weekday,1,8510.58,0
33923.43,19,1,Low,7,Weekend,1,31015.96,0
40400.05,18,0,Low,0,Weekday,1,40279.8,0
63246.68,3,3,Medium,6,Weekend,0,50615.29,0
44554.36,12,0,Medium,13,Weekday,1,28839.96,0
71938.75,0,0,High,5,Weekend,1,33003.41,0
2756.67,13,1,Low,9,Weekday,1,2267.77,0
50295.03,11,0,Low,4,Holiday,1,41267.76,0
53913.86,5,0,High,13,Weekday,1,30388.79,0
65869.46,6,2,Medium,12,Weekday,0,49670.15,0
90574.21,5,0,Low,13,Weekend,0,64437.53,0
56411.32,11,2,Low,5,Weekday,1,32934.03,0
42131.55,3,1,Low,12,Weekday,1,30904.4,0
33032.8,19,2,Low,3,Weekday,1,30199.72,0
64987.12,9,0,Low,9,Weekday,0,55466.51,0
49987.61,4,3,Low,13,Weekday,0,31583.62,0
47723.86,9,0,Low,10,Holiday,1,47457.63,0
24199.53,4,3,Medium,6,Weekday,1,22077.65,0
29057.23,5,1,Low,4,Weekday,1,24609.49,0
32976.75,12,1,Medium,12,Weekday,1,24911.3,0
17941.54,17,1,Medium,3,Weekday,0,11575.05,0
49781.75,3,0,Low,14,Weekend,1,40363.58,0
61360.14,16,0,High,3,Weekday,0,59687.81,0
73287.35,8,1,Low,12,Holiday,1,68756.16,0
51469.23,8,1,Medium,14,Weekend,1,50237.76,0
56614.04,18,1,Low,1,Weekend,0,31350.8,0
47555.09,13,2,Low,1,Weekday,0,23234.91,0
45312.48,11,1,High,3,Weekday,1,30246.41,0
64169.21,16,0,Medium,13,Weekend,1,32073.45,0
61678.32,18,0,Low,10,Weekend,1,46219.58,0
39610.56,8,1,Low,3,Weekday,1,22650.44,0
75625.08,13,0,Medium,10,Weekday,1,73319.21,0
66257.08,4,3,High,11,Weekday,1,28918.41,0
49115.83,11,1,High,11,Holiday,1,21103.83,0
56123.3,18,0,High,1,Weekday,0,34592.43,0
43077.53,2,1,Low,8,Weekday,1,42224.78,0
24464.01,15,2,Medium,7,Weekday,1,11068.65,0
61147.59,17,0,Medium,0,Weekend,1,30499.53,0
52081.48,7,3,Medium,3,Weekday,0,49470.05,0
96138.61,6,4,Low,9,Weekday,1,94252.76,0
60881.6,1,2,Low,7,Weekday,1,47155.91,0
53660.97,14,0,High,0,Weekday,1,33396.4,0
38187.47,14,0,Low,4,Weekday,1,21612.62,0
40868.5,17,1,High,9,Weekday,1,19874.04,0
71113.6,16,1,Low,10,Weekday,0,38768.53,0
46491.06,7,0,Low,13,Weekday,1,35056.94,0
45146.97,18,0,High,10,Weekend,0,31419.65,0
53996.28,19,1,Low,7,Weekday,1,24858.54,0
40501.99,4,1,Low,7,Weekday,0,39140.14,0
43613.4,10,3,High,11,Weekday,1,37650.32,0
45245.17,5,2,High,2,Weekday,1,29674.76,0
36156.76,3,0,Low,13,Weekday,1,20212.95,0
56482.1,10,0,Low,3,Weekend,1,27207.2,0
56982.36,3,2,Medium,2,Weekend,1,37206.18,0
61236.27,2,1,Medium,4,Weekday,0,27313.57,0
49908.65,14,1,High,12,Weekday,1,36878.25,0
19019.21,19,1,Medium,7,Weekday,1,8983.42,0
77880.13,10,0,Low,4,Weekday,1,51662.97,0
43567.58,15,1,Low,8,Weekday,1,40035.1,0
27421.64,12,0,Medium,4,Holiday,1,12420.91,0
50111.08,5,2,High,12,Weekend,1,43558.38,0
39791.16,12,0,Low,3,Weekend,1,30499.81,0
30071.89,13,2,High,12,Weekday,1,15685.9,0
65416.59,6,1,Low,4,Weekday,0,60990.98,0
49815.76,17,0,Medium,2,Weekday,0,29683.8,0
56107.8,7,1,Medium,4,Weekend,1,50653.46,0
45677.26,13,0,Low,0,Weekend,1,28814.2,0
58917.14,16,1,Medium,13,Weekday,0,28684.27,0
47822.61,9,5,Medium,12,Weekday,1,28604.87,0
55041.24,7,1,Medium,7,Weekday,0,50716.82,0
59782.84,5,1,Medium,8,Weekday,1,38293.31,0
53413.33,1,1,Low,3,Weekend,0,40727.47,0
46892.82,7,0,Low,11,Weekend,1,26836.53,0
45145.9,11,1,High,12,Weekday,1,41143.97,0
27801.84,7,2,High,11,Weekday,1,15229.14,0
73785.09,11,1,High,8,Weekday,0,34315.39,0
41839.61,12,1,Medium,1,Weekday,1,22957.99,0
42200.23,4,0,Low,10,Holiday,1,29031.87,0
55340.2,13,1,Medium,11,Weekday,1,25699.74,0
49570.65,7,0,Medium,6,Weekday,1,33209.45,0
47018.03,1,3,Low,13,Weekend,0,37649.87,0
37731.2,1,0,Low,4,Weekend,1,34197.32,0
66472.42,12,3,Low,12,Weekday,1,61795.38,0
45431.73,13,0,Low,11,Holiday,0,42869.01,0
66476.05,0,1,Medium,12,Weekday,0,36819.09,0
44662.29,15,0,Low,5,Weekday,1,26979.17,0
73329.36,12,2,Low,4,Weekday,0,70128.18,0
63552.88,8,1,High,4,Weekday,1,58042.22,0
60347.18,10,1,Low,11,Weekday,1,44270.11,0
56835.03,7,0,Low,11,Weekday,1,55365.8,0
56833.86,5,3,Low,5,Weekend,0,40386.15,0
73891.74,14,0,Low,0,Holiday,0,48618.2,0
67460.84,8,1,Low,4,Weekday,0,46545.62,0
42820.18,11,0,Low,11,Weekday,1,39441.5,0
40918.49,2,1,Low,4,Holiday,1,19763.09,0
55076.2,5,0,Medium,9,Weekend,1,44197.86,0
41349.4,10,1,Low,9,Weekday,1,27503.04,0
47243.17,1,1,Low,3,Weekday,1,22544.17,0
55802.12,5,1,Medium,1,Holiday,1,25283.52,0
55146.4,11,2,Low,0,Weekday,1,44306.42,0
67481.06,6,0,Low,8,Weekday,1,66782.74,0
39299.95,0,1,High,3,Weekend,1,22721.8,0
44896.04,5,2,Low,13,Weekday,1,25156.4,0
42653.7,0,1,Medium,12,Weekday,1,29333.94,0
55348.57,14,0,High,9,Weekday,0,24323.39,0
51459.35,9,1,Low,2,Weekday,0,24649.54,0
56645.53,4,2,Low,14,Weekday,1,24369.89,0
67466.91,17,1,Low,1,Holiday,1,63148.06,0
71526.89,9,1,Low,11,Weekday,1,38820.56,0
44815.22,0,0,High,14,Weekend,1,30047.74,0
56744.29,10,1,High,10,Holiday,0,22983.65,0
42492.47,1,1,Low,10,Weekday,0,23310.59,0
57670.18,16,1,Medium,0,Weekday,1,39072.82,0
45722.33,1,2,High,6,Weekday,1,44747.32,0
70126.81,13,1,Medium,7,Weekday,1,32584.9,0
68429.76,17,2,High,10,Weekday,0,39834.11,0
54701.14,2,1,Low,6,Weekday,1,35563.62,0
27317.22,1,0,Low,1,Weekday,1,23676.03,0
52767.15,7,1,Low,6,Weekend,1,49130.69,0
58250.89,13,0,Medium,2,Holiday,0,47589.6,0
47527.08,14,3,Low,1,Weekend,1,28621.03,0
41075.09,7,1,Medium,12,Weekday,1,26259.85,0
58737.47,14,2,Low,10,Weekday,1,52484.76,0
42234.95,12,1,Medium,10,Weekday,1,33365.16,0
43588.13,0,0,Medium,4,Weekend,1,38991.8,0
59479.41,13,2,Medium,6,Weekday,1,51163.94,0
59280.62,0,0,Medium,4,Weekday,1,37969.64,0
76028.32,7,1,Low,10,Holiday,0,37090.14,0
55373.33,16,1,Low,1,Weekday,1,24778.69,0
43212.67,7,3,Medium,1,Weekend,1,36243.27,0
32338.59,4,3,Low,11,Weekend,1,26943.55,0
58927.44,1,1,Low,10,Holiday,1,39511.5,0
45785.25,11,1,Low,14,Weekend,1,37835.76,0
57928.54,12,0,Low,1,Holiday,1,31268.37,0
66377.09,19,0,Low,10,Weekday,0,46739.67,0
52948.24,17,1,Medium,2,Weekday,1,49346.15,0
55454.67,9,3,Medium,4,Weekday,0,47264.0,0
55477.94,11,0,Low,4,Weekday,1,48157.09,0
33751.5,17,0,Medium,5,Holiday,0,32598.82,0
41599.58,16,1,Medium,8,Weekday,0,18413.47,0
72432.96,19,0,Low,8,Weekend,1,36380.58,0
59263.12,2,0,Low,0,Holiday,1,48104.03,0
44184.88,7,1,Low,8,Weekday,0,43178.41,0
45255.77,1,1,Low,14,Weekend,1,42792.07,0
47190.4,15,1,Medium,8,Weekday,0,22011.01,0
38019.15,1,1,Medium,0,Weekday,0,37276.78,0
43233.82,19,0,Low,13,Weekday,1,26767.05,0
25857.7,4,1,Medium,4,Weekday,1,13625.9,0
29813.05,11,0,Low,3,Weekday,0,14499.17,0
48153.98,19,1,Low,0,Weekday,1,31098.79,0
52763.02,11,2,High,5,Holiday,0,31878.32,0
39371.4,6,1,Medium,1,Weekday,1,30418.67,0
48004.62,18,1,Medium,4,Weekend,1,22038.06,0
38362.88,5,0,Low,7,Weekday,0,19991.39,0
9203.53,14,0,Low,5,Holiday,0,5144.26,0
40304.93,7,0,Low,13,Weekday,1,34454.44,0
60496.76,2,1,Medium,8,Weekday,0,34214.59,0
53443.28,2,1,Medium,14,Weekday,0,25717.17,0
21699.59,14,0,Low,10,Weekend,0,21391.81,0
22110.85,19,3,Low,6,Weekday,1,20776.54,0
48711.09,5,2,Low,4,Weekday,1,42252.64,0
60316.08,17,0,Medium,12,Weekday,0,28375.85,0
43417.55,16,0,Low,8,Weekday,1,28564.85,0
69234.44,13,2,Low,11,Weekday,0,33312.42,0
52455.47,10,2,Medium,7,Weekday,1,52034.11,0
43885.72,15,2,Medium,0,Weekend,0,41423.79,0
36553.88,16,0,Low,12,Weekend,0,24351.42,0
44109.03,4,1,Low,5,Weekday,1,17870.06,0
34319.84,15,0,High,7,Weekday,0,16007.4,0
40652.72,19,0,High,3,Weekday,1,17329.47,0
46902.32,11,2,Low,3,Weekday,1,36403.83,0
22350.12,6,2,High,8,Holiday,0,15712.14,0
39947.8,4,1,Medium,12,Holiday,1,29269.18,0
31882.79,6,0,Low,10,Weekday,1,17449.63,0
60351.81,5,1,High,3,Weekday,0,44024.41,0
22916.12,12,0,High,2,Weekend,1,18354.43,0
30839.08,3,0,Low,0,Weekday,0,17820.71,0
47121.33,6,3,Low,9,Weekday,0,22679.83,0
55478.81,15,1,Low,3,Holiday,1,32509.17,0
79385.53,1,0,Medium,7,Weekday,0,36989.1,0
61735.72,17,1,Low,0,Weekday,1,26129.07,0
37217.56,6,0,Low,9,Weekday,0,35596.34,0
65358.07,1,1,Low,10,Weekday,1,44544.78,0
30704.93,12,0,Medium,13,Weekday,1,17610.79,0
47914.33,13,0,Medium,2,Weekday,1,30263.59,0
76196.4,19,0,Low,3,Weekday,0,67272.79,0
58913.64,10,1,Medium,5,Weekday,1,38419.77,0
41173.93,10,3,Medium,7,Weekend,1,24662.66,0
54166.73,16,1,Medium,13,Weekday,0,39058.24,0
11571.29,16,0,High,10,Weekday,1,9550.84,0
63614.75,9,1,Medium,14,Holiday,1,56974.47,0
33564.63,12,0,Low,6,Weekend,1,22424.89,0
52009.82,14,0,Low,14,Weekday,1,42425.35,0
69193.09,8,1,High,11,Weekend,1,48175.28,0
52948.58,10,0,Medium,13,Holiday,1,49034.79,0
48823.43,4,0,Low,2,Weekend,1,27402.32,0
78571.6,18,1,Low,7,Holiday,0,35667.64,0
57119.34,15,2,Low,3,Weekday,1,49724.17,0
59980.71,4,0,Low,5,Weekday,1,25187.09,0
59032.87,17,2,Medium,3,Weekday,1,41914.25,0
58142.16,13,1,Low,8,Holiday,0,37272.97,0
51207.08,9,1,Low,1,Weekday,1,49112.21,0
51710.58,2,0,Medium,8,Holiday,1,51645.52,0
18119.09,4,1,Low,11,Weekday,1,15740.67,0
41418.57,14,1,High,7,Weekday,0,19301.72,0
40833.47,3,0,Low,2,Weekday,1,33153.71,0
53397.87,6,1,Low,9,Weekday,0,33831.64,0
37231.98,11,4,Medium,5,Weekday,1,15730.7,0
12852.77,9,0,Medium,4,Weekday,0,10943.19,0
42529.44,4,1,High,12,Weekday,0,29514.59,0
47104.3,12,1,Low,7,Weekday,1,34138.65,0
42864.94,18,0,Low,3,Holiday,1,31711.03,0
27893.32,16,1,High,8,Weekday,1,12141.32,0
74609.01,9,0,Medium,2,Weekday,0,39717.91,0
27782.69,7,2,Low,10,Weekday,0,20923.07,0
31726.77,15,0,Medium,7,Weekday,0,27774.09,0
38049.0,17,3,Low,9,Weekday,0,32664.87,0
70326.87,6,1,High,12,Weekday,0,33874.69,0
77165.26,17,1,Low,10,Weekend,1,39176.83,0
46027.96,14,0,Low,4,Weekend,0,21445.66,0
42746.79,18,1,Low,6,Weekday,0,32606.6,0
59142.28,0,1,High,4,Weekday,0,37055.21,0
59069.61,14,1,Medium,10,Weekday,1,41568.6,0
35480.9,5,2,Low,13,Weekday,1,24359.64,0
54720.46,16,0,Low,6,Holiday,1,51060.38,0
50500.6,10,4,Medium,11,Weekday,1,22143.68,0
82550.07,4,3,Medium,12,Holiday,1,76434.09,0
69758.56,11,0,Medium,7,Weekend,1,32809.45,0
56814.65,12,2,Medium,14,Weekday,1,36002.38,0
39803.08,11,0,Low,13,Weekday,1,36184.6,0
60152.07,10,0,Medium,3,Weekday,0,57646.36,0
70678.06,15,0,Low,2,Weekday,1,52346.62,0
48497.54,5,0,Low,0,Weekend,1,29571.99,0
47318.81,8,0,Medium,5,Weekend,0,43442.14,0
58323.93,8,0,Medium,1,Weekday,0,31653.9,0
69971.31,9,0,Medium,9,Weekday,1,62970.37,0
60893.7,16,1,Medium,2,Weekday,1,52093.09,0
69647.14,8,0,Medium,12,Weekday,1,51409.5,0
68901.73,1,1,Low,8,Weekday,1,55054.27,0
50669.77,10,0,High,5,Weekend,1,47846.82,0
59643.0,8,3,Low,12,Weekday,0,41356.58,0
41170.85,11,2,Low,14,Weekday,1,40531.62,0
78695.57,16,2,Medium,6,Weekend,0,74263.44,0
52686.3,19,1,High,2,Weekday,1,43098.81,0
33174.36,19,1,Medium,12,Weekday,0,21839.8,0
50631.5,13,1,Medium,6,Weekend,1,29684.92,0
17554.91,18,2,Low,7,Weekday,1,15331.51,0
58033.03,11,2,High,7,Weekday,1,39452.07,0
35703.75,18,3,High,5,Weekday,1,17002.64,0
63192.82,6,3,Low,6,Weekday,1,29780.2,0
52081.99,7,2,High,11,Weekday,1,30763.51,0
52048.41,1,2,Low,11,Weekend,1,35323.47,0
52830.29,15,0,Low,13,Weekday,1,46686.36,0
41887.04,1,0,Medium,8,Weekday,0,17987.78,0
47906.87,8,2,High,1,Weekday,0,21412.0,0
54259.53,3,4,Low,12,Weekday,0,39989.8,0
53361.78,9,0,Medium,14,Weekday,1,42995.5,0
63835.13,2,2,Low,12,Weekend,1,53355.94,0
42676.44,14,0,Low,10,Weekday,1,38900.66,0
49026.53,11,1,Low,12,Weekend,1,26943.13,0
35485.09,2,0,Low,13,Weekday,0,28067.98,0
76362.03,15,0,Medium,6,Weekday,1,68793.93,0
41498.95,7,1,Medium,3,Holiday,1,32219.81,0
61821.94,16,1,Low,2,Weekend,1,34775.59,0
48302.28,2,2,Medium,2,Holiday,1,43810.25,0
51653.08,2,0,Low,12,Weekday,0,29843.33,0
53920.97,4,2,Low,14,Weekday,0,37281.08,0
23793.58,19,0,Medium,2,Weekday,1,16755.72,0
46983.95,16,0,Low,7,Weekday,1,39228.1,0
34710.08,6,0,Medium,9,Weekday,1,32026.26,0
49716.06,18,1,Medium,11,Weekday,1,48779.18,0
46101.73,3,0,High,9,Weekend,1,41311.87,0
58470.36,2,0,Medium,4,Weekday,1,47612.44,0
61724.69,10,2,Medium,9,Weekday,1,33013.72,0
46130.8,0,2,High,8,Weekend,0,45846.84,0
66897.7,17,0,High,12,Weekday,1,32900.99,0
32207.95,11,1,Medium,8,Weekday,1,17450.0,0
37215.81,18,0,High,0,Weekend,0,35341.32,0
69399.04,7,1,Medium,0,Weekday,1,48973.73,0
52853.88,4,2,Low,8,Weekday,1,33036.88,0
43668.35,17,0,Medium,3,Weekend,1,18644.07,0
68094.61,13,1,Medium,12,Weekday,1,60477.39,0
46832.06,1,2,High,0,Weekday,1,35540.11,0
55087.81,7,1,High,1,Weekend,1,53753.62,0
50985.01,7,2,Medium,3,Weekday,1,49755.75,0
32993.57,16,0,High,2,Weekday,0,16526.48,0
67321.37,5,3,High,12,Holiday,1,33675.62,0
66675.26,7,1,Low,11,Holiday,1,26718.95,0
73025.31,11,0,Low,6,Weekday,1,53447.88,0
49793.81,0,2,Low,1,Weekday,1,30883.9,0
53328.37,8,2,High,8,Weekday,1,46672.53,0
27547.61,15,1,Low,0,Weekend,1,20838.29,0
57028.17,10,0,High,12,Weekday,0,45555.62,0
57488.05,12,0,Low,6,Weekday,0,47198.35,0
43894.94,2,1,Medium,0,Holiday,1,36001.75,0
72332.23,8,2,High,14,Weekday,0,34921.45,0
51899.15,3,1,Low,2,Weekday,1,23233.47,0
70619.92,6,1,Low,13,Holiday,1,56295.99,0
67055.49,13,2,Medium,10,Weekday,0,63925.29,0
23325.66,9,3,High,10,Weekend,1,19455.24,0
58235.98,12,0,Low,13,Weekday,1,51868.01,0
82078.06,8,1,Medium,9,Weekday,1,73970.26,0
42534.68,6,0,Low,1,Weekday,1,19555.37,0
33253.02,13,0,Low,14,Holiday,1,30575.64,0
67773.07,3,0,Low,8,Weekday,1,61096.11,0
73571.75,17,0,High,11,Weekday,1,72532.36,0
48725.84,17,1,Low,8,Holiday,0,38747.4,0
42780.26,14,1,Low,9,Weekday,1,25718.54,0
52195.28,19,3,High,8,Weekend,1,22621.86,0
52014.94,2,1,High,14,Weekend,0,32938.76,0
54313.12,19,1,High,1,Weekday,0,45919.57,0
65783.66,12,0,Medium,4,Weekday,0,30152.05,0
62021.04,9,0,Low,6,Weekend,0,37602.21,0
53316.88,0,1,Medium,1,Weekday,0,34410.57,0
51859.18,13,0,High,2,Weekday,1,27899.16,0
49745.63,13,0,Low,4,Weekday,1,34610.58,0
28954.9,3,1,Medium,14,Weekend,1,14246.38,0
45711.72,4,1,Medium,1,Weekday,0,43340.5,0
46276.59,7,2,Low,0,Weekday,0,18778.13,0
60574.89,17,0,Low,6,Weekend,1,50954.34,0
44896.64,19,3,Low,4,Weekend,0,34786.99,0
44638.7,17,1,Low,1,Weekday,0,18784.08,0
33740.11,10,3,Low,7,Weekday,1,18541.91,0
44367.18,13,0,Medium,7,Weekend,1,27472.43,0
62482.57,7,1,Low,14,Weekday,1,47939.25,0
50531.75,13,0,Low,14,Weekday,0,42070.76,0
74007.57,5,0,Low,14,Weekday,1,41803.39,0
43986.08,4,1,Low,14,Weekday,1,43543.94,0
32223.79,0,1,Medium,3,Weekday,1,20569.29,0
65426.86,11,1,High,5,Weekend,0,26536.51,0
35778.15,7,0,Medium,11,Weekday,1,34502.18,0
52497.88,10,0,High,2,Weekday,1,32807.22,0
34701.97,12,1,Low,8,Weekday,1,29848.25,0
37539.43,9,1,Low,7,Weekday,0,17410.31,0
39147.56,10,1,Low,2,Weekday,1,35459.07,0
40876.9,14,2,Low,5,Weekend,1,25551.58,0
53179.77,2,3,Medium,14,Weekday,0,30565.43,0
58737.18,11,1,High,0,Weekday,1,45534.3,0
59853.22,14,0,Low,2,Weekday,1,56813.75,0
35719.12,8,2,Medium,11,Holiday,1,23116.05,0
43556.94,16,0,Medium,9,Weekday,0,42675.23,0
80477.23,6,1,Medium,8,Weekend,1,74290.58,0
42456.06,17,0,Medium,14,Weekday,1,18210.42,0
41104.06,18,4,Medium,12,Weekend,0,36368.63,0
68935.19,19,2,High,8,Weekday,0,56011.88,0
47418.37,19,1,Low,0,Weekday,0,21659.25,0
40179.52,17,2,Low,8,Weekday,0,33945.24,0
25725.96,2,1,Low,10,Weekend,1,13855.17,0
51528.93,0,0,Low,12,Weekday,1,32695.44,0
54636.37,0,0,Low,11,Weekday,1,50188.19,0
58947.89,19,0,High,10,Weekend,1,40636.76,0
62385.48,13,0,Low,4,Weekend,0,40720.25,0
60139.84,18,1,High,14,Weekend,0,46148.46,0
42972.29,3,1,Medium,5,Holiday,1,28499.45,0
53175.44,1,1,Low,10,Weekday,1,50801.96,0
55783.98,17,0,Low,4,Weekday,1,46512.28,0
31579.59,12,1,High,9,Weekday,1,14836.05,0
55720.7,18,0,Low,14,Weekday,0,46156.82,0
45735.77,15,1,Medium,8,Weekday,0,28792.14,0
56425.19,7,1,High,7,Weekday,0,30611.78,0
41180.63,16,0,Low,4,Weekday,0,22629.59,0
42234.87,3,0,Low,12,Weekday,1,35525.99,0
37385.57,3,0,High,14,Weekday,1,28023.49,0
77662.42,17,1,Low,3,Weekday,1,53369.91,0
74245.6,10,1,Medium,4,Weekday,1,53287.45,0
46804.7,13,3,Medium,0,Weekend,1,40709.15,0
49297.35,16,0,High,10,Weekday,1,40272.28,0
53604.65,15,1,Low,2,Weekday,1,22708.34,0
38772.64,11,2,Medium,5,Weekday,1,38475.04,0
58725.12,1,1,Low,11,Weekday,1,52665.22,0
66366.78,2,0,Low,3,Weekday,1,45697.65,0
68351.25,0,2,High,10,Weekday,1,42796.72,0
75881.41,18,1,High,10,Weekday,0,71249.41,0
67052.74,14,0,Low,0,Weekend,1,35239.31,0
72937.96,1,1,Low,9,Weekday,1,72505.31,0
63889.1,7,1,Low,7,Weekday,0,34199.96,0
37781.88,1,4,Low,13,Weekend,1,36979.94,0
38950.8,7,0,Low,5,Weekend,0,35273.3,0
53931.9,6,1,Low,4,Weekday,1,30184.63,0
37031.14,6,1,Medium,8,Weekend,1,23943.81,0
34714.22,3,0,Low,5,Weekend,1,24810.81,0
54218.18,13,1,Medium,9,Weekday,0,45546.73,0
28748.99,5,2,Low,12,Weekday,1,14982.19,0
34910.41,11,0,High,1,Holiday,0,22553.46,0
35480.06,3,1,High,10,Holiday,1,34301.77,0
68069.01,11,3,Low,4,Weekday,1,63774.94,0
49180.98,6,3,Medium,10,Weekend,0,34266.3,0
46230.15,7,0,Medium,4,Weekend,1,37175.94,0
49996.62,2,0,Low,8,Holiday,1,35727.7,0
51454.64,6,0,Medium,0,Weekday,1,36866.07,0
80919.98,19,0,Low,9,Weekday,1,62965.62,0
41744.04,10,2,Low,8,Weekday,1,40446.59,0
56774.92,12,1,Low,14,Weekday,1,42066.9,0
45771.73,9,2,High,8,Weekday,1,31789.64,0
51851.22,15,1,Medium,13,Weekday,1,50630.8,0
46572.52,1,0,Medium,5,Weekend,1,18984.58,0
72451.09,1,0,Medium,14,Weekend,0,64282.98,0
61525.56,12,0,High,14,Weekday,1,53439.18,0
38640.45,18,1,Low,14,Weekday,1,33282.38,0
42389.08,0,3,Low,12,Weekday,1,26105.4,0
35950.79,4,2,Medium,6,Weekday,1,31421.23,0
17588.76,16,0,Medium,13,Weekday,1,14844.99,0
43228.49,12,0,Low,10,Weekday,1,34549.92,0
43368.23,11,1,Medium,14,Weekday,1,19615.91,0
43843.31,17,0,High,3,Weekday,1,22989.33,0
62756.91,8,1,High,2,Weekend,1,58019.09,0
45929.88,13,3,Low,14,Weekday,1,18639.93,0
60662.65,9,1,Medium,11,Weekday,1,40857.82,0
33732.39,19,0,High,14,Weekday,1,18798.96,0
62262.32,10,0,High,0,Weekday,1,58699.97,0
51603.68,8,2,High,13,Weekday,0,37831.45,0
62816.22,10,3,Medium,1,Weekend,1,26709.25,0
42455.65,14,1,High,1,Weekend,0,35779.58,0
48310.05,19,0,High,2,Weekend,0,29946.27,0
44513.09,19,1,Low,0,Weekday,1,43814.22,0
51560.9,19,1,Medium,4,Weekday,1,32232.81,0
42172.78,9,0,High,4,Weekday,1,27674.24,0
58740.28,19,0,Low,13,Weekday,0,25596.31,0
30214.86,19,1,High,11,Weekend,0,15051.77,0
83756.86,4,1,Medium,0,Weekday,1,73128.69,0
61127.1,19,1,Low,3,Holiday,0,50757.71,0
89430.8,18,0,High,11,Weekday,1,62745.48,0
61696.16,17,1,Low,5,Weekend,1,28443.86,0
46383.08,3,0,Low,14,Weekday,1,44114.74,0
61823.58,8,1,Low,9,Holiday,1,26387.31,0
55042.42,8,1,Low,9,Weekend,0,35096.33,0
44255.5,11,1,Medium,12,Weekday,1,24964.3,0
58120.61,0,0,Medium,0,Weekday,1,50551.94,0
53104.88,18,1,Medium,7,Weekday,0,44570.7,0
57799.28,11,0,Low,0,Weekday,1,55663.4,0
29880.67,5,3,Low,0,Weekday,1,17362.17,0
79377.26,5,0,Low,6,Weekday,1,46350.06,0
46373.29,8,0,High,7,Weekday,1,30459.69,0
41892.71,5,1,Medium,4,Weekday,1,24464.7,0
34858.59,4,0,Low,6,Weekend,1,14590.14,0
35786.51,7,0,Low,3,Weekday,1,31303.94,0
48541.84,0,0,Low,10,Weekend,1,35051.63,0
58819.46,14,0,Low,3,Weekday,1,34375.2,0
57078.99,11,0,Low,6,Weekday,1,41302.67,0
63601.82,5,1,Medium,12,Weekday,1,41748.6,0
51388.33,8,1,Low,9,Weekday,1,24559.44,0
31036.79,16,0,Low,12,Weekday,1,29469.58,0
60250.8,8,0,Low,1,Weekday,1,45513.63,0
24346.24,17,1,Medium,11,Weekend,1,13623.15,0
36048.38,7,0,High,8,Weekend,0,19854.83,0
66051.96,11,2,Medium,10,Weekend,0,56171.45,0
39220.93,9,0,Low,3,Weekday,1,26804.41,0
43909.04,18,0,High,11,Weekday,1,22487.06,0
39062.98,14,2,Low,8,Weekday,1,37781.22,0
48115.36,4,1,Low,2,Holiday,1,28651.47,0
51034.91,6,0,Medium,5,Weekday,1,41527.78,0
45611.34,5,1,Low,5,Weekday,1,44132.94,0
68437.8,2,2,Medium,14,Weekday,0,51794.44,0
43777.27,14,1,Low,14,Holiday,1,18344.11,0
50476.99,7,0,High,10,Weekday,0,30213.73,0
34344.26,12,0,Low,11,Holiday,1,25533.46,0
57297.63,11,1,Low,5,Weekday,0,23597.43,0
26468.12,1,0,Low,4,Weekday,1,19488.27,0
58633.12,9,1,Low,2,Weekend,1,36083.07,0
64295.58,17,0,Low,8,Holiday,1,58550.64,0
39690.08,6,0,Low,11,Weekday,1,36050.59,0
59614.79,4,2,Low,14,Weekday,1,24935.87,0
38272.34,17,6,Low,9,Weekday,1,23359.29,0
41478.79,3,1,Low,10,Weekday,0,33369.54,0
54212.71,6,2,Medium,7,Weekend,1,27283.81,0
55725.87,2,0,Medium,4,Weekday,0,53674.19,0
39834.04,13,1,Medium,5,Weekend,0,24893.36,0
79193.34,3,2,Low,13,Weekday,0,65583.72,0
46889.37,2,0,Low,8,Weekday,0,44221.49,0
36539.05,4,2,Low,4,Weekday,1,17763.43,0
30287.34,14,2,High,7,Weekday,1,26021.73,0
25238.42,12,1,Low,3,Weekday,1,20111.3,0
48834.4,6,0,Medium,4,Weekday,1,28773.73,0
61835.87,2,0,Medium,11,Weekday,1,52496.44,0
61269.84,19,1,Low,4,Weekend,1,50167.0,0
63313.66,3,0,Low,3,Holiday,1,46261.89,0
26250.25,11,2,Medium,2,Weekday,1,16486.3,0
40524.04,19,1,High,4,Weekend,1,16714.02,0
58911.74,17,0,Low,11,Weekday,0,39060.02,0
48170.24,13,2,Low,2,Weekday,1,30672.46,0
20330.52,10,2,Medium,10,Weekend,0,20315.54,0
50704.23,4,2,High,4,Weekend,1,41077.19,0
44749.57,6,0,Medium,1,Weekday,1,27446.5,0
53255.04,18,3,Medium,10,Weekday,1,38823.48,0
54086.23,16,1,Low,5,Weekday,1,42615.92,0
40398.26,9,1,Medium,11,Weekday,1,34197.82,0
72265.64,1,0,Low,7,Weekday,1,40970.42,0
52404.53,18,1,Low,11,Weekday,1,29300.08,0
66598.42,15,5,High,5,Holiday,0,37682.92,1
45351.35,12,2,High,5,Weekend,1,23425.57,0
40398.29,0,1,Low,11,Weekday,1,40277.72,0
67095.12,3,1,Medium,7,Weekday,0,35985.23,0
75826.67,1,1,Medium,12,Weekday,1,59941.85,0
73473.85,1,1,Medium,11,Holiday,1,64886.55,0
39971.74,19,0,Low,8,Weekend,0,24203.18,0
71826.47,10,0,Low,2,Weekday,0,55273.03,0
36087.4,18,2,Medium,11,Weekday,1,18133.07,0
39465.01,14,2,Medium,3,Weekday,0,21521.18,0
46808.23,8,1,Medium,0,Weekday,0,34752.82,0
50112.27,9,2,High,8,Weekend,0,35855.45,0
56019.24,0,1,Low,3,Weekday,0,44326.95,0
56725.32,9,1,Low,2,Weekday,1,51647.76,0
60516.11,19,0,Medium,14,Holiday,0,33097.77,0
55177.82,17,1,Low,14,Weekday,0,28319.84,0
41310.06,3,3,Medium,12,Weekday,1,24454.47,0
30973.71,14,5,Low,14,Weekday,0,29680.98,0
48734.68,6,0,Low,14,Holiday,0,28662.25,0
28680.48,19,0,Low,2,Weekday,1,21355.16,0
56562.78,2,1,Medium,5,Weekday,1,29035.38,0
57694.23,16,0,High,4,Holiday,0,56642.84,0
43168.05,12,1,Medium,3,Weekday,0,34121.3,0
56036.52,6,1,High,6,Holiday,1,44415.59,0
43064.14,19,0,Low,7,Weekday,1,18377.36,0
59413.49,2,2,Medium,12,Weekend,1,51635.08,0
49202.24,5,1,Medium,12,Weekday,1,45046.04,0
38395.16,1,0,Low,5,Weekday,1,27499.77,0
44074.46,11,1,Low,3,Weekend,1,41477.98,0
56876.45,18,1,Low,9,Weekend,1,30708.51,0
50279.86,17,1,Medium,13,Weekend,1,33989.57,0
47557.19,11,4,Low,11,Weekday,1,37756.4,0
48830.85,2,0,Medium,10,Weekday,0,46980.16,0
42358.86,5,1,Medium,10,Holiday,0,18314.56,0
66262.53,11,2,High,11,Weekday,1,35824.59,0
71220.53,5,1,High,5,Weekday,1,47099.38,0
43671.34,19,0,Low,14,Weekday,1,29615.21,0
43533.54,2,4,Medium,3,Weekday,1,26428.06,0
38708.64,15,0,Low,10,Weekday,1,26602.27,0
37930.4,3,2,Low,11,Weekday,0,18399.67,0
52233.41,15,1,Medium,0,Weekday,1,24722.02,0
39076.47,8,1,High,9,Weekend,1,17911.2,0
78576.04,14,2,Medium,10,Holiday,1,56171.54,0
27025.0,7,5,High,12,Weekend,1,26333.85,0
61238.75,15,1,Medium,6,Weekday,0,46474.22,0
66110.65,0,2,Low,6,Weekday,1,50447.02,0
69997.84,15,1,High,13,Weekday,1,43290.21,0
73817.36,4,1,Medium,4,Weekday,1,41123.14,0
42403.71,17,1,Low,13,Weekend,1,35346.97,0
35580.42,15,0,Low,1,Weekday,0,23875.38,0
28750.47,17,2,High,1,Weekday,1,17874.07,0
24681.3,13,0,Low,4,Weekend,1,11522.81,0
41148.79,17,0,Low,9,Weekday,0,37024.96,0
63803.16,5,1,Low,1,Weekday,1,54449.11,0
37784.86,8,2,Low,6,Weekday,0,15463.58,0
49298.96,8,1,High,8,Weekday,1,35565.1,0
68425.35,1,3,Low,9,Weekend,1,60456.41,0
46609.13,2,1,Low,2,Weekday,1,43247.16,0
32437.22,8,3,Low,6,Holiday,0,13447.64,0
45800.17,3,0,High,9,Weekday,0,21662.81,0
61855.1,13,3,Medium,10,Weekend,0,31937.1,0
83246.14,6,1,Low,14,Weekday,1,37841.76,0
49505.67,17,1,High,6,Weekday,1,26778.51,0
40018.91,9,2,Low,2,Weekday,0,38327.94,0
34161.3,0,1,Low,1,Weekday,0,14664.26,0
57923.48,7,0,Low,1,Weekend,1,26089.26,0
50536.66,11,2,Low,10,Holiday,1,43832.6,0
65847.84,6,1,Medium,4,Holiday,1,37987.2,0
77929.01,10,2,Low,5,Holiday,1,76157.29,0
62332.06,3,4,Low,14,Weekday,1,34189.21,0
29910.75,5,3,Medium,7,Weekday,0,15895.85,0
28142.99,1,0,High,13,Weekday,1,24282.91,0
49258.45,2,0,Low,4,Weekday,0,22536.78,0
32414.07,11,1,Low,8,Weekday,1,26340.74,0
50567.57,18,0,Medium,9,Weekday,1,46315.16,0
43611.11,0,1,Medium,14,Weekday,0,38614.54,0
41708.75,18,0,Medium,0,Weekday,0,26006.63,0
39023.37,4,0,High,10,Weekend,1,17647.01,0
52767.37,1,0,Low,11,Weekend,1,34354.92,0
44744.24,2,0,Medium,5,Weekday,1,24025.44,0
73816.62,4,0,Low,13,Weekday,1,71475.55,0
41316.66,2,5,Low,11,Weekday,1,30778.97,0
30964.82,0,0,Low,14,Weekday,1,21876.3,0
60653.06,19,0,Low,6,Weekday,0,24641.85,0
71570.9,8,0,Low,7,Weekday,1,44791.6,0
89446.69,12,1,Medium,8,Weekend,1,45985.55,0
47866.37,14,1,High,12,Weekday,1,46900.98,0
69002.93,11,1,Low,5,Weekday,1,38905.9,0
36063.42,18,0,Low,10,Weekday,1,21032.8,0
66609.89,8,4,Medium,3,Weekday,1,57049.57,0
51739.04,12,1,Low,8,Weekday,0,23836.14,0
25905.92,9,0,Medium,1,Weekend,1,19713.58,0
51806.88,9,1,Low,7,Weekday,1,31300.09,0
57576.97,2,2,Low,7,Weekday,1,36219.46,0
39227.29,2,3,High,2,Weekend,1,16757.61,0
38654.98,9,3,Medium,2,Holiday,1,32876.15,0
21151.59,5,1,High,14,Weekday,0,14586.17,0
32573.19,13,2,High,10,Weekday,1,29731.48,0
42553.41,10,1,Low,2,Weekday,0,30260.8,0
51176.5,19,1,Low,7,Weekday,0,48347.98,0
59325.14,5,1,Low,2,Weekday,1,46760.09,0
32031.18,11,1,Low,3,Weekday,1,21274.45,0
53856.9,12,1,High,1,Weekday,0,45263.33,0
39866.56,17,0,Low,6,Weekend,0,22211.98,0
49536.9,16,0,Low,1,Weekday,1,29124.96,0
25423.11,19,1,Low,5,Weekday,1,21986.41,0
33334.09,7,3,Low,14,Weekday,1,22308.27,0
77630.68,3,0,Medium,1,Weekend,1,63968.51,0
26972.25,8,1,High,8,Weekday,1,18927.9,0
74371.38,10,2,Low,2,Weekday,1,56237.13,0
71783.66,10,0,Medium,4,Weekday,0,34710.92,0
72819.54,6,4,High,4,Weekday,1,54966.59,0
24125.71,17,2,Low,1,Weekday,1,13698.37,0
32093.82,13,0,Low,9,Weekday,1,14829.89,0
58777.0,2,2,Medium,5,Weekday,1,32800.18,0
60838.35,8,2,High,6,Weekend,0,52133.27,0
48000.77,1,2,Low,9,Weekend,0,41153.45,0
68915.24,19,0,Medium,12,Weekday,1,47447.12,0
44821.25,17,2,Low,7,Weekday,1,18878.26,0
54320.8,15,0,Medium,14,Weekday,1,23222.17,0
42910.16,10,1,High,3,Weekday,1,42162.96,0
64127.23,19,0,High,4,Weekday,1,47105.09,0
31865.86,11,2,Low,10,Weekday,1,19273.32,0
65470.97,12,1,Medium,8,Weekday,1,40723.6,0
55627.02,17,1,Low,9,Weekday,1,45367.57,0
27974.92,12,0,Low,7,Weekday,0,12066.52,0
27204.07,5,1,Low,1,Weekday,1,18643.49,0
54503.67,9,1,Low,4,Weekday,1,42219.65,0
52335.91,9,1,Low,3,Weekday,1,24075.66,0
59150.62,18,2,Medium,5,Weekday,0,29852.02,0
38464.25,1,2,Low,6,Holiday,1,25136.6,0
36023.57,9,0,High,1,Weekday,0,26800.99,0
53593.82,10,1,High,3,Weekday,1,45694.46,0
60568.07,16,4,Low,5,Weekend,0,37751.14,0
47011.91,16,1,Low,6,Weekend,1,19666.28,0
47979.45,8,0,Medium,8,Weekday,1,40795.14,0
41379.36,14,0,Low,5,Weekday,0,27192.29,0
36231.78,16,2,High,1,Weekday,1,34850.69,0
78090.88,7,1,High,4,Weekday,1,61685.3,0
52423.21,15,0,Medium,1,Weekday,1,44924.41,0
24484.32,8,1,Low,6,Weekday,1,11378.98,0
40752.21,11,0,Low,2,Weekday,0,25872.48,0
37601.78,15,2,Low,10,Weekday,1,21579.79,0
37769.82,18,2,Medium,0,Holiday,1,34209.42,0
69623.33,13,0,Medium,7,Weekday,1,59932.52,0
59028.2,14,0,Medium,8,Weekend,0,36635.73,0
39118.77,16,0,Low,9,Weekday,1,33218.52,0
72275.93,18,0,High,9,Weekday,0,46439.85,0
54992.9,14,1,Medium,6,Holiday,1,32527.05,0
56200.53,13,1,Low,0,Weekday,1,33488.31,0
74001.68,9,1,Low,4,Weekend,0,32177.4,0
20141.04,14,0,Low,10,Holiday,1,8151.67,0
26949.76,6,2,High,1,Weekday,1,10971.43,0
48581.77,16,1,Medium,7,Weekday,0,28169.0,0
45624.08,13,2,Low,5,Weekday,0,32515.89,0
39922.5,7,1,Low,1,Weekday,1,21773.16,0
53763.08,6,2,Low,6,Weekday,0,27715.79,0
61330.44,3,1,Low,8,Weekend,0,34184.24,0
34951.38,4,2,Low,5,Weekend,1,20573.92,0
51090.2,14,1,Low,9,Holiday,0,36575.77,0
42929.8,12,1,Low,9,Weekday,0,18124.41,0
41196.04,15,0,Low,3,Weekday,1,32415.1,0
81216.56,9,1,High,2,Weekday,1,41567.81,0
42896.35,7,0,Medium,8,Weekday,1,31512.89,0
44288.75,13,0,Low,13,Weekend,0,30946.44,0
30893.94,18,3,High,0,Weekday,1,21534.43,0
67407.28,10,1,High,2,Weekend,0,63998.95,0
41021.34,8,1,High,0,Weekday,1,27654.9,0
56121.4,10,1,Medium,7,Weekday,1,27195.63,0
39439.28,6,1,Low,11,Weekday,0,21517.62,0
58863.69,3,1,Low,4,Weekend,0,28403.33,0
55132.58,6,1,Low,8,Weekday,0,26291.88,0
49627.53,3,2,Medium,0,Weekday,0,27325.37,0
55247.17,4,0,Low,0,Weekday,0,54519.96,0
66653.62,5,1,Medium,2,Weekday,0,40574.93,0
53154.88,7,0,High,1,Weekday,1,32663.45,0
35149.15,11,0,Low,0,Holiday,1,26127.05,0
66642.3,8,1,Low,8,Weekday,1,65978.08,0
63232.74,13,1,High,12,Weekday,0,55859.54,0
47057.38,1,2,Medium,8,Weekday,1,29525.73,0
35674.0,6,2,Low,12,Weekday,1,26730.45,0
47984.0,12,1,Low,13,Weekday,1,43240.63,0
66743.97,10,0,Low,13,Weekday,1,51461.39,0
63577.1,7,0,Low,1,Weekday,0,63178.28,0
35210.32,3,1,High,10,Weekend,0,22637.1,0
53849.48,3,1,Low,13,Weekend,1,45868.75,0
64859.44,1,2,Low,12,Weekday,0,59044.37,0
62824.43,16,0,Medium,2,Weekday,0,25265.12,0
66245.8,12,1,Low,6,Weekday,1,65009.85,0
53410.98,6,0,Low,3,Weekday,0,25449.54,0
49248.92,15,0,Low,11,Weekday,1,30056.44,0
36997.38,17,1,Low,14,Weekend,1,17826.57,0
36773.45,17,2,Low,12,Weekday,0,34194.21,0
78944.77,17,2,Medium,2,Holiday,1,75390.24,0
72951.22,1,0,High,9,Weekday,0,71525.37,0
50881.06,1,2,Low,6,Weekday,1,20447.32,0
45829.22,7,0,Low,0,Weekday,0,25501.55,0
47323.98,12,1,Medium,13,Holiday,1,39387.27,0
45999.08,14,2,Low,8,Holiday,1,41194.47,0
66365.97,0,0,High,6,Weekend,1,66199.88,0
25501.29,15,3,High,7,Weekend,1,23875.37,0
17666.5,1,2,Low,0,Weekday,0,7360.82,0
28255.62,6,1,Medium,8,Weekday,0,18178.54,0
56781.52,15,1,High,7,Weekday,1,23853.83,0
67249.66,7,1,Medium,5,Holiday,1,39409.73,0
49982.37,13,0,Low,5,Weekday,1,38490.55,0
43399.2,5,0,Low,9,Holiday,1,38734.43,0
40590.36,19,1,Low,11,Weekday,0,29179.43,0
50812.53,1,3,Low,1,Weekday,1,44455.1,0
93414.48,14,1,Medium,1,Weekend,0,92735.47,0
38962.9,10,2,Low,0,Weekday,0,31199.72,0
51494.88,0,0,Low,14,Weekday,1,32895.08,0
23370.95,16,0,Low,12,Weekday,1,19087.72,0
59914.49,6,2,Low,7,Holiday,1,24299.77,0
18258.51,2,0,Low,9,Weekday,0,7685.3,0
49357.02,0,0,High,14,Weekend,0,44964.33,0
60200.89,3,1,High,3,Weekday,0,49254.14,0
45245.28,8,2,High,7,Holiday,1,28755.54,0
49455.17,7,1,Medium,13,Weekday,0,45813.63,0
48806.51,4,1,Low,9,Holiday,1,37645.41,0
54925.83,9,0,Low,11,Weekday,0,38889.03,0
43568.99,1,0,Low,9,Weekday,1,40433.01,0
26217.3,0,3,Low,9,Weekday,0,22155.52,0
31708.25,11,1,Medium,10,Weekday,1,14005.05,0
32972.7,15,1,Low,3,Weekday,1,26418.51,0
28295.15,4,2,Medium,1,Holiday,1,18258.06,0
40466.0,6,0,Medium,2,Weekday,1,32252.87,0
50475.63,17,1,Medium,6,Weekend,0,43642.33,0
50436.64,9,1,High,8,Weekday,1,23949.46,0
41495.17,3,2,Medium,0,Weekday,1,39223.1,0
48985.28,16,0,Medium,11,Weekday,1,21962.64,0
48152.98,13,0,Medium,11,Weekday,1,38911.74,0
43858.68,2,1,Medium,0,Weekday,1,29898.6,0
26052.33,0,0,Low,5,Weekend,1,12812.0,0
54636.15,2,0,Low,12,Weekday,0,34790.23,0
44268.61,16,0,Medium,2,Weekend,1,30742.87,0
49264.39,2,2,Medium,0,Weekday,1,44196.64,0
68397.12,2,0,Low,8,Weekday,1,40480.5,0
63402.81,6,3,Low,11,Weekday,1,52543.38,0
59987.72,16,2,Medium,8,Weekend,0,24888.39,0
36679.05,15,1,Low,4,Weekday,1,36558.09,0
68752.12,19,0,High,1,Weekend,1,61427.25,0
49328.14,11,0,Low,7,Weekday,1,39553.58,0
37949.72,0,2,Medium,12,Weekday,1,23289.3,0
38530.21,0,0,Low,0,Holiday,1,26006.93,0
50083.01,6,0,Low,11,Weekend,1,28123.39,0
70859.6,11,1,Low,11,Weekend,0,69292.27,0
34624.42,7,1,High,7,Weekday,0,14288.44,0
60922.52,0,0,Medium,13,Weekend,1,26320.28,0
17535.02,18,1,Low,14,Weekend,0,16983.06,0
59831.92,9,0,Low,5,Weekday,1,41348.83,0
54654.23,16,3,Low,8,Holiday,0,40858.67,0
30795.11,12,1,High,10,Weekday,0,20276.17,0
55402.6,13,1,Low,6,Weekday,1,50523.35,0
56165.08,16,2,Low,1,Weekday,1,33747.37,0
47494.83,9,1,Low,8,Weekend,1,19934.95,0
50921.77,17,1,Low,7,Weekday,1,49052.5,0
32282.43,12,1,Medium,13,Weekday,1,26440.57,0
72435.46,3,0,Medium,10,Weekday,1,30928.96,0
63479.78,10,4,High,8,Weekday,1,55162.32,0
65525.61,1,1,Low,5,Weekday,1,35874.26,0
46020.55,5,2,Low,14,Weekend,1,18437.35,0
25997.71,6,1,Low,13,Holiday,0,15570.53,0
83517.88,8,0,Low,0,Weekend,0,38034.1,0
57694.68,18,0,Low,2,Weekday,1,46491.46,0
49653.57,9,0,Low,3,Weekday,1,48823.89,0
37496.3,11,1,High,5,Weekday,0,16454.91,0
30548.31,9,3,Medium,3,Holiday,1,19797.05,0
56465.37,14,0,High,8,Weekday,1,43962.37,0
52367.9,17,3,Low,1,Weekday,1,34251.82,0
19062.24,8,3,Medium,13,Weekday,0,7664.29,0
24262.52,3,1,High,11,Weekday,1,19316.89,0
58169.78,8,2,Low,0,Weekday,1,51421.34,0
49213.7,9,2,Low,0,Weekday,1,44336.55,0
48810.67,2,0,Medium,1,Weekday,1,48304.52,0
67011.7,10,4,Low,10,Holiday,1,56691.48,0
50078.14,12,0,Medium,9,Weekend,1,40547.25,0
54495.29,7,1,Low,5,Weekend,0,38056.18,0
50080.17,7,0,Medium,7,Holiday,1,35467.53,0
55199.63,8,0,Low,13,Weekday,1,48860.87,0
45886.08,6,0,Medium,5,Weekday,1,19331.86,0
55722.03,4,1,High,5,Weekday,1,26581.22,0
77823.05,10,0,Medium,4,Weekday,1,65642.31,0
83054.12,16,1,Low,12,Holiday,0,38927.86,0
39124.79,10,1,Medium,1,Weekday,1,24503.85,0
56370.49,12,0,Low,1,Weekday,1,38986.36,0
40964.14,0,0,Medium,7,Weekday,0,21312.16,0
22859.99,6,1,Low,13,Weekday,1,12877.65,0
40531.42,9,1,Low,0,Weekday,1,36454.37,0
57291.79,0,4,High,2,Weekday,0,28657.86,1
49242.13,9,2,Medium,12,Weekend,0,25117.03,0
47144.75,10,1,Low,10,Weekday,1,31637.7,0
49888.07,5,0,Low,5,Weekend,1,40359.38,0
65986.37,3,2,Medium,1,Weekday,1,36346.46,0
22304.06,7,2,Low,4,Weekday,1,12720.69,0
69519.44,14,1,Medium,5,Weekend,0,60234.47,0
26245.14,3,2,High,8,Weekend,1,11501.24,0
62874.16,0,1,Low,1,Weekday,1,42112.45,0
47280.66,14,1,Low,8,Weekday,0,47028.88,0
55254.94,10,0,Low,3,Weekend,0,36917.98,0
52992.66,5,2,Low,6,Weekday,1,36542.79,0
31870.91,13,0,Low,1,Weekend,1,28248.73,0
33813.4,13,1,High,0,Weekend,1,21651.99,0
10970.43,17,0,High,4,Weekday,1,8893.65,0
49933.06,19,0,Low,7,Weekday,1,32769.05,0
53845.02,9,2,Low,12,Weekday,1,45112.05,0
49412.97,18,0,Medium,13,Weekend,1,44884.87,0
45743.45,12,1,Low,12,Weekday,0,34960.87,0
44392.81,14,1,Medium,2,Weekday,1,33554.07,0
52270.04,0,3,Low,2,Weekday,0,46821.46,0
45236.99,6,1,Low,13,Holiday,1,30736.41,0
34518.56,4,0,Medium,11,Weekday,1,30357.06,0
61277.54,18,2,Medium,6,Weekday,1,53599.87,0
61096.51,13,2,Medium,13,Weekday,1,29596.38,0
48461.43,3,2,High,13,Weekday,1,40244.97,0
48452.28,0,0,Medium,0,Weekend,0,19717.08,0
33271.49,6,1,Low,12,Weekday,1,27421.33,0
49903.22,13,0,Low,12,Weekday,1,25363.53,0
50081.05,18,0,Low,4,Weekday,0,39086.23,0
60731.48,15,2,Medium,11,Weekday,1,53995.74,0
48281.2,18,2,High,14,Weekday,1,38876.53,0
67061.74,2,1,High,2,Weekend,0,37292.63,0
30590.02,17,0,High,13,Weekday,0,13242.36,0
30328.96,8,2,High,7,Weekday,0,20492.95,0
54600.42,7,0,Low,6,Weekday,0,31131.5,0
21006.06,19,3,Medium,13,Weekday,1,17306.77,0
51114.05,8,1,Medium,2,Weekend,1,43866.94,0
19998.16,0,0,Medium,5,Weekend,1,11207.6,0
68779.16,14,1,Low,8,Holiday,1,65448.07,0
